{"type":"FeatureCollection","features":[{"type":"Feature","properties":{"id":"LW001","woreda":"Mecha","zone":"North Gojam","region":"Amhara","area_km2":546.6,"lat":11.4953,"lon":37.1226},"geometry":{"type":"Polygon","coordinates":[[[37.0349,11.3638],[37.0362,11.3646],[37.037,11.3657],[37.0374,11.367],[37.0372,11.3683],[37.0369,11.3699],[37.0367,11.3704],[37.0366,11.3719],[37.0364,11.3724],[37.0365,11.3734],[37.036,11.3744],[37.0353,11.3759],[37.0348,11.3769],[37.034,11.3773],[37.0327,11.3774],[37.0315,11.3772],[37.0309,11.3768],[37.0307,11.3763],[37.0303,11.3758],[37.03,11.375],[37.0296,11.375],[37.0288,11.376],[37.0276,11.3768],[37.0256,11.3775],[37.0249,11.3779],[37.0236,11.3783],[37.0224,11.379],[37.022,11.3797],[37.022,11.3809],[37.0224,11.3814],[37.0227,11.3825],[37.0231,11.3839],[37.023,11.3848],[37.023,11.387],[37.0229,11.3883],[37.0234,11.39],[37.0249,11.3925],[37.0262,11.394],[37.0271,11.3958],[37.0275,11.3968],[37.0278,11.3985],[37.0283,11.4004],[37.0287,11.4019],[37.0299,11.4039],[37.0295,11.4054],[37.0295,11.407],[37.0297,11.4088],[37.0301,11.4097],[37.0299,11.4118],[37.0293,11.4141],[37.0281,11.4166],[37.0282,11.4192],[37.0281,11.4209],[37.0274,11.4226],[37.0265,11.4238],[37.0246,11.4247],[37.0233,11.4256],[37.0229,11.4256],[37.0224,11.4259],[37.0216,11.427],[37.0212,11.4288],[37.0209,11.4294],[37.0209,11.43],[37.0205,11.4321],[37.0205,11.4328],[37.02,11.4338],[37.0197,11.4351],[37.0197,11.4368],[37.0194,11.438],[37.0194,11.4391],[37.0197,11.4403],[37.0198,11.441],[37.019,11.4434],[37.0158,11.4451],[37.0143,11.4461],[37.0131,11.4473],[37.0122,11.4486],[37.0119,11.4494],[37.0115,11.4505],[37.0113,11.4535],[37.0115,11.4552],[37.0111,11.4565],[37.0106,11.4575],[37.0098,11.4607],[37.0097,11.4622],[37.0102,11.4643],[37.0105,11.465],[37.0113,11.4661],[37.0123,11.4673],[37.013,11.4687],[37.0135,11.4703],[37.0137,11.4714],[37.0135,11.4722],[37.013,11.4731],[37.0119,11.4734],[37.0115,11.4731],[37.0097,11.4731],[37.009,11.4729],[37.0081,11.4732],[37.0071,11.4733],[37.0066,11.4735],[37.0049,11.4735],[37.0036,11.4743],[37.003,11.4754],[37.0032,11.4762],[37.0035,11.4769],[37.0041,11.4773],[37.005,11.4777],[37.0061,11.4784],[37.0065,11.479],[37.0067,11.4798],[37.0072,11.4809],[37.0074,11.4821],[37.0073,11.4829],[37.0076,11.4839],[37.0079,11.4849],[37.0088,11.487],[37.0099,11.4884],[37.0116,11.4898],[37.0137,11.4912],[37.016,11.4925],[37.017,11.4934],[37.0185,11.494],[37.0194,11.4946],[37.0206,11.4956],[37.022,11.4964],[37.0225,11.4968],[37.0259,11.4983],[37.0295,11.4995],[37.0317,11.5002],[37.0336,11.5007],[37.0344,11.5008],[37.0372,11.5022],[37.0389,11.5031],[37.0394,11.5035],[37.0397,11.5047],[37.0396,11.5065],[37.0391,11.5073],[37.0388,11.5082],[37.0384,11.5092],[37.0377,11.5109],[37.0378,11.5113],[37.0376,11.512],[37.0375,11.5161],[37.0373,11.5167],[37.0375,11.5171],[37.0374,11.5192],[37.0376,11.5219],[37.0372,11.523],[37.0371,11.5265],[37.0385,11.5286],[37.0387,11.5292],[37.0399,11.5306],[37.041,11.5326],[37.0412,11.5335],[37.0411,11.5356],[37.0413,11.5364],[37.0417,11.5367],[37.0425,11.5367],[37.0429,11.5365],[37.0436,11.5365],[37.0443,11.5367],[37.0452,11.5366],[37.0463,11.5371],[37.0472,11.538],[37.0472,11.5387],[37.0476,11.5388],[37.0485,11.5386],[37.0492,11.5386],[37.0497,11.5379],[37.0509,11.5374],[37.0518,11.5376],[37.0522,11.538],[37.0525,11.5388],[37.0531,11.5396],[37.0541,11.5421],[37.056,11.5436],[37.0578,11.5441],[37.0589,11.5447],[37.0598,11.5457],[37.0604,11.5466],[37.0609,11.5479],[37.0612,11.5498],[37.0612,11.5503],[37.0614,11.5516],[37.0616,11.5524],[37.0617,11.5534],[37.0616,11.5544],[37.0616,11.555],[37.0608,11.557],[37.0609,11.5574],[37.0609,11.5587],[37.0614,11.561],[37.0612,11.5629],[37.0612,11.5639],[37.0615,11.5661],[37.0621,11.5695],[37.0623,11.5704],[37.0632,11.5717],[37.0635,11.5727],[37.0639,11.5731],[37.0648,11.5743],[37.0655,11.5749],[37.0659,11.5752],[37.0667,11.5753],[37.0673,11.5759],[37.0678,11.5758],[37.069,11.5777],[37.0698,11.5795],[37.0708,11.5807],[37.0719,11.5814],[37.0729,11.5814],[37.0734,11.5816],[37.074,11.5813],[37.0772,11.5814],[37.0779,11.5822],[37.078,11.583],[37.0785,11.583],[37.0792,11.5842],[37.0796,11.5854],[37.0803,11.5867],[37.0809,11.587],[37.0819,11.5869],[37.0831,11.5869],[37.0845,11.5869],[37.0852,11.5875],[37.0854,11.5881],[37.0851,11.5902],[37.0848,11.5909],[37.0845,11.5921],[37.0841,11.5926],[37.0843,11.5947],[37.0843,11.596],[37.0838,11.5974],[37.0837,11.5981],[37.084,11.5987],[37.0829,11.601],[37.0822,11.6017],[37.0806,11.603],[37.0796,11.6034],[37.0787,11.6041],[37.078,11.605],[37.0773,11.6057],[37.0767,11.6064],[37.0771,11.6083],[37.0771,11.6095],[37.0768,11.6109],[37.0757,11.6116],[37.0743,11.6124],[37.072,11.6125],[37.0706,11.6127],[37.0687,11.6122],[37.067,11.6114],[37.0656,11.6103],[37.0645,11.6089],[37.0632,11.6079],[37.0619,11.6071],[37.0599,11.6066],[37.0593,11.6068],[37.0593,11.6079],[37.0595,11.6093],[37.0605,11.6103],[37.0618,11.6113],[37.0619,11.6128],[37.0612,11.6154],[37.0608,11.617],[37.0605,11.6181],[37.0605,11.6189],[37.0609,11.6196],[37.0616,11.6201],[37.0629,11.6211],[37.0641,11.6222],[37.0647,11.623],[37.0649,11.6238],[37.0654,11.6244],[37.0655,11.6242],[37.0664,11.6246],[37.0672,11.6256],[37.0674,11.6266],[37.0676,11.6273],[37.0675,11.6276],[37.0679,11.6293],[37.0681,11.6296],[37.068,11.631],[37.0686,11.6316],[37.0699,11.6315],[37.0714,11.6311],[37.0723,11.6306],[37.073,11.6306],[37.0743,11.63],[37.0752,11.6299],[37.0757,11.6301],[37.0779,11.6296],[37.0824,11.6297],[37.0832,11.63],[37.0836,11.63],[37.0838,11.6303],[37.085,11.6303],[37.0864,11.6309],[37.0887,11.633],[37.089,11.6338],[37.0897,11.6346],[37.0904,11.6351],[37.0915,11.6354],[37.0937,11.6354],[37.0955,11.6352],[37.0985,11.6343],[37.1015,11.6332],[37.1032,11.6325],[37.1044,11.6323],[37.105,11.6315],[37.105,11.6313],[37.1052,11.6266],[37.1052,11.6229],[37.1057,11.6147],[37.1055,11.6129],[37.1058,11.6057],[37.1057,11.6024],[37.107,11.5986],[37.1075,11.5938],[37.11,11.5901],[37.1099,11.5866],[37.1101,11.5852],[37.1112,11.5804],[37.1132,11.5747],[37.1161,11.576],[37.1193,11.5768],[37.1221,11.5772],[37.1272,11.58],[37.1296,11.5799],[37.1329,11.58],[37.1357,11.582],[37.1397,11.5812],[37.1426,11.5806],[37.1479,11.5796],[37.1486,11.5799],[37.1513,11.5801],[37.1526,11.5803],[37.1533,11.5795],[37.1556,11.579],[37.1568,11.5789],[37.162,11.5777],[37.1639,11.5778],[37.1668,11.5771],[37.1671,11.5762],[37.1685,11.5759],[37.1662,11.5734],[37.167,11.5718],[37.1681,11.5714],[37.1702,11.57],[37.1689,11.5671],[37.169,11.5667],[37.1706,11.5657],[37.1698,11.5641],[37.1703,11.5635],[37.171,11.5628],[37.172,11.5628],[37.1724,11.5615],[37.1752,11.558],[37.1763,11.5571],[37.1783,11.5552],[37.1787,11.5531],[37.1792,11.5502],[37.1809,11.5465],[37.1819,11.5452],[37.1848,11.5416],[37.1872,11.5386],[37.1868,11.5377],[37.1867,11.5365],[37.1897,11.5331],[37.1883,11.5322],[37.1895,11.5306],[37.1919,11.5304],[37.1943,11.5248],[37.1947,11.5248],[37.195,11.5251],[37.197,11.5254],[37.1985,11.5248],[37.1984,11.5237],[37.2044,11.5226],[37.2048,11.5219],[37.2063,11.5182],[37.2064,11.517],[37.2063,11.5159],[37.208,11.5149],[37.2085,11.5143],[37.2096,11.5134],[37.2098,11.5128],[37.2108,11.5121],[37.2118,11.5119],[37.213,11.5114],[37.2136,11.5107],[37.2151,11.5121],[37.2155,11.5114],[37.2165,11.5106],[37.2174,11.5096],[37.2184,11.5089],[37.2181,11.5071],[37.2197,11.505],[37.221,11.5031],[37.2224,11.5001],[37.2234,11.4996],[37.2237,11.4986],[37.2258,11.496],[37.226,11.4948],[37.2259,11.4928],[37.2258,11.4921],[37.2257,11.49],[37.2239,11.4889],[37.2219,11.488],[37.221,11.4877],[37.2209,11.4867],[37.2209,11.4857],[37.2213,11.4848],[37.2211,11.484],[37.2214,11.4827],[37.2232,11.4812],[37.2247,11.4796],[37.2256,11.4794],[37.2269,11.4785],[37.2276,11.4779],[37.2292,11.4769],[37.2311,11.4756],[37.2321,11.475],[37.2333,11.4746],[37.2347,11.4734],[37.2356,11.4727],[37.2355,11.47],[37.2354,11.4681],[37.2368,11.467],[37.2371,11.4664],[37.2368,11.466],[37.237,11.4655],[37.2376,11.4655],[37.2388,11.4646],[37.2403,11.4641],[37.2413,11.4629],[37.242,11.4609],[37.2425,11.4594],[37.2432,11.4578],[37.2442,11.4561],[37.245,11.4544],[37.2469,11.4509],[37.2476,11.45],[37.2478,11.4489],[37.2463,11.4463],[37.2461,11.445],[37.2466,11.444],[37.247,11.4417],[37.2475,11.4389],[37.2481,11.4373],[37.2488,11.4364],[37.2514,11.4354],[37.2528,11.4351],[37.2548,11.4352],[37.2565,11.4355],[37.2576,11.4357],[37.261,11.4357],[37.2643,11.4359],[37.2667,11.4359],[37.2683,11.4361],[37.2688,11.4363],[37.271,11.4358],[37.2736,11.4369],[37.2744,11.4371],[37.2762,11.4382],[37.2774,11.4381],[37.2782,11.4372],[37.2792,11.4372],[37.2795,11.4379],[37.2794,11.4389],[37.2797,11.4396],[37.2813,11.4386],[37.2813,11.438],[37.2809,11.4374],[37.281,11.4368],[37.2833,11.4368],[37.2836,11.4388],[37.2843,11.438],[37.2852,11.438],[37.2873,11.4365],[37.289,11.4358],[37.2903,11.4351],[37.2921,11.4356],[37.2942,11.4354],[37.2953,11.4351],[37.2957,11.4316],[37.2954,11.4311],[37.2929,11.431],[37.2913,11.4305],[37.2912,11.4302],[37.2916,11.4289],[37.2925,11.4284],[37.2963,11.4303],[37.297,11.4303],[37.2999,11.4307],[37.3018,11.4307],[37.3028,11.4294],[37.3017,11.4288],[37.3005,11.4278],[37.3006,11.4275],[37.3037,11.4283],[37.3043,11.4313],[37.3064,11.4316],[37.3072,11.4286],[37.3055,11.4285],[37.3045,11.4283],[37.3043,11.4248],[37.3038,11.4238],[37.3024,11.4237],[37.2997,11.4244],[37.2997,11.4234],[37.301,11.4218],[37.3013,11.4211],[37.303,11.4225],[37.3033,11.4224],[37.3035,11.4202],[37.3031,11.4188],[37.3024,11.4173],[37.3029,11.4169],[37.3056,11.4156],[37.3074,11.4151],[37.3079,11.4168],[37.3092,11.4168],[37.3114,11.4164],[37.3125,11.4158],[37.3125,11.4148],[37.3107,11.4131],[37.3084,11.4125],[37.3074,11.4121],[37.3102,11.4103],[37.3058,11.4077],[37.3044,11.4064],[37.3029,11.4066],[37.3026,11.4033],[37.301,11.3992],[37.2464,11.3963],[37.2078,11.3662],[37.1594,11.3552],[37.0576,11.3545],[37.0341,11.3616],[37.0336,11.3623],[37.0349,11.3638]],[[37.1503,11.4117],[37.1508,11.409],[37.1535,11.409],[37.1538,11.4102],[37.1553,11.4107],[37.1571,11.4103],[37.1577,11.4092],[37.1582,11.409],[37.1594,11.4088],[37.1611,11.409],[37.1611,11.4088],[37.1616,11.4093],[37.1627,11.41],[37.1638,11.41],[37.1658,11.4093],[37.1671,11.4087],[37.1681,11.4085],[37.1686,11.4086],[37.1713,11.4086],[37.171,11.4091],[37.1702,11.4099],[37.1687,11.4108],[37.1685,11.4119],[37.169,11.4122],[37.1692,11.413],[37.1698,11.415],[37.1699,11.415],[37.1684,11.4168],[37.1685,11.4174],[37.1682,11.4178],[37.168,11.4186],[37.167,11.4192],[37.1664,11.4197],[37.1654,11.4203],[37.1649,11.4227],[37.1643,11.4227],[37.1627,11.4231],[37.1601,11.4236],[37.1588,11.4234],[37.1577,11.424],[37.1563,11.424],[37.1552,11.4244],[37.1534,11.4244],[37.151,11.4234],[37.1508,11.4221],[37.1512,11.4217],[37.1526,11.4208],[37.153,11.4192],[37.1526,11.4187],[37.1512,11.4188],[37.1509,11.4179],[37.1512,11.4168],[37.1521,11.4159],[37.1529,11.4143],[37.1529,11.4136],[37.1498,11.4133],[37.1484,11.4133],[37.1481,11.4124],[37.1481,11.4118],[37.1503,11.4117]]]}},{"type":"Feature","properties":{"id":"LW002","woreda":"Ensaro","zone":"North Shewa (AM)","region":"Amhara","area_km2":451.3,"lat":9.8385,"lon":38.9166},"geometry":{"type":"Polygon","coordinates":[[[38.9348,9.9076],[38.9377,9.9064],[38.9398,9.9059],[38.9416,9.9053],[38.9428,9.9042],[38.9433,9.9027],[38.9439,9.9027],[38.9455,9.9017],[38.9464,9.9006],[38.9469,9.8998],[38.9489,9.8975],[38.9504,9.8951],[38.9514,9.894],[38.9523,9.8916],[38.9539,9.8894],[38.9556,9.8879],[38.9577,9.8856],[38.9591,9.8841],[38.96,9.8826],[38.9606,9.8813],[38.9621,9.8806],[38.964,9.8794],[38.9663,9.8771],[38.9677,9.8752],[38.9694,9.8729],[38.9703,9.8713],[38.9713,9.8703],[38.9726,9.8686],[38.9745,9.8667],[38.9755,9.865],[38.9762,9.8637],[38.9781,9.8617],[38.9801,9.8594],[38.9815,9.8585],[38.9864,9.8562],[38.9874,9.8558],[38.9889,9.8545],[38.9907,9.8537],[38.9929,9.8533],[38.9967,9.8521],[38.999,9.8512],[39.0003,9.8507],[39.0013,9.8502],[39.0028,9.8483],[39.0043,9.8472],[39.0064,9.8463],[39.0087,9.8452],[39.0115,9.8439],[39.0136,9.8427],[39.0168,9.8412],[39.0194,9.8401],[39.0221,9.8395],[39.0248,9.8386],[39.0291,9.8379],[39.0302,9.8381],[39.0313,9.8379],[39.032,9.8383],[39.0329,9.8384],[39.034,9.8391],[39.0345,9.8393],[39.0364,9.8393],[39.0376,9.8388],[39.0389,9.8382],[39.0408,9.8365],[39.0422,9.8357],[39.0438,9.8351],[39.0469,9.8344],[39.0496,9.8343],[39.0509,9.8336],[39.0522,9.833],[39.0533,9.833],[39.0558,9.8335],[39.0561,9.8339],[39.0571,9.8347],[39.0582,9.8345],[39.0595,9.8339],[39.0615,9.8337],[39.0633,9.834],[39.0661,9.8345],[39.066,9.8324],[39.0661,9.8314],[39.0665,9.8304],[39.0666,9.8294],[39.0675,9.8275],[39.0682,9.827],[39.0684,9.8264],[39.0696,9.8246],[39.0701,9.8239],[39.0709,9.8228],[39.0702,9.822],[39.0698,9.8203],[39.0698,9.8182],[39.0696,9.8159],[39.0687,9.8148],[39.068,9.8135],[39.0679,9.8114],[39.0681,9.8104],[39.0692,9.8101],[39.07,9.8102],[39.0705,9.8098],[39.0708,9.8078],[39.0712,9.807],[39.071,9.8053],[39.0678,9.805],[39.0669,9.8048],[39.0665,9.8013],[39.066,9.7998],[39.0656,9.7971],[39.0655,9.7959],[39.0612,9.7921],[39.0605,9.7916],[39.0579,9.7919],[39.0564,9.7919],[39.0555,9.7916],[39.0519,9.7904],[39.0503,9.7902],[39.0466,9.791],[39.0443,9.7921],[39.0432,9.7919],[39.0423,9.7921],[39.0409,9.7919],[39.0382,9.7919],[39.0349,9.7914],[39.0319,9.791],[39.0242,9.7917],[39.0227,9.7916],[39.0206,9.7935],[39.0197,9.7942],[39.0175,9.7962],[39.0164,9.7989],[39.0161,9.8],[39.0157,9.8008],[39.0153,9.8028],[39.015,9.8035],[39.0149,9.8034],[39.0125,9.8011],[39.0097,9.7983],[39.0038,9.7936],[39.0011,9.7914],[39.0002,9.7908],[38.9998,9.7908],[39.0002,9.7904],[39.0004,9.7863],[39.001,9.7851],[39.0016,9.7828],[39.0015,9.7804],[39.0019,9.7787],[39.0028,9.7775],[39.0032,9.7757],[39.0047,9.7759],[39.0061,9.7772],[39.0075,9.7783],[39.0091,9.7787],[39.0106,9.7797],[39.0119,9.78],[39.0135,9.7793],[39.015,9.7777],[39.0165,9.7763],[39.0179,9.7739],[39.0181,9.7723],[39.018,9.7719],[39.0186,9.7712],[39.0184,9.7707],[39.0152,9.77],[39.0097,9.769],[39.0078,9.7688],[39.0027,9.7684],[39.0043,9.7656],[39.0059,9.7641],[39.0057,9.7622],[39.0051,9.7604],[39.0046,9.759],[39.0058,9.7572],[39.0056,9.7567],[39.0046,9.755],[39.004,9.7545],[39.0045,9.7506],[38.9971,9.748],[38.9901,9.746],[38.9859,9.749],[38.9808,9.752],[38.9777,9.7563],[38.9744,9.7611],[38.9679,9.7562],[38.9641,9.7491],[38.9577,9.7437],[38.9521,9.7387],[38.9527,9.7327],[38.9552,9.7262],[38.9591,9.7185],[38.9596,9.7153],[38.9603,9.7108],[38.9538,9.7138],[38.9498,9.7171],[38.9447,9.7212],[38.9403,9.7252],[38.9347,9.7279],[38.9282,9.7251],[38.9231,9.718],[38.9178,9.7115],[38.9093,9.7087],[38.9044,9.7103],[38.8967,9.7143],[38.8918,9.7182],[38.8859,9.7211],[38.8796,9.7256],[38.872,9.7296],[38.8665,9.7336],[38.8626,9.7399],[38.8585,9.7449],[38.853,9.7495],[38.846,9.7529],[38.8403,9.757],[38.8385,9.7593],[38.8358,9.763],[38.8289,9.7691],[38.8266,9.7754],[38.8215,9.7845],[38.82,9.7945],[38.8182,9.8027],[38.8137,9.8062],[38.8115,9.8118],[38.8078,9.8195],[38.8082,9.8275],[38.8084,9.8353],[38.8065,9.8429],[38.8057,9.8487],[38.8055,9.8544],[38.803,9.8621],[38.7986,9.8701],[38.7935,9.8762],[38.7909,9.8826],[38.796,9.8891],[38.7991,9.8965],[38.8007,9.9033],[38.8025,9.9095],[38.8025,9.9149],[38.8013,9.9222],[38.7978,9.9278],[38.7964,9.9337],[38.7973,9.9408],[38.8014,9.9465],[38.8027,9.9536],[38.8006,9.9622],[38.8011,9.9637],[38.8011,9.9653],[38.8019,9.9668],[38.8027,9.9676],[38.8045,9.968],[38.8062,9.9682],[38.8083,9.9675],[38.8103,9.9663],[38.8119,9.9646],[38.813,9.9638],[38.8149,9.9643],[38.816,9.9645],[38.8177,9.9642],[38.8191,9.9639],[38.8198,9.9629],[38.8203,9.9617],[38.8206,9.9605],[38.8208,9.9587],[38.8212,9.957],[38.8215,9.956],[38.8219,9.9545],[38.8231,9.9529],[38.8235,9.9517],[38.8237,9.9507],[38.8243,9.9501],[38.8257,9.9495],[38.829,9.9473],[38.83,9.946],[38.8309,9.9454],[38.8321,9.9451],[38.8337,9.9452],[38.8365,9.9451],[38.8375,9.9448],[38.8394,9.9448],[38.8411,9.9443],[38.8416,9.9434],[38.8428,9.9417],[38.8433,9.9415],[38.8441,9.9418],[38.8462,9.9437],[38.8473,9.945],[38.8489,9.9454],[38.85,9.9453],[38.8513,9.9449],[38.8523,9.944],[38.8532,9.9433],[38.8546,9.9417],[38.8555,9.9408],[38.8564,9.9385],[38.8575,9.9375],[38.8594,9.9335],[38.8605,9.933],[38.8607,9.9334],[38.8624,9.9377],[38.8633,9.9385],[38.8641,9.9388],[38.865,9.9386],[38.8659,9.9379],[38.8667,9.9371],[38.8687,9.9345],[38.8704,9.9325],[38.872,9.9304],[38.8732,9.9296],[38.8753,9.9278],[38.8762,9.9266],[38.8767,9.9254],[38.877,9.9239],[38.8779,9.9212],[38.8792,9.919],[38.8806,9.9177],[38.882,9.9155],[38.8832,9.9148],[38.8838,9.9148],[38.8843,9.9151],[38.8856,9.9163],[38.8876,9.918],[38.8894,9.9194],[38.8919,9.9208],[38.8936,9.9214],[38.8949,9.9215],[38.8964,9.9216],[38.8984,9.9215],[38.8996,9.9211],[38.9007,9.9201],[38.9016,9.9192],[38.9025,9.9178],[38.9027,9.9166],[38.9027,9.9153],[38.9025,9.9125],[38.9025,9.9118],[38.903,9.9113],[38.904,9.9115],[38.9047,9.9124],[38.9061,9.9134],[38.9078,9.9142],[38.9102,9.9147],[38.9119,9.9142],[38.9128,9.9134],[38.9139,9.9124],[38.9145,9.9112],[38.9147,9.9104],[38.9141,9.9098],[38.9139,9.9089],[38.914,9.9081],[38.9147,9.9083],[38.915,9.9086],[38.915,9.9082],[38.9152,9.9074],[38.9148,9.9065],[38.9146,9.9055],[38.9145,9.9048],[38.914,9.9035],[38.9139,9.903],[38.915,9.9026],[38.9156,9.9026],[38.9162,9.9034],[38.9162,9.9044],[38.9167,9.9059],[38.9176,9.9067],[38.9185,9.9079],[38.9216,9.9085],[38.9215,9.9115],[38.9217,9.9127],[38.9238,9.912],[38.9253,9.912],[38.9274,9.9121],[38.9295,9.9135],[38.9312,9.9122],[38.9323,9.9115],[38.9314,9.9101],[38.931,9.9089],[38.9308,9.9079],[38.9309,9.9072],[38.9323,9.9064],[38.9344,9.9079],[38.9348,9.9076]]]}},{"type":"Feature","properties":{"id":"LW003","woreda":"Mojan Wedera","zone":"North Shewa (AM)","region":"Amhara","area_km2":618.2,"lat":9.9237,"lon":39.5082},"geometry":{"type":"Polygon","coordinates":[[[39.6516,10.0082],[39.6556,10.0046],[39.6578,10.0024],[39.6602,10.0006],[39.661,9.9993],[39.6613,9.9986],[39.6633,9.9974],[39.6649,9.996],[39.6665,9.9956],[39.6683,9.9954],[39.67,9.9949],[39.6724,9.9951],[39.6735,9.9939],[39.6751,9.9947],[39.6756,9.9948],[39.6764,9.9958],[39.6771,9.997],[39.6789,9.9971],[39.6802,9.9983],[39.6827,9.9983],[39.6852,9.9995],[39.6875,9.998],[39.689,9.9976],[39.6912,9.9973],[39.6923,9.9966],[39.6934,9.9967],[39.6956,9.9967],[39.6984,9.9967],[39.6995,9.9963],[39.7013,9.9955],[39.705,9.9952],[39.7093,9.9942],[39.7113,9.9937],[39.714,9.9931],[39.7152,9.9924],[39.7172,9.9911],[39.7181,9.9911],[39.7198,9.9904],[39.7218,9.9904],[39.7229,9.9898],[39.7234,9.9893],[39.7241,9.9893],[39.724,9.9889],[39.7232,9.9885],[39.7218,9.9885],[39.7199,9.9878],[39.718,9.9873],[39.7173,9.9878],[39.7169,9.9882],[39.7162,9.9883],[39.7139,9.9867],[39.7104,9.9852],[39.7097,9.9851],[39.7094,9.9862],[39.7079,9.9867],[39.7073,9.9864],[39.7067,9.9865],[39.7058,9.9868],[39.7024,9.9856],[39.7002,9.9846],[39.7003,9.9839],[39.7012,9.9834],[39.7016,9.9831],[39.7014,9.9821],[39.702,9.981],[39.7025,9.9808],[39.7042,9.9808],[39.7042,9.9802],[39.7047,9.9791],[39.7051,9.9787],[39.7068,9.9785],[39.7094,9.9788],[39.7109,9.9783],[39.7115,9.9783],[39.7122,9.978],[39.7124,9.9776],[39.7121,9.9761],[39.7121,9.9747],[39.713,9.9726],[39.7128,9.9716],[39.7119,9.9705],[39.7112,9.9697],[39.709,9.969],[39.7079,9.9684],[39.7065,9.9677],[39.7062,9.9673],[39.7067,9.9664],[39.7078,9.9654],[39.7077,9.965],[39.7074,9.9648],[39.7061,9.9648],[39.7043,9.9651],[39.7015,9.9641],[39.6997,9.9627],[39.6977,9.9615],[39.6957,9.9605],[39.6917,9.9584],[39.6899,9.9567],[39.6887,9.9546],[39.689,9.9536],[39.69,9.9522],[39.6908,9.9523],[39.6922,9.952],[39.6931,9.9515],[39.6934,9.9509],[39.6936,9.9494],[39.6935,9.9487],[39.6934,9.9471],[39.6926,9.9438],[39.6924,9.9412],[39.6931,9.9393],[39.6946,9.9365],[39.6949,9.9355],[39.6942,9.9355],[39.6935,9.9359],[39.6931,9.9376],[39.6925,9.9374],[39.6918,9.9359],[39.6915,9.9375],[39.6904,9.9398],[39.6898,9.9398],[39.6885,9.9391],[39.6863,9.9389],[39.6852,9.9381],[39.6842,9.9367],[39.684,9.9357],[39.6825,9.9333],[39.6815,9.9324],[39.6809,9.931],[39.6812,9.9303],[39.6818,9.9301],[39.683,9.9284],[39.6839,9.9281],[39.687,9.923],[39.6874,9.9208],[39.6879,9.9189],[39.6875,9.9181],[39.6871,9.9165],[39.6879,9.9157],[39.6883,9.9152],[39.6881,9.9136],[39.6881,9.9119],[39.6898,9.9083],[39.6908,9.9071],[39.6921,9.9065],[39.6948,9.9048],[39.6972,9.9049],[39.6983,9.9031],[39.6994,9.9031],[39.7001,9.9034],[39.7004,9.9026],[39.7012,9.8977],[39.7019,9.8973],[39.7025,9.8965],[39.7028,9.8967],[39.7027,9.8978],[39.7042,9.8977],[39.7048,9.8965],[39.7053,9.8962],[39.7062,9.8955],[39.7072,9.8963],[39.7084,9.8965],[39.7085,9.897],[39.7092,9.8978],[39.7093,9.8989],[39.7105,9.9001],[39.7102,9.9012],[39.7111,9.9013],[39.7121,9.902],[39.7135,9.9027],[39.7151,9.9036],[39.716,9.9036],[39.7161,9.9044],[39.7165,9.9046],[39.717,9.9053],[39.7162,9.9057],[39.7171,9.9061],[39.717,9.9068],[39.7173,9.9072],[39.7179,9.9068],[39.7188,9.9071],[39.7186,9.9077],[39.7192,9.9082],[39.7205,9.9083],[39.721,9.9077],[39.7208,9.907],[39.7211,9.9065],[39.723,9.9065],[39.7243,9.9053],[39.7244,9.9046],[39.724,9.9044],[39.7241,9.9038],[39.7237,9.9033],[39.7218,9.9035],[39.721,9.9034],[39.7211,9.9022],[39.721,9.9007],[39.7202,9.9],[39.7202,9.8993],[39.7192,9.8984],[39.7195,9.8978],[39.7195,9.8973],[39.7191,9.8969],[39.7191,9.8966],[39.7195,9.8964],[39.72,9.896],[39.7212,9.8961],[39.722,9.8953],[39.7233,9.8943],[39.7233,9.8938],[39.7236,9.893],[39.7247,9.8916],[39.7247,9.8907],[39.7249,9.8901],[39.725,9.8893],[39.7241,9.8883],[39.7231,9.8873],[39.7226,9.8859],[39.7225,9.8845],[39.7228,9.8839],[39.7233,9.8833],[39.7253,9.8826],[39.7265,9.8828],[39.7269,9.8819],[39.7285,9.8817],[39.7292,9.8813],[39.7303,9.8819],[39.7311,9.8811],[39.7317,9.8804],[39.7342,9.8783],[39.7369,9.8772],[39.738,9.8759],[39.7399,9.8735],[39.7411,9.8727],[39.7423,9.8725],[39.7433,9.8712],[39.7446,9.8705],[39.7459,9.8706],[39.7472,9.8695],[39.7481,9.8686],[39.7491,9.8687],[39.75,9.8682],[39.7507,9.8675],[39.7507,9.8666],[39.7512,9.8653],[39.7534,9.8634],[39.754,9.8624],[39.7545,9.8619],[39.7546,9.8614],[39.7549,9.8613],[39.7538,9.8604],[39.7534,9.8604],[39.7528,9.8599],[39.7514,9.8599],[39.7508,9.8592],[39.7499,9.8578],[39.749,9.8577],[39.7488,9.8568],[39.7479,9.8556],[39.7467,9.8543],[39.7467,9.853],[39.7474,9.8521],[39.7473,9.8517],[39.7466,9.8515],[39.7456,9.8512],[39.7453,9.8507],[39.7451,9.8492],[39.7444,9.8481],[39.7444,9.8469],[39.7435,9.8452],[39.7417,9.8435],[39.742,9.8419],[39.742,9.8402],[39.7427,9.8391],[39.7431,9.8385],[39.7426,9.8375],[39.7418,9.8368],[39.7413,9.8357],[39.7402,9.8359],[39.7378,9.8362],[39.7366,9.8374],[39.736,9.8376],[39.7346,9.8381],[39.7321,9.8373],[39.7317,9.8378],[39.7298,9.8396],[39.7286,9.8393],[39.7271,9.839],[39.7257,9.8396],[39.7233,9.8435],[39.7218,9.843],[39.7195,9.8416],[39.7179,9.8423],[39.7168,9.8434],[39.7162,9.8445],[39.715,9.8448],[39.7141,9.8455],[39.7134,9.8458],[39.7122,9.8456],[39.7107,9.8461],[39.7095,9.8452],[39.7079,9.8438],[39.7069,9.8438],[39.706,9.8441],[39.7052,9.8451],[39.7047,9.8456],[39.7023,9.8463],[39.702,9.846],[39.7007,9.8459],[39.6989,9.8473],[39.6975,9.8479],[39.696,9.8495],[39.6956,9.8503],[39.6965,9.853],[39.6979,9.8535],[39.6992,9.8543],[39.7005,9.8571],[39.7007,9.8605],[39.7002,9.8625],[39.6976,9.8662],[39.6974,9.8685],[39.6956,9.871],[39.6961,9.8721],[39.6939,9.8711],[39.6937,9.8707],[39.6931,9.8704],[39.6929,9.8707],[39.6915,9.87],[39.6915,9.8693],[39.6906,9.8692],[39.6901,9.8688],[39.6893,9.8684],[39.689,9.8689],[39.6884,9.8684],[39.6886,9.8707],[39.6881,9.8703],[39.6868,9.8706],[39.6862,9.8711],[39.6859,9.8703],[39.6848,9.8703],[39.6841,9.8697],[39.6825,9.8695],[39.683,9.8716],[39.6822,9.8712],[39.6787,9.8727],[39.6774,9.8741],[39.676,9.8733],[39.6755,9.8734],[39.6762,9.8744],[39.6764,9.8756],[39.6765,9.8767],[39.6762,9.8773],[39.6758,9.8783],[39.6762,9.8798],[39.6776,9.8806],[39.679,9.8801],[39.6802,9.8808],[39.6805,9.8816],[39.6816,9.8822],[39.6818,9.8828],[39.6781,9.8837],[39.6769,9.8854],[39.6777,9.8859],[39.6786,9.8859],[39.6785,9.8866],[39.6772,9.8871],[39.6751,9.8854],[39.6735,9.8837],[39.6716,9.8823],[39.6698,9.8799],[39.6696,9.8775],[39.6688,9.8747],[39.6682,9.8736],[39.6669,9.8724],[39.6649,9.872],[39.6634,9.8712],[39.6617,9.8713],[39.6585,9.8721],[39.6559,9.8724],[39.6522,9.8722],[39.65,9.8714],[39.6482,9.8711],[39.6471,9.8707],[39.6442,9.8681],[39.6391,9.8667],[39.6377,9.8658],[39.6361,9.8655],[39.6357,9.8654],[39.6326,9.8627],[39.6312,9.8634],[39.6262,9.8634],[39.6249,9.8636],[39.6236,9.8635],[39.6223,9.8638],[39.6209,9.8639],[39.6204,9.8642],[39.6195,9.8645],[39.6181,9.8639],[39.6166,9.8636],[39.6159,9.8632],[39.6141,9.8631],[39.6123,9.8629],[39.6104,9.8623],[39.6094,9.8618],[39.6075,9.8613],[39.6062,9.8614],[39.6048,9.8609],[39.6038,9.8597],[39.6036,9.8595],[39.6017,9.8595],[39.6008,9.8598],[39.5998,9.8594],[39.5981,9.8587],[39.5964,9.8581],[39.5954,9.8577],[39.5943,9.8571],[39.5922,9.8567],[39.5914,9.8561],[39.5903,9.8557],[39.588,9.856],[39.5869,9.8553],[39.5864,9.8538],[39.5847,9.8532],[39.5827,9.853],[39.5811,9.8522],[39.5794,9.8509],[39.5786,9.8507],[39.5787,9.8505],[39.5766,9.8494],[39.5758,9.8479],[39.5749,9.8474],[39.5721,9.8472],[39.5711,9.8473],[39.5686,9.847],[39.5668,9.8458],[39.5656,9.8454],[39.5629,9.8444],[39.5605,9.8438],[39.5576,9.844],[39.5563,9.8438],[39.5563,9.8437],[39.5541,9.8434],[39.553,9.8432],[39.5506,9.8431],[39.5484,9.8429],[39.5467,9.8431],[39.5454,9.8435],[39.544,9.8432],[39.5429,9.8436],[39.5414,9.8443],[39.5389,9.8445],[39.538,9.8448],[39.5349,9.8469],[39.5341,9.8472],[39.5336,9.8471],[39.5322,9.8466],[39.5302,9.8471],[39.5292,9.8468],[39.5277,9.8469],[39.5268,9.8471],[39.5259,9.8471],[39.5241,9.8476],[39.523,9.848],[39.5218,9.8476],[39.5214,9.8478],[39.5205,9.8485],[39.5198,9.8487],[39.5192,9.8484],[39.5182,9.8485],[39.5175,9.85],[39.5164,9.8501],[39.5135,9.8494],[39.5127,9.8495],[39.5122,9.8498],[39.5115,9.8503],[39.5103,9.8516],[39.5081,9.8527],[39.5068,9.8533],[39.5054,9.8529],[39.5042,9.8518],[39.5032,9.8517],[39.5021,9.8523],[39.5004,9.8529],[39.4994,9.8528],[39.4983,9.8522],[39.4976,9.8517],[39.4962,9.8511],[39.4947,9.8506],[39.4928,9.8506],[39.4919,9.85],[39.4912,9.8494],[39.4899,9.8502],[39.4881,9.8506],[39.4867,9.8511],[39.4861,9.8517],[39.4844,9.8523],[39.4835,9.8516],[39.4825,9.8516],[39.4807,9.8528],[39.4801,9.8527],[39.4791,9.8531],[39.4782,9.8539],[39.4774,9.854],[39.4756,9.8537],[39.4746,9.854],[39.4733,9.8538],[39.4707,9.8543],[39.4692,9.8546],[39.4682,9.855],[39.4658,9.8552],[39.4637,9.855],[39.4615,9.8555],[39.4605,9.8556],[39.4567,9.8552],[39.4558,9.8555],[39.4535,9.8547],[39.4513,9.8548],[39.4486,9.8551],[39.4478,9.855],[39.4458,9.8555],[39.4425,9.8565],[39.4401,9.8574],[39.4387,9.8585],[39.4386,9.8583],[39.4367,9.8598],[39.4353,9.8611],[39.4288,9.8631],[39.4278,9.8638],[39.4254,9.8641],[39.4236,9.8652],[39.4228,9.8662],[39.4205,9.8666],[39.415,9.8667],[39.4124,9.8675],[39.4103,9.8689],[39.408,9.869],[39.4068,9.8701],[39.405,9.8712],[39.4045,9.8718],[39.4044,9.8716],[39.4038,9.8728],[39.403,9.8738],[39.4014,9.8744],[39.3996,9.8747],[39.3972,9.8759],[39.395,9.8758],[39.394,9.8762],[39.3922,9.8779],[39.3899,9.8792],[39.3864,9.8792],[39.3853,9.8803],[39.3832,9.8827],[39.3815,9.8838],[39.3802,9.885],[39.3781,9.8864],[39.3764,9.8893],[39.376,9.8913],[39.3755,9.8927],[39.3739,9.8951],[39.373,9.8995],[39.372,9.9009],[39.3719,9.9008],[39.3706,9.9019],[39.3684,9.9031],[39.3677,9.9036],[39.3656,9.9052],[39.3639,9.906],[39.3629,9.9061],[39.3598,9.9067],[39.3589,9.9072],[39.3575,9.9067],[39.3562,9.9069],[39.3556,9.9067],[39.3547,9.9071],[39.3544,9.9082],[39.3523,9.9087],[39.3509,9.9091],[39.3505,9.9095],[39.3498,9.9097],[39.3485,9.9104],[39.3472,9.9113],[39.3458,9.9118],[39.3454,9.9118],[39.344,9.9132],[39.3424,9.9147],[39.3419,9.9154],[39.3397,9.9171],[39.3383,9.918],[39.3355,9.9202],[39.3344,9.9205],[39.3317,9.9223],[39.3307,9.9228],[39.3293,9.9242],[39.3281,9.9253],[39.3275,9.9262],[39.3275,9.9272],[39.3261,9.928],[39.3246,9.9286],[39.324,9.9296],[39.3228,9.9303],[39.3215,9.9311],[39.3186,9.9344],[39.3176,9.9352],[39.3162,9.9362],[39.3152,9.9373],[39.3145,9.9379],[39.3121,9.9389],[39.3091,9.94],[39.308,9.9414],[39.3071,9.943],[39.3061,9.9452],[39.3051,9.9463],[39.3038,9.9482],[39.3029,9.9499],[39.3015,9.9517],[39.3009,9.9525],[39.3008,9.9538],[39.3003,9.9546],[39.3003,9.956],[39.3001,9.9574],[39.3004,9.9581],[39.3001,9.9591],[39.2995,9.9598],[39.2989,9.9604],[39.298,9.9619],[39.2976,9.9629],[39.2979,9.9632],[39.2975,9.9645],[39.2955,9.9662],[39.2948,9.9671],[39.2945,9.9683],[39.2942,9.9709],[39.2944,9.9726],[39.295,9.9739],[39.2954,9.9754],[39.2959,9.9767],[39.2971,9.978],[39.2978,9.9795],[39.2993,9.9821],[39.3004,9.9837],[39.3013,9.9849],[39.3027,9.9865],[39.304,9.987],[39.3061,9.9876],[39.3068,9.9893],[39.3072,9.9911],[39.3082,9.9929],[39.3105,9.9943],[39.3107,9.9952],[39.3105,9.996],[39.3096,9.9969],[39.309,9.9987],[39.3095,10.0007],[39.3107,9.9992],[39.3126,9.9993],[39.3145,10.0005],[39.3156,10.0005],[39.3183,9.9995],[39.3199,9.9985],[39.3221,9.9971],[39.3238,9.9965],[39.3262,9.9961],[39.3262,9.9967],[39.329,9.9955],[39.3316,9.9944],[39.3344,9.9922],[39.3378,9.9899],[39.3398,9.9897],[39.3409,9.9889],[39.3456,9.9844],[39.3489,9.98],[39.3513,9.9749],[39.3531,9.9706],[39.3561,9.9662],[39.3579,9.9624],[39.3614,9.9589],[39.3635,9.9583],[39.3634,9.9577],[39.3661,9.9566],[39.3711,9.9589],[39.3736,9.964],[39.3749,9.9645],[39.3795,9.9685],[39.3813,9.9723],[39.3841,9.9767],[39.3925,9.9838],[39.3986,9.9869],[39.4031,9.9878],[39.4072,9.9869],[39.4101,9.9871],[39.4138,9.9878],[39.4167,9.9869],[39.4193,9.9873],[39.4227,9.9869],[39.4279,9.9853],[39.4319,9.9823],[39.4394,9.98],[39.4436,9.9825],[39.4491,9.9849],[39.4509,9.994],[39.4596,9.9986],[39.468,10.0036],[39.4792,10.0051],[39.487,10.0076],[39.4962,10.0033],[39.4963,10.0045],[39.497,10.0044],[39.4977,10.004],[39.4988,10.0029],[39.5,10.0024],[39.5011,10.001],[39.5032,10.0001],[39.5033,10.0],[39.5075,9.998],[39.5167,9.9953],[39.5214,9.9975],[39.5288,9.9951],[39.5335,9.9973],[39.5377,9.9958],[39.5387,9.9948],[39.5425,9.9951],[39.5455,9.9945],[39.5474,9.9951],[39.5483,9.9949],[39.5497,9.9962],[39.5522,9.9972],[39.5531,9.9978],[39.5543,9.9977],[39.5559,9.9983],[39.5599,9.9972],[39.5674,9.9987],[39.5758,10.0036],[39.5813,10.0033],[39.587,10.0072],[39.5899,10.0091],[39.592,10.0089],[39.5929,10.0082],[39.5945,10.0085],[39.5971,10.0078],[39.6051,10.0049],[39.6066,10.0036],[39.608,10.0037],[39.6091,10.0045],[39.6106,10.0054],[39.6114,10.0056],[39.614,10.0057],[39.6149,10.0051],[39.6169,10.0055],[39.6172,10.0049],[39.6189,10.0049],[39.6206,10.0054],[39.6212,10.0051],[39.6224,10.0049],[39.6242,10.0042],[39.6266,10.0041],[39.6276,10.004],[39.6289,10.004],[39.6315,10.0031],[39.6338,10.0028],[39.6344,10.0032],[39.6347,10.0039],[39.6365,10.0042],[39.637,10.004],[39.6386,10.0048],[39.64,10.006],[39.6411,10.0068],[39.6415,10.0072],[39.6426,10.0072],[39.6429,10.0083],[39.6442,10.009],[39.6455,10.0097],[39.6456,10.0107],[39.6468,10.0116],[39.6494,10.01],[39.6516,10.0082]]]}},{"type":"Feature","properties":{"id":"LW004","woreda":"Moretna Jiru","zone":"North Shewa (AM)","region":"Amhara","area_km2":660.4,"lat":9.9548,"lon":39.1538},"geometry":{"type":"Polygon","coordinates":[[[38.935,9.9085],[38.9368,9.9085],[38.9388,9.9094],[38.9406,9.9097],[38.9434,9.9095],[38.9461,9.9091],[38.949,9.9094],[38.9524,9.9099],[38.956,9.9109],[38.9571,9.9113],[38.9591,9.9118],[38.9608,9.9123],[38.9647,9.9138],[38.966,9.9141],[38.9678,9.9154],[38.9699,9.9165],[38.9722,9.917],[38.9749,9.9173],[38.9767,9.9179],[38.9801,9.9186],[38.983,9.9187],[38.9854,9.9192],[38.9882,9.9207],[38.9893,9.9215],[38.9916,9.9223],[38.9929,9.9228],[38.9956,9.9239],[38.9973,9.9247],[38.9989,9.925],[39.0,9.9254],[39.0008,9.9265],[39.002,9.9276],[39.0033,9.929],[39.0044,9.9298],[39.0062,9.9309],[39.0081,9.9318],[39.0093,9.9328],[39.0115,9.9348],[39.0124,9.9358],[39.015,9.9383],[39.0157,9.9393],[39.0169,9.9408],[39.0188,9.9427],[39.0211,9.9442],[39.0234,9.9449],[39.0285,9.9462],[39.0299,9.9463],[39.0313,9.9464],[39.0324,9.947],[39.0338,9.9479],[39.0355,9.9484],[39.0365,9.9482],[39.0377,9.9483],[39.0392,9.9484],[39.0408,9.9494],[39.0421,9.9506],[39.0438,9.9525],[39.0457,9.9544],[39.0469,9.9554],[39.048,9.9569],[39.0491,9.9591],[39.0499,9.9607],[39.0512,9.9622],[39.0518,9.9632],[39.0529,9.9644],[39.0546,9.9655],[39.0562,9.9656],[39.0576,9.9658],[39.0598,9.9669],[39.0615,9.968],[39.0631,9.9694],[39.0673,9.9722],[39.0689,9.9722],[39.0702,9.9721],[39.0723,9.9724],[39.0739,9.9724],[39.075,9.973],[39.0759,9.9739],[39.0767,9.9754],[39.0779,9.9772],[39.08,9.9786],[39.0813,9.9795],[39.0824,9.9807],[39.0845,9.9818],[39.0864,9.9834],[39.0886,9.9848],[39.0908,9.9855],[39.0923,9.9862],[39.0934,9.9871],[39.0948,9.9883],[39.0969,9.9896],[39.0988,9.9909],[39.0992,9.9917],[39.1004,9.9932],[39.1004,9.9953],[39.1012,9.9968],[39.1017,9.9982],[39.1023,10.0018],[39.1028,10.0041],[39.1035,10.0073],[39.1037,10.0083],[39.1035,10.0093],[39.1037,10.011],[39.1048,10.0134],[39.1062,10.0156],[39.1074,10.0167],[39.1089,10.0171],[39.1115,10.0172],[39.1151,10.0168],[39.1166,10.0162],[39.1181,10.0161],[39.1203,10.0158],[39.122,10.0165],[39.1229,10.0181],[39.1227,10.0191],[39.1231,10.0201],[39.1237,10.0218],[39.1247,10.023],[39.1257,10.0243],[39.127,10.0252],[39.1286,10.0265],[39.1303,10.0277],[39.1312,10.0289],[39.1329,10.0305],[39.1341,10.0319],[39.1355,10.0326],[39.1374,10.033],[39.1404,10.0336],[39.1417,10.0336],[39.1437,10.0339],[39.1453,10.0345],[39.1465,10.0355],[39.1473,10.0369],[39.1489,10.0387],[39.1503,10.0399],[39.1509,10.0412],[39.1513,10.0431],[39.152,10.0457],[39.1529,10.0482],[39.1539,10.0488],[39.1559,10.0499],[39.1576,10.0504],[39.1587,10.0505],[39.1609,10.0497],[39.1627,10.0496],[39.1639,10.0502],[39.1659,10.0506],[39.1676,10.0506],[39.1689,10.0507],[39.1701,10.051],[39.1716,10.0517],[39.173,10.0525],[39.1755,10.0542],[39.1768,10.0555],[39.1803,10.0586],[39.1809,10.0594],[39.182,10.0605],[39.1836,10.0618],[39.1852,10.0634],[39.1871,10.0653],[39.1884,10.0668],[39.1888,10.068],[39.1895,10.0693],[39.1906,10.071],[39.192,10.0721],[39.1936,10.0726],[39.1952,10.0733],[39.1964,10.074],[39.1973,10.0747],[39.1987,10.0759],[39.1997,10.077],[39.2006,10.0788],[39.2014,10.081],[39.2025,10.082],[39.2044,10.0829],[39.2057,10.0839],[39.2075,10.0848],[39.208,10.0848],[39.2083,10.0841],[39.2091,10.083],[39.2101,10.0818],[39.2116,10.0808],[39.2134,10.0806],[39.2166,10.0812],[39.2183,10.0818],[39.2195,10.0823],[39.2207,10.0823],[39.2222,10.0827],[39.2255,10.0854],[39.2266,10.0856],[39.2291,10.084],[39.2314,10.0837],[39.2342,10.0837],[39.2358,10.0841],[39.2367,10.0848],[39.2373,10.0849],[39.238,10.0853],[39.2387,10.0863],[39.2404,10.0881],[39.2418,10.0886],[39.2438,10.0892],[39.2444,10.0889],[39.2461,10.0885],[39.2477,10.0884],[39.2506,10.0884],[39.2516,10.0878],[39.2527,10.0873],[39.2546,10.0875],[39.2555,10.0881],[39.2564,10.0884],[39.2576,10.0887],[39.2596,10.0885],[39.2611,10.0883],[39.2626,10.0884],[39.2639,10.0887],[39.2666,10.0894],[39.2682,10.091],[39.2698,10.0923],[39.272,10.0931],[39.2734,10.0934],[39.2738,10.0932],[39.2741,10.0927],[39.2761,10.0905],[39.2788,10.087],[39.2803,10.0858],[39.2831,10.0846],[39.287,10.0841],[39.2896,10.0861],[39.2909,10.0861],[39.2932,10.0868],[39.2949,10.0868],[39.2973,10.0857],[39.3001,10.0835],[39.3024,10.0822],[39.3044,10.0821],[39.3075,10.0809],[39.3104,10.0772],[39.3116,10.0736],[39.3128,10.0705],[39.3147,10.0672],[39.3159,10.0648],[39.3159,10.0585],[39.3151,10.0539],[39.3141,10.0523],[39.3121,10.0498],[39.3094,10.0476],[39.3082,10.0461],[39.3065,10.0398],[39.3048,10.0376],[39.3032,10.0342],[39.3016,10.0302],[39.3004,10.0268],[39.3011,10.0221],[39.3018,10.0164],[39.3016,10.0134],[39.3001,10.011],[39.3003,10.0104],[39.3001,10.0099],[39.3,10.0079],[39.2995,10.0065],[39.2975,10.0046],[39.2963,10.0024],[39.2955,9.9994],[39.2946,9.9982],[39.2935,9.9963],[39.2924,9.9944],[39.2917,9.9928],[39.2899,9.9907],[39.289,9.9883],[39.2874,9.9862],[39.2869,9.9848],[39.2835,9.9835],[39.2795,9.9815],[39.278,9.9806],[39.2768,9.9795],[39.275,9.9789],[39.2739,9.9776],[39.2729,9.977],[39.2723,9.9759],[39.2717,9.9747],[39.2697,9.9726],[39.2675,9.9703],[39.2671,9.9689],[39.2667,9.9667],[39.2669,9.9643],[39.2659,9.9627],[39.263,9.9609],[39.2621,9.9593],[39.2618,9.957],[39.2615,9.9553],[39.2605,9.9527],[39.2601,9.9516],[39.2601,9.951],[39.2607,9.9493],[39.2615,9.9485],[39.2617,9.9476],[39.2618,9.9458],[39.2626,9.9436],[39.2627,9.942],[39.2631,9.9409],[39.2641,9.9392],[39.2648,9.9365],[39.2651,9.9342],[39.2651,9.9332],[39.2642,9.9306],[39.2641,9.9281],[39.2641,9.9266],[39.2642,9.9238],[39.2638,9.922],[39.2629,9.9191],[39.2633,9.9174],[39.2633,9.916],[39.2636,9.9155],[39.264,9.914],[39.2643,9.9126],[39.2638,9.9108],[39.2638,9.9098],[39.2641,9.9087],[39.2641,9.9069],[39.2644,9.905],[39.2636,9.9023],[39.264,9.9002],[39.2656,9.8978],[39.2672,9.895],[39.2681,9.8922],[39.2677,9.8885],[39.2677,9.8881],[39.2675,9.886],[39.2674,9.8842],[39.2665,9.884],[39.2633,9.8827],[39.2616,9.882],[39.2593,9.8814],[39.2571,9.8809],[39.2561,9.8804],[39.2544,9.8799],[39.2526,9.8789],[39.2513,9.8779],[39.2498,9.8771],[39.2485,9.8766],[39.2475,9.8767],[39.2464,9.8766],[39.246,9.8763],[39.245,9.8763],[39.2445,9.8761],[39.2442,9.8763],[39.2429,9.8761],[39.2421,9.8758],[39.2414,9.8756],[39.2416,9.8764],[39.2416,9.8783],[39.2419,9.8794],[39.2419,9.8808],[39.2416,9.8817],[39.2411,9.8825],[39.2397,9.8847],[39.2392,9.8856],[39.2385,9.8863],[39.2355,9.8845],[39.2313,9.8824],[39.2292,9.881],[39.2263,9.8808],[39.2246,9.8803],[39.2248,9.8797],[39.2256,9.8785],[39.2256,9.8778],[39.2249,9.8774],[39.2235,9.8771],[39.2214,9.8761],[39.2205,9.876],[39.2199,9.876],[39.2179,9.8759],[39.2167,9.8753],[39.216,9.8751],[39.2151,9.8745],[39.2151,9.874],[39.2143,9.8735],[39.2122,9.8723],[39.2109,9.872],[39.2096,9.8725],[39.209,9.8726],[39.2088,9.872],[39.2093,9.8713],[39.209,9.871],[39.2083,9.8708],[39.2083,9.8704],[39.2077,9.8697],[39.2084,9.8691],[39.2093,9.8682],[39.2105,9.8672],[39.2119,9.8659],[39.2135,9.8647],[39.2151,9.8629],[39.2161,9.8618],[39.2163,9.861],[39.2159,9.8607],[39.2159,9.8603],[39.2162,9.8598],[39.2169,9.8607],[39.2174,9.8609],[39.2182,9.861],[39.2179,9.8621],[39.219,9.8624],[39.2199,9.863],[39.2213,9.8638],[39.2227,9.8644],[39.2242,9.8656],[39.2251,9.8662],[39.2256,9.8659],[39.2263,9.8653],[39.2261,9.8648],[39.2269,9.8641],[39.229,9.8621],[39.2295,9.8617],[39.2301,9.8617],[39.2329,9.8615],[39.2337,9.8626],[39.2347,9.8626],[39.2358,9.8621],[39.236,9.8614],[39.2371,9.8597],[39.2379,9.8584],[39.2385,9.8579],[39.2389,9.8572],[39.2399,9.8562],[39.24,9.8555],[39.2391,9.8541],[39.2361,9.8504],[39.2351,9.849],[39.2327,9.8486],[39.2316,9.8488],[39.2294,9.8484],[39.227,9.8477],[39.2259,9.8471],[39.2242,9.8458],[39.2228,9.8428],[39.2216,9.8397],[39.2206,9.8382],[39.2202,9.8368],[39.2199,9.8353],[39.2199,9.8348],[39.2203,9.834],[39.2199,9.8337],[39.2198,9.8325],[39.2193,9.8319],[39.2197,9.8312],[39.2197,9.8306],[39.2194,9.8298],[39.2183,9.8279],[39.2183,9.8275],[39.2168,9.8246],[39.2159,9.8233],[39.216,9.8225],[39.2156,9.8221],[39.2157,9.8215],[39.2157,9.8209],[39.2139,9.8194],[39.2129,9.8191],[39.2122,9.8185],[39.2108,9.8176],[39.2102,9.8175],[39.2093,9.8173],[39.2087,9.8172],[39.2087,9.8168],[39.2079,9.8162],[39.2075,9.8165],[39.2065,9.8167],[39.2059,9.8164],[39.2047,9.8156],[39.204,9.8155],[39.2019,9.816],[39.2009,9.8166],[39.1988,9.8171],[39.1984,9.818],[39.1981,9.8185],[39.1975,9.8187],[39.1966,9.8184],[39.1965,9.8197],[39.1969,9.8215],[39.1946,9.8212],[39.1932,9.8207],[39.1929,9.8202],[39.1911,9.8192],[39.1881,9.8179],[39.1855,9.8169],[39.1835,9.8167],[39.1819,9.8169],[39.1784,9.8175],[39.1775,9.8171],[39.1766,9.8167],[39.1754,9.817],[39.1742,9.817],[39.1718,9.8179],[39.1697,9.8182],[39.1688,9.8179],[39.168,9.8178],[39.1668,9.8178],[39.1659,9.8181],[39.1649,9.8188],[39.1638,9.819],[39.1629,9.8189],[39.1625,9.8184],[39.1613,9.8183],[39.1599,9.8184],[39.159,9.819],[39.1576,9.8202],[39.1571,9.8209],[39.1568,9.822],[39.1562,9.8233],[39.155,9.8255],[39.154,9.826],[39.1534,9.8276],[39.1526,9.8283],[39.1514,9.829],[39.1499,9.8296],[39.1486,9.8298],[39.1463,9.8296],[39.1447,9.8296],[39.1429,9.83],[39.1413,9.8309],[39.1398,9.8326],[39.1385,9.8339],[39.1369,9.8345],[39.136,9.836],[39.1356,9.8368],[39.1349,9.8377],[39.1345,9.8385],[39.1334,9.8388],[39.1325,9.8394],[39.132,9.8399],[39.1314,9.8402],[39.1304,9.8409],[39.1287,9.8424],[39.1285,9.8428],[39.1267,9.844],[39.1253,9.8433],[39.123,9.8427],[39.1223,9.8437],[39.1214,9.8442],[39.12,9.8447],[39.1186,9.8443],[39.117,9.8435],[39.1156,9.8427],[39.1136,9.8422],[39.1112,9.8418],[39.1095,9.8415],[39.1081,9.8415],[39.1062,9.8417],[39.1054,9.8415],[39.1046,9.8405],[39.1036,9.8396],[39.1009,9.8387],[39.0994,9.8389],[39.0989,9.8391],[39.0972,9.8393],[39.0964,9.8389],[39.0952,9.8391],[39.0938,9.8389],[39.0927,9.8385],[39.0882,9.8381],[39.0855,9.8375],[39.0818,9.8369],[39.0789,9.8371],[39.0762,9.8373],[39.0747,9.8369],[39.073,9.8358],[39.0717,9.8353],[39.071,9.8352],[39.0689,9.8348],[39.0673,9.8347],[39.0661,9.8345],[39.0633,9.834],[39.0615,9.8337],[39.0595,9.8339],[39.0582,9.8345],[39.0571,9.8347],[39.0561,9.8339],[39.0558,9.8335],[39.0533,9.833],[39.0522,9.833],[39.0509,9.8336],[39.0496,9.8343],[39.0469,9.8344],[39.0438,9.8351],[39.0422,9.8357],[39.0408,9.8365],[39.0389,9.8382],[39.0376,9.8388],[39.0364,9.8393],[39.0345,9.8393],[39.034,9.8391],[39.0329,9.8384],[39.032,9.8383],[39.0313,9.8379],[39.0302,9.8381],[39.0291,9.8379],[39.0248,9.8386],[39.0221,9.8395],[39.0194,9.8401],[39.0168,9.8412],[39.0136,9.8427],[39.0115,9.8439],[39.0087,9.8452],[39.0064,9.8463],[39.0043,9.8472],[39.0028,9.8483],[39.0013,9.8502],[39.0003,9.8507],[38.999,9.8512],[38.9967,9.8521],[38.9929,9.8533],[38.9907,9.8537],[38.9889,9.8545],[38.9874,9.8558],[38.9864,9.8562],[38.9815,9.8585],[38.9801,9.8594],[38.9781,9.8617],[38.9762,9.8637],[38.9755,9.865],[38.9745,9.8667],[38.9726,9.8686],[38.9713,9.8703],[38.9703,9.8713],[38.9694,9.8729],[38.9677,9.8752],[38.9663,9.8771],[38.964,9.8794],[38.9621,9.8806],[38.9606,9.8813],[38.96,9.8826],[38.9591,9.8841],[38.9577,9.8856],[38.9556,9.8879],[38.9539,9.8894],[38.9523,9.8916],[38.9514,9.894],[38.9504,9.8951],[38.9489,9.8975],[38.9469,9.8998],[38.9464,9.9006],[38.9455,9.9017],[38.9439,9.9027],[38.9433,9.9027],[38.9428,9.9042],[38.9416,9.9053],[38.9398,9.9059],[38.9377,9.9064],[38.9348,9.9076],[38.9344,9.9079],[38.935,9.9085]],[[39.1406,9.8924],[39.1415,9.8921],[39.142,9.8912],[39.1424,9.8907],[39.1427,9.8899],[39.1424,9.8892],[39.1411,9.8884],[39.1409,9.8876],[39.141,9.8872],[39.1417,9.887],[39.142,9.8864],[39.1425,9.8864],[39.1427,9.8861],[39.1428,9.8854],[39.1435,9.8858],[39.1439,9.8849],[39.1442,9.8849],[39.1441,9.8864],[39.1441,9.8875],[39.1449,9.8872],[39.1458,9.8871],[39.1465,9.8871],[39.1457,9.8885],[39.1489,9.8881],[39.1491,9.8891],[39.1497,9.8889],[39.1497,9.8882],[39.1498,9.8874],[39.1515,9.8873],[39.1519,9.8882],[39.1522,9.8887],[39.1528,9.8884],[39.1544,9.8879],[39.1549,9.8887],[39.1544,9.889],[39.1538,9.8895],[39.1535,9.8916],[39.1535,9.8927],[39.1526,9.8941],[39.1522,9.8945],[39.151,9.8945],[39.1502,9.8941],[39.1498,9.895],[39.1491,9.897],[39.149,9.8981],[39.1492,9.8991],[39.1496,9.8993],[39.1499,9.8996],[39.15,9.9001],[39.1506,9.9008],[39.1501,9.9014],[39.1496,9.9016],[39.1493,9.902],[39.1491,9.9019],[39.1481,9.9011],[39.1469,9.9004],[39.146,9.8999],[39.1447,9.8993],[39.1436,9.8978],[39.1428,9.898],[39.1422,9.8983],[39.1417,9.8979],[39.1415,9.8973],[39.1409,9.8956],[39.14,9.8929],[39.1401,9.8927],[39.1406,9.8924]]]}},{"type":"Feature","properties":{"id":"LW005","woreda":"Fogera","zone":"South Gondar","region":"Amhara","area_km2":1335.0,"lat":11.8843,"lon":37.7526},"geometry":{"type":"Polygon","coordinates":[[[37.3996,12.0705],[37.4122,12.0865],[37.5569,11.9983],[37.5572,11.9972],[37.5588,11.9949],[37.5605,11.9945],[37.5627,11.9942],[37.5632,11.9942],[37.5642,11.9932],[37.5643,11.9921],[37.5646,11.9911],[37.5653,11.9899],[37.5667,11.9894],[37.5682,11.9894],[37.5708,11.9902],[37.5715,11.9901],[37.5727,11.9898],[37.5749,11.9897],[37.5769,11.9899],[37.5785,11.9904],[37.5799,11.9912],[37.5817,11.9927],[37.5832,11.9937],[37.5844,11.9943],[37.585,11.9945],[37.5855,11.9949],[37.586,11.9952],[37.5869,11.996],[37.5876,11.9963],[37.5896,11.9984],[37.5901,11.9995],[37.5908,12.0006],[37.5912,12.0016],[37.5921,12.0021],[37.5946,12.0026],[37.5957,12.0027],[37.597,12.0031],[37.5979,12.0034],[37.5989,12.0033],[37.6,12.0029],[37.6014,12.0021],[37.6031,12.0018],[37.6056,12.0014],[37.6087,12.0008],[37.6105,12.0006],[37.6118,12.0002],[37.6141,11.9997],[37.6154,11.9992],[37.6156,11.9989],[37.6166,11.9981],[37.6172,11.9972],[37.6186,11.9963],[37.62,11.9956],[37.6218,11.9949],[37.6227,11.9947],[37.6233,11.9945],[37.6236,11.9934],[37.6235,11.9925],[37.623,11.9904],[37.6229,11.9898],[37.6225,11.9892],[37.6223,11.9883],[37.6223,11.987],[37.6222,11.9855],[37.6227,11.9835],[37.6232,11.982],[37.6249,11.9794],[37.6261,11.9783],[37.6272,11.9775],[37.628,11.9755],[37.6286,11.975],[37.6289,11.9737],[37.6299,11.972],[37.63,11.9722],[37.6304,11.9715],[37.6313,11.971],[37.6346,11.9703],[37.636,11.9701],[37.6364,11.97],[37.6379,11.9701],[37.6396,11.9688],[37.6409,11.968],[37.6414,11.9679],[37.6432,11.9676],[37.6446,11.9675],[37.6462,11.9677],[37.6478,11.968],[37.65,11.9693],[37.6516,11.9691],[37.6527,11.969],[37.6536,11.9693],[37.6557,11.9705],[37.6566,11.971],[37.6591,11.9731],[37.6611,11.9739],[37.6636,11.975],[37.6649,11.9767],[37.666,11.9777],[37.6663,11.9787],[37.6664,11.9799],[37.6667,11.9811],[37.6669,11.9817],[37.6681,11.9841],[37.6686,11.9849],[37.6706,11.9856],[37.6722,11.9863],[37.6726,11.9867],[37.6748,11.9865],[37.6763,11.9864],[37.677,11.9863],[37.6783,11.987],[37.6789,11.9878],[37.6796,11.9886],[37.6802,11.9888],[37.6815,11.9879],[37.6826,11.9871],[37.6828,11.9868],[37.6832,11.9855],[37.683,11.9846],[37.6839,11.9835],[37.6853,11.983],[37.687,11.9833],[37.6882,11.9839],[37.6894,11.9851],[37.6902,11.9855],[37.6916,11.9849],[37.6929,11.9848],[37.6938,11.985],[37.6946,11.9864],[37.6946,11.9872],[37.6954,11.988],[37.6964,11.9883],[37.6973,11.9884],[37.6981,11.9884],[37.6991,11.9888],[37.6998,11.9882],[37.7007,11.9873],[37.702,11.9866],[37.703,11.9865],[37.7043,11.987],[37.7048,11.9881],[37.7048,11.989],[37.7048,11.9898],[37.7042,11.99],[37.7028,11.9907],[37.7021,11.9912],[37.7017,11.9917],[37.7019,11.992],[37.7022,11.9919],[37.7036,11.9913],[37.7046,11.9914],[37.7054,11.9919],[37.706,11.9927],[37.7059,11.9947],[37.7063,11.9957],[37.7068,11.996],[37.7079,11.9952],[37.709,11.9947],[37.7098,11.9942],[37.7106,11.994],[37.7114,11.9942],[37.7123,11.9947],[37.7128,11.9948],[37.7143,11.9945],[37.7154,11.9946],[37.717,11.9954],[37.7172,11.9962],[37.7171,11.9976],[37.7171,11.9988],[37.7177,11.9994],[37.7186,12.0001],[37.7196,12.0012],[37.72,12.002],[37.7208,12.0025],[37.7218,12.0027],[37.7224,12.0015],[37.7234,12.0003],[37.7243,11.9998],[37.7255,11.9993],[37.7268,11.9993],[37.7283,11.9996],[37.7292,12.0003],[37.7293,12.0007],[37.7297,12.0029],[37.7297,12.0048],[37.7306,12.0058],[37.7316,12.0055],[37.7329,12.0048],[37.7341,12.0048],[37.7346,12.005],[37.7358,12.0053],[37.7369,12.0062],[37.7377,12.0069],[37.7376,12.0078],[37.7367,12.0089],[37.7371,12.0097],[37.7369,12.0111],[37.7352,12.0131],[37.7353,12.0135],[37.7359,12.0132],[37.7364,12.0132],[37.7369,12.0134],[37.7384,12.0139],[37.7392,12.0146],[37.7403,12.0159],[37.7417,12.0167],[37.7418,12.0186],[37.7421,12.0186],[37.7422,12.0182],[37.7426,12.0176],[37.7439,12.0174],[37.7445,12.0179],[37.7446,12.0187],[37.7449,12.0192],[37.7447,12.0209],[37.7426,12.0222],[37.7428,12.0228],[37.7444,12.024],[37.7454,12.0242],[37.7464,12.0242],[37.7471,12.0249],[37.7473,12.0254],[37.7481,12.0258],[37.7488,12.0261],[37.7496,12.0258],[37.7496,12.0249],[37.7497,12.0245],[37.7503,12.0241],[37.7513,12.0244],[37.7521,12.0253],[37.7525,12.0256],[37.7528,12.0254],[37.7533,12.0245],[37.7541,12.0241],[37.7545,12.0237],[37.7554,12.0242],[37.7559,12.0246],[37.7575,12.0248],[37.7585,12.0242],[37.7588,12.0233],[37.7586,12.0223],[37.7588,12.021],[37.7591,12.0207],[37.7608,12.0203],[37.7608,12.0201],[37.7614,12.0199],[37.7627,12.0196],[37.7635,12.0201],[37.7641,12.021],[37.7646,12.0219],[37.7654,12.0234],[37.7656,12.0247],[37.7658,12.0258],[37.766,12.0265],[37.7668,12.0271],[37.7677,12.0277],[37.7686,12.0281],[37.7694,12.0289],[37.7711,12.0294],[37.7725,12.0295],[37.7728,12.0294],[37.7737,12.0292],[37.7741,12.0288],[37.7754,12.0285],[37.7772,12.0283],[37.7784,12.0292],[37.7795,12.0301],[37.7804,12.0311],[37.7808,12.0325],[37.7816,12.0327],[37.7822,12.033],[37.7825,12.0333],[37.7824,12.034],[37.7827,12.035],[37.7833,12.0352],[37.7835,12.0348],[37.7846,12.034],[37.7855,12.0342],[37.7864,12.0347],[37.7872,12.0342],[37.7876,12.0337],[37.7878,12.0326],[37.788,12.0317],[37.7883,12.0307],[37.7883,12.0302],[37.7888,12.0296],[37.79,12.0296],[37.7906,12.0302],[37.7909,12.0308],[37.7916,12.0309],[37.7922,12.0308],[37.7936,12.0311],[37.7946,12.0318],[37.7954,12.0317],[37.7969,12.0335],[37.798,12.0337],[37.7994,12.0344],[37.8002,12.0348],[37.8006,12.0346],[37.8013,12.0338],[37.8025,12.0333],[37.8029,12.0331],[37.8034,12.0322],[37.8039,12.0322],[37.8042,12.032],[37.8053,12.0317],[37.8064,12.0319],[37.8073,12.0319],[37.8084,12.0318],[37.8086,12.0315],[37.8093,12.0313],[37.8097,12.0309],[37.8109,12.0301],[37.8116,12.03],[37.8129,12.0289],[37.8132,12.0284],[37.8139,12.028],[37.8146,12.028],[37.8152,12.0283],[37.8156,12.0288],[37.816,12.0295],[37.8164,12.0296],[37.8173,12.0293],[37.8187,12.0289],[37.8202,12.0286],[37.8227,12.0275],[37.8235,12.027],[37.8249,12.0269],[37.8272,12.0273],[37.8282,12.0272],[37.8289,12.0275],[37.8293,12.0276],[37.8293,12.0262],[37.8298,12.0257],[37.8308,12.0257],[37.8316,12.026],[37.8329,12.0267],[37.8331,12.027],[37.8339,12.0275],[37.8343,12.0266],[37.835,12.0256],[37.8359,12.0253],[37.837,12.0253],[37.8377,12.0256],[37.839,12.0258],[37.8396,12.0258],[37.8408,12.0262],[37.8421,12.0264],[37.8425,12.0275],[37.8429,12.0283],[37.8436,12.0287],[37.844,12.029],[37.8445,12.0307],[37.8455,12.0316],[37.8469,12.0318],[37.8494,12.0345],[37.8507,12.0342],[37.851,12.0344],[37.8514,12.0353],[37.8517,12.0371],[37.8524,12.0381],[37.8525,12.0393],[37.8519,12.0399],[37.8519,12.0416],[37.852,12.0419],[37.8502,12.0425],[37.8507,12.0431],[37.8514,12.0437],[37.8523,12.044],[37.8529,12.0444],[37.8544,12.0448],[37.8553,12.0449],[37.8554,12.0443],[37.8552,12.0437],[37.8551,12.0426],[37.8555,12.0417],[37.8559,12.0415],[37.8565,12.0408],[37.8565,12.0401],[37.8561,12.0386],[37.8556,12.0374],[37.8559,12.0365],[37.8567,12.0354],[37.8572,12.0351],[37.8579,12.0351],[37.8589,12.0353],[37.8595,12.0356],[37.8603,12.037],[37.861,12.0369],[37.8618,12.0357],[37.8632,12.0358],[37.8644,12.0367],[37.8647,12.0375],[37.8652,12.0387],[37.8655,12.039],[37.8658,12.0389],[37.8661,12.0375],[37.8668,12.037],[37.8674,12.0367],[37.8691,12.0367],[37.8714,12.0368],[37.872,12.0372],[37.8724,12.0377],[37.8724,12.0383],[37.8721,12.039],[37.874,12.0401],[37.8749,12.0407],[37.8747,12.0418],[37.8748,12.0425],[37.8752,12.0431],[37.876,12.043],[37.8764,12.0433],[37.8778,12.0447],[37.8783,12.045],[37.8786,12.0443],[37.8784,12.0435],[37.8789,12.0425],[37.8789,12.0422],[37.8793,12.0417],[37.8802,12.0413],[37.8802,12.0405],[37.8796,12.0393],[37.8795,12.0383],[37.8798,12.0379],[37.8814,12.0373],[37.8831,12.0373],[37.8835,12.0371],[37.883,12.0366],[37.8826,12.0357],[37.8837,12.0353],[37.8845,12.0355],[37.8855,12.036],[37.886,12.0366],[37.8876,12.0369],[37.8889,12.0369],[37.8894,12.0371],[37.8908,12.0373],[37.8922,12.0371],[37.8931,12.0375],[37.8939,12.0378],[37.8953,12.0379],[37.8976,12.0383],[37.8995,12.039],[37.9002,12.0391],[37.9008,12.0397],[37.902,12.04],[37.9024,12.0402],[37.9028,12.04],[37.9037,12.0401],[37.9044,12.0401],[37.9052,12.0398],[37.9069,12.039],[37.9076,12.0388],[37.9088,12.039],[37.9097,12.04],[37.9102,12.0404],[37.9107,12.0406],[37.9125,12.0407],[37.913,12.0404],[37.9135,12.0398],[37.9141,12.0395],[37.9144,12.0392],[37.9153,12.0391],[37.9163,12.0397],[37.9169,12.0393],[37.9183,12.0396],[37.92,12.0397],[37.921,12.0401],[37.9222,12.0406],[37.9251,12.0409],[37.926,12.0404],[37.9273,12.0403],[37.9294,12.0409],[37.9306,12.042],[37.9336,12.044],[37.9351,12.0444],[37.9367,12.0442],[37.9379,12.0438],[37.9391,12.0438],[37.9404,12.0439],[37.9411,12.0447],[37.9433,12.0438],[37.9462,12.0429],[37.9475,12.0426],[37.9485,12.0418],[37.9496,12.0415],[37.9514,12.0415],[37.9543,12.0414],[37.9564,12.0414],[37.9581,12.0415],[37.9591,12.0417],[37.9599,12.042],[37.9611,12.043],[37.9617,12.0442],[37.9616,12.0455],[37.9608,12.0463],[37.9608,12.0468],[37.9618,12.0474],[37.9628,12.0478],[37.9629,12.0474],[37.9638,12.0467],[37.9648,12.0458],[37.9659,12.0457],[37.9663,12.0458],[37.967,12.0466],[37.9671,12.048],[37.9682,12.0473],[37.9695,12.0453],[37.9709,12.045],[37.9735,12.0455],[37.9744,12.0462],[37.9747,12.0456],[37.9758,12.0456],[37.9779,12.046],[37.9788,12.0457],[37.9797,12.0455],[37.9808,12.0455],[37.9815,12.0443],[37.9815,12.0436],[37.9827,12.043],[37.9846,12.0431],[37.985,12.0426],[37.9856,12.0408],[37.9869,12.0391],[37.9862,12.0347],[37.9858,12.0312],[37.9864,12.0304],[37.9864,12.0299],[37.9855,12.0279],[37.985,12.027],[37.9841,12.0261],[37.9837,12.0259],[37.9826,12.0252],[37.9823,12.0244],[37.9822,12.0237],[37.9819,12.0227],[37.9817,12.0204],[37.9811,12.0194],[37.9811,12.0172],[37.9808,12.0161],[37.9808,12.0149],[37.9793,12.0143],[37.9791,12.0118],[37.9787,12.0101],[37.9781,12.0093],[37.9779,12.0088],[37.9772,12.0077],[37.9759,12.0063],[37.9755,12.0056],[37.9754,12.0045],[37.975,12.0025],[37.9742,12.0005],[37.9736,11.9992],[37.9727,11.999],[37.9725,11.9985],[37.9719,11.9981],[37.9719,11.9978],[37.9715,11.9972],[37.9702,11.9968],[37.9697,11.9965],[37.9691,11.9959],[37.9689,11.9952],[37.9688,11.9946],[37.9686,11.9939],[37.9685,11.9931],[37.9692,11.9904],[37.9692,11.9889],[37.9686,11.9881],[37.9678,11.9869],[37.9671,11.9862],[37.9663,11.9858],[37.9656,11.9857],[37.9652,11.9854],[37.9641,11.9849],[37.9635,11.9851],[37.963,11.985],[37.9606,11.9844],[37.9597,11.9845],[37.9595,11.9843],[37.9589,11.9843],[37.9582,11.984],[37.9577,11.982],[37.9572,11.9814],[37.9568,11.9811],[37.956,11.9799],[37.9558,11.9795],[37.9558,11.9785],[37.9561,11.9774],[37.9565,11.9763],[37.957,11.9757],[37.9591,11.9743],[37.9599,11.9735],[37.9611,11.9713],[37.9609,11.9701],[37.9579,11.9679],[37.9578,11.9677],[37.958,11.967],[37.9574,11.9664],[37.9567,11.9659],[37.9564,11.9644],[37.9558,11.9644],[37.9558,11.9633],[37.9554,11.9629],[37.9541,11.9625],[37.953,11.9624],[37.952,11.9613],[37.9509,11.9597],[37.9498,11.9582],[37.9472,11.9584],[37.9471,11.9582],[37.9456,11.9564],[37.9442,11.9553],[37.9441,11.9536],[37.9444,11.9529],[37.9444,11.9513],[37.9442,11.9508],[37.9427,11.9502],[37.9414,11.9496],[37.9404,11.9483],[37.9402,11.9482],[37.9393,11.9473],[37.9392,11.947],[37.9385,11.9463],[37.9375,11.9457],[37.9368,11.9455],[37.9352,11.9452],[37.9316,11.9448],[37.9306,11.9441],[37.9306,11.9431],[37.9316,11.9382],[37.9322,11.9365],[37.9338,11.9286],[37.9345,11.9236],[37.9346,11.9199],[37.9339,11.9188],[37.933,11.918],[37.9321,11.9175],[37.9283,11.9152],[37.9272,11.9133],[37.9269,11.913],[37.9272,11.9122],[37.927,11.9109],[37.9265,11.9098],[37.9266,11.9079],[37.9259,11.9055],[37.9238,11.9018],[37.9226,11.9009],[37.9216,11.8978],[37.9206,11.8955],[37.9192,11.8944],[37.9193,11.8932],[37.9188,11.892],[37.9196,11.8914],[37.9192,11.8905],[37.9192,11.8894],[37.9201,11.8887],[37.9206,11.8881],[37.9209,11.8875],[37.9215,11.8869],[37.9219,11.8856],[37.9222,11.8839],[37.9231,11.8822],[37.9232,11.8817],[37.9231,11.8807],[37.9219,11.8792],[37.9207,11.8785],[37.9194,11.8779],[37.919,11.877],[37.9185,11.8768],[37.918,11.8768],[37.9179,11.8763],[37.9172,11.8762],[37.9167,11.8762],[37.9161,11.8758],[37.9158,11.8752],[37.9158,11.8744],[37.9153,11.8741],[37.9153,11.8731],[37.9149,11.8724],[37.9142,11.8721],[37.9142,11.8711],[37.9136,11.871],[37.9134,11.8708],[37.9133,11.8662],[37.9131,11.8653],[37.9131,11.8642],[37.9139,11.8627],[37.914,11.8621],[37.9131,11.8616],[37.9129,11.8611],[37.9126,11.8593],[37.9123,11.8585],[37.9104,11.8571],[37.9102,11.8562],[37.9091,11.8554],[37.909,11.8544],[37.9094,11.8541],[37.9095,11.8536],[37.9088,11.8487],[37.9082,11.8467],[37.9075,11.8463],[37.9072,11.8452],[37.9068,11.8451],[37.9059,11.8459],[37.9049,11.8463],[37.9043,11.8464],[37.9035,11.8462],[37.903,11.8459],[37.902,11.846],[37.8999,11.8457],[37.8999,11.8461],[37.8995,11.8458],[37.8969,11.846],[37.8959,11.8455],[37.8948,11.8441],[37.8937,11.8435],[37.8926,11.8434],[37.8924,11.8436],[37.8917,11.8427],[37.8897,11.8408],[37.8882,11.84],[37.8865,11.8368],[37.8857,11.8318],[37.8858,11.8307],[37.8841,11.8271],[37.8834,11.8256],[37.883,11.8255],[37.8818,11.8245],[37.8804,11.8236],[37.879,11.8211],[37.8774,11.8192],[37.8758,11.8188],[37.8755,11.8181],[37.8757,11.8171],[37.8744,11.8149],[37.8742,11.8147],[37.8743,11.8143],[37.8737,11.8111],[37.8727,11.81],[37.8717,11.8099],[37.8715,11.8091],[37.8706,11.8074],[37.8705,11.805],[37.8697,11.8026],[37.8687,11.8023],[37.8688,11.8022],[37.8682,11.8012],[37.8677,11.801],[37.8675,11.8003],[37.8679,11.7997],[37.8688,11.799],[37.87,11.7985],[37.8732,11.7968],[37.8739,11.7961],[37.8742,11.7956],[37.8747,11.7953],[37.875,11.7933],[37.8753,11.7925],[37.8762,11.7918],[37.8778,11.791],[37.8792,11.7901],[37.8791,11.7875],[37.8794,11.7864],[37.8796,11.7847],[37.8794,11.7825],[37.879,11.7796],[37.88,11.776],[37.8802,11.7743],[37.8799,11.774],[37.8795,11.7723],[37.8793,11.7723],[37.8788,11.7727],[37.8784,11.7728],[37.8771,11.7726],[37.8756,11.7721],[37.8754,11.7718],[37.8751,11.7698],[37.8748,11.7696],[37.8724,11.7692],[37.8687,11.7683],[37.8671,11.7682],[37.8655,11.7684],[37.8638,11.7689],[37.8627,11.7695],[37.862,11.7702],[37.8614,11.7714],[37.8608,11.7717],[37.8578,11.7733],[37.857,11.7736],[37.8552,11.7736],[37.8539,11.7734],[37.8535,11.7731],[37.8533,11.772],[37.853,11.7707],[37.853,11.7691],[37.8532,11.7684],[37.8535,11.7676],[37.8555,11.7595],[37.8557,11.7571],[37.8552,11.7555],[37.8555,11.7552],[37.8547,11.7545],[37.8544,11.7539],[37.8541,11.753],[37.8533,11.7524],[37.8525,11.7526],[37.8516,11.7523],[37.8511,11.7517],[37.85,11.7501],[37.849,11.7502],[37.8488,11.7497],[37.848,11.7497],[37.8477,11.7486],[37.8479,11.747],[37.8482,11.7461],[37.8479,11.7432],[37.8477,11.7424],[37.8462,11.7409],[37.8446,11.7375],[37.845,11.7372],[37.8466,11.7365],[37.8472,11.7349],[37.8463,11.7338],[37.8464,11.7329],[37.8481,11.7328],[37.8498,11.732],[37.8514,11.731],[37.8523,11.7288],[37.8546,11.7287],[37.8567,11.7283],[37.858,11.7277],[37.8578,11.7265],[37.8587,11.7257],[37.8617,11.7263],[37.8624,11.7253],[37.8622,11.724],[37.8611,11.723],[37.8617,11.7225],[37.861,11.7214],[37.8617,11.7209],[37.8638,11.7207],[37.8668,11.7215],[37.8678,11.7207],[37.8687,11.719],[37.8718,11.7199],[37.8724,11.7192],[37.8729,11.718],[37.8762,11.7186],[37.8776,11.7181],[37.8801,11.7157],[37.8799,11.7151],[37.8785,11.7115],[37.8781,11.7101],[37.8775,11.7073],[37.876,11.7047],[37.8755,11.7037],[37.8752,11.7017],[37.8745,11.6998],[37.874,11.6991],[37.8719,11.697],[37.8706,11.6952],[37.8694,11.6919],[37.8683,11.6906],[37.866,11.6886],[37.8633,11.6876],[37.8604,11.6889],[37.8578,11.6891],[37.8545,11.6887],[37.8519,11.6885],[37.8499,11.6882],[37.8493,11.6885],[37.8483,11.6868],[37.8469,11.6859],[37.8455,11.6848],[37.8446,11.6849],[37.8424,11.685],[37.8416,11.6842],[37.8392,11.6837],[37.8366,11.6837],[37.8326,11.6849],[37.8306,11.6854],[37.8294,11.6873],[37.8255,11.6871],[37.8232,11.687],[37.8214,11.6896],[37.8207,11.69],[37.8211,11.6873],[37.8202,11.6852],[37.8176,11.6832],[37.8146,11.6815],[37.8127,11.6814],[37.8119,11.6811],[37.8114,11.6812],[37.8114,11.6809],[37.8109,11.6807],[37.8083,11.6808],[37.8067,11.6809],[37.8048,11.6814],[37.8029,11.6818],[37.8013,11.6824],[37.8002,11.6825],[37.7991,11.6829],[37.7981,11.6834],[37.7969,11.6841],[37.7951,11.6846],[37.7933,11.6844],[37.7919,11.6841],[37.7919,11.6843],[37.7896,11.684],[37.7879,11.6839],[37.7864,11.6835],[37.7857,11.6839],[37.7852,11.6849],[37.784,11.6856],[37.7824,11.6861],[37.7788,11.6868],[37.7775,11.6869],[37.7766,11.6871],[37.7762,11.6879],[37.776,11.6888],[37.7754,11.6903],[37.7761,11.6913],[37.7763,11.6919],[37.7764,11.6937],[37.7757,11.6959],[37.7752,11.6973],[37.7744,11.6984],[37.7737,11.6986],[37.7717,11.6973],[37.7694,11.6963],[37.7676,11.6951],[37.7671,11.693],[37.766,11.6922],[37.7648,11.6925],[37.7651,11.6909],[37.7646,11.6896],[37.7632,11.6894],[37.7604,11.6898],[37.7597,11.6884],[37.7596,11.687],[37.759,11.6863],[37.7576,11.6864],[37.7555,11.6876],[37.7548,11.6884],[37.754,11.6889],[37.7536,11.6895],[37.7529,11.6898],[37.7525,11.6896],[37.7518,11.6891],[37.7507,11.6895],[37.7491,11.6902],[37.7471,11.6912],[37.7458,11.6916],[37.7449,11.692],[37.7438,11.6924],[37.7437,11.6924],[37.7428,11.6933],[37.7421,11.6935],[37.7412,11.6943],[37.7401,11.6949],[37.7384,11.6962],[37.7374,11.6972],[37.737,11.6976],[37.7361,11.6978],[37.7351,11.6977],[37.7348,11.698],[37.7348,11.6989],[37.7345,11.6995],[37.7326,11.7],[37.731,11.6995],[37.7299,11.699],[37.7291,11.6991],[37.7287,11.6998],[37.7263,11.7013],[37.7249,11.7023],[37.7248,11.7026],[37.7265,11.7031],[37.7278,11.7032],[37.7265,11.7046],[37.7259,11.7054],[37.7247,11.7065],[37.7236,11.7081],[37.7225,11.7096],[37.722,11.7109],[37.7225,11.7126],[37.7233,11.714],[37.7253,11.716],[37.726,11.7167],[37.7268,11.7179],[37.7276,11.7194],[37.7283,11.7211],[37.7292,11.7225],[37.7297,11.7229],[37.7302,11.7236],[37.7311,11.7242],[37.7314,11.7252],[37.7319,11.7261],[37.7328,11.7271],[37.7341,11.7283],[37.7342,11.7291],[37.7338,11.7305],[37.7331,11.7318],[37.7322,11.7326],[37.7302,11.7331],[37.7285,11.733],[37.7265,11.7331],[37.7252,11.733],[37.7232,11.7334],[37.7215,11.7335],[37.7207,11.7332],[37.7192,11.7336],[37.7173,11.7337],[37.7167,11.7341],[37.7168,11.7353],[37.7173,11.7365],[37.718,11.7378],[37.718,11.7381],[37.7177,11.7389],[37.7176,11.7396],[37.7181,11.7414],[37.7178,11.7424],[37.7179,11.7435],[37.7173,11.7443],[37.7162,11.7447],[37.7167,11.7459],[37.7161,11.7467],[37.7149,11.7474],[37.7145,11.7478],[37.7146,11.7483],[37.7152,11.749],[37.7153,11.7506],[37.7147,11.7517],[37.7134,11.7535],[37.7124,11.7542],[37.7117,11.7554],[37.7108,11.756],[37.7096,11.7581],[37.7093,11.7604],[37.7107,11.7604],[37.7111,11.761],[37.7108,11.7618],[37.7092,11.7627],[37.7079,11.764],[37.7081,11.765],[37.707,11.7661],[37.7069,11.7668],[37.7064,11.7668],[37.7061,11.7681],[37.7068,11.7688],[37.7054,11.7708],[37.7045,11.7724],[37.7038,11.7718],[37.7025,11.7719],[37.7017,11.7742],[37.7011,11.7774],[37.7012,11.7784],[37.6998,11.78],[37.6991,11.7804],[37.6976,11.7806],[37.6967,11.781],[37.6966,11.7819],[37.6963,11.7825],[37.6959,11.7831],[37.6955,11.7845],[37.6956,11.7851],[37.6956,11.7862],[37.6957,11.7879],[37.6956,11.7888],[37.695,11.7895],[37.6934,11.7896],[37.6922,11.7895],[37.6892,11.7894],[37.6874,11.7896],[37.6864,11.7896],[37.6858,11.7891],[37.6844,11.7881],[37.6831,11.7879],[37.6816,11.7879],[37.6803,11.788],[37.6776,11.7886],[37.6776,11.7888],[37.6768,11.7889],[37.6757,11.7892],[37.6745,11.7899],[37.672,11.7903],[37.6706,11.7904],[37.6689,11.791],[37.6688,11.7911],[37.6681,11.7912],[37.6674,11.7918],[37.6668,11.7929],[37.6659,11.7938],[37.6649,11.7945],[37.6638,11.7948],[37.6616,11.7945],[37.6602,11.7945],[37.6595,11.795],[37.659,11.7961],[37.6586,11.7966],[37.658,11.798],[37.6576,11.8005],[37.6571,11.8015],[37.6565,11.802],[37.6553,11.8018],[37.6547,11.8013],[37.6528,11.8002],[37.6515,11.7989],[37.6503,11.7986],[37.6493,11.7987],[37.6489,11.7994],[37.6487,11.7999],[37.6487,11.8016],[37.648,11.8031],[37.6482,11.8041],[37.6486,11.8049],[37.6486,11.8061],[37.6483,11.8064],[37.6474,11.8066],[37.6462,11.8067],[37.6452,11.8062],[37.6445,11.8056],[37.6439,11.8059],[37.6434,11.8069],[37.6439,11.8087],[37.6443,11.8104],[37.6447,11.8117],[37.6449,11.8141],[37.6457,11.8158],[37.6467,11.8165],[37.6479,11.8171],[37.6481,11.8178],[37.6478,11.819],[37.6463,11.8197],[37.6454,11.8202],[37.6448,11.8203],[37.6439,11.82],[37.6434,11.8194],[37.6425,11.8178],[37.6421,11.8168],[37.6416,11.8161],[37.6413,11.8163],[37.6409,11.8188],[37.6409,11.8193],[37.6414,11.82],[37.6416,11.8212],[37.6416,11.8223],[37.6411,11.8228],[37.6394,11.8229],[37.6374,11.8223],[37.6363,11.8225],[37.6349,11.8238],[37.6337,11.8254],[37.6331,11.8264],[37.6331,11.8278],[37.6334,11.8281],[37.6343,11.8305],[37.6363,11.8313],[37.6374,11.8302],[37.6393,11.8299],[37.6414,11.8299],[37.6426,11.8309],[37.6439,11.8305],[37.6445,11.8307],[37.6446,11.8319],[37.644,11.8332],[37.6451,11.836],[37.647,11.8374],[37.6491,11.8378],[37.6504,11.8396],[37.6507,11.8417],[37.6506,11.8429],[37.6501,11.843],[37.6491,11.8439],[37.6475,11.8441],[37.6468,11.8443],[37.6438,11.8435],[37.6414,11.8408],[37.6384,11.8389],[37.636,11.8379],[37.6342,11.8388],[37.6335,11.8403],[37.6331,11.8408],[37.6339,11.8418],[37.6342,11.8426],[37.6353,11.8439],[37.6357,11.8456],[37.6354,11.8466],[37.6359,11.8486],[37.6351,11.8498],[37.6341,11.8499],[37.632,11.8491],[37.63,11.8497],[37.6289,11.8508],[37.6285,11.8523],[37.6295,11.8539],[37.6297,11.854],[37.6302,11.8549],[37.6324,11.8591],[37.6327,11.8616],[37.6311,11.8628],[37.6273,11.863],[37.6244,11.8648],[37.6243,11.8652],[37.6238,11.8653],[37.6201,11.8683],[37.6172,11.869],[37.6117,11.8708],[37.6083,11.8725],[37.6078,11.8736],[37.6065,11.8752],[37.6017,11.8777],[37.5991,11.8791],[37.599,11.8785],[37.5967,11.8793],[37.5932,11.8789],[37.5898,11.8793],[37.5873,11.8802],[37.5853,11.8817],[37.5835,11.8833],[37.5828,11.8836],[37.5825,11.8833],[37.5829,11.8814],[37.5825,11.8797],[37.5809,11.8776],[37.5785,11.8771],[37.578,11.877],[37.5758,11.876],[37.575,11.875],[37.5731,11.8739],[37.5716,11.8738],[37.5703,11.8743],[37.5681,11.8737],[37.5671,11.8732],[37.5667,11.8725],[37.5663,11.8709],[37.5638,11.8681],[37.5628,11.8672],[37.5584,11.8629],[37.5564,11.8611],[37.5556,11.8603],[37.5541,11.8592],[37.5516,11.86],[37.55,11.8611],[37.5499,11.8613],[37.548,11.8646],[37.5472,11.8664],[37.547,11.8667],[37.5469,11.8677],[37.5446,11.8707],[37.5437,11.8723],[37.5425,11.8729],[37.5418,11.8718],[37.5392,11.869],[37.5375,11.8688],[37.5354,11.8693],[37.5335,11.8711],[37.5323,11.8741],[37.5312,11.877],[37.5301,11.877],[37.5292,11.8761],[37.5282,11.8756],[37.5273,11.8759],[37.5265,11.8774],[37.5257,11.8788],[37.5232,11.8785],[37.5233,11.8788],[37.5226,11.8786],[37.5216,11.8787],[37.5193,11.8802],[37.5175,11.8821],[37.5159,11.886],[37.514,11.8885],[37.5113,11.8903],[37.5108,11.8905],[37.5088,11.8918],[37.5068,11.8925],[37.5037,11.8941],[37.5022,11.8959],[37.5,11.8977],[37.4975,11.9005],[37.4959,11.9037],[37.4945,11.9073],[37.4932,11.9098],[37.4012,11.9552],[37.4079,12.0398],[37.3996,12.0705]],[[37.686,11.9176],[37.6861,11.9171],[37.6872,11.9147],[37.6886,11.9108],[37.6898,11.9096],[37.6909,11.91],[37.6916,11.9108],[37.6929,11.9116],[37.6943,11.9138],[37.6949,11.9167],[37.696,11.9169],[37.6962,11.9163],[37.6964,11.9149],[37.6971,11.9149],[37.698,11.9159],[37.6988,11.9158],[37.6999,11.9149],[37.7009,11.915],[37.7017,11.9144],[37.7023,11.9143],[37.7032,11.9125],[37.7043,11.9139],[37.7069,11.9164],[37.7077,11.918],[37.7085,11.9182],[37.7123,11.9197],[37.7151,11.9212],[37.7148,11.9233],[37.713,11.9256],[37.7123,11.9282],[37.71,11.9316],[37.7074,11.9348],[37.7046,11.9352],[37.7007,11.9339],[37.6994,11.9332],[37.6971,11.9319],[37.6969,11.9312],[37.6948,11.932],[37.6919,11.9312],[37.6892,11.9302],[37.6873,11.926],[37.6841,11.9264],[37.684,11.9265],[37.6834,11.925],[37.6832,11.9209],[37.6834,11.9187],[37.686,11.9176]]]}},{"type":"Feature","properties":{"id":"LW006","woreda":"Meskan","zone":"East Guraghe","region":"Central Ethiopia","area_km2":330.8,"lat":8.1581,"lon":38.3679},"geometry":{"type":"Polygon","coordinates":[[[38.3332,8.2586],[38.3473,8.2542],[38.3666,8.2627],[38.3674,8.2622],[38.3676,8.2608],[38.3684,8.2584],[38.3685,8.2577],[38.3688,8.2564],[38.3696,8.2545],[38.3701,8.2539],[38.3703,8.2531],[38.3711,8.2513],[38.3716,8.2503],[38.3718,8.2495],[38.3719,8.2484],[38.3717,8.2469],[38.3712,8.2446],[38.3713,8.2417],[38.3718,8.2399],[38.3721,8.238],[38.3726,8.2367],[38.3729,8.2354],[38.3727,8.234],[38.3728,8.2328],[38.3727,8.2303],[38.3727,8.2292],[38.3725,8.228],[38.3724,8.2269],[38.3732,8.2239],[38.3738,8.2225],[38.3742,8.2216],[38.3754,8.2203],[38.376,8.2192],[38.3768,8.2185],[38.3775,8.2168],[38.3773,8.2157],[38.3773,8.2137],[38.3775,8.2123],[38.3774,8.2112],[38.3775,8.2091],[38.3774,8.2085],[38.3766,8.2071],[38.3765,8.2065],[38.3767,8.2053],[38.3771,8.2043],[38.3772,8.2028],[38.3778,8.2019],[38.3785,8.2014],[38.3792,8.2005],[38.3807,8.1983],[38.3815,8.1974],[38.3819,8.1964],[38.3821,8.1956],[38.3833,8.193],[38.3837,8.192],[38.384,8.1905],[38.385,8.1883],[38.3855,8.1876],[38.386,8.1866],[38.3866,8.1858],[38.3881,8.1847],[38.3888,8.1842],[38.3895,8.184],[38.39,8.1836],[38.3899,8.1832],[38.3894,8.1829],[38.3886,8.1831],[38.3867,8.1828],[38.3861,8.1829],[38.3856,8.1829],[38.3851,8.1825],[38.3846,8.1817],[38.3839,8.1805],[38.3831,8.1795],[38.3829,8.1788],[38.3833,8.1782],[38.3845,8.1771],[38.3855,8.176],[38.3872,8.1749],[38.3881,8.1748],[38.3894,8.1744],[38.3906,8.1739],[38.3919,8.1736],[38.3933,8.1737],[38.3943,8.1738],[38.3949,8.174],[38.3968,8.1743],[38.3972,8.1744],[38.3987,8.1747],[38.4008,8.1751],[38.4017,8.1753],[38.4023,8.176],[38.4026,8.1766],[38.403,8.1768],[38.4034,8.1774],[38.4034,8.1787],[38.4029,8.1803],[38.4025,8.1821],[38.4027,8.1826],[38.4038,8.1839],[38.405,8.1846],[38.4075,8.1877],[38.4082,8.1895],[38.4087,8.1905],[38.4087,8.1916],[38.409,8.1918],[38.4099,8.1911],[38.4112,8.1896],[38.4121,8.189],[38.4129,8.1891],[38.4138,8.1908],[38.4151,8.1924],[38.4162,8.1934],[38.4174,8.1943],[38.4181,8.1957],[38.4187,8.1964],[38.4201,8.1974],[38.4214,8.1984],[38.4219,8.1986],[38.4224,8.1986],[38.4227,8.1982],[38.4239,8.1957],[38.4249,8.1941],[38.4254,8.1935],[38.4262,8.1927],[38.4265,8.1928],[38.4269,8.1922],[38.428,8.1923],[38.4298,8.1918],[38.4322,8.1919],[38.4335,8.1923],[38.4364,8.1938],[38.437,8.1941],[38.438,8.1941],[38.4392,8.1964],[38.4405,8.1971],[38.4413,8.1978],[38.4418,8.1989],[38.442,8.2004],[38.4426,8.2007],[38.4431,8.2022],[38.4435,8.2043],[38.4441,8.2053],[38.446,8.2059],[38.4452,8.2077],[38.4455,8.2088],[38.447,8.2112],[38.4483,8.2155],[38.4484,8.2172],[38.4481,8.2182],[38.4482,8.2189],[38.4486,8.2201],[38.4486,8.2225],[38.4485,8.2242],[38.4486,8.2263],[38.4485,8.2271],[38.4483,8.229],[38.4496,8.2287],[38.4507,8.2287],[38.4517,8.2284],[38.4526,8.2285],[38.4542,8.2276],[38.4555,8.2273],[38.4562,8.2278],[38.457,8.2281],[38.4577,8.2275],[38.4588,8.226],[38.4591,8.2255],[38.4603,8.2241],[38.4612,8.2233],[38.4623,8.2218],[38.4628,8.2202],[38.464,8.2179],[38.4665,8.2143],[38.4669,8.2137],[38.4675,8.2131],[38.4689,8.2114],[38.4696,8.2106],[38.4706,8.2098],[38.4719,8.2087],[38.4718,8.2085],[38.4725,8.2076],[38.4733,8.2069],[38.4739,8.2062],[38.4748,8.2052],[38.4759,8.2034],[38.4765,8.2027],[38.4775,8.202],[38.478,8.2018],[38.4788,8.2008],[38.4793,8.2004],[38.4799,8.1997],[38.4808,8.2004],[38.4817,8.1994],[38.4824,8.1988],[38.482,8.1974],[38.4827,8.1975],[38.4834,8.198],[38.4837,8.1977],[38.4847,8.1974],[38.4868,8.1967],[38.4868,8.1961],[38.4875,8.1953],[38.4888,8.1943],[38.4923,8.1921],[38.4926,8.1918],[38.494,8.1901],[38.4943,8.1892],[38.4946,8.189],[38.4956,8.1875],[38.497,8.1862],[38.4976,8.1856],[38.4988,8.185],[38.4993,8.1846],[38.5006,8.1832],[38.5014,8.1826],[38.5026,8.182],[38.504,8.1815],[38.5045,8.181],[38.5059,8.1788],[38.5073,8.1775],[38.5084,8.1767],[38.5072,8.1752],[38.5077,8.1737],[38.5086,8.1736],[38.5096,8.1737],[38.51,8.1728],[38.5107,8.1722],[38.5105,8.1718],[38.5105,8.1701],[38.5107,8.1691],[38.5106,8.1677],[38.5103,8.1668],[38.5096,8.1659],[38.5086,8.165],[38.5085,8.1647],[38.508,8.1625],[38.5077,8.1621],[38.5078,8.1609],[38.5088,8.1603],[38.51,8.1595],[38.5104,8.1595],[38.5106,8.1599],[38.5117,8.1585],[38.5121,8.1576],[38.5112,8.156],[38.511,8.1544],[38.5105,8.1523],[38.5109,8.1518],[38.5117,8.1513],[38.5116,8.1506],[38.5114,8.1501],[38.5118,8.1496],[38.5113,8.149],[38.5097,8.1476],[38.5095,8.1467],[38.5086,8.1462],[38.5074,8.1452],[38.5068,8.1435],[38.5066,8.1427],[38.5051,8.1402],[38.5034,8.1413],[38.5031,8.142],[38.5025,8.143],[38.502,8.1441],[38.5017,8.1444],[38.5016,8.1458],[38.5024,8.1465],[38.503,8.1476],[38.5035,8.1483],[38.5036,8.1489],[38.5035,8.1499],[38.5022,8.1527],[38.501,8.1531],[38.5006,8.1534],[38.5003,8.1548],[38.5001,8.1554],[38.4991,8.1564],[38.4985,8.1566],[38.4977,8.1574],[38.4975,8.1577],[38.4974,8.1575],[38.4968,8.1588],[38.4959,8.1596],[38.4944,8.1622],[38.4939,8.1635],[38.4929,8.1646],[38.4924,8.1651],[38.4918,8.1653],[38.4914,8.1657],[38.4912,8.1665],[38.4911,8.1674],[38.4907,8.1688],[38.49,8.17],[38.4896,8.1705],[38.4883,8.171],[38.4874,8.1706],[38.4872,8.1708],[38.4857,8.1708],[38.4851,8.1712],[38.4843,8.1728],[38.4833,8.1733],[38.4826,8.1737],[38.4821,8.1739],[38.4811,8.1739],[38.4807,8.1743],[38.4796,8.1745],[38.4785,8.1756],[38.4776,8.1743],[38.4761,8.1707],[38.4722,8.171],[38.4726,8.1738],[38.4729,8.1749],[38.4728,8.1752],[38.472,8.1755],[38.4706,8.1755],[38.4693,8.1751],[38.4688,8.1747],[38.4686,8.1732],[38.4677,8.1698],[38.4671,8.1677],[38.4652,8.1633],[38.4639,8.1602],[38.4622,8.1574],[38.4607,8.1554],[38.4591,8.1537],[38.4584,8.1523],[38.4577,8.1515],[38.4575,8.1511],[38.4577,8.1505],[38.458,8.15],[38.4577,8.1474],[38.4582,8.1463],[38.4589,8.1455],[38.4592,8.1433],[38.4592,8.1429],[38.4596,8.1422],[38.46,8.1418],[38.4606,8.1414],[38.4609,8.14],[38.4618,8.1389],[38.4619,8.1383],[38.4618,8.1382],[38.4611,8.1361],[38.4608,8.1361],[38.4584,8.1378],[38.4571,8.1384],[38.4567,8.1389],[38.4553,8.1396],[38.4533,8.1405],[38.4479,8.143],[38.4467,8.1434],[38.4451,8.1441],[38.4441,8.1445],[38.4429,8.1443],[38.4397,8.1445],[38.4385,8.1444],[38.4375,8.1446],[38.4367,8.1444],[38.4348,8.1445],[38.4347,8.1435],[38.4343,8.1432],[38.4331,8.1432],[38.4321,8.1429],[38.4316,8.1426],[38.4311,8.1419],[38.431,8.1412],[38.4313,8.1396],[38.4319,8.1385],[38.4324,8.1374],[38.4324,8.1368],[38.4318,8.136],[38.4317,8.1358],[38.4305,8.1338],[38.4302,8.1331],[38.4305,8.1325],[38.4308,8.1323],[38.4314,8.1326],[38.4317,8.1326],[38.4318,8.1317],[38.4323,8.1315],[38.434,8.1312],[38.4347,8.1308],[38.4351,8.1305],[38.4353,8.1297],[38.4348,8.1283],[38.4344,8.1279],[38.4345,8.1275],[38.4341,8.1268],[38.4316,8.1256],[38.4312,8.1252],[38.431,8.1247],[38.4309,8.1237],[38.431,8.1231],[38.4317,8.123],[38.432,8.1223],[38.4329,8.1225],[38.4333,8.1221],[38.434,8.1217],[38.434,8.1208],[38.4342,8.1207],[38.4343,8.12],[38.433,8.1182],[38.4324,8.117],[38.4322,8.116],[38.4316,8.1155],[38.4311,8.114],[38.4307,8.114],[38.4309,8.1136],[38.4319,8.1122],[38.4327,8.1119],[38.4336,8.1111],[38.4342,8.1105],[38.4343,8.11],[38.435,8.1091],[38.4352,8.1066],[38.4352,8.1051],[38.4358,8.1045],[38.4363,8.1044],[38.4369,8.1035],[38.4369,8.1031],[38.4378,8.1027],[38.4382,8.1019],[38.4395,8.1005],[38.4397,8.0995],[38.44,8.0989],[38.4405,8.0971],[38.4408,8.0959],[38.4408,8.0954],[38.4397,8.0946],[38.4395,8.0942],[38.4395,8.0938],[38.4397,8.0927],[38.4394,8.0921],[38.439,8.0916],[38.4393,8.0911],[38.4391,8.0895],[38.4385,8.0875],[38.4374,8.085],[38.4357,8.0861],[38.4357,8.0856],[38.4352,8.0846],[38.4351,8.0836],[38.4348,8.0826],[38.4345,8.0823],[38.4342,8.0818],[38.4306,8.0836],[38.4293,8.0841],[38.4288,8.0813],[38.4282,8.0795],[38.4278,8.0788],[38.4276,8.0777],[38.4274,8.0779],[38.4251,8.0789],[38.4238,8.0798],[38.4232,8.08],[38.4213,8.0807],[38.42,8.0813],[38.4192,8.0818],[38.4175,8.0827],[38.4167,8.0829],[38.4154,8.0835],[38.4136,8.0845],[38.4129,8.085],[38.4121,8.0854],[38.4134,8.0875],[38.4136,8.0879],[38.4128,8.0878],[38.4125,8.0881],[38.4118,8.0892],[38.4112,8.0902],[38.4101,8.0901],[38.4093,8.0903],[38.4088,8.0908],[38.4069,8.0907],[38.4044,8.0896],[38.4043,8.0891],[38.403,8.0881],[38.402,8.0874],[38.4004,8.0867],[38.3983,8.0859],[38.3963,8.086],[38.3959,8.0854],[38.3957,8.0849],[38.3954,8.0844],[38.3943,8.0843],[38.3941,8.0825],[38.3938,8.081],[38.3933,8.0796],[38.3929,8.0788],[38.3925,8.0784],[38.3918,8.0781],[38.3912,8.0786],[38.3902,8.0791],[38.3901,8.0794],[38.3883,8.0805],[38.3847,8.0828],[38.3841,8.0827],[38.3828,8.0823],[38.3824,8.0817],[38.3813,8.0812],[38.3807,8.0802],[38.3801,8.0798],[38.3795,8.0798],[38.3788,8.0801],[38.3782,8.0792],[38.3779,8.0785],[38.3769,8.0776],[38.3764,8.0767],[38.3753,8.077],[38.3732,8.077],[38.3719,8.0762],[38.3686,8.0714],[38.3662,8.0685],[38.3646,8.0665],[38.3619,8.0646],[38.3562,8.0611],[38.3539,8.0603],[38.3513,8.0582],[38.3472,8.056],[38.3436,8.0517],[38.3418,8.052],[38.3397,8.0512],[38.3389,8.0489],[38.3384,8.0494],[38.3381,8.0503],[38.3348,8.0502],[38.3291,8.0511],[38.3251,8.0516],[38.3213,8.0524],[38.3172,8.0534],[38.3142,8.0544],[38.3109,8.0546],[38.3057,8.0554],[38.3017,8.0556],[38.3005,8.0555],[38.2958,8.0558],[38.2941,8.0559],[38.2911,8.0555],[38.2882,8.0554],[38.2849,8.0556],[38.2831,8.0554],[38.2832,8.0565],[38.2833,8.057],[38.2839,8.0577],[38.2851,8.0588],[38.2863,8.0596],[38.2866,8.06],[38.2855,8.0607],[38.285,8.0614],[38.2845,8.0624],[38.2838,8.0631],[38.2828,8.0651],[38.282,8.0664],[38.2813,8.0669],[38.2792,8.0672],[38.2757,8.0678],[38.2746,8.0682],[38.2741,8.0688],[38.2742,8.0692],[38.2738,8.0696],[38.2729,8.0697],[38.2724,8.0696],[38.2711,8.0694],[38.2695,8.0702],[38.2693,8.0707],[38.2693,8.0712],[38.2698,8.0722],[38.27,8.0729],[38.27,8.074],[38.2712,8.0774],[38.2719,8.0801],[38.2725,8.0818],[38.2723,8.0827],[38.2712,8.0828],[38.2697,8.0828],[38.268,8.0829],[38.2667,8.0829],[38.2649,8.0833],[38.2645,8.084],[38.265,8.0843],[38.2667,8.0855],[38.2679,8.0866],[38.2677,8.0873],[38.2668,8.0883],[38.2661,8.0888],[38.2658,8.0895],[38.2652,8.0895],[38.2651,8.09],[38.2657,8.0911],[38.2673,8.0924],[38.2666,8.0982],[38.2664,8.1052],[38.2664,8.1067],[38.269,8.1066],[38.2708,8.1069],[38.2709,8.1074],[38.2709,8.1129],[38.2707,8.1141],[38.2707,8.1162],[38.2709,8.1173],[38.2708,8.1215],[38.2701,8.1217],[38.2686,8.1216],[38.2675,8.1213],[38.2657,8.1203],[38.2646,8.1194],[38.2617,8.1186],[38.2608,8.1185],[38.259,8.1191],[38.2576,8.1194],[38.2556,8.12],[38.2542,8.1202],[38.252,8.1202],[38.2518,8.1217],[38.2519,8.1233],[38.2522,8.1257],[38.2521,8.1262],[38.2527,8.1273],[38.2527,8.1287],[38.2542,8.1313],[38.2551,8.1334],[38.2572,8.1364],[38.258,8.137],[38.2587,8.138],[38.2594,8.1396],[38.2612,8.1421],[38.2631,8.142],[38.2641,8.1418],[38.2654,8.1412],[38.2655,8.1434],[38.2663,8.1453],[38.2672,8.1472],[38.2692,8.1473],[38.2668,8.1491],[38.2669,8.1504],[38.2664,8.1513],[38.2657,8.1531],[38.2665,8.1542],[38.2677,8.1557],[38.2681,8.157],[38.2699,8.1569],[38.273,8.1578],[38.2739,8.1586],[38.2718,8.1597],[38.2721,8.1606],[38.272,8.1609],[38.2734,8.1632],[38.2745,8.1654],[38.2759,8.1662],[38.2773,8.1676],[38.2788,8.1686],[38.2809,8.1686],[38.2833,8.169],[38.2849,8.1699],[38.2844,8.1714],[38.284,8.1724],[38.2839,8.1736],[38.2832,8.1753],[38.2819,8.1785],[38.2821,8.1802],[38.2823,8.182],[38.2829,8.183],[38.2829,8.1839],[38.2826,8.1858],[38.2822,8.1873],[38.2816,8.1889],[38.2819,8.19],[38.2827,8.1916],[38.283,8.1929],[38.2837,8.1951],[38.2828,8.1966],[38.2825,8.1976],[38.2826,8.1986],[38.2829,8.2001],[38.2839,8.2017],[38.2854,8.2031],[38.2865,8.2046],[38.2876,8.2052],[38.2877,8.206],[38.2875,8.2065],[38.2875,8.2072],[38.2886,8.2077],[38.2891,8.2087],[38.2915,8.2094],[38.2923,8.2101],[38.2935,8.2124],[38.2948,8.2123],[38.2961,8.2151],[38.2971,8.2164],[38.2973,8.2177],[38.299,8.219],[38.3077,8.2253],[38.3121,8.2291],[38.315,8.2312],[38.315,8.2326],[38.317,8.2342],[38.3177,8.235],[38.3177,8.2356],[38.3181,8.2359],[38.3185,8.2375],[38.3186,8.2395],[38.3191,8.2407],[38.319,8.2417],[38.3185,8.2435],[38.319,8.2487],[38.3183,8.2524],[38.3196,8.2554],[38.321,8.2561],[38.3224,8.2563],[38.3236,8.2592],[38.3236,8.26],[38.3234,8.2608],[38.3233,8.2623],[38.326,8.267],[38.3262,8.267],[38.3332,8.2586]],[[38.3633,8.1088],[38.3635,8.108],[38.3637,8.1077],[38.365,8.1076],[38.3651,8.1073],[38.3663,8.1067],[38.3683,8.106],[38.3699,8.1057],[38.371,8.1052],[38.3733,8.1047],[38.3739,8.1042],[38.374,8.1032],[38.3743,8.1031],[38.3752,8.1032],[38.3758,8.1029],[38.3765,8.1022],[38.3768,8.1008],[38.3771,8.1005],[38.3779,8.1004],[38.3783,8.0995],[38.3784,8.0985],[38.3785,8.0975],[38.3783,8.0958],[38.3782,8.0943],[38.3796,8.0945],[38.3817,8.0952],[38.384,8.0959],[38.3864,8.0971],[38.3887,8.0977],[38.3905,8.098],[38.3927,8.0987],[38.3931,8.0991],[38.3948,8.1023],[38.3953,8.1037],[38.3964,8.1059],[38.3974,8.108],[38.3981,8.1094],[38.3982,8.1105],[38.3984,8.1113],[38.399,8.1134],[38.3995,8.1141],[38.3998,8.1164],[38.3999,8.1176],[38.4,8.1179],[38.4007,8.1175],[38.4012,8.1171],[38.4018,8.117],[38.4025,8.1166],[38.4034,8.117],[38.404,8.118],[38.4048,8.1199],[38.4056,8.1214],[38.4063,8.1251],[38.4055,8.1269],[38.4041,8.129],[38.4036,8.1287],[38.4034,8.1288],[38.4034,8.1297],[38.4031,8.13],[38.4032,8.1309],[38.4028,8.1318],[38.4021,8.1321],[38.4015,8.1325],[38.4003,8.133],[38.4021,8.134],[38.4004,8.1359],[38.3994,8.1379],[38.399,8.1394],[38.3972,8.143],[38.3967,8.1433],[38.3963,8.1432],[38.3951,8.1436],[38.394,8.1439],[38.3924,8.1429],[38.3909,8.1418],[38.3903,8.1411],[38.3895,8.1399],[38.3892,8.1389],[38.3889,8.1379],[38.3888,8.1363],[38.3883,8.1361],[38.3875,8.136],[38.3861,8.1363],[38.3849,8.1371],[38.3841,8.1381],[38.3838,8.139],[38.3834,8.14],[38.3829,8.14],[38.3823,8.1397],[38.3814,8.1386],[38.3804,8.1379],[38.3787,8.1382],[38.3782,8.1382],[38.378,8.1379],[38.3781,8.137],[38.3779,8.1361],[38.3768,8.1352],[38.376,8.1352],[38.376,8.135],[38.375,8.1352],[38.3735,8.1362],[38.3708,8.1321],[38.3703,8.1313],[38.3692,8.1289],[38.3663,8.125],[38.3649,8.1226],[38.3643,8.1214],[38.365,8.1214],[38.365,8.1203],[38.3647,8.1195],[38.3644,8.1188],[38.3642,8.1151],[38.3637,8.114],[38.3636,8.1134],[38.3629,8.1115],[38.3624,8.1106],[38.3623,8.1096],[38.3624,8.1087],[38.3633,8.1088]]]}},{"type":"Feature","properties":{"id":"LW007","woreda":"Sodo","zone":"East Guraghe","region":"Central Ethiopia","area_km2":553.1,"lat":8.2737,"lon":38.5865},"geometry":{"type":"Polygon","coordinates":[[[38.4325,8.3122],[38.4402,8.3337],[38.4407,8.3353],[38.4478,8.3654],[38.4517,8.385],[38.4616,8.3998],[38.4653,8.4161],[38.4683,8.435],[38.4779,8.4474],[38.5015,8.444],[38.5132,8.4495],[38.5268,8.4576],[38.5481,8.4531],[38.5657,8.4483],[38.5758,8.4449],[38.5842,8.4327],[38.5909,8.426],[38.6043,8.4316],[38.6168,8.4311],[38.6396,8.4121],[38.6545,8.3946],[38.6616,8.376],[38.6672,8.3505],[38.666,8.327],[38.6576,8.3044],[38.651,8.2851],[38.6621,8.2708],[38.6824,8.258],[38.7021,8.2445],[38.7159,8.2312],[38.716,8.2194],[38.6932,8.2034],[38.6822,8.1904],[38.6786,8.1712],[38.6815,8.1485],[38.6845,8.1225],[38.6793,8.0958],[38.6728,8.0899],[38.6666,8.0956],[38.6541,8.1137],[38.6437,8.1248],[38.6351,8.1323],[38.63,8.1441],[38.6238,8.1629],[38.6128,8.1947],[38.6035,8.2229],[38.6007,8.2496],[38.5935,8.2602],[38.5792,8.2636],[38.5607,8.2661],[38.5493,8.2627],[38.5434,8.2492],[38.5264,8.2567],[38.5244,8.2582],[38.5221,8.2596],[38.5179,8.2618],[38.5161,8.2627],[38.5139,8.2635],[38.5119,8.2644],[38.5109,8.2646],[38.5105,8.2641],[38.5101,8.267],[38.5096,8.2688],[38.5083,8.2701],[38.5107,8.2716],[38.5118,8.2725],[38.5146,8.2746],[38.5165,8.2764],[38.5179,8.2785],[38.518,8.2809],[38.5185,8.2818],[38.5192,8.2825],[38.5184,8.2844],[38.5197,8.2865],[38.5197,8.2894],[38.5191,8.2925],[38.5183,8.2945],[38.5176,8.296],[38.5136,8.2973],[38.5087,8.2987],[38.5019,8.2979],[38.4983,8.2973],[38.4886,8.299],[38.4837,8.2994],[38.4832,8.3013],[38.4821,8.3049],[38.4779,8.3077],[38.4728,8.3109],[38.4692,8.3141],[38.4687,8.313],[38.4667,8.3122],[38.4646,8.3094],[38.4629,8.3078],[38.4598,8.3061],[38.4583,8.3042],[38.4561,8.302],[38.4547,8.3003],[38.4533,8.2978],[38.4516,8.2961],[38.4497,8.2956],[38.4472,8.2952],[38.4461,8.2954],[38.4441,8.2966],[38.4423,8.2971],[38.4399,8.2977],[38.4386,8.2977],[38.4409,8.3035],[38.4413,8.3067],[38.4398,8.3071],[38.437,8.3087],[38.4356,8.3094],[38.4343,8.3102],[38.4323,8.3112],[38.4325,8.3122]],[[38.5451,8.3109],[38.5457,8.3098],[38.5464,8.3093],[38.5472,8.3095],[38.5492,8.3106],[38.5521,8.3115],[38.5549,8.3123],[38.5568,8.313],[38.5577,8.3131],[38.5593,8.3129],[38.5598,8.3129],[38.56,8.3137],[38.5596,8.3156],[38.5587,8.3199],[38.5572,8.323],[38.5562,8.3246],[38.5563,8.3255],[38.5568,8.3275],[38.558,8.3301],[38.5581,8.3319],[38.5584,8.3331],[38.5592,8.3348],[38.5603,8.3366],[38.5597,8.3373],[38.5582,8.338],[38.5569,8.339],[38.5561,8.3392],[38.5548,8.3376],[38.5539,8.3359],[38.5527,8.3346],[38.5511,8.3324],[38.5496,8.3308],[38.5486,8.329],[38.5466,8.3262],[38.5456,8.3239],[38.5447,8.3216],[38.5457,8.3199],[38.545,8.3185],[38.5444,8.3164],[38.5444,8.3141],[38.5448,8.3125],[38.5451,8.3109]]]}},{"type":"Feature","properties":{"id":"LW008","woreda":"Abeshege","zone":"Guraghe","region":"Central Ethiopia","area_km2":522.1,"lat":8.3243,"lon":37.6132},"geometry":{"type":"MultiPolygon","coordinates":[[[[37.6787,8.3777],[37.6836,8.3693],[37.6922,8.3536],[37.7045,8.337],[37.717,8.3341],[37.7309,8.3432],[37.748,8.3518],[37.7655,8.3471],[37.7665,8.3465],[37.7658,8.346],[37.7643,8.3463],[37.7633,8.3471],[37.7626,8.3471],[37.7622,8.3468],[37.7621,8.3455],[37.7615,8.345],[37.761,8.3442],[37.7608,8.3434],[37.7604,8.3423],[37.7598,8.3418],[37.7594,8.3411],[37.7595,8.3404],[37.7599,8.3391],[37.7605,8.3389],[37.7612,8.3388],[37.7616,8.3382],[37.7617,8.337],[37.7622,8.3367],[37.7621,8.3359],[37.7616,8.3357],[37.7628,8.3336],[37.7632,8.333],[37.7645,8.3311],[37.765,8.3302],[37.7643,8.3292],[37.7646,8.3285],[37.7651,8.328],[37.7663,8.3262],[37.7661,8.3257],[37.7649,8.3254],[37.7643,8.3257],[37.7637,8.3258],[37.7624,8.3263],[37.7616,8.3263],[37.7611,8.3257],[37.7612,8.3255],[37.7614,8.3243],[37.7617,8.3234],[37.7613,8.3232],[37.761,8.3225],[37.7604,8.3218],[37.7604,8.3213],[37.7606,8.3209],[37.7607,8.32],[37.7601,8.3199],[37.7596,8.3194],[37.7593,8.3182],[37.759,8.3177],[37.759,8.3174],[37.7588,8.3173],[37.7575,8.3155],[37.7572,8.3147],[37.7566,8.3142],[37.7566,8.3141],[37.7544,8.312],[37.7534,8.3118],[37.7532,8.3113],[37.7527,8.3117],[37.7517,8.311],[37.75,8.312],[37.7486,8.3122],[37.7476,8.3126],[37.7462,8.3129],[37.7451,8.3131],[37.7444,8.3131],[37.7442,8.3143],[37.7438,8.3151],[37.7429,8.3155],[37.7417,8.3158],[37.7414,8.3161],[37.7384,8.3161],[37.7373,8.3164],[37.7368,8.3163],[37.7355,8.3165],[37.7347,8.3164],[37.7339,8.3166],[37.7332,8.3164],[37.7328,8.316],[37.7285,8.3137],[37.7278,8.3132],[37.7275,8.3127],[37.726,8.3117],[37.725,8.3113],[37.7239,8.3107],[37.7229,8.31],[37.7229,8.3092],[37.7238,8.3085],[37.7235,8.3084],[37.7238,8.3079],[37.7254,8.3076],[37.7269,8.3069],[37.7278,8.3058],[37.7297,8.3039],[37.7311,8.3025],[37.7328,8.3005],[37.7341,8.2986],[37.7357,8.2963],[37.7385,8.2926],[37.7395,8.29],[37.7393,8.2882],[37.738,8.2864],[37.7358,8.2837],[37.735,8.2813],[37.7347,8.2793],[37.7344,8.2765],[37.7347,8.2749],[37.7385,8.2737],[37.7396,8.2734],[37.7412,8.2711],[37.7414,8.2703],[37.7417,8.2695],[37.7416,8.2682],[37.7411,8.2673],[37.7415,8.2663],[37.7423,8.2647],[37.743,8.2644],[37.7433,8.2634],[37.743,8.2626],[37.7433,8.2619],[37.7441,8.2612],[37.7447,8.2608],[37.745,8.2603],[37.7455,8.2601],[37.7463,8.2594],[37.7464,8.2586],[37.7468,8.2576],[37.7479,8.2573],[37.7487,8.256],[37.75,8.2529],[37.7504,8.2515],[37.7505,8.2509],[37.7496,8.2492],[37.7492,8.2481],[37.7493,8.2471],[37.7499,8.2459],[37.7525,8.2437],[37.7521,8.2433],[37.7508,8.2427],[37.7482,8.2419],[37.7468,8.2415],[37.745,8.241],[37.7416,8.24],[37.7402,8.2396],[37.7393,8.2385],[37.7386,8.2377],[37.7374,8.2359],[37.737,8.2354],[37.736,8.2348],[37.7346,8.2345],[37.7332,8.234],[37.7325,8.2342],[37.732,8.2349],[37.7313,8.2363],[37.7307,8.2372],[37.7301,8.2376],[37.7292,8.2377],[37.7278,8.2375],[37.7263,8.2374],[37.7254,8.2375],[37.7239,8.2378],[37.7223,8.2383],[37.7217,8.2387],[37.7208,8.24],[37.7202,8.2407],[37.7189,8.2416],[37.7181,8.2418],[37.7176,8.2417],[37.7166,8.2409],[37.7154,8.2406],[37.7144,8.2403],[37.7136,8.2403],[37.7121,8.2408],[37.711,8.241],[37.7095,8.2416],[37.7088,8.2419],[37.7082,8.2423],[37.7079,8.2429],[37.7076,8.2442],[37.7071,8.2449],[37.7063,8.2454],[37.705,8.2454],[37.7043,8.2457],[37.7037,8.2464],[37.7033,8.247],[37.7026,8.2476],[37.7017,8.2481],[37.6996,8.2498],[37.6988,8.2502],[37.6978,8.2503],[37.6973,8.2503],[37.6964,8.2501],[37.6958,8.2498],[37.6941,8.2478],[37.6938,8.2476],[37.6929,8.2475],[37.6922,8.2471],[37.6916,8.2465],[37.6911,8.2463],[37.6901,8.2463],[37.6893,8.2466],[37.6877,8.2464],[37.6861,8.2458],[37.6855,8.2452],[37.685,8.2445],[37.6845,8.2434],[37.6835,8.242],[37.6828,8.2412],[37.6814,8.2402],[37.6808,8.2402],[37.6802,8.2399],[37.6792,8.2391],[37.6782,8.2372],[37.6771,8.236],[37.6763,8.2356],[37.6758,8.2353],[37.6754,8.2352],[37.6738,8.2347],[37.6731,8.2346],[37.6714,8.2348],[37.6705,8.2342],[37.6701,8.2336],[37.6689,8.233],[37.6683,8.2329],[37.6662,8.2329],[37.6643,8.2336],[37.6634,8.2338],[37.6621,8.2338],[37.6589,8.2335],[37.6573,8.2332],[37.6559,8.2328],[37.6538,8.2321],[37.6527,8.2317],[37.6516,8.2308],[37.6503,8.2302],[37.6495,8.2301],[37.6482,8.2295],[37.6472,8.229],[37.6455,8.2272],[37.6447,8.2265],[37.6438,8.2259],[37.6427,8.2253],[37.6417,8.2249],[37.6401,8.225],[37.6388,8.2257],[37.638,8.2265],[37.6375,8.2274],[37.6367,8.2283],[37.636,8.2287],[37.6352,8.229],[37.6341,8.2289],[37.6329,8.2283],[37.6324,8.2275],[37.6318,8.2268],[37.6314,8.2262],[37.6311,8.226],[37.6304,8.2267],[37.6298,8.227],[37.6281,8.2272],[37.6264,8.227],[37.6251,8.2268],[37.6239,8.2261],[37.6223,8.2244],[37.621,8.2238],[37.6198,8.2238],[37.6187,8.2242],[37.618,8.2247],[37.6177,8.224],[37.6162,8.2267],[37.6151,8.2276],[37.6142,8.2281],[37.6134,8.2283],[37.612,8.2283],[37.6096,8.2279],[37.6079,8.2281],[37.6067,8.2286],[37.6058,8.2292],[37.6053,8.2312],[37.6044,8.2321],[37.6039,8.2325],[37.603,8.2336],[37.6022,8.2345],[37.6018,8.2346],[37.6008,8.2345],[37.599,8.2327],[37.5975,8.2316],[37.5967,8.2306],[37.5958,8.23],[37.5947,8.2303],[37.5937,8.231],[37.5933,8.2321],[37.5916,8.2323],[37.5909,8.2325],[37.5905,8.2332],[37.5895,8.2335],[37.5889,8.2343],[37.5879,8.2351],[37.5834,8.2335],[37.5824,8.2329],[37.5804,8.2322],[37.5788,8.2321],[37.5776,8.2321],[37.5761,8.2326],[37.5734,8.2347],[37.572,8.2354],[37.5707,8.237],[37.5694,8.2383],[37.5685,8.2393],[37.568,8.2398],[37.5669,8.2402],[37.5647,8.2399],[37.5624,8.2395],[37.5612,8.2396],[37.5595,8.2411],[37.5578,8.2427],[37.5567,8.2438],[37.5557,8.2445],[37.5543,8.2451],[37.5531,8.2451],[37.5521,8.2449],[37.5516,8.2446],[37.5503,8.2445],[37.5496,8.2449],[37.5489,8.2457],[37.5484,8.2482],[37.5477,8.2496],[37.5463,8.2502],[37.5444,8.2502],[37.5428,8.2499],[37.5416,8.2502],[37.5409,8.2498],[37.5402,8.2496],[37.5391,8.2502],[37.538,8.2514],[37.537,8.2531],[37.5365,8.2551],[37.5362,8.2559],[37.5357,8.2575],[37.5355,8.2584],[37.5351,8.259],[37.5342,8.259],[37.5333,8.2605],[37.533,8.2618],[37.5323,8.2634],[37.5317,8.264],[37.5309,8.2646],[37.5302,8.2654],[37.5291,8.2658],[37.5277,8.2658],[37.5272,8.266],[37.5263,8.2654],[37.5256,8.2649],[37.5246,8.2634],[37.5233,8.2618],[37.521,8.2608],[37.5186,8.2602],[37.5165,8.2593],[37.515,8.2584],[37.5121,8.2573],[37.5102,8.2562],[37.5063,8.2544],[37.5044,8.2547],[37.5015,8.2552],[37.4999,8.2557],[37.499,8.2559],[37.4937,8.2563],[37.4933,8.2556],[37.4901,8.2556],[37.4895,8.2565],[37.4892,8.2579],[37.4879,8.2587],[37.4855,8.2583],[37.4837,8.258],[37.4829,8.2581],[37.4809,8.2586],[37.472,8.2661],[37.4641,8.2824],[37.4626,8.3059],[37.4662,8.3313],[37.4714,8.3507],[37.4858,8.3798],[37.4986,8.4036],[37.5122,8.417],[37.5349,8.4236],[37.558,8.4255],[37.5761,8.4141],[37.5873,8.3897],[37.598,8.3653],[37.612,8.3541],[37.6307,8.3646],[37.6661,8.3835],[37.6763,8.3788],[37.6787,8.3777]]],[[[37.8343,8.2525],[37.8332,8.2521],[37.8326,8.2516],[37.8318,8.2512],[37.8304,8.2514],[37.8297,8.252],[37.8291,8.2526],[37.8287,8.2532],[37.8287,8.2535],[37.8291,8.2546],[37.829,8.2563],[37.8284,8.2577],[37.8272,8.2594],[37.8267,8.2598],[37.8256,8.2598],[37.8232,8.2584],[37.8222,8.2573],[37.8214,8.2566],[37.8207,8.2558],[37.8202,8.2554],[37.8196,8.2544],[37.8196,8.2537],[37.8194,8.2525],[37.8189,8.2504],[37.8186,8.2497],[37.8178,8.2486],[37.8167,8.2481],[37.8162,8.2482],[37.8158,8.2488],[37.8156,8.2497],[37.8152,8.2506],[37.815,8.2512],[37.8149,8.2521],[37.815,8.253],[37.8154,8.2542],[37.8167,8.2557],[37.8174,8.2573],[37.8173,8.2577],[37.8168,8.2582],[37.8163,8.2586],[37.8136,8.2592],[37.8126,8.2593],[37.8116,8.2593],[37.8106,8.2592],[37.8088,8.2581],[37.8082,8.2576],[37.8079,8.257],[37.8076,8.2561],[37.8078,8.2556],[37.8075,8.2547],[37.8078,8.2536],[37.8085,8.2521],[37.8093,8.2507],[37.8093,8.2499],[37.8088,8.249],[37.8083,8.2486],[37.8076,8.2483],[37.8068,8.2482],[37.8054,8.2483],[37.8026,8.2487],[37.8012,8.2491],[37.8,8.2488],[37.7994,8.2483],[37.7993,8.2474],[37.7989,8.2465],[37.7985,8.2459],[37.7979,8.2454],[37.7969,8.2453],[37.7958,8.2455],[37.7944,8.2467],[37.7926,8.2475],[37.7914,8.2476],[37.7906,8.2473],[37.7896,8.2466],[37.7883,8.2462],[37.7868,8.246],[37.7851,8.2454],[37.7839,8.2452],[37.7826,8.2449],[37.7802,8.2448],[37.7799,8.245],[37.7785,8.2466],[37.7781,8.2475],[37.7773,8.2506],[37.7769,8.2533],[37.7761,8.2541],[37.7747,8.2548],[37.7738,8.2549],[37.773,8.2559],[37.7732,8.257],[37.7734,8.2577],[37.7736,8.2586],[37.7735,8.2591],[37.7736,8.2597],[37.7741,8.2604],[37.7743,8.2618],[37.7748,8.2629],[37.7754,8.2633],[37.7752,8.2648],[37.7754,8.266],[37.7749,8.2668],[37.7747,8.2675],[37.7753,8.268],[37.7753,8.2695],[37.7755,8.2701],[37.7753,8.2713],[37.7755,8.2724],[37.7757,8.2728],[37.7781,8.2711],[37.7791,8.2718],[37.7802,8.2732],[37.7808,8.2741],[37.7815,8.2747],[37.7823,8.2749],[37.7833,8.2744],[37.7849,8.2739],[37.7865,8.2736],[37.7876,8.2735],[37.788,8.2733],[37.7888,8.2738],[37.7903,8.2754],[37.7914,8.2768],[37.7911,8.2782],[37.7921,8.2785],[37.7953,8.279],[37.7957,8.2795],[37.796,8.2803],[37.7962,8.2815],[37.7967,8.2828],[37.7972,8.2843],[37.8004,8.2833],[37.8016,8.283],[37.8031,8.2828],[37.8042,8.2828],[37.8045,8.2831],[37.8055,8.2846],[37.806,8.2861],[37.8065,8.2876],[37.8073,8.2894],[37.81,8.2879],[37.8126,8.2861],[37.8137,8.286],[37.8152,8.2865],[37.8161,8.2872],[37.8165,8.2887],[37.8163,8.2898],[37.8163,8.2954],[37.8181,8.2954],[37.8206,8.297],[37.8209,8.3002],[37.8221,8.304],[37.8226,8.3058],[37.8242,8.3079],[37.8272,8.3109],[37.829,8.3119],[37.8315,8.3132],[37.8339,8.3142],[37.8386,8.3159],[37.8401,8.3162],[37.8417,8.3163],[37.8435,8.3162],[37.8454,8.3156],[37.8464,8.3157],[37.8473,8.3164],[37.8481,8.3163],[37.8497,8.3165],[37.8518,8.3169],[37.853,8.3175],[37.8561,8.3175],[37.8568,8.3173],[37.8576,8.3172],[37.8585,8.3173],[37.859,8.3167],[37.8598,8.3168],[37.8614,8.3173],[37.8621,8.3177],[37.8634,8.3184],[37.8645,8.3189],[37.8651,8.3194],[37.8656,8.3195],[37.8663,8.32],[37.8669,8.3201],[37.8675,8.3208],[37.8682,8.3209],[37.8689,8.3197],[37.87,8.3189],[37.8705,8.3183],[37.8712,8.318],[37.8729,8.3156],[37.8748,8.3145],[37.877,8.3143],[37.8793,8.3143],[37.8814,8.3108],[37.8825,8.3088],[37.8845,8.3063],[37.8863,8.3035],[37.8838,8.3003],[37.8802,8.2974],[37.8759,8.2931],[37.8749,8.291],[37.8741,8.2887],[37.8735,8.2867],[37.8736,8.2865],[37.8729,8.2859],[37.8725,8.2849],[37.8726,8.2837],[37.8725,8.2831],[37.872,8.2829],[37.8718,8.2823],[37.8718,8.2819],[37.8714,8.2814],[37.8708,8.2812],[37.87,8.281],[37.8689,8.2804],[37.8681,8.2803],[37.8672,8.2805],[37.8666,8.2803],[37.866,8.2806],[37.8654,8.28],[37.8646,8.2789],[37.8642,8.2776],[37.8642,8.2766],[37.8643,8.2755],[37.8648,8.2745],[37.862,8.2725],[37.8609,8.2718],[37.8588,8.2699],[37.8582,8.2697],[37.8579,8.2698],[37.8562,8.2697],[37.8538,8.2693],[37.8529,8.2688],[37.8521,8.2675],[37.8509,8.2658],[37.8501,8.265],[37.8465,8.2625],[37.845,8.2621],[37.844,8.2615],[37.8436,8.2609],[37.8429,8.2591],[37.842,8.2582],[37.841,8.2569],[37.8375,8.2535],[37.8364,8.2529],[37.8359,8.2524],[37.8357,8.2533],[37.8343,8.2525]]]]}},{"type":"Feature","properties":{"id":"LW009","woreda":"Endiguagn","zone":"Guraghe","region":"Central Ethiopia","area_km2":151.2,"lat":7.8184,"lon":37.8751},"geometry":{"type":"Polygon","coordinates":[[[37.9049,7.859],[37.9084,7.859],[37.9113,7.8584],[37.9132,7.8589],[37.9151,7.8602],[37.9169,7.8599],[37.9173,7.8596],[37.9171,7.8583],[37.9164,7.8569],[37.9153,7.8547],[37.9152,7.8538],[37.9154,7.8529],[37.9166,7.852],[37.9167,7.8501],[37.9173,7.8492],[37.9187,7.8467],[37.9192,7.8454],[37.9196,7.8448],[37.9203,7.8432],[37.9207,7.8429],[37.9218,7.841],[37.9224,7.8405],[37.9218,7.84],[37.9223,7.8375],[37.9227,7.8365],[37.9225,7.8354],[37.9219,7.8328],[37.9223,7.832],[37.9236,7.8307],[37.9256,7.8297],[37.9264,7.8297],[37.9273,7.8294],[37.9286,7.8295],[37.9294,7.8292],[37.9295,7.8288],[37.9293,7.827],[37.9306,7.8269],[37.9313,7.8268],[37.9322,7.8267],[37.933,7.8263],[37.9338,7.8249],[37.9341,7.8237],[37.9354,7.8226],[37.9363,7.8227],[37.9379,7.822],[37.9376,7.8196],[37.9374,7.8181],[37.9384,7.8163],[37.9395,7.815],[37.9394,7.8147],[37.9385,7.8138],[37.9382,7.8116],[37.9369,7.8087],[37.9358,7.8067],[37.9346,7.804],[37.9341,7.8034],[37.9329,7.8027],[37.9319,7.8023],[37.9293,7.8037],[37.9274,7.8033],[37.9263,7.8029],[37.9252,7.8023],[37.924,7.8009],[37.9236,7.8013],[37.9229,7.8013],[37.9224,7.7998],[37.9222,7.7984],[37.9221,7.7983],[37.9229,7.7977],[37.9228,7.7973],[37.9216,7.7963],[37.9194,7.7961],[37.9185,7.7963],[37.9172,7.7959],[37.9163,7.7955],[37.916,7.7943],[37.9167,7.7918],[37.9159,7.7878],[37.9155,7.7867],[37.9164,7.7838],[37.9172,7.7832],[37.918,7.7821],[37.918,7.7818],[37.9192,7.7799],[37.919,7.7789],[37.9174,7.7777],[37.9169,7.7774],[37.9164,7.7781],[37.9164,7.7789],[37.9161,7.7788],[37.9158,7.7785],[37.9151,7.7781],[37.9118,7.7789],[37.9106,7.779],[37.9096,7.7793],[37.909,7.7793],[37.9088,7.7797],[37.9083,7.7795],[37.907,7.779],[37.9065,7.779],[37.9063,7.7793],[37.9056,7.7791],[37.905,7.7794],[37.9047,7.7803],[37.9044,7.781],[37.9039,7.7822],[37.9036,7.7832],[37.9035,7.784],[37.9028,7.7854],[37.9022,7.7858],[37.9017,7.786],[37.9008,7.7866],[37.9002,7.7877],[37.8998,7.788],[37.8994,7.7878],[37.899,7.7872],[37.8985,7.7875],[37.898,7.788],[37.8974,7.7883],[37.8968,7.7895],[37.8963,7.7899],[37.8953,7.79],[37.8945,7.7905],[37.8936,7.7903],[37.893,7.7896],[37.892,7.7886],[37.8914,7.7879],[37.8907,7.7873],[37.891,7.7817],[37.8911,7.7811],[37.8916,7.7802],[37.8926,7.7789],[37.8925,7.778],[37.8928,7.7768],[37.8932,7.776],[37.8939,7.7758],[37.8947,7.7752],[37.8955,7.7745],[37.8958,7.7743],[37.8961,7.7731],[37.8965,7.7721],[37.8969,7.7686],[37.897,7.7647],[37.8966,7.7632],[37.8965,7.761],[37.8963,7.7599],[37.8969,7.7595],[37.8971,7.7583],[37.8969,7.7582],[37.8951,7.7585],[37.8935,7.7582],[37.892,7.7577],[37.8916,7.7574],[37.8909,7.7541],[37.8894,7.753],[37.8893,7.7529],[37.8876,7.7515],[37.8855,7.7504],[37.8829,7.7484],[37.8818,7.7474],[37.8809,7.7471],[37.8781,7.7465],[37.8777,7.7452],[37.8767,7.7445],[37.8761,7.7432],[37.8746,7.7429],[37.873,7.7431],[37.8726,7.7437],[37.8719,7.745],[37.871,7.7464],[37.8701,7.747],[37.8694,7.7474],[37.869,7.7489],[37.8684,7.7502],[37.8677,7.7515],[37.867,7.7514],[37.8666,7.7522],[37.866,7.7529],[37.8653,7.7534],[37.8638,7.7551],[37.8632,7.7555],[37.8621,7.756],[37.8616,7.7565],[37.8607,7.7572],[37.8596,7.7578],[37.859,7.7579],[37.8578,7.7595],[37.8568,7.7608],[37.8558,7.7628],[37.8547,7.7642],[37.8537,7.7653],[37.8552,7.767],[37.8553,7.7679],[37.8555,7.7686],[37.8552,7.7691],[37.8538,7.7702],[37.8531,7.7704],[37.8527,7.7709],[37.8513,7.7715],[37.8503,7.7729],[37.8494,7.7759],[37.8493,7.7774],[37.8481,7.778],[37.8472,7.7781],[37.8467,7.7785],[37.8461,7.7786],[37.8455,7.7797],[37.8449,7.7798],[37.8446,7.78],[37.8428,7.7808],[37.8419,7.7815],[37.8409,7.7822],[37.8397,7.7834],[37.8391,7.7841],[37.8389,7.7862],[37.8388,7.7867],[37.8381,7.788],[37.8378,7.7884],[37.837,7.7888],[37.836,7.7895],[37.8353,7.7902],[37.8341,7.7911],[37.8322,7.7928],[37.8316,7.7931],[37.8314,7.7939],[37.8311,7.7935],[37.8303,7.7941],[37.8291,7.7943],[37.8283,7.7943],[37.827,7.7946],[37.8259,7.7949],[37.8254,7.7952],[37.8232,7.7976],[37.8227,7.7983],[37.822,7.7998],[37.821,7.8014],[37.8205,7.8029],[37.8199,7.8053],[37.8198,7.8064],[37.8195,7.808],[37.8189,7.809],[37.8186,7.8101],[37.817,7.8124],[37.8164,7.8136],[37.8159,7.8139],[37.8144,7.8152],[37.8135,7.8164],[37.8131,7.8176],[37.8119,7.8193],[37.8113,7.8191],[37.8103,7.8183],[37.8092,7.8181],[37.8084,7.8181],[37.8061,7.8197],[37.8055,7.8205],[37.8048,7.8213],[37.804,7.8226],[37.8032,7.8229],[37.8027,7.8229],[37.802,7.8231],[37.8009,7.8236],[37.7997,7.8245],[37.7995,7.8247],[37.799,7.825],[37.798,7.826],[37.7968,7.8275],[37.7964,7.8285],[37.7964,7.8287],[37.796,7.8298],[37.7954,7.8304],[37.7947,7.8307],[37.7939,7.8309],[37.7921,7.8318],[37.7903,7.8333],[37.7886,7.8337],[37.7876,7.8339],[37.7867,7.8341],[37.7855,7.8343],[37.785,7.8346],[37.7848,7.8355],[37.7838,7.8362],[37.7828,7.8366],[37.782,7.8368],[37.7804,7.8363],[37.7781,7.8362],[37.777,7.8363],[37.7755,7.8359],[37.7739,7.8358],[37.7732,7.8365],[37.7729,7.8375],[37.7728,7.8384],[37.7721,7.8396],[37.7707,7.8415],[37.7708,7.8427],[37.7705,7.8446],[37.7702,7.845],[37.7699,7.8461],[37.7712,7.8456],[37.7733,7.8454],[37.775,7.8448],[37.7758,7.8449],[37.776,7.8457],[37.7763,7.846],[37.7758,7.8475],[37.7747,7.8491],[37.7727,7.8512],[37.7718,7.8518],[37.7712,7.8525],[37.7706,7.8528],[37.77,7.8534],[37.7701,7.854],[37.7707,7.8538],[37.7712,7.8539],[37.7719,7.8538],[37.7733,7.8539],[37.7747,7.8539],[37.7771,7.8532],[37.7782,7.8532],[37.7789,7.8537],[37.7791,7.8545],[37.7794,7.8548],[37.779,7.8556],[37.7779,7.8565],[37.7769,7.8576],[37.7774,7.8583],[37.7774,7.8587],[37.777,7.8596],[37.7763,7.8602],[37.7756,7.8614],[37.7755,7.8628],[37.7753,7.8635],[37.7747,7.8641],[37.7735,7.865],[37.7723,7.8653],[37.7712,7.8652],[37.7711,7.867],[37.7715,7.8696],[37.7724,7.8721],[37.7727,7.873],[37.7728,7.8729],[37.7738,7.8746],[37.7749,7.8762],[37.7755,7.8772],[37.7757,7.8782],[37.7751,7.8793],[37.773,7.8808],[37.7726,7.8817],[37.7724,7.8827],[37.7727,7.8832],[37.7717,7.885],[37.7703,7.8859],[37.7687,7.8866],[37.7674,7.8869],[37.765,7.8873],[37.7642,7.8876],[37.7639,7.8881],[37.7643,7.8891],[37.7656,7.8905],[37.7676,7.8912],[37.7687,7.8922],[37.7689,7.8928],[37.7697,7.8924],[37.7709,7.8927],[37.7719,7.8929],[37.7726,7.8935],[37.7735,7.8936],[37.7757,7.8934],[37.7765,7.8932],[37.7767,7.8934],[37.7784,7.8927],[37.7794,7.8916],[37.7802,7.8911],[37.7813,7.8915],[37.782,7.8919],[37.783,7.8914],[37.7841,7.8901],[37.7842,7.8889],[37.7848,7.888],[37.7859,7.8874],[37.7873,7.8869],[37.7894,7.8867],[37.7902,7.8874],[37.7902,7.8882],[37.7918,7.8888],[37.7921,7.8896],[37.7927,7.8902],[37.7934,7.8898],[37.7942,7.8893],[37.7958,7.8894],[37.7975,7.8892],[37.7982,7.889],[37.7986,7.8882],[37.7994,7.8874],[37.8001,7.887],[37.8013,7.8862],[37.8035,7.8847],[37.8048,7.8842],[37.8053,7.8836],[37.8055,7.882],[37.8061,7.8815],[37.8065,7.8808],[37.8065,7.8804],[37.8068,7.8791],[37.808,7.8775],[37.8088,7.877],[37.8095,7.8758],[37.8105,7.8757],[37.811,7.8759],[37.812,7.8758],[37.8127,7.8755],[37.8129,7.8748],[37.8133,7.8744],[37.8148,7.8742],[37.816,7.8745],[37.8177,7.8746],[37.819,7.8759],[37.82,7.8765],[37.8208,7.8765],[37.8219,7.8757],[37.8231,7.8729],[37.8241,7.8719],[37.825,7.8714],[37.8258,7.8712],[37.8276,7.871],[37.8283,7.8714],[37.829,7.8721],[37.8296,7.8731],[37.8302,7.8733],[37.8313,7.8728],[37.8314,7.8722],[37.8326,7.8714],[37.8343,7.8714],[37.8364,7.8706],[37.8381,7.8701],[37.8388,7.8698],[37.8396,7.8693],[37.8399,7.8689],[37.8404,7.8688],[37.8413,7.8683],[37.8432,7.867],[37.8453,7.8658],[37.8465,7.867],[37.8471,7.8672],[37.8475,7.867],[37.8478,7.8665],[37.8492,7.8667],[37.8498,7.8666],[37.85,7.8663],[37.8509,7.8654],[37.8517,7.8651],[37.8547,7.8648],[37.856,7.8648],[37.8571,7.8645],[37.8579,7.8645],[37.8603,7.8639],[37.8619,7.8639],[37.863,7.8638],[37.8633,7.8641],[37.8631,7.865],[37.8627,7.866],[37.8622,7.8667],[37.8616,7.8676],[37.861,7.8683],[37.8596,7.8692],[37.8587,7.8705],[37.8588,7.8718],[37.8589,7.8727],[37.8604,7.8726],[37.8617,7.8709],[37.8626,7.8703],[37.8639,7.8702],[37.865,7.8696],[37.8656,7.8695],[37.8663,7.869],[37.8665,7.8676],[37.8672,7.8662],[37.8677,7.8654],[37.8679,7.8653],[37.8687,7.8643],[37.8695,7.8652],[37.8696,7.8657],[37.87,7.8659],[37.8733,7.8653],[37.8751,7.8654],[37.8762,7.8656],[37.8764,7.8655],[37.8769,7.8643],[37.8764,7.8623],[37.8773,7.8615],[37.8798,7.8601],[37.8814,7.8595],[37.8813,7.858],[37.8812,7.8571],[37.8824,7.8568],[37.8831,7.8567],[37.8836,7.8564],[37.8854,7.8571],[37.8868,7.8578],[37.8884,7.8582],[37.8899,7.8585],[37.8932,7.8596],[37.8938,7.859],[37.8936,7.8574],[37.8923,7.8547],[37.8935,7.8547],[37.8949,7.8554],[37.8965,7.8566],[37.8993,7.8585],[37.9006,7.8592],[37.9003,7.8605],[37.9013,7.861],[37.9049,7.859]]]}},{"type":"Feature","properties":{"id":"LW010","woreda":"Enor Ener","zone":"Guraghe","region":"Central Ethiopia","area_km2":334.2,"lat":7.9293,"lon":37.7275},"geometry":{"type":"Polygon","coordinates":[[[37.9109,7.89],[37.9107,7.8881],[37.9103,7.8871],[37.9099,7.8854],[37.9098,7.8845],[37.9103,7.8825],[37.9105,7.8812],[37.9105,7.8794],[37.9103,7.878],[37.9098,7.8767],[37.9107,7.8754],[37.9103,7.8749],[37.9092,7.8741],[37.9091,7.8732],[37.9092,7.8719],[37.9095,7.8704],[37.9093,7.8683],[37.9089,7.8669],[37.9083,7.8661],[37.9081,7.8667],[37.907,7.8681],[37.9061,7.8678],[37.9051,7.8682],[37.9042,7.8683],[37.9035,7.8683],[37.9027,7.8688],[37.9026,7.8686],[37.9027,7.8675],[37.9029,7.867],[37.9029,7.8655],[37.9025,7.8636],[37.9017,7.8622],[37.9013,7.861],[37.9003,7.8605],[37.9006,7.8592],[37.8993,7.8585],[37.8965,7.8566],[37.8949,7.8554],[37.8935,7.8547],[37.8923,7.8547],[37.8936,7.8574],[37.8938,7.859],[37.8932,7.8596],[37.8899,7.8585],[37.8884,7.8582],[37.8868,7.8578],[37.8854,7.8571],[37.8836,7.8564],[37.8831,7.8567],[37.8824,7.8568],[37.8812,7.8571],[37.8813,7.858],[37.8814,7.8595],[37.8798,7.8601],[37.8773,7.8615],[37.8764,7.8623],[37.8769,7.8643],[37.8764,7.8655],[37.8762,7.8656],[37.8751,7.8654],[37.8733,7.8653],[37.87,7.8659],[37.8696,7.8657],[37.8695,7.8652],[37.8687,7.8643],[37.8679,7.8653],[37.8677,7.8654],[37.8672,7.8662],[37.8665,7.8676],[37.8663,7.869],[37.8656,7.8695],[37.865,7.8696],[37.8639,7.8702],[37.8626,7.8703],[37.8617,7.8709],[37.8604,7.8726],[37.8589,7.8727],[37.8588,7.8718],[37.8587,7.8705],[37.8596,7.8692],[37.861,7.8683],[37.8616,7.8676],[37.8622,7.8667],[37.8627,7.866],[37.8631,7.865],[37.8633,7.8641],[37.863,7.8638],[37.8619,7.8639],[37.8603,7.8639],[37.8579,7.8645],[37.8571,7.8645],[37.856,7.8648],[37.8547,7.8648],[37.8517,7.8651],[37.8509,7.8654],[37.85,7.8663],[37.8498,7.8666],[37.8492,7.8667],[37.8478,7.8665],[37.8475,7.867],[37.8471,7.8672],[37.8465,7.867],[37.8453,7.8658],[37.8432,7.867],[37.8413,7.8683],[37.8404,7.8688],[37.8399,7.8689],[37.8396,7.8693],[37.8388,7.8698],[37.8381,7.8701],[37.8364,7.8706],[37.8343,7.8714],[37.8326,7.8714],[37.8314,7.8722],[37.8313,7.8728],[37.8302,7.8733],[37.8296,7.8731],[37.829,7.8721],[37.8283,7.8714],[37.8276,7.871],[37.8258,7.8712],[37.825,7.8714],[37.8241,7.8719],[37.8231,7.8729],[37.8219,7.8757],[37.8208,7.8765],[37.82,7.8765],[37.819,7.8759],[37.8177,7.8746],[37.816,7.8745],[37.8148,7.8742],[37.8133,7.8744],[37.8129,7.8748],[37.8127,7.8755],[37.812,7.8758],[37.811,7.8759],[37.8105,7.8757],[37.8095,7.8758],[37.8088,7.877],[37.808,7.8775],[37.8068,7.8791],[37.8065,7.8804],[37.8065,7.8808],[37.8061,7.8815],[37.8055,7.882],[37.8053,7.8836],[37.8048,7.8842],[37.8035,7.8847],[37.8013,7.8862],[37.8001,7.887],[37.7994,7.8874],[37.7986,7.8882],[37.7982,7.889],[37.7975,7.8892],[37.7958,7.8894],[37.7942,7.8893],[37.7934,7.8898],[37.7927,7.8902],[37.7921,7.8896],[37.7918,7.8888],[37.7902,7.8882],[37.7902,7.8874],[37.7894,7.8867],[37.7873,7.8869],[37.7859,7.8874],[37.7848,7.888],[37.7842,7.8889],[37.7841,7.8901],[37.783,7.8914],[37.782,7.8919],[37.7813,7.8915],[37.7802,7.8911],[37.7794,7.8916],[37.7784,7.8927],[37.7767,7.8934],[37.7765,7.8932],[37.7757,7.8934],[37.7735,7.8936],[37.7726,7.8935],[37.7719,7.8929],[37.7709,7.8927],[37.7697,7.8924],[37.7689,7.8928],[37.7687,7.8922],[37.7676,7.8912],[37.7656,7.8905],[37.7643,7.8891],[37.7639,7.8881],[37.7642,7.8876],[37.765,7.8873],[37.7674,7.8869],[37.7687,7.8866],[37.7703,7.8859],[37.7717,7.885],[37.7727,7.8832],[37.7724,7.8827],[37.7726,7.8817],[37.773,7.8808],[37.7751,7.8793],[37.7757,7.8782],[37.7755,7.8772],[37.7749,7.8762],[37.7738,7.8746],[37.7728,7.8729],[37.7727,7.873],[37.7724,7.8721],[37.7715,7.8696],[37.7711,7.867],[37.7712,7.8652],[37.7723,7.8653],[37.7735,7.865],[37.7747,7.8641],[37.7753,7.8635],[37.7755,7.8628],[37.7756,7.8614],[37.7763,7.8602],[37.777,7.8596],[37.7774,7.8587],[37.7774,7.8583],[37.7769,7.8576],[37.7779,7.8565],[37.779,7.8556],[37.7794,7.8548],[37.7791,7.8545],[37.7789,7.8537],[37.7782,7.8532],[37.7771,7.8532],[37.7747,7.8539],[37.7733,7.8539],[37.7719,7.8538],[37.7712,7.8539],[37.7707,7.8538],[37.7701,7.854],[37.77,7.8534],[37.7706,7.8528],[37.7712,7.8525],[37.7718,7.8518],[37.7727,7.8512],[37.7747,7.8491],[37.7758,7.8475],[37.7763,7.846],[37.776,7.8457],[37.7758,7.8449],[37.775,7.8448],[37.7733,7.8454],[37.7712,7.8456],[37.7699,7.8461],[37.7688,7.8462],[37.7679,7.8459],[37.7673,7.8459],[37.7669,7.8461],[37.7663,7.8462],[37.7657,7.8466],[37.7648,7.8469],[37.7641,7.8473],[37.7635,7.8479],[37.7628,7.8481],[37.7607,7.8474],[37.7602,7.8474],[37.7595,7.8473],[37.7583,7.8474],[37.7578,7.8473],[37.7561,7.8476],[37.7553,7.8479],[37.7547,7.8479],[37.7538,7.8477],[37.753,7.8481],[37.7519,7.8483],[37.7499,7.849],[37.7471,7.8486],[37.7454,7.8491],[37.7444,7.8499],[37.7438,7.8499],[37.7431,7.8495],[37.7422,7.8496],[37.7405,7.8499],[37.7389,7.8495],[37.7383,7.849],[37.7377,7.8483],[37.7366,7.8481],[37.7357,7.8479],[37.7347,7.8479],[37.7325,7.8483],[37.7316,7.848],[37.7294,7.8483],[37.7277,7.8494],[37.7262,7.85],[37.7245,7.8504],[37.7231,7.8503],[37.7223,7.8498],[37.7221,7.8497],[37.7215,7.8499],[37.7205,7.8498],[37.7201,7.8507],[37.7203,7.8521],[37.7208,7.8537],[37.7213,7.8549],[37.7215,7.8561],[37.722,7.8586],[37.7221,7.8594],[37.7234,7.8618],[37.7233,7.8625],[37.7193,7.8632],[37.7183,7.8642],[37.7179,7.8659],[37.7179,7.868],[37.7176,7.8706],[37.7175,7.8716],[37.7168,7.8736],[37.716,7.8744],[37.715,7.8758],[37.7145,7.877],[37.7141,7.879],[37.7133,7.8814],[37.7132,7.8826],[37.7129,7.8829],[37.7119,7.8831],[37.7108,7.8835],[37.7101,7.8839],[37.7096,7.8844],[37.7085,7.8858],[37.7082,7.8866],[37.7078,7.8872],[37.7075,7.8882],[37.7068,7.8889],[37.7056,7.8897],[37.7047,7.8904],[37.7023,7.8912],[37.7009,7.8919],[37.6991,7.8929],[37.6983,7.893],[37.6969,7.8928],[37.6945,7.8915],[37.6926,7.8911],[37.6913,7.8911],[37.6898,7.8915],[37.6883,7.8924],[37.6872,7.8936],[37.687,7.8943],[37.686,7.8959],[37.6846,7.8963],[37.6833,7.8957],[37.6829,7.8954],[37.6813,7.8955],[37.6798,7.896],[37.6792,7.8967],[37.6778,7.8973],[37.6762,7.8973],[37.6746,7.8975],[37.6723,7.8979],[37.671,7.8975],[37.6697,7.897],[37.6686,7.897],[37.6677,7.8977],[37.6671,7.8992],[37.6662,7.9005],[37.6639,7.9016],[37.6618,7.9027],[37.6602,7.9031],[37.6587,7.9038],[37.6576,7.9046],[37.6569,7.9047],[37.6558,7.9053],[37.6544,7.9062],[37.6538,7.9067],[37.6533,7.908],[37.6529,7.9098],[37.6525,7.9109],[37.6518,7.9119],[37.6507,7.9137],[37.6503,7.9145],[37.6496,7.9152],[37.6478,7.9156],[37.6462,7.9163],[37.6454,7.9172],[37.6446,7.9178],[37.6428,7.9179],[37.6412,7.9188],[37.6408,7.9196],[37.6396,7.9204],[37.6379,7.9212],[37.6372,7.9215],[37.6373,7.922],[37.6369,7.9226],[37.6361,7.923],[37.6332,7.9228],[37.6307,7.9221],[37.6293,7.9224],[37.6278,7.9234],[37.6273,7.9232],[37.6258,7.923],[37.6246,7.9231],[37.6239,7.9228],[37.623,7.9226],[37.6217,7.9234],[37.6214,7.9246],[37.6203,7.926],[37.6197,7.9263],[37.6189,7.9263],[37.6175,7.9266],[37.6159,7.926],[37.6143,7.9247],[37.6125,7.9234],[37.6112,7.9228],[37.6095,7.923],[37.6084,7.9239],[37.6079,7.9238],[37.6072,7.9247],[37.6077,7.9255],[37.6083,7.9279],[37.608,7.9302],[37.6077,7.9317],[37.606,7.9332],[37.6052,7.9352],[37.6054,7.9367],[37.6061,7.9381],[37.6059,7.9405],[37.6067,7.9425],[37.6087,7.9443],[37.6125,7.9465],[37.6133,7.9471],[37.6151,7.9491],[37.6154,7.9506],[37.615,7.9526],[37.614,7.9546],[37.6126,7.9555],[37.6129,7.9557],[37.6135,7.9569],[37.6135,7.9575],[37.6119,7.9585],[37.6116,7.9609],[37.6123,7.9628],[37.6113,7.9661],[37.6113,7.9665],[37.6123,7.9668],[37.6131,7.9669],[37.6139,7.9672],[37.6141,7.9678],[37.614,7.9686],[37.6149,7.9696],[37.6155,7.9698],[37.6164,7.9698],[37.6173,7.9695],[37.6185,7.9689],[37.6193,7.9678],[37.6201,7.9681],[37.6221,7.9688],[37.623,7.9695],[37.6236,7.9705],[37.6242,7.9712],[37.6251,7.9725],[37.6261,7.9735],[37.6275,7.9745],[37.6289,7.9753],[37.6302,7.9755],[37.6309,7.975],[37.6316,7.9758],[37.6332,7.9768],[37.6348,7.9782],[37.6359,7.9781],[37.6384,7.9789],[37.6394,7.9786],[37.6401,7.9789],[37.6412,7.979],[37.6418,7.9784],[37.6426,7.977],[37.6435,7.9759],[37.6444,7.9742],[37.6459,7.9737],[37.6468,7.9738],[37.6479,7.9748],[37.649,7.9757],[37.6504,7.9765],[37.6507,7.978],[37.6507,7.9792],[37.6502,7.9801],[37.6502,7.9807],[37.6517,7.9836],[37.6521,7.985],[37.6524,7.9863],[37.6526,7.9873],[37.654,7.9884],[37.656,7.9895],[37.6567,7.9895],[37.658,7.9902],[37.6588,7.991],[37.6598,7.992],[37.6619,7.993],[37.666,7.9938],[37.6682,7.9943],[37.67,7.9943],[37.6716,7.9946],[37.6721,7.9954],[37.6727,7.9964],[37.6739,7.9981],[37.6759,7.9994],[37.6773,7.9998],[37.6787,8.0004],[37.6797,8.0024],[37.6815,8.0041],[37.6856,8.0049],[37.6863,8.0046],[37.6868,8.0046],[37.6871,8.0052],[37.6884,8.0055],[37.6893,8.0063],[37.6901,8.0068],[37.6908,8.008],[37.6912,8.01],[37.6924,8.0109],[37.6938,8.0116],[37.6956,8.0121],[37.6964,8.0121],[37.698,8.0127],[37.6989,8.0125],[37.7002,8.0133],[37.701,8.0135],[37.7018,8.0134],[37.7044,8.0134],[37.7051,8.014],[37.7065,8.0144],[37.7079,8.0143],[37.7089,8.0143],[37.7099,8.0137],[37.712,8.0134],[37.7126,8.0131],[37.7135,8.0128],[37.7147,8.0126],[37.7152,8.0123],[37.7162,8.0109],[37.7162,8.0101],[37.7155,8.0094],[37.7149,8.0084],[37.7149,8.0076],[37.7155,8.0067],[37.7162,8.0059],[37.717,8.0054],[37.7182,8.0046],[37.7197,8.0045],[37.72,8.0044],[37.721,8.0037],[37.7219,8.0017],[37.7225,8.001],[37.7236,7.9999],[37.7263,8.0006],[37.728,8.0008],[37.7295,8.0007],[37.7301,7.9999],[37.7307,8.0001],[37.7324,8.0005],[37.7329,8.0004],[37.7338,8.0006],[37.7347,8.0002],[37.7363,8.0001],[37.7367,8.0005],[37.7374,8.0001],[37.7382,7.999],[37.739,7.9981],[37.7403,7.9967],[37.7412,7.9962],[37.742,7.9963],[37.7434,7.9973],[37.7441,7.9971],[37.7451,7.9964],[37.7464,7.9953],[37.7468,7.994],[37.7476,7.9928],[37.749,7.9917],[37.7503,7.9911],[37.7515,7.9902],[37.7531,7.9887],[37.7542,7.9888],[37.7557,7.9898],[37.7567,7.9912],[37.7576,7.9922],[37.7586,7.993],[37.76,7.9939],[37.7623,7.9954],[37.7642,7.9954],[37.7649,7.9953],[37.7657,7.9945],[37.7656,7.9933],[37.7659,7.9924],[37.7666,7.9917],[37.7677,7.9912],[37.7687,7.9905],[37.7693,7.9891],[37.7705,7.9883],[37.7719,7.9866],[37.7728,7.9854],[37.7739,7.9841],[37.775,7.9824],[37.7751,7.9812],[37.7757,7.9804],[37.7757,7.9793],[37.7763,7.9787],[37.7772,7.9782],[37.7777,7.9777],[37.7792,7.9756],[37.7799,7.9746],[37.78,7.9733],[37.7799,7.972],[37.7802,7.9705],[37.7815,7.9692],[37.7821,7.9681],[37.7824,7.9673],[37.7831,7.9668],[37.7841,7.9663],[37.7845,7.9654],[37.7859,7.9644],[37.7873,7.964],[37.7907,7.9639],[37.7921,7.9637],[37.7931,7.9627],[37.7945,7.9619],[37.7959,7.9616],[37.7974,7.9614],[37.7977,7.9609],[37.799,7.9598],[37.7997,7.9594],[37.8003,7.9594],[37.8011,7.9582],[37.8012,7.9564],[37.8014,7.9554],[37.8018,7.9548],[37.8039,7.9541],[37.8072,7.9521],[37.8086,7.9509],[37.8102,7.9492],[37.8106,7.9486],[37.8113,7.9469],[37.8125,7.9457],[37.8134,7.9455],[37.8138,7.9442],[37.8137,7.9427],[37.8134,7.9415],[37.8147,7.9414],[37.8173,7.9403],[37.8196,7.9398],[37.8218,7.9395],[37.8234,7.9393],[37.8246,7.9398],[37.8252,7.9413],[37.8251,7.9421],[37.8257,7.9433],[37.8265,7.9449],[37.8267,7.9447],[37.8284,7.9448],[37.8305,7.9448],[37.8325,7.9446],[37.834,7.944],[37.8356,7.9434],[37.8374,7.9431],[37.8382,7.9426],[37.8383,7.9427],[37.8397,7.9415],[37.8405,7.9406],[37.8412,7.9397],[37.842,7.9388],[37.8439,7.9378],[37.8451,7.937],[37.8452,7.9371],[37.8462,7.936],[37.8464,7.9352],[37.8475,7.9341],[37.8482,7.9333],[37.8479,7.9323],[37.8468,7.9303],[37.8471,7.9283],[37.8469,7.927],[37.8457,7.9254],[37.8448,7.925],[37.8441,7.9249],[37.842,7.9223],[37.8411,7.9206],[37.8407,7.9192],[37.8403,7.9187],[37.8406,7.9175],[37.84,7.9162],[37.8407,7.9157],[37.8406,7.9149],[37.8416,7.9141],[37.8429,7.9143],[37.8437,7.9142],[37.8442,7.9148],[37.8452,7.9145],[37.8458,7.9138],[37.8476,7.9135],[37.8483,7.9138],[37.8485,7.915],[37.8482,7.9162],[37.8485,7.9171],[37.8484,7.918],[37.8507,7.9192],[37.8517,7.9195],[37.8514,7.9205],[37.852,7.9222],[37.853,7.9238],[37.8542,7.9263],[37.8554,7.9261],[37.8567,7.926],[37.8579,7.9256],[37.8594,7.9256],[37.8609,7.9258],[37.861,7.9265],[37.8614,7.9275],[37.8608,7.9291],[37.8597,7.9312],[37.8591,7.9327],[37.8583,7.9351],[37.8577,7.9371],[37.8573,7.9377],[37.8578,7.9381],[37.8564,7.9393],[37.8557,7.9409],[37.8571,7.9422],[37.859,7.9445],[37.8622,7.9479],[37.8633,7.9495],[37.8647,7.9494],[37.8678,7.9493],[37.8706,7.9495],[37.8728,7.9496],[37.8731,7.9498],[37.874,7.9489],[37.8755,7.9479],[37.878,7.9465],[37.8803,7.9451],[37.8857,7.9425],[37.8875,7.9413],[37.8891,7.94],[37.8892,7.9402],[37.8898,7.9391],[37.8898,7.9375],[37.8892,7.9358],[37.8888,7.9342],[37.8891,7.9338],[37.8898,7.9339],[37.8914,7.9349],[37.892,7.9352],[37.8925,7.935],[37.8936,7.9328],[37.895,7.9306],[37.8977,7.929],[37.8989,7.9283],[37.8994,7.9279],[37.9006,7.9273],[37.9009,7.9271],[37.901,7.9266],[37.8987,7.9215],[37.8995,7.921],[37.9001,7.9201],[37.901,7.9201],[37.9041,7.9203],[37.906,7.9196],[37.9068,7.9185],[37.9082,7.9176],[37.909,7.9165],[37.9103,7.9164],[37.9119,7.9161],[37.9128,7.9158],[37.9127,7.9147],[37.913,7.9129],[37.9138,7.9109],[37.9146,7.9107],[37.9139,7.9097],[37.9139,7.9082],[37.9148,7.9059],[37.9155,7.905],[37.9156,7.9044],[37.9147,7.9041],[37.9132,7.9041],[37.9129,7.9042],[37.9121,7.9023],[37.9116,7.8999],[37.9108,7.8965],[37.9103,7.8936],[37.9112,7.8923],[37.9114,7.8923],[37.9109,7.89]]]}},{"type":"Feature","properties":{"id":"LW011","woreda":"Geta","zone":"Guraghe","region":"Central Ethiopia","area_km2":200.1,"lat":7.9273,"lon":37.9696},"geometry":{"type":"Polygon","coordinates":[[[37.9115,7.8928],[37.9121,7.8934],[37.9148,7.8934],[37.9167,7.8942],[37.9181,7.8965],[37.9191,7.8993],[37.9202,7.9028],[37.9209,7.9057],[37.9213,7.909],[37.9219,7.9118],[37.9223,7.9137],[37.9225,7.9138],[37.9231,7.9149],[37.9224,7.9157],[37.9214,7.9169],[37.921,7.9176],[37.9219,7.9187],[37.922,7.92],[37.9214,7.9222],[37.9216,7.923],[37.9215,7.9245],[37.9211,7.925],[37.9205,7.9256],[37.9211,7.9266],[37.9235,7.9261],[37.925,7.9259],[37.9264,7.9264],[37.926,7.9278],[37.9258,7.9291],[37.9252,7.9299],[37.9239,7.9301],[37.9226,7.9306],[37.9197,7.931],[37.9187,7.9315],[37.9172,7.9318],[37.9165,7.9324],[37.9163,7.9333],[37.9148,7.9346],[37.9133,7.9357],[37.912,7.9368],[37.9112,7.9377],[37.9097,7.9393],[37.9074,7.9419],[37.9074,7.9424],[37.9067,7.9426],[37.9053,7.9444],[37.9042,7.9453],[37.9036,7.946],[37.9029,7.9467],[37.9019,7.9478],[37.9004,7.9494],[37.8994,7.9513],[37.8984,7.9534],[37.8976,7.9548],[37.8962,7.9569],[37.8941,7.96],[37.8936,7.9606],[37.893,7.9614],[37.8931,7.9618],[37.8939,7.9632],[37.8941,7.9642],[37.8928,7.967],[37.8931,7.969],[37.8926,7.9708],[37.8927,7.9723],[37.8921,7.9733],[37.891,7.9745],[37.8906,7.9756],[37.8903,7.9774],[37.8906,7.9781],[37.8907,7.979],[37.89,7.9812],[37.8896,7.9817],[37.8894,7.983],[37.8901,7.9839],[37.8906,7.9849],[37.8905,7.9854],[37.8901,7.9862],[37.8899,7.9864],[37.8895,7.9874],[37.8902,7.9873],[37.8908,7.9875],[37.8918,7.9874],[37.892,7.9879],[37.8919,7.9896],[37.8921,7.9918],[37.8924,7.9934],[37.8923,7.9946],[37.8918,7.996],[37.8916,7.9961],[37.8905,7.9985],[37.89,7.9991],[37.8893,8.0006],[37.8889,8.002],[37.8902,8.0026],[37.8927,8.0033],[37.893,8.0037],[37.893,8.0038],[37.8937,8.0046],[37.895,8.0049],[37.8956,8.0054],[37.897,8.0061],[37.8985,8.0066],[37.8996,8.0068],[37.9008,8.0075],[37.9032,8.0085],[37.9042,8.009],[37.9043,8.0088],[37.905,8.0089],[37.9084,8.01],[37.9101,8.0108],[37.9135,8.012],[37.9148,8.0125],[37.9151,8.0129],[37.9156,8.013],[37.9177,8.0142],[37.9185,8.0143],[37.9192,8.0148],[37.9199,8.0148],[37.9202,8.0152],[37.9209,8.0153],[37.9217,8.0139],[37.9228,8.0132],[37.9248,8.0134],[37.9244,8.0147],[37.9251,8.0141],[37.9255,8.0139],[37.9266,8.0133],[37.9271,8.0132],[37.9284,8.0131],[37.9294,8.0133],[37.9298,8.0136],[37.9306,8.0137],[37.9314,8.0133],[37.9316,8.0128],[37.9315,8.0122],[37.932,8.0119],[37.9325,8.0122],[37.9331,8.0123],[37.9343,8.0129],[37.9349,8.0131],[37.9357,8.0131],[37.9362,8.0128],[37.9366,8.0127],[37.9369,8.0133],[37.9373,8.0135],[37.9377,8.0133],[37.9387,8.0121],[37.9391,8.012],[37.9401,8.0114],[37.9415,8.0111],[37.9418,8.0109],[37.9428,8.0106],[37.9437,8.0113],[37.9438,8.0119],[37.9443,8.0122],[37.9448,8.0128],[37.9448,8.0136],[37.9443,8.0146],[37.9448,8.0149],[37.9456,8.0147],[37.9462,8.0142],[37.9469,8.014],[37.9471,8.0136],[37.9471,8.0126],[37.9478,8.0124],[37.9486,8.0124],[37.9494,8.0125],[37.9502,8.0124],[37.9511,8.0126],[37.9518,8.0125],[37.9529,8.0118],[37.9536,8.0117],[37.9546,8.0118],[37.9552,8.0117],[37.9555,8.0114],[37.9564,8.0101],[37.957,8.0096],[37.9574,8.0095],[37.9593,8.0093],[37.9599,8.0091],[37.9604,8.0091],[37.962,8.0096],[37.9627,8.0097],[37.9632,8.0092],[37.9648,8.009],[37.9657,8.0093],[37.9668,8.009],[37.968,8.0068],[37.9685,8.0059],[37.9696,8.0036],[37.9697,8.0026],[37.9716,8.0013],[37.9725,8.0002],[37.9736,8.0],[37.9747,7.9992],[37.9763,7.9987],[37.977,7.9975],[37.9784,7.996],[37.9791,7.9948],[37.9789,7.994],[37.9792,7.9924],[37.9787,7.9908],[37.978,7.9903],[37.9781,7.9898],[37.9779,7.9896],[37.9783,7.9892],[37.9794,7.9888],[37.9797,7.9885],[37.9797,7.9878],[37.9791,7.9868],[37.979,7.9857],[37.9785,7.9848],[37.978,7.9844],[37.9778,7.984],[37.9782,7.9835],[37.9798,7.9833],[37.9802,7.9829],[37.98,7.9822],[37.9792,7.9819],[37.9793,7.9809],[37.9805,7.9807],[37.9808,7.9802],[37.9807,7.9793],[37.9801,7.979],[37.9791,7.9789],[37.979,7.9786],[37.98,7.9786],[37.98,7.9775],[37.9801,7.9774],[37.981,7.9776],[37.9814,7.9771],[37.9817,7.9762],[37.9828,7.9756],[37.9837,7.9752],[37.9846,7.9747],[37.985,7.9738],[37.9858,7.9734],[37.9873,7.9742],[37.9885,7.9731],[37.9898,7.9715],[37.991,7.9707],[37.9928,7.9677],[37.995,7.9664],[37.9961,7.966],[37.997,7.9641],[37.9973,7.9628],[37.9985,7.96],[37.9986,7.9596],[37.9992,7.9592],[37.9995,7.9587],[38.0009,7.9588],[38.002,7.9577],[38.0028,7.956],[38.0024,7.9552],[38.0034,7.954],[38.003,7.953],[38.0024,7.9526],[38.0011,7.9521],[38.0009,7.9519],[38.0016,7.9512],[38.0016,7.9504],[38.001,7.9498],[38.0003,7.9496],[38.0001,7.949],[38.0002,7.948],[38.0007,7.9476],[38.0024,7.9472],[38.003,7.947],[38.0042,7.9462],[38.0053,7.9458],[38.007,7.945],[38.0074,7.9445],[38.0078,7.9435],[38.0081,7.9433],[38.0088,7.9426],[38.0088,7.9419],[38.0092,7.9416],[38.0097,7.9415],[38.0103,7.942],[38.0121,7.9428],[38.0131,7.9423],[38.014,7.9407],[38.0146,7.9376],[38.0148,7.9368],[38.014,7.9354],[38.0132,7.9332],[38.0132,7.9313],[38.0141,7.9298],[38.0142,7.9294],[38.0134,7.929],[38.0128,7.9269],[38.0141,7.925],[38.0154,7.9244],[38.0163,7.9242],[38.0184,7.9221],[38.0199,7.9209],[38.0212,7.919],[38.0227,7.9176],[38.0243,7.9154],[38.0253,7.9135],[38.0262,7.9122],[38.0274,7.911],[38.0285,7.9102],[38.0297,7.9097],[38.0305,7.9087],[38.0309,7.9072],[38.0311,7.9066],[38.0321,7.9059],[38.0342,7.9051],[38.0357,7.9052],[38.0358,7.9054],[38.037,7.9052],[38.0396,7.9049],[38.0433,7.9037],[38.0455,7.9026],[38.047,7.9024],[38.0497,7.9008],[38.0519,7.9001],[38.0537,7.8998],[38.0569,7.8975],[38.0576,7.8976],[38.0576,7.8973],[38.0563,7.896],[38.0551,7.8946],[38.0529,7.8919],[38.0511,7.89],[38.0494,7.8885],[38.0481,7.8852],[38.0478,7.8844],[38.0469,7.8832],[38.0461,7.8821],[38.0456,7.8809],[38.0453,7.8806],[38.0455,7.8801],[38.0447,7.8771],[38.0438,7.8766],[38.0423,7.8768],[38.0409,7.8766],[38.0377,7.8752],[38.0359,7.8743],[38.0337,7.8732],[38.0335,7.8719],[38.034,7.87],[38.0337,7.869],[38.0331,7.8683],[38.0313,7.8675],[38.0305,7.8673],[38.0303,7.8669],[38.0289,7.8661],[38.0273,7.8643],[38.0252,7.8633],[38.0219,7.8621],[38.0196,7.86],[38.0183,7.8581],[38.0168,7.8555],[38.0144,7.8542],[38.0142,7.8543],[38.0125,7.8511],[38.0121,7.8507],[38.0119,7.8499],[38.0114,7.8487],[38.0107,7.8477],[38.0104,7.8471],[38.0092,7.844],[38.008,7.8422],[38.0061,7.8405],[38.0047,7.8402],[38.004,7.8398],[38.0033,7.8398],[38.002,7.8392],[38.0014,7.8386],[38.0001,7.8394],[38.0001,7.8407],[37.9995,7.8414],[37.9978,7.8409],[37.9974,7.8416],[37.9968,7.8429],[37.9968,7.8437],[37.997,7.8445],[37.9964,7.8453],[37.9959,7.8462],[37.997,7.8483],[37.9984,7.8502],[37.9999,7.851],[38.0001,7.8514],[37.9999,7.8516],[38.0005,7.8522],[38.0016,7.8537],[38.002,7.8545],[38.002,7.8549],[38.001,7.8549],[37.9994,7.8551],[37.9983,7.8555],[37.9968,7.8544],[37.9946,7.8527],[37.9944,7.8517],[37.9938,7.8499],[37.993,7.8489],[37.9909,7.847],[37.9897,7.8461],[37.9887,7.8456],[37.987,7.8457],[37.9865,7.8466],[37.9865,7.8478],[37.986,7.8486],[37.9861,7.8492],[37.9855,7.8502],[37.9851,7.8505],[37.9835,7.8508],[37.9828,7.8499],[37.98,7.8492],[37.9795,7.8496],[37.9785,7.8526],[37.9786,7.8536],[37.98,7.8558],[37.9796,7.8571],[37.9799,7.8591],[37.9814,7.8611],[37.9806,7.8619],[37.981,7.8628],[37.9812,7.8642],[37.9809,7.8653],[37.9821,7.8659],[37.9817,7.8674],[37.9812,7.8677],[37.9802,7.8675],[37.9794,7.8677],[37.9795,7.8694],[37.9801,7.8698],[37.9808,7.8706],[37.9818,7.8714],[37.9828,7.8723],[37.9833,7.8726],[37.9837,7.8732],[37.9842,7.8735],[37.9845,7.8744],[37.9845,7.8758],[37.9797,7.8738],[37.9791,7.8733],[37.9786,7.8729],[37.9774,7.874],[37.977,7.8741],[37.9766,7.8746],[37.9755,7.876],[37.9749,7.8767],[37.9743,7.8769],[37.9736,7.8764],[37.972,7.8732],[37.9718,7.8717],[37.9715,7.8712],[37.9715,7.8705],[37.971,7.8701],[37.9701,7.8691],[37.97,7.8687],[37.9687,7.8679],[37.9686,7.8674],[37.9681,7.8667],[37.9677,7.8664],[37.9661,7.8661],[37.9643,7.8655],[37.9631,7.8647],[37.9623,7.8638],[37.9613,7.8627],[37.961,7.862],[37.9604,7.8613],[37.9599,7.8602],[37.9598,7.8597],[37.9596,7.8584],[37.9592,7.8574],[37.9588,7.8564],[37.9574,7.856],[37.957,7.8557],[37.9561,7.8546],[37.9548,7.8553],[37.9539,7.8542],[37.9536,7.8542],[37.9504,7.8527],[37.9494,7.8522],[37.9492,7.8538],[37.948,7.8542],[37.9458,7.8548],[37.9453,7.8544],[37.9422,7.8538],[37.9401,7.8538],[37.9393,7.8545],[37.9382,7.8547],[37.9366,7.8558],[37.9354,7.8577],[37.935,7.8588],[37.9346,7.8602],[37.9342,7.8615],[37.9334,7.8617],[37.9323,7.8622],[37.9311,7.8626],[37.93,7.8631],[37.9306,7.8633],[37.9291,7.8642],[37.9286,7.8644],[37.9275,7.864],[37.9261,7.863],[37.9257,7.8629],[37.9254,7.8625],[37.9249,7.8625],[37.9242,7.8609],[37.9248,7.8601],[37.925,7.8596],[37.9247,7.859],[37.9242,7.8585],[37.9239,7.8587],[37.9235,7.8586],[37.9225,7.8593],[37.9217,7.8596],[37.9211,7.8595],[37.9202,7.8598],[37.9191,7.8602],[37.9166,7.8604],[37.9169,7.8599],[37.9151,7.8602],[37.9132,7.8589],[37.9113,7.8584],[37.9084,7.859],[37.9049,7.859],[37.9013,7.861],[37.9017,7.8622],[37.9025,7.8636],[37.9029,7.8655],[37.9029,7.867],[37.9027,7.8675],[37.9026,7.8686],[37.9027,7.8688],[37.9035,7.8683],[37.9042,7.8683],[37.9051,7.8682],[37.9061,7.8678],[37.907,7.8681],[37.9081,7.8667],[37.9083,7.8661],[37.9089,7.8669],[37.9093,7.8683],[37.9095,7.8704],[37.9092,7.8719],[37.9091,7.8732],[37.9092,7.8741],[37.9103,7.8749],[37.9107,7.8754],[37.9098,7.8767],[37.9103,7.878],[37.9105,7.8794],[37.9105,7.8812],[37.9103,7.8825],[37.9098,7.8845],[37.9099,7.8854],[37.9103,7.8871],[37.9107,7.8881],[37.9109,7.89],[37.9114,7.8923],[37.9115,7.8928]]]}},{"type":"Feature","properties":{"id":"LW012","woreda":"Gumer","zone":"Guraghe","region":"Central Ethiopia","area_km2":233.0,"lat":7.9899,"lon":38.054},"geometry":{"type":"Polygon","coordinates":[[[37.9649,8.0098],[37.9669,8.0098],[37.9674,8.0094],[37.9684,8.0089],[37.969,8.009],[37.9698,8.0093],[37.971,8.0089],[37.9718,8.0088],[37.973,8.0093],[37.9735,8.0096],[37.9739,8.0095],[37.9753,8.0093],[37.9775,8.0071],[37.9784,8.0073],[37.9784,8.0083],[37.9779,8.009],[37.9777,8.0098],[37.9777,8.0109],[37.9776,8.0113],[37.9765,8.0123],[37.9766,8.0128],[37.9772,8.0136],[37.9775,8.0142],[37.9776,8.015],[37.9773,8.016],[37.9768,8.0167],[37.9761,8.019],[37.9763,8.0194],[37.9782,8.0206],[37.9781,8.0211],[37.9786,8.0207],[37.9794,8.0212],[37.9813,8.0227],[37.9823,8.0239],[37.9829,8.0245],[37.9838,8.0247],[37.9844,8.0245],[37.9851,8.0245],[37.9863,8.0248],[37.9869,8.025],[37.9874,8.025],[37.9903,8.0261],[37.992,8.0265],[37.9939,8.0268],[37.9955,8.0267],[37.9961,8.0264],[37.9975,8.0261],[37.9983,8.027],[37.9991,8.0278],[38.0,8.0289],[38.0005,8.0305],[38.0008,8.0311],[38.0011,8.032],[38.0006,8.0322],[37.9998,8.0323],[37.9985,8.0324],[37.998,8.0328],[37.9977,8.0333],[37.9975,8.0335],[37.9963,8.035],[37.9961,8.0359],[37.9966,8.036],[37.9974,8.0358],[37.9987,8.0357],[37.9996,8.0355],[38.0014,8.0354],[38.0025,8.0359],[38.0027,8.0362],[38.0027,8.0367],[38.0035,8.0373],[38.0037,8.0377],[38.0042,8.0377],[38.0048,8.0372],[38.0057,8.0369],[38.0063,8.037],[38.0081,8.0376],[38.0098,8.0379],[38.0107,8.0379],[38.0116,8.0381],[38.0143,8.0381],[38.017,8.0384],[38.0181,8.0383],[38.019,8.0387],[38.021,8.0386],[38.0218,8.0381],[38.0222,8.038],[38.0225,8.0377],[38.0236,8.037],[38.0247,8.0364],[38.0249,8.0361],[38.0249,8.0356],[38.0245,8.0346],[38.0247,8.0345],[38.0259,8.0345],[38.0261,8.0343],[38.0289,8.0345],[38.0311,8.0342],[38.0317,8.0343],[38.0321,8.0349],[38.0323,8.0359],[38.0324,8.0371],[38.0328,8.0377],[38.0331,8.0379],[38.0348,8.0381],[38.0355,8.0385],[38.0362,8.039],[38.0376,8.0378],[38.0384,8.0379],[38.0395,8.0379],[38.0407,8.0377],[38.0413,8.0374],[38.0428,8.0366],[38.0435,8.0364],[38.0448,8.0371],[38.0456,8.0377],[38.0457,8.0387],[38.0459,8.0392],[38.0459,8.0424],[38.0459,8.0427],[38.0466,8.0424],[38.0477,8.0426],[38.048,8.0415],[38.0483,8.0408],[38.0486,8.0398],[38.0485,8.0387],[38.0489,8.0382],[38.0489,8.0374],[38.0494,8.0373],[38.0497,8.037],[38.0502,8.0368],[38.0506,8.0364],[38.0511,8.0363],[38.0526,8.036],[38.0531,8.036],[38.0535,8.0362],[38.0545,8.0363],[38.0555,8.0359],[38.056,8.0355],[38.0567,8.0357],[38.0574,8.0347],[38.0591,8.0337],[38.0597,8.0337],[38.0605,8.0333],[38.0616,8.0321],[38.0625,8.0318],[38.0635,8.0318],[38.064,8.0316],[38.0647,8.0316],[38.0662,8.0317],[38.0664,8.032],[38.0665,8.0334],[38.0674,8.0339],[38.0674,8.0342],[38.0672,8.035],[38.0668,8.0357],[38.0661,8.0354],[38.0654,8.0359],[38.0657,8.0365],[38.0655,8.0377],[38.064,8.0378],[38.0635,8.0381],[38.0646,8.0398],[38.0646,8.0404],[38.0633,8.0413],[38.0621,8.0418],[38.062,8.0422],[38.0622,8.0426],[38.0633,8.0436],[38.0647,8.0442],[38.0656,8.0443],[38.0656,8.0464],[38.0662,8.0469],[38.067,8.0472],[38.0676,8.0476],[38.0675,8.0479],[38.0657,8.0491],[38.0646,8.0495],[38.0637,8.0495],[38.063,8.0495],[38.0624,8.0496],[38.0608,8.0511],[38.0598,8.0518],[38.0588,8.053],[38.0598,8.0541],[38.0616,8.0539],[38.0634,8.0543],[38.0639,8.0539],[38.0655,8.0521],[38.0668,8.051],[38.0672,8.0528],[38.0679,8.0526],[38.068,8.0535],[38.0675,8.0543],[38.0664,8.0555],[38.0641,8.0574],[38.063,8.0586],[38.0624,8.0595],[38.0623,8.0622],[38.0635,8.0621],[38.0637,8.0614],[38.0643,8.0611],[38.0655,8.0602],[38.0678,8.0597],[38.0696,8.0591],[38.0703,8.0585],[38.0708,8.0582],[38.073,8.0584],[38.0748,8.0584],[38.0753,8.0579],[38.0767,8.0573],[38.0781,8.0564],[38.079,8.0554],[38.0798,8.0552],[38.0803,8.0544],[38.083,8.0538],[38.0848,8.0536],[38.0863,8.0532],[38.0928,8.0531],[38.0933,8.0531],[38.0954,8.0527],[38.0969,8.0521],[38.0994,8.052],[38.1011,8.0517],[38.1023,8.0518],[38.1035,8.0516],[38.1046,8.0522],[38.1081,8.0524],[38.1111,8.0528],[38.1125,8.0529],[38.113,8.0534],[38.1139,8.0554],[38.1153,8.0588],[38.1161,8.0598],[38.1163,8.0598],[38.1164,8.0608],[38.1176,8.0639],[38.1185,8.0659],[38.1188,8.0672],[38.1191,8.0673],[38.1197,8.0685],[38.1209,8.0696],[38.1203,8.0701],[38.1211,8.0706],[38.1225,8.0721],[38.1248,8.0739],[38.1254,8.0751],[38.1269,8.0754],[38.1275,8.0761],[38.1277,8.0769],[38.1283,8.0784],[38.1294,8.0798],[38.1305,8.081],[38.1315,8.0819],[38.1324,8.082],[38.1342,8.0822],[38.1347,8.0825],[38.1359,8.0826],[38.1362,8.0819],[38.1404,8.0813],[38.1448,8.0811],[38.1466,8.0803],[38.1479,8.0799],[38.1504,8.08],[38.1533,8.0797],[38.158,8.0787],[38.1602,8.0786],[38.161,8.0784],[38.1623,8.0787],[38.1632,8.0785],[38.1644,8.0777],[38.1672,8.0777],[38.1697,8.0782],[38.1738,8.0788],[38.1756,8.0793],[38.1788,8.08],[38.1811,8.0802],[38.1838,8.0806],[38.1832,8.0799],[38.1836,8.0791],[38.1838,8.0763],[38.1835,8.0747],[38.183,8.0739],[38.1835,8.0715],[38.1833,8.0702],[38.1824,8.0687],[38.1808,8.0678],[38.1788,8.0659],[38.1785,8.0652],[38.1774,8.0643],[38.1763,8.0641],[38.1754,8.0634],[38.1748,8.0627],[38.1737,8.0617],[38.1732,8.0604],[38.1724,8.0589],[38.1716,8.0579],[38.171,8.0576],[38.1705,8.0576],[38.1701,8.0579],[38.1697,8.0586],[38.1694,8.0586],[38.1688,8.0559],[38.1674,8.0544],[38.1667,8.0531],[38.1653,8.052],[38.1647,8.0521],[38.1643,8.0524],[38.1638,8.0515],[38.1627,8.0505],[38.1622,8.0498],[38.1614,8.0485],[38.1607,8.0482],[38.16,8.0484],[38.1595,8.0484],[38.1586,8.0469],[38.1569,8.0451],[38.1567,8.0449],[38.1569,8.0439],[38.1577,8.0434],[38.1597,8.0431],[38.1605,8.0427],[38.1615,8.0427],[38.1619,8.0413],[38.1626,8.0412],[38.1638,8.04],[38.1644,8.0389],[38.1645,8.0382],[38.1633,8.0365],[38.1622,8.0362],[38.1609,8.0365],[38.1603,8.0354],[38.1601,8.0345],[38.1578,8.0327],[38.1547,8.0307],[38.1542,8.03],[38.1547,8.0295],[38.1553,8.0293],[38.1553,8.0287],[38.1547,8.0274],[38.1541,8.0273],[38.1531,8.0277],[38.1525,8.0281],[38.1516,8.0278],[38.1512,8.0264],[38.1506,8.0254],[38.1485,8.0245],[38.1482,8.0239],[38.1482,8.0228],[38.1477,8.0223],[38.1471,8.0221],[38.1459,8.0222],[38.1458,8.022],[38.1464,8.0205],[38.1458,8.0193],[38.1455,8.0191],[38.1447,8.0188],[38.1439,8.0188],[38.1432,8.0186],[38.1435,8.0174],[38.1443,8.0162],[38.1441,8.0153],[38.1432,8.0143],[38.1433,8.0135],[38.1439,8.0121],[38.1438,8.0107],[38.1443,8.0098],[38.1457,8.0095],[38.1455,8.0087],[38.1441,8.0072],[38.1435,8.0061],[38.142,8.0054],[38.1395,8.0048],[38.137,8.0045],[38.1359,8.0043],[38.1355,8.0031],[38.1348,8.0025],[38.1331,8.0026],[38.1316,8.0028],[38.1306,8.0026],[38.1296,8.002],[38.1293,8.0013],[38.1286,8.0005],[38.1288,7.9998],[38.1288,7.9993],[38.128,7.9982],[38.1282,7.9971],[38.1274,7.9956],[38.1264,7.9942],[38.1258,7.9936],[38.1257,7.9928],[38.1263,7.9922],[38.1271,7.9919],[38.1281,7.9914],[38.1301,7.99],[38.132,7.9877],[38.1339,7.9856],[38.1347,7.9846],[38.1352,7.9835],[38.1346,7.9825],[38.1338,7.9821],[38.1324,7.9799],[38.131,7.9772],[38.1302,7.9745],[38.13,7.9701],[38.1299,7.9686],[38.1291,7.9677],[38.128,7.9673],[38.1268,7.9664],[38.1261,7.9646],[38.1244,7.963],[38.1241,7.9634],[38.1236,7.9629],[38.1225,7.9632],[38.1215,7.9629],[38.1205,7.9621],[38.1207,7.96],[38.1203,7.9585],[38.1193,7.9575],[38.1192,7.9577],[38.1185,7.9571],[38.1176,7.9562],[38.1158,7.9552],[38.1147,7.9549],[38.1137,7.9558],[38.1127,7.9559],[38.1114,7.9548],[38.11,7.9533],[38.1096,7.953],[38.1087,7.9534],[38.1072,7.9509],[38.1049,7.9484],[38.1038,7.9484],[38.1032,7.949],[38.1018,7.949],[38.1014,7.9484],[38.1001,7.9479],[38.0989,7.948],[38.0967,7.9485],[38.0958,7.9493],[38.0956,7.9491],[38.0957,7.9479],[38.0953,7.9464],[38.0955,7.9456],[38.0964,7.9438],[38.0959,7.942],[38.0943,7.9408],[38.0928,7.943],[38.0907,7.9454],[38.09,7.9442],[38.0885,7.9419],[38.0855,7.9371],[38.0835,7.9331],[38.0812,7.9297],[38.0801,7.9279],[38.0792,7.9268],[38.0781,7.9252],[38.0743,7.9182],[38.074,7.9174],[38.0725,7.9148],[38.0713,7.9131],[38.0691,7.9103],[38.0658,7.9065],[38.0638,7.9043],[38.0614,7.9022],[38.0597,7.8997],[38.0576,7.8976],[38.0569,7.8975],[38.0537,7.8998],[38.0519,7.9001],[38.0497,7.9008],[38.047,7.9024],[38.0455,7.9026],[38.0433,7.9037],[38.0396,7.9049],[38.037,7.9052],[38.0358,7.9054],[38.0357,7.9052],[38.0342,7.9051],[38.0321,7.9059],[38.0311,7.9066],[38.0309,7.9072],[38.0305,7.9087],[38.0297,7.9097],[38.0285,7.9102],[38.0274,7.911],[38.0262,7.9122],[38.0253,7.9135],[38.0243,7.9154],[38.0227,7.9176],[38.0212,7.919],[38.0199,7.9209],[38.0184,7.9221],[38.0163,7.9242],[38.0154,7.9244],[38.0141,7.925],[38.0128,7.9269],[38.0134,7.929],[38.0142,7.9294],[38.0141,7.9298],[38.0132,7.9313],[38.0132,7.9332],[38.014,7.9354],[38.0148,7.9368],[38.0146,7.9376],[38.014,7.9407],[38.0131,7.9423],[38.0121,7.9428],[38.0103,7.942],[38.0097,7.9415],[38.0092,7.9416],[38.0088,7.9419],[38.0088,7.9426],[38.0081,7.9433],[38.0078,7.9435],[38.0074,7.9445],[38.007,7.945],[38.0053,7.9458],[38.0042,7.9462],[38.003,7.947],[38.0024,7.9472],[38.0007,7.9476],[38.0002,7.948],[38.0001,7.949],[38.0003,7.9496],[38.001,7.9498],[38.0016,7.9504],[38.0016,7.9512],[38.0009,7.9519],[38.0011,7.9521],[38.0024,7.9526],[38.003,7.953],[38.0034,7.954],[38.0024,7.9552],[38.0028,7.956],[38.002,7.9577],[38.0009,7.9588],[37.9995,7.9587],[37.9992,7.9592],[37.9986,7.9596],[37.9985,7.96],[37.9973,7.9628],[37.997,7.9641],[37.9961,7.966],[37.995,7.9664],[37.9928,7.9677],[37.991,7.9707],[37.9898,7.9715],[37.9885,7.9731],[37.9873,7.9742],[37.9858,7.9734],[37.985,7.9738],[37.9846,7.9747],[37.9837,7.9752],[37.9828,7.9756],[37.9817,7.9762],[37.9814,7.9771],[37.981,7.9776],[37.9801,7.9774],[37.98,7.9775],[37.98,7.9786],[37.979,7.9786],[37.9791,7.9789],[37.9801,7.979],[37.9807,7.9793],[37.9808,7.9802],[37.9805,7.9807],[37.9793,7.9809],[37.9792,7.9819],[37.98,7.9822],[37.9802,7.9829],[37.9798,7.9833],[37.9782,7.9835],[37.9778,7.984],[37.978,7.9844],[37.9785,7.9848],[37.979,7.9857],[37.9791,7.9868],[37.9797,7.9878],[37.9797,7.9885],[37.9794,7.9888],[37.9783,7.9892],[37.9779,7.9896],[37.9781,7.9898],[37.978,7.9903],[37.9787,7.9908],[37.9792,7.9924],[37.9789,7.994],[37.9791,7.9948],[37.9784,7.996],[37.977,7.9975],[37.9763,7.9987],[37.9747,7.9992],[37.9736,8.0],[37.9725,8.0002],[37.9716,8.0013],[37.9697,8.0026],[37.9696,8.0036],[37.9685,8.0059],[37.968,8.0068],[37.9668,8.009],[37.9657,8.0093],[37.9648,8.009],[37.9632,8.0092],[37.9627,8.0097],[37.9649,8.0098]]]}},{"type":"Feature","properties":{"id":"LW013","woreda":"Gibe","zone":"Hadiya","region":"Central Ethiopia","area_km2":447.8,"lat":7.7358,"lon":37.6681},"geometry":{"type":"Polygon","coordinates":[[[37.7201,7.8507],[37.7205,7.8498],[37.7215,7.8499],[37.7221,7.8497],[37.7223,7.8498],[37.7244,7.8484],[37.7273,7.8452],[37.7329,7.8398],[37.7344,7.8369],[37.7366,7.8391],[37.7381,7.8344],[37.7421,7.8303],[37.7438,7.8276],[37.7433,7.8248],[37.7464,7.8227],[37.7463,7.8186],[37.7482,7.8161],[37.7494,7.8145],[37.7516,7.8124],[37.7553,7.8122],[37.7539,7.808],[37.7499,7.8094],[37.7458,7.8104],[37.7436,7.8134],[37.7402,7.8166],[37.7374,7.8195],[37.7354,7.8218],[37.7331,7.8237],[37.7297,7.8249],[37.7247,7.8241],[37.7269,7.8217],[37.7293,7.8204],[37.7316,7.8158],[37.7341,7.8123],[37.7371,7.8115],[37.737,7.8087],[37.7386,7.8049],[37.7418,7.8058],[37.7434,7.8031],[37.746,7.8018],[37.7474,7.7985],[37.7489,7.7939],[37.7452,7.7929],[37.7429,7.791],[37.7457,7.7889],[37.7486,7.7849],[37.7474,7.7815],[37.7462,7.7789],[37.7438,7.78],[37.7406,7.7815],[37.7371,7.7786],[37.7376,7.775],[37.7387,7.7713],[37.7436,7.769],[37.7448,7.766],[37.7471,7.763],[37.7468,7.7604],[37.7502,7.7589],[37.7544,7.7582],[37.7567,7.7565],[37.7583,7.753],[37.7599,7.7505],[37.7638,7.7496],[37.7658,7.746],[37.7709,7.7466],[37.7749,7.7465],[37.7746,7.7452],[37.7742,7.7437],[37.7757,7.741],[37.7757,7.7369],[37.7747,7.7322],[37.7731,7.7297],[37.7722,7.7269],[37.7685,7.727],[37.7649,7.7272],[37.7616,7.7272],[37.7599,7.7247],[37.7568,7.725],[37.7577,7.7218],[37.7592,7.7193],[37.7581,7.7153],[37.7548,7.7125],[37.7515,7.7108],[37.7528,7.7074],[37.7534,7.7046],[37.7518,7.7011],[37.7506,7.6979],[37.754,7.6958],[37.7577,7.693],[37.7623,7.6931],[37.7662,7.6937],[37.768,7.6905],[37.7682,7.6865],[37.7645,7.6841],[37.7608,7.6788],[37.7587,7.6769],[37.7595,7.6731],[37.7627,7.6688],[37.7664,7.6661],[37.7691,7.6649],[37.7717,7.6615],[37.7731,7.6583],[37.7739,7.6557],[37.7706,7.6513],[37.7684,7.6473],[37.7644,7.6482],[37.7661,7.6448],[37.7666,7.642],[37.7656,7.6371],[37.7656,7.6329],[37.763,7.6323],[37.7642,7.628],[37.7613,7.6246],[37.7639,7.6241],[37.763,7.6201],[37.7617,7.6166],[37.7563,7.6161],[37.7521,7.6155],[37.749,7.6152],[37.7458,7.6156],[37.7432,7.6158],[37.7402,7.6151],[37.738,7.6171],[37.7368,7.6202],[37.7351,7.6222],[37.733,7.6242],[37.7285,7.6261],[37.7243,7.6254],[37.7216,7.6237],[37.7182,7.6241],[37.7149,7.6236],[37.7121,7.6252],[37.7085,7.6268],[37.7042,7.6282],[37.6984,7.6296],[37.6981,7.6336],[37.6947,7.6345],[37.6909,7.6354],[37.687,7.6373],[37.6841,7.6404],[37.6805,7.6441],[37.678,7.6461],[37.6738,7.6484],[37.67,7.6511],[37.6669,7.6529],[37.6635,7.653],[37.6603,7.654],[37.6546,7.6555],[37.6489,7.6554],[37.6454,7.654],[37.6426,7.6549],[37.6401,7.653],[37.6367,7.6525],[37.633,7.6523],[37.6299,7.6562],[37.6262,7.6581],[37.623,7.6583],[37.6206,7.6609],[37.62,7.6647],[37.617,7.6671],[37.6135,7.6693],[37.6108,7.6711],[37.6088,7.6728],[37.6065,7.6754],[37.6041,7.678],[37.6008,7.6794],[37.5971,7.6809],[37.5946,7.6827],[37.5905,7.6841],[37.5864,7.6859],[37.5823,7.6884],[37.5796,7.6904],[37.5782,7.6928],[37.5755,7.6942],[37.569,7.6952],[37.5648,7.6951],[37.5609,7.6951],[37.5573,7.6974],[37.5536,7.6981],[37.5506,7.7],[37.5485,7.7017],[37.5499,7.7049],[37.552,7.7106],[37.5533,7.7148],[37.5527,7.7202],[37.5537,7.7246],[37.5554,7.7286],[37.5582,7.729],[37.5597,7.732],[37.5603,7.7346],[37.5623,7.7413],[37.5623,7.7457],[37.5613,7.7473],[37.5612,7.7487],[37.5615,7.7496],[37.5616,7.753],[37.5619,7.7582],[37.5616,7.759],[37.5617,7.7615],[37.5624,7.7631],[37.5621,7.7651],[37.5618,7.7668],[37.5621,7.769],[37.5618,7.771],[37.5622,7.7725],[37.5625,7.7738],[37.5628,7.7753],[37.5633,7.776],[37.5649,7.7775],[37.5657,7.7782],[37.5666,7.7791],[37.5679,7.7797],[37.5682,7.7804],[37.5686,7.7808],[37.5686,7.7822],[37.5678,7.7835],[37.5682,7.7866],[37.5684,7.7878],[37.5692,7.79],[37.57,7.7919],[37.5711,7.7951],[37.5721,7.7976],[37.5727,7.8003],[37.5733,7.8018],[37.5733,7.8031],[37.574,7.8041],[37.5752,7.8046],[37.5804,7.8096],[37.5808,7.8106],[37.5807,7.8131],[37.581,7.8151],[37.5817,7.8172],[37.5832,7.818],[37.5853,7.8201],[37.5877,7.8228],[37.5871,7.8238],[37.5872,7.8247],[37.5876,7.8265],[37.5884,7.8312],[37.5887,7.8339],[37.5887,7.8349],[37.5893,7.8359],[37.5897,7.8371],[37.5899,7.8383],[37.5909,7.8407],[37.5914,7.8422],[37.5914,7.8428],[37.5924,7.8442],[37.593,7.8456],[37.595,7.8468],[37.5964,7.8511],[37.6006,7.8525],[37.605,7.855],[37.6087,7.8553],[37.6114,7.8557],[37.6118,7.8529],[37.6146,7.851],[37.6185,7.8507],[37.6216,7.8488],[37.6283,7.8478],[37.6313,7.8486],[37.6354,7.8483],[37.6394,7.8486],[37.6426,7.8449],[37.6479,7.844],[37.6522,7.8451],[37.6569,7.8452],[37.6607,7.8424],[37.6631,7.8401],[37.6665,7.8395],[37.6679,7.8361],[37.6711,7.8373],[37.6752,7.8371],[37.6773,7.8346],[37.6804,7.834],[37.6829,7.8332],[37.6857,7.8328],[37.6881,7.8354],[37.6916,7.8354],[37.6961,7.8351],[37.6989,7.834],[37.6995,7.8383],[37.6959,7.8385],[37.6934,7.8394],[37.6942,7.8427],[37.6949,7.847],[37.6922,7.8483],[37.689,7.8499],[37.6874,7.8529],[37.6924,7.8526],[37.6952,7.8506],[37.6985,7.851],[37.7012,7.8528],[37.7043,7.8513],[37.7083,7.8518],[37.7127,7.8515],[37.7169,7.8522],[37.7203,7.8521],[37.7201,7.8507]]]}},{"type":"Feature","properties":{"id":"LW014","woreda":"Mirab Badowach","zone":"Hadiya","region":"Central Ethiopia","area_km2":150.5,"lat":7.1514,"lon":37.8348},"geometry":{"type":"Polygon","coordinates":[[[37.8295,7.0974],[37.8249,7.096],[37.8214,7.097],[37.8177,7.0955],[37.8154,7.0948],[37.814,7.0937],[37.8099,7.0945],[37.806,7.0951],[37.8034,7.0968],[37.8007,7.0969],[37.7969,7.0963],[37.7936,7.1],[37.792,7.1008],[37.7909,7.1008],[37.7899,7.1003],[37.7841,7.1033],[37.7818,7.1059],[37.7802,7.108],[37.7783,7.1117],[37.7754,7.113],[37.7728,7.1153],[37.7746,7.1162],[37.7745,7.117],[37.7735,7.1172],[37.7721,7.1173],[37.7705,7.1181],[37.769,7.1192],[37.768,7.1194],[37.7669,7.1193],[37.7662,7.1198],[37.7654,7.1198],[37.7647,7.1201],[37.7632,7.1203],[37.7626,7.1199],[37.7615,7.1197],[37.7604,7.1203],[37.7598,7.1208],[37.7588,7.1209],[37.7516,7.1185],[37.7502,7.1176],[37.7492,7.1171],[37.7473,7.1169],[37.746,7.1169],[37.7451,7.1174],[37.7435,7.1179],[37.7425,7.1177],[37.7411,7.1194],[37.7383,7.1201],[37.7368,7.1208],[37.7392,7.1233],[37.7407,7.1244],[37.7415,7.1261],[37.7426,7.1283],[37.7432,7.1295],[37.7439,7.1308],[37.7455,7.1331],[37.7454,7.1347],[37.746,7.1355],[37.7396,7.1381],[37.7398,7.1383],[37.7386,7.1389],[37.7349,7.1386],[37.7298,7.1375],[37.7283,7.138],[37.7273,7.1389],[37.7265,7.1388],[37.7259,7.139],[37.7254,7.1397],[37.7248,7.1397],[37.7246,7.1403],[37.7218,7.1406],[37.7188,7.1426],[37.7203,7.1469],[37.7193,7.1511],[37.7178,7.1539],[37.7185,7.1576],[37.724,7.1585],[37.7283,7.1601],[37.7326,7.1613],[37.7373,7.1621],[37.7407,7.1634],[37.7437,7.164],[37.7438,7.1634],[37.7437,7.163],[37.7438,7.1629],[37.7438,7.1617],[37.7436,7.1604],[37.7432,7.16],[37.7432,7.1585],[37.7438,7.158],[37.7441,7.1537],[37.7461,7.1533],[37.7481,7.1523],[37.7498,7.1517],[37.752,7.1515],[37.7535,7.1519],[37.757,7.1538],[37.7583,7.1543],[37.7581,7.1553],[37.7583,7.1557],[37.758,7.1566],[37.7627,7.1551],[37.7652,7.1522],[37.7659,7.1481],[37.7652,7.1467],[37.7653,7.1454],[37.7659,7.1434],[37.7663,7.1433],[37.7698,7.1435],[37.774,7.1447],[37.7763,7.144],[37.7786,7.1431],[37.7789,7.1448],[37.7812,7.1475],[37.783,7.1496],[37.7852,7.1524],[37.7867,7.1546],[37.7875,7.1574],[37.7894,7.1602],[37.7928,7.1627],[37.7968,7.1665],[37.7983,7.1694],[37.7995,7.1727],[37.8035,7.1738],[37.8034,7.1754],[37.8041,7.1767],[37.8036,7.1754],[37.8045,7.1745],[37.8051,7.1747],[37.8065,7.1744],[37.8094,7.1747],[37.8105,7.1754],[37.812,7.1761],[37.8133,7.1766],[37.8139,7.1756],[37.8142,7.1742],[37.8151,7.173],[37.8159,7.1729],[37.8165,7.1732],[37.8173,7.1743],[37.8188,7.1768],[37.8205,7.178],[37.8222,7.1786],[37.8241,7.18],[37.8249,7.1807],[37.8245,7.1817],[37.8232,7.1826],[37.8216,7.1841],[37.8211,7.184],[37.8199,7.1845],[37.82,7.1863],[37.8196,7.1872],[37.819,7.1875],[37.8178,7.1874],[37.8172,7.1878],[37.8165,7.1875],[37.8162,7.1872],[37.8157,7.1875],[37.8148,7.1886],[37.8148,7.1895],[37.8141,7.1896],[37.8133,7.1885],[37.812,7.1882],[37.811,7.189],[37.811,7.1901],[37.8112,7.1905],[37.8123,7.1911],[37.8136,7.1921],[37.8139,7.1933],[37.8131,7.194],[37.814,7.1948],[37.8132,7.1953],[37.8133,7.1959],[37.8139,7.1968],[37.8157,7.1972],[37.8171,7.1977],[37.8191,7.1994],[37.8203,7.1998],[37.8224,7.2006],[37.8256,7.202],[37.8254,7.2024],[37.828,7.2048],[37.8322,7.2059],[37.8362,7.2046],[37.8393,7.2027],[37.843,7.2012],[37.8433,7.1972],[37.843,7.1938],[37.8429,7.186],[37.8419,7.1827],[37.8427,7.1794],[37.8427,7.1764],[37.845,7.1742],[37.8464,7.1707],[37.8475,7.1708],[37.8474,7.171],[37.8477,7.1746],[37.8477,7.1778],[37.8484,7.1789],[37.8484,7.1795],[37.848,7.1801],[37.8474,7.1807],[37.8478,7.1825],[37.8481,7.1877],[37.8482,7.1891],[37.8481,7.1896],[37.8483,7.1901],[37.8481,7.1916],[37.8479,7.1926],[37.848,7.1938],[37.8481,7.1946],[37.8481,7.1956],[37.8485,7.1966],[37.8496,7.1985],[37.8523,7.2004],[37.8519,7.2012],[37.8517,7.2021],[37.8514,7.2023],[37.8517,7.2026],[37.8524,7.2036],[37.8536,7.2033],[37.8559,7.2025],[37.8591,7.2016],[37.8616,7.2009],[37.865,7.1991],[37.8687,7.1976],[37.8704,7.1976],[37.8715,7.1978],[37.8718,7.1983],[37.8717,7.2],[37.8721,7.2022],[37.8733,7.2041],[37.8744,7.2057],[37.8753,7.2071],[37.8764,7.209],[37.8771,7.2092],[37.8794,7.2083],[37.8837,7.2078],[37.8873,7.208],[37.8907,7.2079],[37.8926,7.2075],[37.8972,7.2071],[37.8991,7.2068],[37.9003,7.206],[37.901,7.2049],[37.9017,7.2031],[37.9028,7.2025],[37.9039,7.2024],[37.9036,7.202],[37.9022,7.1997],[37.9019,7.1957],[37.9013,7.1928],[37.8995,7.1896],[37.8985,7.1865],[37.9023,7.1861],[37.9035,7.1892],[37.9068,7.1907],[37.9106,7.1922],[37.9094,7.1895],[37.9124,7.1879],[37.913,7.1844],[37.9108,7.1829],[37.9089,7.1809],[37.9066,7.179],[37.9045,7.1766],[37.9062,7.1744],[37.9073,7.1708],[37.9067,7.1662],[37.9047,7.1618],[37.902,7.1577],[37.8975,7.1586],[37.8944,7.1597],[37.8914,7.1581],[37.8895,7.1558],[37.8864,7.1538],[37.8845,7.1498],[37.888,7.1467],[37.892,7.1462],[37.8949,7.1431],[37.8961,7.1398],[37.8933,7.1349],[37.8909,7.1311],[37.891,7.1271],[37.8909,7.122],[37.8916,7.1183],[37.8952,7.1189],[37.8996,7.1204],[37.8995,7.1165],[37.9,7.1137],[37.9007,7.11],[37.9005,7.1071],[37.9046,7.1053],[37.9102,7.1048],[37.9137,7.106],[37.912,7.1028],[37.9093,7.0995],[37.9057,7.0999],[37.9023,7.0993],[37.8981,7.1],[37.8957,7.1012],[37.8932,7.1026],[37.8904,7.1032],[37.8865,7.1042],[37.8832,7.106],[37.8795,7.1078],[37.8762,7.1083],[37.8735,7.1093],[37.8718,7.1119],[37.871,7.1153],[37.8671,7.1147],[37.8643,7.113],[37.8615,7.112],[37.8578,7.1119],[37.8553,7.1098],[37.8542,7.1059],[37.8521,7.1028],[37.8486,7.1023],[37.847,7.0998],[37.8439,7.0996],[37.8398,7.0993],[37.8364,7.0984],[37.8338,7.0989],[37.8295,7.0974]]]}},{"type":"Feature","properties":{"id":"LW015","woreda":"Misha","zone":"Hadiya","region":"Central Ethiopia","area_km2":175.0,"lat":7.6737,"lon":37.8123},"geometry":{"type":"Polygon","coordinates":[[[37.763,7.6201],[37.7639,7.6241],[37.7613,7.6246],[37.7642,7.628],[37.763,7.6323],[37.7656,7.6329],[37.7656,7.6371],[37.7666,7.642],[37.7661,7.6448],[37.7644,7.6482],[37.7684,7.6473],[37.7706,7.6513],[37.7739,7.6557],[37.7731,7.6583],[37.7717,7.6615],[37.7691,7.6649],[37.7664,7.6661],[37.7627,7.6688],[37.7595,7.6731],[37.7587,7.6769],[37.7608,7.6788],[37.7645,7.6841],[37.7682,7.6865],[37.768,7.6905],[37.7662,7.6937],[37.7623,7.6931],[37.7577,7.693],[37.754,7.6958],[37.7506,7.6979],[37.7518,7.7011],[37.7534,7.7046],[37.7528,7.7074],[37.7515,7.7108],[37.7548,7.7125],[37.7581,7.7153],[37.7592,7.7193],[37.7577,7.7218],[37.7568,7.725],[37.7599,7.7247],[37.7616,7.7272],[37.7649,7.7272],[37.7685,7.727],[37.7722,7.7269],[37.7731,7.7297],[37.7747,7.7322],[37.7757,7.7369],[37.7757,7.741],[37.7742,7.7437],[37.7746,7.7452],[37.7767,7.7445],[37.7801,7.7444],[37.786,7.7476],[37.79,7.7463],[37.7928,7.7492],[37.7956,7.7489],[37.7979,7.7472],[37.8008,7.7485],[37.8036,7.7497],[37.8058,7.748],[37.8069,7.7455],[37.8103,7.7441],[37.8141,7.7442],[37.8165,7.7468],[37.8199,7.7455],[37.8233,7.748],[37.8252,7.744],[37.8287,7.7399],[37.831,7.7378],[37.8342,7.7388],[37.8368,7.742],[37.8414,7.7429],[37.8436,7.7458],[37.8461,7.7492],[37.85,7.7519],[37.8537,7.7527],[37.8561,7.7542],[37.8561,7.7568],[37.8562,7.7593],[37.8569,7.7585],[37.8578,7.7595],[37.859,7.7579],[37.8596,7.7578],[37.8607,7.7572],[37.8616,7.7565],[37.8621,7.756],[37.8632,7.7555],[37.8638,7.7551],[37.8653,7.7534],[37.866,7.7529],[37.8666,7.7522],[37.867,7.7514],[37.8652,7.7501],[37.8644,7.7498],[37.8631,7.7498],[37.8632,7.7484],[37.8626,7.7477],[37.8628,7.7459],[37.8637,7.7448],[37.8639,7.7441],[37.8637,7.7433],[37.8631,7.7429],[37.8611,7.7429],[37.86,7.7433],[37.8587,7.7427],[37.8596,7.7394],[37.8594,7.7354],[37.8603,7.7315],[37.8603,7.7291],[37.8597,7.7288],[37.8602,7.7273],[37.8605,7.7257],[37.8603,7.7254],[37.8582,7.7243],[37.8569,7.7232],[37.8543,7.7198],[37.8559,7.7157],[37.8586,7.7177],[37.8629,7.7162],[37.8667,7.7152],[37.8687,7.7169],[37.8694,7.7162],[37.8694,7.7156],[37.8706,7.7154],[37.8709,7.7148],[37.8709,7.714],[37.8709,7.7134],[37.8726,7.7133],[37.8759,7.7107],[37.8801,7.709],[37.8847,7.7056],[37.8878,7.7031],[37.8882,7.7002],[37.8846,7.7011],[37.882,7.7008],[37.8794,7.6979],[37.8802,7.6946],[37.8831,7.6956],[37.8868,7.6968],[37.8849,7.6933],[37.8839,7.6903],[37.882,7.6865],[37.882,7.6834],[37.8776,7.6831],[37.8754,7.6803],[37.8721,7.6803],[37.8701,7.6776],[37.8678,7.6756],[37.8653,7.6742],[37.8642,7.6714],[37.8641,7.6683],[37.8629,7.6649],[37.8605,7.6631],[37.8576,7.663],[37.8535,7.6624],[37.8506,7.6659],[37.8486,7.6683],[37.8481,7.6649],[37.846,7.6625],[37.8485,7.6593],[37.8462,7.6578],[37.8532,7.6507],[37.8511,7.649],[37.8512,7.6472],[37.8536,7.6428],[37.8545,7.642],[37.8551,7.6383],[37.8563,7.638],[37.8573,7.6368],[37.8585,7.6339],[37.8588,7.6324],[37.8584,7.6308],[37.8562,7.6298],[37.8554,7.6315],[37.8518,7.6327],[37.8485,7.6314],[37.8461,7.6288],[37.8433,7.6268],[37.8424,7.6242],[37.8452,7.6227],[37.8438,7.6211],[37.8447,7.6186],[37.8423,7.6175],[37.8396,7.6145],[37.8368,7.614],[37.8343,7.611],[37.8348,7.6063],[37.8333,7.6037],[37.8285,7.6035],[37.8248,7.6004],[37.8237,7.5954],[37.8236,7.5914],[37.8205,7.5928],[37.8173,7.5928],[37.815,7.5951],[37.8122,7.5974],[37.809,7.5996],[37.8055,7.6022],[37.8036,7.5999],[37.8015,7.5976],[37.7981,7.5946],[37.7957,7.5926],[37.7927,7.5936],[37.7903,7.5924],[37.7875,7.5917],[37.7846,7.5886],[37.7776,7.5899],[37.7748,7.5907],[37.7736,7.5917],[37.7713,7.5971],[37.7688,7.5931],[37.7663,7.5943],[37.7648,7.5972],[37.7612,7.5984],[37.7618,7.6014],[37.7648,7.603],[37.7644,7.6067],[37.7634,7.6103],[37.7621,7.6137],[37.7617,7.6166],[37.763,7.6201]]]}},{"type":"Feature","properties":{"id":"LW016","woreda":"Soro","zone":"Hadiya","region":"Central Ethiopia","area_km2":499.2,"lat":7.463,"lon":37.5409},"geometry":{"type":"Polygon","coordinates":[[[37.7896,7.411],[37.7881,7.4106],[37.787,7.409],[37.7852,7.4057],[37.7835,7.404],[37.7819,7.4013],[37.7813,7.4005],[37.7805,7.3996],[37.7792,7.399],[37.7775,7.3973],[37.777,7.3969],[37.7755,7.3976],[37.774,7.3975],[37.7717,7.3929],[37.7673,7.3899],[37.7648,7.3889],[37.7629,7.3915],[37.7611,7.3935],[37.7592,7.3959],[37.7577,7.3993],[37.7562,7.4052],[37.7517,7.4043],[37.7483,7.4033],[37.7479,7.3998],[37.7481,7.3969],[37.7469,7.3936],[37.7456,7.3913],[37.7424,7.3897],[37.7386,7.3917],[37.7346,7.3941],[37.7318,7.3957],[37.7297,7.3972],[37.7261,7.4007],[37.7211,7.4037],[37.7188,7.4004],[37.7177,7.397],[37.7136,7.3974],[37.711,7.3985],[37.7089,7.395],[37.7058,7.3966],[37.7024,7.3969],[37.7,7.3986],[37.6977,7.4006],[37.6944,7.4029],[37.6919,7.4048],[37.6898,7.4087],[37.6868,7.4068],[37.6832,7.406],[37.6813,7.4079],[37.6793,7.4103],[37.6769,7.4086],[37.6736,7.41],[37.6741,7.4134],[37.6742,7.4164],[37.6712,7.4156],[37.6671,7.4156],[37.6661,7.4114],[37.6647,7.4087],[37.6627,7.4055],[37.662,7.4017],[37.6593,7.4014],[37.6589,7.3984],[37.6599,7.3956],[37.6603,7.3923],[37.6611,7.3862],[37.6595,7.384],[37.6603,7.3811],[37.6594,7.3784],[37.6562,7.3756],[37.6582,7.3724],[37.6596,7.3689],[37.6571,7.367],[37.6545,7.3672],[37.6505,7.3659],[37.6462,7.3652],[37.6437,7.363],[37.6415,7.3607],[37.6389,7.3643],[37.6375,7.3665],[37.6366,7.3697],[37.635,7.3729],[37.6336,7.3758],[37.629,7.3758],[37.6213,7.3811],[37.6177,7.3787],[37.612,7.3825],[37.6088,7.3835],[37.6059,7.3831],[37.6066,7.3801],[37.6039,7.3763],[37.602,7.3729],[37.5993,7.3754],[37.5943,7.3779],[37.5936,7.3734],[37.5917,7.3708],[37.5871,7.3691],[37.5859,7.3738],[37.583,7.3736],[37.5799,7.3744],[37.579,7.3733],[37.5761,7.3761],[37.5737,7.3802],[37.5754,7.3836],[37.5739,7.3873],[37.5724,7.3894],[37.5706,7.3917],[37.5668,7.394],[37.5647,7.3976],[37.5615,7.4003],[37.5592,7.4047],[37.557,7.4075],[37.5574,7.4118],[37.5617,7.4131],[37.5653,7.4161],[37.564,7.4205],[37.5625,7.4237],[37.5613,7.4268],[37.5568,7.4286],[37.5541,7.4303],[37.5505,7.4319],[37.5478,7.4334],[37.5443,7.4356],[37.5418,7.4374],[37.5372,7.4422],[37.5347,7.4439],[37.5316,7.4452],[37.5242,7.4448],[37.5201,7.4435],[37.5176,7.4444],[37.5151,7.4429],[37.5122,7.4439],[37.5095,7.4423],[37.5062,7.4429],[37.503,7.4434],[37.5,7.4442],[37.4968,7.4424],[37.4966,7.4374],[37.4914,7.4353],[37.4871,7.4329],[37.4827,7.4309],[37.4795,7.4315],[37.476,7.4318],[37.4726,7.4313],[37.4697,7.4307],[37.4669,7.4308],[37.4631,7.4291],[37.4596,7.4298],[37.4571,7.429],[37.4544,7.4297],[37.4479,7.4315],[37.4451,7.4333],[37.4438,7.4364],[37.4401,7.4381],[37.4348,7.4375],[37.4313,7.4367],[37.4268,7.4356],[37.4231,7.4356],[37.4189,7.4345],[37.4163,7.4315],[37.4142,7.4277],[37.4119,7.4245],[37.4059,7.4239],[37.402,7.4241],[37.4003,7.4213],[37.3957,7.4244],[37.395,7.425],[37.3967,7.4335],[37.4006,7.4606],[37.4072,7.4922],[37.4253,7.5238],[37.4387,7.5461],[37.4451,7.5643],[37.4536,7.5552],[37.4557,7.5536],[37.4595,7.5544],[37.4636,7.5527],[37.4685,7.5507],[37.4726,7.5512],[37.4757,7.553],[37.4783,7.5541],[37.4811,7.5553],[37.485,7.556],[37.4882,7.559],[37.4904,7.5615],[37.4946,7.5628],[37.4993,7.5656],[37.5025,7.5651],[37.5052,7.5641],[37.5086,7.564],[37.512,7.56],[37.5156,7.5562],[37.518,7.5522],[37.5219,7.5498],[37.5236,7.5466],[37.5225,7.5431],[37.528,7.5411],[37.5253,7.54],[37.5275,7.5366],[37.5309,7.5346],[37.533,7.5323],[37.536,7.5301],[37.5384,7.5311],[37.5399,7.5264],[37.5433,7.5243],[37.5455,7.5216],[37.5477,7.5201],[37.5492,7.5175],[37.5509,7.5147],[37.5542,7.5127],[37.5544,7.5093],[37.5566,7.5069],[37.557,7.504],[37.5611,7.5045],[37.5653,7.5036],[37.5687,7.5031],[37.5712,7.5039],[37.5767,7.5014],[37.5813,7.5039],[37.5856,7.5067],[37.5877,7.5096],[37.5901,7.5115],[37.5932,7.5119],[37.596,7.5118],[37.5989,7.5132],[37.6013,7.5141],[37.6056,7.5106],[37.6081,7.5078],[37.6056,7.5064],[37.6078,7.5033],[37.6105,7.5029],[37.6134,7.5006],[37.6163,7.4981],[37.6198,7.4988],[37.6235,7.499],[37.6269,7.4981],[37.6304,7.4993],[37.6362,7.4966],[37.6374,7.4932],[37.6415,7.492],[37.6459,7.4912],[37.6503,7.4897],[37.6517,7.487],[37.6551,7.4884],[37.658,7.4913],[37.6615,7.4932],[37.664,7.4917],[37.6673,7.4946],[37.6672,7.4995],[37.6654,7.5029],[37.6661,7.5066],[37.6626,7.5113],[37.6601,7.5141],[37.6604,7.5173],[37.6616,7.5203],[37.6664,7.5192],[37.6702,7.5183],[37.6742,7.5168],[37.6756,7.5144],[37.6783,7.5127],[37.676,7.5102],[37.6796,7.5089],[37.6827,7.5083],[37.6848,7.5068],[37.6908,7.5104],[37.6934,7.5123],[37.696,7.5115],[37.6978,7.5143],[37.6975,7.5185],[37.6963,7.5237],[37.6988,7.5245],[37.7017,7.5267],[37.7051,7.5277],[37.7107,7.5255],[37.7144,7.526],[37.7176,7.5259],[37.7213,7.5277],[37.7241,7.527],[37.7261,7.5237],[37.7285,7.5213],[37.7311,7.5195],[37.7346,7.5201],[37.7379,7.5196],[37.7418,7.5193],[37.7451,7.5204],[37.7457,7.5171],[37.7462,7.5145],[37.7479,7.5126],[37.7445,7.5101],[37.7408,7.5097],[37.7382,7.5094],[37.7352,7.5082],[37.7337,7.5058],[37.7318,7.5017],[37.7293,7.4989],[37.7281,7.4962],[37.7301,7.4927],[37.7323,7.4864],[37.7363,7.4867],[37.7404,7.4868],[37.7441,7.4848],[37.7441,7.4816],[37.7461,7.4799],[37.7504,7.4797],[37.7542,7.481],[37.7589,7.4786],[37.7636,7.478],[37.7675,7.4796],[37.7713,7.4779],[37.7742,7.4778],[37.7772,7.4794],[37.7803,7.4791],[37.7812,7.4754],[37.7836,7.4725],[37.7863,7.4701],[37.7888,7.4682],[37.79,7.4648],[37.7882,7.4616],[37.7836,7.4605],[37.7796,7.4609],[37.7768,7.4599],[37.7761,7.4566],[37.774,7.4542],[37.7743,7.4506],[37.78,7.4458],[37.7794,7.4429],[37.7789,7.4402],[37.7776,7.4371],[37.7781,7.4341],[37.7791,7.4316],[37.7754,7.4279],[37.7735,7.4242],[37.7706,7.4252],[37.7661,7.4253],[37.7668,7.4214],[37.768,7.417],[37.7692,7.4133],[37.7687,7.4116],[37.7707,7.4109],[37.7729,7.4119],[37.7759,7.4118],[37.7777,7.4107],[37.7825,7.4113],[37.7836,7.4124],[37.7869,7.4133],[37.79,7.4134],[37.7896,7.411]],[[37.6223,7.4417],[37.6262,7.4411],[37.6294,7.4423],[37.6328,7.4442],[37.6337,7.4484],[37.6313,7.4505],[37.6296,7.4534],[37.6268,7.456],[37.6242,7.4544],[37.621,7.454],[37.6172,7.4534],[37.6175,7.4497],[37.6171,7.4466],[37.6155,7.4426],[37.6186,7.442],[37.6223,7.4417]],[[37.6845,7.4546],[37.6857,7.4515],[37.6896,7.4489],[37.6929,7.4488],[37.6963,7.4502],[37.6991,7.4513],[37.6995,7.4571],[37.699,7.462],[37.6966,7.4639],[37.6953,7.4666],[37.6926,7.4676],[37.6892,7.468],[37.6859,7.4665],[37.6821,7.4657],[37.6805,7.4631],[37.6821,7.4577],[37.6845,7.4546]]]}},{"type":"Feature","properties":{"id":"LW017","woreda":"Angacha","zone":"Kembata","region":"Central Ethiopia","area_km2":153.1,"lat":7.3561,"lon":37.855},"geometry":{"type":"Polygon","coordinates":[[[37.8105,7.2942],[37.8095,7.2963],[37.8078,7.2987],[37.8072,7.3011],[37.8071,7.3032],[37.8061,7.3043],[37.8049,7.3058],[37.8054,7.306],[37.8085,7.3085],[37.8106,7.3105],[37.812,7.3129],[37.8132,7.314],[37.8143,7.3152],[37.815,7.3167],[37.8135,7.3177],[37.8125,7.3189],[37.8117,7.3221],[37.8104,7.3237],[37.8104,7.3251],[37.8097,7.3287],[37.8094,7.3299],[37.8098,7.3304],[37.8113,7.332],[37.8124,7.3328],[37.8138,7.3343],[37.813,7.3357],[37.8121,7.3369],[37.8128,7.3407],[37.814,7.3428],[37.815,7.3441],[37.8171,7.3451],[37.8212,7.3479],[37.8212,7.3493],[37.8209,7.3532],[37.8212,7.354],[37.8217,7.3537],[37.8243,7.3538],[37.8261,7.3545],[37.8257,7.359],[37.8257,7.3623],[37.8255,7.3628],[37.8258,7.3632],[37.8262,7.3662],[37.8262,7.373],[37.8263,7.3745],[37.8267,7.3786],[37.8267,7.3814],[37.8268,7.3835],[37.8286,7.384],[37.8272,7.3863],[37.8256,7.3886],[37.8254,7.3892],[37.8281,7.3904],[37.8289,7.3922],[37.8291,7.3932],[37.8293,7.3932],[37.8308,7.3958],[37.8305,7.3976],[37.83,7.3989],[37.8301,7.3996],[37.8321,7.4003],[37.8329,7.4008],[37.8339,7.402],[37.8353,7.4036],[37.8361,7.4038],[37.8368,7.4034],[37.8375,7.404],[37.8392,7.4055],[37.8395,7.4059],[37.8399,7.4061],[37.8401,7.407],[37.8406,7.4074],[37.8413,7.4075],[37.842,7.4086],[37.8426,7.4087],[37.8428,7.4097],[37.844,7.4127],[37.8443,7.4147],[37.8443,7.4162],[37.8458,7.4193],[37.8465,7.4208],[37.8474,7.422],[37.8473,7.4235],[37.847,7.4259],[37.8464,7.4272],[37.8461,7.4274],[37.8463,7.4277],[37.8464,7.4288],[37.8469,7.4295],[37.847,7.4299],[37.8482,7.4301],[37.8505,7.43],[37.8523,7.432],[37.8537,7.4325],[37.8555,7.4332],[37.857,7.4347],[37.8583,7.4361],[37.8592,7.4375],[37.8602,7.4392],[37.8603,7.4413],[37.8596,7.4434],[37.8608,7.4465],[37.8616,7.4482],[37.8621,7.4505],[37.8636,7.451],[37.8648,7.4517],[37.8671,7.4551],[37.8677,7.4563],[37.8688,7.457],[37.8703,7.4573],[37.8718,7.4582],[37.874,7.4583],[37.8746,7.4581],[37.8771,7.4572],[37.8774,7.4564],[37.8777,7.4559],[37.8793,7.4544],[37.8812,7.4543],[37.8826,7.4545],[37.8841,7.4556],[37.8853,7.4529],[37.8869,7.4524],[37.888,7.4517],[37.8896,7.4517],[37.8911,7.4513],[37.8918,7.4495],[37.8926,7.4479],[37.8921,7.4464],[37.8911,7.4454],[37.8921,7.4436],[37.8946,7.4438],[37.8951,7.4422],[37.8947,7.4402],[37.8966,7.4401],[37.8981,7.4405],[37.9007,7.4412],[37.9019,7.4406],[37.9032,7.4401],[37.9049,7.4392],[37.9079,7.4377],[37.9076,7.4372],[37.9085,7.4362],[37.9096,7.4353],[37.9109,7.434],[37.9129,7.4343],[37.9132,7.4347],[37.9134,7.4352],[37.9129,7.436],[37.9125,7.436],[37.9121,7.4365],[37.9127,7.4367],[37.9136,7.4362],[37.9165,7.4361],[37.9202,7.4333],[37.9187,7.4299],[37.9169,7.4287],[37.9173,7.4275],[37.918,7.4261],[37.9186,7.4257],[37.9187,7.4251],[37.9241,7.4213],[37.9267,7.4182],[37.9261,7.4136],[37.9245,7.409],[37.9234,7.4063],[37.9232,7.4029],[37.9229,7.4024],[37.9223,7.4008],[37.922,7.3988],[37.9206,7.398],[37.918,7.3974],[37.9159,7.3978],[37.9142,7.398],[37.9123,7.3976],[37.9108,7.3954],[37.9098,7.3934],[37.9081,7.3897],[37.9077,7.3882],[37.9073,7.3859],[37.907,7.3848],[37.9049,7.3832],[37.9035,7.382],[37.901,7.3795],[37.8998,7.3769],[37.8993,7.3742],[37.8995,7.3714],[37.9003,7.3697],[37.901,7.3679],[37.901,7.366],[37.9009,7.3657],[37.8997,7.3633],[37.8977,7.3615],[37.8952,7.3611],[37.8928,7.3613],[37.8927,7.3618],[37.892,7.3668],[37.8911,7.3682],[37.8906,7.3698],[37.8899,7.3704],[37.8889,7.3712],[37.8869,7.3714],[37.8847,7.37],[37.8841,7.3679],[37.8841,7.3672],[37.8846,7.3663],[37.8856,7.3641],[37.8863,7.3621],[37.8869,7.3611],[37.8864,7.3597],[37.8854,7.3586],[37.8847,7.3574],[37.8832,7.3548],[37.8823,7.3519],[37.8813,7.3484],[37.8808,7.3465],[37.8793,7.3438],[37.8786,7.3396],[37.8781,7.3388],[37.8781,7.3381],[37.8805,7.3371],[37.8821,7.3367],[37.8837,7.3358],[37.8849,7.3355],[37.8862,7.3346],[37.8875,7.3345],[37.8878,7.3334],[37.8873,7.3328],[37.8861,7.3323],[37.8861,7.3296],[37.8856,7.3293],[37.8845,7.3298],[37.8842,7.3295],[37.884,7.3286],[37.8834,7.3287],[37.8832,7.3283],[37.8829,7.3274],[37.8834,7.327],[37.8846,7.3271],[37.8847,7.3259],[37.8855,7.3248],[37.8838,7.3244],[37.8828,7.3236],[37.8829,7.3226],[37.8833,7.3224],[37.8833,7.3219],[37.8828,7.3204],[37.8825,7.3198],[37.881,7.3194],[37.8809,7.3181],[37.8802,7.3181],[37.88,7.3169],[37.8782,7.3171],[37.8776,7.3164],[37.8769,7.3171],[37.8764,7.316],[37.8753,7.3144],[37.874,7.3133],[37.875,7.3127],[37.8788,7.3121],[37.8801,7.3106],[37.8806,7.3089],[37.8795,7.3072],[37.8805,7.3046],[37.8815,7.301],[37.8819,7.2985],[37.8823,7.2961],[37.8823,7.2959],[37.8795,7.2957],[37.8775,7.2959],[37.8776,7.295],[37.877,7.2945],[37.8775,7.2928],[37.8764,7.29],[37.8759,7.2896],[37.8738,7.291],[37.8715,7.2921],[37.8714,7.292],[37.8713,7.2905],[37.8708,7.29],[37.8715,7.2894],[37.873,7.2882],[37.8726,7.2869],[37.872,7.2847],[37.8675,7.284],[37.8684,7.2819],[37.8644,7.2815],[37.8641,7.2793],[37.8666,7.2791],[37.8701,7.2785],[37.8722,7.2772],[37.872,7.2752],[37.8716,7.274],[37.8703,7.2728],[37.8692,7.2708],[37.8689,7.2689],[37.8669,7.2683],[37.8657,7.2669],[37.8646,7.2642],[37.863,7.2632],[37.8615,7.2623],[37.8598,7.2614],[37.8576,7.2593],[37.8558,7.2577],[37.8539,7.2578],[37.8513,7.2587],[37.8483,7.2591],[37.8464,7.2579],[37.8448,7.2571],[37.8443,7.2553],[37.8415,7.257],[37.8408,7.2568],[37.8383,7.2572],[37.835,7.2616],[37.8345,7.2608],[37.8324,7.2614],[37.8315,7.2609],[37.8299,7.2603],[37.8281,7.2575],[37.8275,7.2572],[37.8262,7.2577],[37.8246,7.2578],[37.823,7.258],[37.8224,7.2588],[37.8225,7.2598],[37.8225,7.2613],[37.8229,7.2631],[37.8243,7.2637],[37.825,7.2644],[37.8265,7.2645],[37.8267,7.2651],[37.8271,7.2662],[37.827,7.2672],[37.8267,7.2682],[37.8274,7.2694],[37.8277,7.2705],[37.8268,7.2711],[37.828,7.2724],[37.8273,7.275],[37.8267,7.2768],[37.8262,7.2787],[37.8261,7.2809],[37.8245,7.2834],[37.8244,7.2856],[37.8237,7.2871],[37.8226,7.2875],[37.8214,7.2878],[37.8182,7.289],[37.8174,7.2896],[37.8157,7.2901],[37.8141,7.2907],[37.8129,7.2913],[37.8112,7.2918],[37.8105,7.2942]]]}},{"type":"Feature","properties":{"id":"LW018","woreda":"Doyogena","zone":"Kembata","region":"Central Ethiopia","area_km2":130.6,"lat":7.3931,"lon":37.8004},"geometry":{"type":"Polygon","coordinates":[[[37.7673,7.3899],[37.7717,7.3929],[37.774,7.3975],[37.7755,7.3976],[37.777,7.3969],[37.7775,7.3973],[37.7792,7.399],[37.7805,7.3996],[37.7813,7.4005],[37.7819,7.4013],[37.7835,7.404],[37.7852,7.4057],[37.787,7.409],[37.7881,7.4106],[37.7896,7.411],[37.79,7.4134],[37.7926,7.417],[37.7943,7.4172],[37.7943,7.4174],[37.7954,7.419],[37.7958,7.4203],[37.7951,7.4218],[37.7952,7.4225],[37.7948,7.4239],[37.7981,7.4267],[37.8008,7.4287],[37.8034,7.4303],[37.8051,7.4318],[37.8057,7.4318],[37.8067,7.4326],[37.8074,7.4334],[37.8082,7.4348],[37.8091,7.4357],[37.8097,7.4364],[37.8099,7.4369],[37.8108,7.4381],[37.8111,7.4383],[37.8125,7.439],[37.8136,7.4401],[37.8141,7.4409],[37.8151,7.4412],[37.8168,7.4412],[37.8178,7.4418],[37.8185,7.4427],[37.8204,7.4435],[37.8209,7.4438],[37.8222,7.4434],[37.8229,7.4439],[37.825,7.4462],[37.8264,7.4463],[37.8283,7.448],[37.8297,7.4497],[37.8306,7.4504],[37.831,7.4514],[37.8322,7.4533],[37.8342,7.4543],[37.8353,7.4554],[37.8356,7.456],[37.8359,7.4568],[37.8347,7.4582],[37.8329,7.4596],[37.8319,7.4606],[37.8308,7.462],[37.83,7.4631],[37.829,7.4638],[37.8276,7.4651],[37.8271,7.4652],[37.8266,7.465],[37.826,7.4652],[37.8254,7.4662],[37.8252,7.4662],[37.8248,7.4672],[37.824,7.4664],[37.8221,7.4694],[37.8196,7.472],[37.8186,7.473],[37.8167,7.4728],[37.8121,7.4742],[37.8098,7.4772],[37.8103,7.4774],[37.8096,7.4784],[37.8088,7.479],[37.8095,7.4794],[37.8112,7.4805],[37.8149,7.4805],[37.8159,7.4807],[37.8182,7.4808],[37.8195,7.481],[37.821,7.481],[37.8229,7.4814],[37.8255,7.4821],[37.8273,7.4824],[37.8281,7.4832],[37.8297,7.4846],[37.8305,7.4855],[37.8319,7.4882],[37.8319,7.4889],[37.8309,7.4899],[37.8306,7.491],[37.8303,7.4918],[37.8295,7.4924],[37.8288,7.4935],[37.8279,7.4967],[37.8278,7.498],[37.8272,7.4991],[37.8274,7.4997],[37.8277,7.4997],[37.8281,7.5003],[37.8287,7.5006],[37.8294,7.5003],[37.8299,7.5008],[37.8305,7.501],[37.8315,7.5008],[37.8328,7.5009],[37.8337,7.5007],[37.8383,7.4987],[37.8405,7.4973],[37.8431,7.495],[37.8442,7.4935],[37.8443,7.4927],[37.8447,7.4915],[37.8449,7.4906],[37.8447,7.4879],[37.8444,7.4865],[37.8448,7.4848],[37.8449,7.482],[37.8465,7.4799],[37.8486,7.4776],[37.8481,7.4768],[37.8475,7.4756],[37.8476,7.4755],[37.8502,7.477],[37.8527,7.4794],[37.8531,7.4796],[37.8548,7.481],[37.8578,7.4799],[37.8608,7.4805],[37.8634,7.4823],[37.8652,7.48],[37.8664,7.4787],[37.8669,7.4777],[37.8693,7.4765],[37.8713,7.4757],[37.8727,7.4742],[37.8731,7.4733],[37.8737,7.4727],[37.8748,7.4715],[37.8754,7.4714],[37.8764,7.4717],[37.8768,7.4713],[37.8772,7.4706],[37.8775,7.4689],[37.8774,7.4681],[37.8778,7.4666],[37.8793,7.4654],[37.8793,7.4644],[37.8791,7.4629],[37.8794,7.4624],[37.88,7.462],[37.881,7.4609],[37.8812,7.46],[37.8816,7.4592],[37.8828,7.4591],[37.8833,7.4587],[37.8843,7.4575],[37.8841,7.4556],[37.8826,7.4545],[37.8812,7.4543],[37.8793,7.4544],[37.8777,7.4559],[37.8774,7.4564],[37.8771,7.4572],[37.8746,7.4581],[37.874,7.4583],[37.8718,7.4582],[37.8703,7.4573],[37.8688,7.457],[37.8677,7.4563],[37.8671,7.4551],[37.8648,7.4517],[37.8636,7.451],[37.8621,7.4505],[37.8616,7.4482],[37.8608,7.4465],[37.8596,7.4434],[37.8603,7.4413],[37.8602,7.4392],[37.8592,7.4375],[37.8583,7.4361],[37.857,7.4347],[37.8555,7.4332],[37.8537,7.4325],[37.8523,7.432],[37.8505,7.43],[37.8482,7.4301],[37.847,7.4299],[37.8469,7.4295],[37.8464,7.4288],[37.8463,7.4277],[37.8461,7.4274],[37.8464,7.4272],[37.847,7.4259],[37.8473,7.4235],[37.8474,7.422],[37.8465,7.4208],[37.8458,7.4193],[37.8443,7.4162],[37.8443,7.4147],[37.844,7.4127],[37.8428,7.4097],[37.8426,7.4087],[37.842,7.4086],[37.8413,7.4075],[37.8406,7.4074],[37.8401,7.407],[37.8399,7.4061],[37.8395,7.4059],[37.8392,7.4055],[37.8375,7.404],[37.8368,7.4034],[37.8361,7.4038],[37.8353,7.4036],[37.8339,7.402],[37.8329,7.4008],[37.8321,7.4003],[37.8301,7.3996],[37.83,7.3989],[37.8305,7.3976],[37.8308,7.3958],[37.8293,7.3932],[37.8291,7.3932],[37.8289,7.3922],[37.8281,7.3904],[37.8254,7.3892],[37.8256,7.3886],[37.8272,7.3863],[37.8286,7.384],[37.8268,7.3835],[37.8267,7.3814],[37.8267,7.3786],[37.8263,7.3745],[37.8262,7.373],[37.8262,7.3662],[37.8258,7.3632],[37.8255,7.3628],[37.8257,7.3623],[37.8257,7.359],[37.8261,7.3545],[37.8243,7.3538],[37.8217,7.3537],[37.8212,7.354],[37.8209,7.3532],[37.8212,7.3493],[37.8212,7.3479],[37.8171,7.3451],[37.815,7.3441],[37.814,7.3428],[37.8128,7.3407],[37.8121,7.3369],[37.813,7.3357],[37.8138,7.3343],[37.8124,7.3328],[37.8113,7.332],[37.8098,7.3304],[37.8094,7.3299],[37.8097,7.3287],[37.8104,7.3251],[37.8104,7.3237],[37.8117,7.3221],[37.8125,7.3189],[37.8135,7.3177],[37.815,7.3167],[37.8143,7.3152],[37.8132,7.314],[37.812,7.3129],[37.8106,7.3105],[37.8085,7.3085],[37.8054,7.306],[37.8049,7.3058],[37.8061,7.3043],[37.8071,7.3032],[37.8072,7.3011],[37.8078,7.2987],[37.8095,7.2963],[37.8105,7.2942],[37.8112,7.2918],[37.8108,7.2917],[37.81,7.2908],[37.8075,7.2915],[37.8047,7.2918],[37.7993,7.2924],[37.7983,7.2923],[37.7959,7.2907],[37.7949,7.2901],[37.7933,7.2912],[37.7915,7.2882],[37.7905,7.2874],[37.7875,7.287],[37.7853,7.2869],[37.7846,7.287],[37.7829,7.2884],[37.781,7.2894],[37.7786,7.2899],[37.7766,7.2894],[37.7758,7.2889],[37.7767,7.288],[37.774,7.2865],[37.7731,7.2861],[37.7717,7.2852],[37.7701,7.2851],[37.7678,7.2858],[37.7665,7.286],[37.7655,7.286],[37.7633,7.2871],[37.7625,7.2877],[37.7616,7.2896],[37.7619,7.2904],[37.7633,7.2908],[37.7659,7.2903],[37.7661,7.2917],[37.7657,7.2948],[37.7662,7.2954],[37.7667,7.297],[37.7692,7.2971],[37.7713,7.2964],[37.7727,7.297],[37.7745,7.2984],[37.7769,7.3005],[37.7766,7.3009],[37.7753,7.3014],[37.7751,7.3017],[37.7748,7.3017],[37.7729,7.3031],[37.7724,7.3034],[37.7701,7.3036],[37.7695,7.3047],[37.7696,7.3089],[37.7695,7.3101],[37.7693,7.3143],[37.7717,7.3144],[37.7736,7.316],[37.7736,7.3186],[37.7735,7.3189],[37.7717,7.3193],[37.7689,7.3194],[37.7676,7.3196],[37.7658,7.3204],[37.7649,7.3211],[37.7643,7.3224],[37.7646,7.3232],[37.7646,7.3239],[37.7634,7.3255],[37.7623,7.3262],[37.7614,7.3271],[37.7609,7.3287],[37.7593,7.33],[37.7579,7.3329],[37.7574,7.3335],[37.7571,7.3336],[37.7557,7.3346],[37.7547,7.335],[37.7535,7.3354],[37.7524,7.3351],[37.7517,7.3343],[37.7485,7.3337],[37.7473,7.334],[37.7425,7.3363],[37.7382,7.3387],[37.7397,7.3409],[37.7418,7.3425],[37.7445,7.3454],[37.7459,7.3495],[37.7498,7.3511],[37.7502,7.3538],[37.7505,7.3566],[37.7513,7.3591],[37.7524,7.3619],[37.751,7.3648],[37.7501,7.3682],[37.7523,7.3721],[37.7547,7.3772],[37.7541,7.3808],[37.7593,7.3825],[37.7614,7.3834],[37.764,7.3829],[37.7644,7.3836],[37.7653,7.3845],[37.7656,7.3848],[37.7665,7.3849],[37.7664,7.3856],[37.7656,7.3864],[37.7652,7.3873],[37.7653,7.3878],[37.7648,7.3889],[37.7673,7.3899]]]}},{"type":"Feature","properties":{"id":"LW019","woreda":"Degeluna Tijo","zone":"Arsi","region":"Oromia","area_km2":925.0,"lat":7.7545,"lon":39.2064},"geometry":{"type":"Polygon","coordinates":[[[39.344,7.6008],[39.3404,7.6005],[39.3379,7.5999],[39.3346,7.5998],[39.3286,7.5993],[39.3267,7.5992],[39.3204,7.6043],[39.3179,7.6061],[39.3156,7.6078],[39.314,7.6092],[39.3128,7.6104],[39.3114,7.6111],[39.3101,7.6079],[39.3085,7.6097],[39.3071,7.611],[39.3046,7.6123],[39.3033,7.6128],[39.3024,7.6133],[39.3047,7.6167],[39.3029,7.6159],[39.3008,7.6166],[39.2976,7.6133],[39.2948,7.6127],[39.2932,7.6132],[39.2894,7.6095],[39.2877,7.6103],[39.2837,7.6116],[39.2802,7.6139],[39.2771,7.6163],[39.2742,7.6184],[39.2753,7.62],[39.2739,7.6211],[39.2725,7.6221],[39.2703,7.6229],[39.2672,7.6237],[39.2662,7.6239],[39.2636,7.6248],[39.2621,7.6249],[39.2594,7.626],[39.2577,7.6263],[39.2561,7.6257],[39.2531,7.6262],[39.2527,7.6266],[39.2525,7.6272],[39.2522,7.6276],[39.2537,7.6285],[39.2533,7.6292],[39.2537,7.6307],[39.2524,7.6319],[39.251,7.6317],[39.2496,7.6334],[39.2485,7.634],[39.248,7.6346],[39.2442,7.6367],[39.2423,7.6368],[39.2412,7.6384],[39.2379,7.6384],[39.2335,7.639],[39.2344,7.6418],[39.2354,7.6439],[39.2355,7.6441],[39.2343,7.6442],[39.2268,7.6439],[39.2259,7.6441],[39.2259,7.6444],[39.2283,7.6472],[39.2292,7.6477],[39.2293,7.6486],[39.2288,7.6489],[39.2273,7.6489],[39.2247,7.6486],[39.2219,7.6487],[39.2196,7.6492],[39.2186,7.6497],[39.2177,7.6499],[39.2157,7.6505],[39.2145,7.6506],[39.2135,7.651],[39.211,7.6512],[39.21,7.6512],[39.2097,7.6509],[39.2078,7.6515],[39.2058,7.6524],[39.2038,7.6541],[39.2028,7.6545],[39.2022,7.6532],[39.2004,7.6521],[39.1995,7.6521],[39.1983,7.6514],[39.197,7.6514],[39.1959,7.6516],[39.1949,7.6513],[39.1932,7.6515],[39.1919,7.6523],[39.191,7.6528],[39.1907,7.6526],[39.1901,7.6529],[39.19,7.6532],[39.1892,7.6534],[39.1885,7.6531],[39.1876,7.6529],[39.1867,7.6526],[39.1863,7.6526],[39.1855,7.6532],[39.1849,7.6526],[39.1846,7.6525],[39.1841,7.6527],[39.1838,7.6533],[39.1835,7.6536],[39.1813,7.6536],[39.1806,7.654],[39.1793,7.6531],[39.179,7.6527],[39.179,7.6517],[39.1782,7.6512],[39.1778,7.6503],[39.1772,7.6484],[39.1755,7.6475],[39.174,7.6481],[39.1735,7.6481],[39.1731,7.6475],[39.1727,7.6475],[39.1716,7.6478],[39.1714,7.6473],[39.1706,7.6474],[39.17,7.648],[39.1696,7.6473],[39.1696,7.6466],[39.1687,7.6457],[39.1675,7.6453],[39.1669,7.6453],[39.1663,7.6457],[39.1659,7.6458],[39.1642,7.6458],[39.1638,7.6463],[39.1637,7.6472],[39.1633,7.6475],[39.1617,7.6475],[39.1608,7.6477],[39.1604,7.6477],[39.1598,7.6472],[39.1598,7.6463],[39.1596,7.6463],[39.1587,7.6467],[39.1587,7.6471],[39.1581,7.6472],[39.1577,7.6469],[39.1571,7.6463],[39.1561,7.6437],[39.1552,7.6431],[39.1541,7.6429],[39.1521,7.6435],[39.149,7.6427],[39.1482,7.6426],[39.1475,7.6426],[39.1469,7.643],[39.1469,7.6442],[39.1472,7.6446],[39.1474,7.6455],[39.1469,7.6458],[39.1453,7.6453],[39.1439,7.645],[39.1428,7.6455],[39.141,7.6464],[39.1403,7.6464],[39.1395,7.6456],[39.139,7.6458],[39.1386,7.6464],[39.1385,7.647],[39.1368,7.6486],[39.1356,7.6489],[39.1355,7.6483],[39.1352,7.648],[39.1346,7.648],[39.1335,7.6487],[39.1333,7.6501],[39.1329,7.6513],[39.132,7.6515],[39.1311,7.6515],[39.13,7.6519],[39.1295,7.6521],[39.1275,7.6529],[39.1283,7.6549],[39.1295,7.6561],[39.1272,7.6573],[39.1255,7.6572],[39.1243,7.6578],[39.1216,7.658],[39.1209,7.6602],[39.1188,7.6596],[39.1181,7.66],[39.1168,7.6623],[39.1154,7.6652],[39.1134,7.6636],[39.1126,7.6622],[39.1107,7.6615],[39.1099,7.6597],[39.1086,7.6584],[39.1063,7.654],[39.1047,7.6497],[39.1038,7.6492],[39.1001,7.649],[39.0976,7.6494],[39.0966,7.6491],[39.0965,7.6454],[39.0976,7.644],[39.0959,7.6394],[39.0942,7.6349],[39.0935,7.6333],[39.0915,7.6321],[39.0891,7.634],[39.0866,7.6333],[39.0843,7.6351],[39.0783,7.6403],[39.0758,7.6422],[39.0727,7.6445],[39.0698,7.6467],[39.0699,7.6495],[39.0687,7.6506],[39.0646,7.6508],[39.0626,7.6527],[39.0603,7.6546],[39.0591,7.6552],[39.055,7.6576],[39.0534,7.6565],[39.0519,7.6577],[39.0493,7.657],[39.0474,7.6576],[39.0451,7.6577],[39.0426,7.6565],[39.039,7.6557],[39.0384,7.6551],[39.0321,7.6624],[39.0191,7.6786],[39.0164,7.6814],[39.0156,7.6827],[39.0102,7.6842],[39.0069,7.6896],[39.0028,7.6967],[39.0,7.7038],[38.9988,7.705],[38.9961,7.7084],[38.9958,7.7109],[38.9964,7.7131],[38.9985,7.7169],[39.0001,7.7182],[39.0014,7.7201],[39.0027,7.7222],[39.0029,7.7223],[39.0059,7.7223],[39.0072,7.7232],[39.0086,7.7245],[39.0083,7.7248],[39.0107,7.7296],[39.0119,7.731],[39.0131,7.7336],[39.0136,7.7356],[39.0137,7.7357],[39.0114,7.7373],[39.0106,7.738],[39.0108,7.7424],[39.0107,7.7453],[39.0095,7.7462],[39.009,7.7472],[39.0098,7.7499],[39.0101,7.7536],[39.0091,7.7554],[39.0071,7.7579],[39.0057,7.7589],[39.0033,7.7602],[39.0019,7.7631],[39.0019,7.7636],[39.0021,7.7643],[39.0031,7.7646],[39.0042,7.7652],[39.0062,7.7688],[39.0054,7.7702],[39.002,7.7707],[39.0015,7.771],[39.0016,7.7733],[39.002,7.7765],[39.0036,7.7781],[39.005,7.7783],[39.0055,7.7775],[39.007,7.7758],[39.0083,7.7747],[39.0088,7.7748],[39.0099,7.7754],[39.0112,7.7762],[39.0128,7.7774],[39.0128,7.778],[39.0118,7.7793],[39.0111,7.7799],[39.012,7.7817],[39.0125,7.7825],[39.0131,7.7832],[39.0136,7.7831],[39.0141,7.7824],[39.0145,7.7821],[39.015,7.7822],[39.0158,7.7827],[39.0165,7.7836],[39.0169,7.7837],[39.0172,7.7833],[39.0184,7.7812],[39.0194,7.7798],[39.0203,7.7798],[39.0214,7.7805],[39.0226,7.7823],[39.0235,7.7845],[39.0237,7.7857],[39.0242,7.7869],[39.0245,7.7873],[39.0251,7.7884],[39.0255,7.7894],[39.0264,7.7905],[39.0269,7.7915],[39.0284,7.7923],[39.0324,7.7933],[39.0321,7.7953],[39.032,7.7964],[39.0321,7.8003],[39.0335,7.8003],[39.0333,7.8019],[39.0333,7.8035],[39.034,7.8055],[39.0347,7.8048],[39.0361,7.8045],[39.0378,7.8024],[39.0398,7.8028],[39.0406,7.8036],[39.0419,7.8056],[39.0425,7.8061],[39.0413,7.8095],[39.0416,7.8094],[39.0424,7.8098],[39.0434,7.8103],[39.0451,7.8098],[39.046,7.8093],[39.0471,7.8176],[39.0507,7.8169],[39.0529,7.8171],[39.0537,7.8171],[39.0548,7.8169],[39.0556,7.817],[39.0568,7.8171],[39.0555,7.8123],[39.0552,7.8115],[39.0552,7.8108],[39.0563,7.8113],[39.0601,7.8119],[39.0645,7.8124],[39.0657,7.8125],[39.0673,7.8121],[39.0699,7.8108],[39.0719,7.8097],[39.0721,7.8092],[39.0747,7.8096],[39.0786,7.8082],[39.0899,7.8094],[39.0998,7.8101],[39.1009,7.8104],[39.1018,7.8104],[39.1027,7.8102],[39.1054,7.8101],[39.1028,7.815],[39.1082,7.8151],[39.1116,7.815],[39.112,7.817],[39.1117,7.8182],[39.1109,7.822],[39.1145,7.8246],[39.117,7.8259],[39.1197,7.8265],[39.1202,7.8255],[39.1204,7.8246],[39.1204,7.8241],[39.1208,7.8238],[39.1213,7.8222],[39.1222,7.8208],[39.1241,7.8188],[39.1244,7.8184],[39.1247,7.8182],[39.1256,7.8169],[39.127,7.8134],[39.1281,7.8127],[39.1288,7.812],[39.1296,7.8118],[39.1309,7.8124],[39.1335,7.813],[39.135,7.8129],[39.1371,7.8131],[39.1387,7.813],[39.1395,7.8135],[39.1404,7.8138],[39.1415,7.8147],[39.1425,7.8137],[39.1458,7.8111],[39.1473,7.8097],[39.1488,7.8088],[39.1507,7.808],[39.1515,7.807],[39.154,7.8066],[39.1598,7.8058],[39.1619,7.8054],[39.1635,7.8039],[39.1653,7.8049],[39.1685,7.8044],[39.1749,7.803],[39.182,7.8012],[39.1846,7.8006],[39.1758,7.7947],[39.1768,7.7945],[39.1839,7.7924],[39.1958,7.7891],[39.1979,7.7891],[39.2019,7.7917],[39.2064,7.793],[39.214,7.7966],[39.2176,7.798],[39.2199,7.7997],[39.2185,7.8035],[39.2181,7.8036],[39.2205,7.8052],[39.222,7.8077],[39.2221,7.8081],[39.2249,7.8079],[39.2291,7.8102],[39.2314,7.8161],[39.2324,7.8221],[39.2333,7.8261],[39.2307,7.828],[39.2309,7.8285],[39.231,7.83],[39.2321,7.8314],[39.2337,7.8328],[39.2354,7.8345],[39.2365,7.8359],[39.237,7.8386],[39.237,7.8392],[39.2372,7.8392],[39.2399,7.8392],[39.2409,7.8397],[39.242,7.8399],[39.2445,7.8391],[39.2481,7.8381],[39.2486,7.8379],[39.2493,7.8374],[39.2495,7.8363],[39.2496,7.8352],[39.2491,7.8335],[39.2484,7.8308],[39.2494,7.8309],[39.2514,7.8309],[39.2538,7.8311],[39.2539,7.8314],[39.2542,7.8332],[39.2549,7.8345],[39.2555,7.8357],[39.2572,7.8354],[39.2578,7.8359],[39.2593,7.8368],[39.2603,7.8386],[39.2607,7.8395],[39.2625,7.8395],[39.2675,7.843],[39.2694,7.8467],[39.2726,7.8495],[39.2741,7.8493],[39.2766,7.8522],[39.2849,7.8545],[39.2896,7.8557],[39.2925,7.8563],[39.2947,7.8571],[39.2951,7.8583],[39.2958,7.8579],[39.296,7.8675],[39.2981,7.8776],[39.316,7.9019],[39.3208,7.907],[39.324,7.907],[39.3269,7.9052],[39.3287,7.9046],[39.3322,7.9046],[39.333,7.904],[39.3318,7.9033],[39.3397,7.9019],[39.3447,7.9011],[39.3533,7.8994],[39.3595,7.8986],[39.3642,7.8975],[39.368,7.897],[39.3687,7.8981],[39.3689,7.9],[39.3714,7.9],[39.3738,7.9005],[39.3756,7.9035],[39.3762,7.9047],[39.3785,7.9076],[39.3809,7.9094],[39.3827,7.9094],[39.385,7.9088],[39.3856,7.907],[39.3869,7.9051],[39.3862,7.9034],[39.3855,7.9017],[39.3837,7.8963],[39.3858,7.896],[39.3866,7.896],[39.3877,7.8958],[39.3888,7.8954],[39.3901,7.8952],[39.3912,7.8951],[39.3929,7.8955],[39.3938,7.8962],[39.3963,7.8969],[39.4006,7.8979],[39.4016,7.8976],[39.4023,7.8971],[39.4031,7.8966],[39.4037,7.8959],[39.4051,7.8955],[39.4063,7.8955],[39.4074,7.8958],[39.4087,7.8965],[39.4094,7.8971],[39.4108,7.897],[39.4111,7.8962],[39.4098,7.8923],[39.4081,7.8879],[39.4068,7.884],[39.4054,7.88],[39.4039,7.8744],[39.4026,7.8708],[39.4008,7.8653],[39.3997,7.8639],[39.3987,7.862],[39.3975,7.8591],[39.3972,7.8584],[39.397,7.8548],[39.3976,7.8534],[39.3987,7.853],[39.3998,7.8521],[39.4012,7.8511],[39.4016,7.8501],[39.4031,7.8484],[39.4039,7.8474],[39.4045,7.8455],[39.4055,7.8439],[39.4058,7.8419],[39.4066,7.8406],[39.4085,7.8393],[39.4081,7.837],[39.407,7.8329],[39.4039,7.827],[39.4028,7.8237],[39.403,7.822],[39.4025,7.8216],[39.4028,7.8202],[39.4024,7.8178],[39.4018,7.8153],[39.4018,7.81],[39.4017,7.8046],[39.4018,7.802],[39.4019,7.7972],[39.4017,7.7954],[39.4018,7.7929],[39.402,7.7893],[39.4022,7.7831],[39.4012,7.7813],[39.3992,7.7795],[39.3972,7.7778],[39.4016,7.7787],[39.4062,7.78],[39.4092,7.7802],[39.4105,7.7766],[39.4103,7.774],[39.4086,7.7708],[39.4076,7.7685],[39.4044,7.7632],[39.404,7.7617],[39.4037,7.7598],[39.4033,7.7562],[39.4031,7.7535],[39.4022,7.752],[39.4001,7.7505],[39.3983,7.7495],[39.3957,7.7476],[39.3948,7.7465],[39.3946,7.7449],[39.394,7.743],[39.3936,7.7422],[39.3937,7.742],[39.3956,7.7365],[39.3944,7.7374],[39.3939,7.7367],[39.3929,7.7353],[39.3913,7.7329],[39.3897,7.7308],[39.3897,7.7295],[39.3895,7.7273],[39.3891,7.7251],[39.3889,7.7236],[39.3889,7.7216],[39.3883,7.7166],[39.3879,7.7158],[39.3876,7.7139],[39.3875,7.7132],[39.3869,7.7099],[39.3867,7.7083],[39.3865,7.7047],[39.3865,7.7015],[39.3864,7.6987],[39.3857,7.6979],[39.3853,7.6975],[39.3844,7.6962],[39.3841,7.6953],[39.3831,7.6933],[39.3824,7.6916],[39.3824,7.691],[39.3823,7.6897],[39.3823,7.6865],[39.3817,7.6852],[39.3806,7.6823],[39.3803,7.6811],[39.38,7.6807],[39.3795,7.679],[39.3788,7.6769],[39.378,7.6753],[39.3767,7.6717],[39.3752,7.6673],[39.3748,7.6665],[39.3745,7.6648],[39.3735,7.6622],[39.3728,7.6598],[39.372,7.6574],[39.371,7.6538],[39.3705,7.6526],[39.3699,7.6518],[39.3641,7.6461],[39.3609,7.6427],[39.3602,7.6421],[39.3585,7.6406],[39.3566,7.6388],[39.3556,7.6375],[39.3502,7.6327],[39.3498,7.6319],[39.3529,7.6264],[39.3533,7.6253],[39.3535,7.6238],[39.3537,7.6234],[39.3537,7.6222],[39.3541,7.6207],[39.3543,7.6193],[39.3549,7.6152],[39.3551,7.6123],[39.3552,7.6106],[39.3551,7.6072],[39.3554,7.6025],[39.3545,7.6022],[39.3532,7.6021],[39.3522,7.6018],[39.3508,7.6018],[39.3495,7.6015],[39.3471,7.6012],[39.3469,7.601],[39.3456,7.6009],[39.344,7.6008]]]}},{"type":"Feature","properties":{"id":"LW020","woreda":"Hitosa","zone":"Arsi","region":"Oromia","area_km2":690.3,"lat":8.0671,"lon":39.214},"geometry":{"type":"Polygon","coordinates":[[[39.3687,7.8981],[39.368,7.897],[39.3642,7.8975],[39.3595,7.8986],[39.3533,7.8994],[39.3447,7.9011],[39.3397,7.9019],[39.3318,7.9033],[39.333,7.904],[39.3322,7.9046],[39.3287,7.9046],[39.3269,7.9052],[39.324,7.907],[39.3208,7.907],[39.3274,7.9141],[39.3121,7.9118],[39.3072,7.9106],[39.3056,7.9091],[39.3043,7.908],[39.3005,7.9023],[39.2979,7.8987],[39.2972,7.8971],[39.2961,7.8962],[39.2946,7.8944],[39.2934,7.894],[39.2755,7.8918],[39.2743,7.8915],[39.2721,7.8918],[39.2695,7.892],[39.2664,7.8928],[39.2635,7.8951],[39.2562,7.9008],[39.2555,7.9017],[39.2537,7.9024],[39.2522,7.9022],[39.2515,7.9018],[39.2498,7.9016],[39.2469,7.9012],[39.2449,7.9015],[39.2432,7.9024],[39.2424,7.9027],[39.2416,7.904],[39.2394,7.9076],[39.2367,7.9111],[39.2375,7.9112],[39.239,7.9111],[39.2405,7.9105],[39.2396,7.912],[39.2374,7.9143],[39.237,7.9149],[39.2363,7.9155],[39.2359,7.9166],[39.2351,7.917],[39.2341,7.9187],[39.2334,7.9213],[39.2329,7.924],[39.2337,7.9257],[39.2344,7.9269],[39.2348,7.9278],[39.2355,7.9281],[39.2376,7.931],[39.2383,7.9318],[39.2383,7.9334],[39.2359,7.934],[39.2371,7.9355],[39.2399,7.941],[39.239,7.9446],[39.239,7.9472],[39.2395,7.9477],[39.2392,7.9484],[39.239,7.9501],[39.2395,7.9531],[39.2404,7.9543],[39.2399,7.9572],[39.2395,7.9594],[39.2391,7.961],[39.2386,7.963],[39.2385,7.9659],[39.2383,7.9673],[39.2376,7.9682],[39.2372,7.9693],[39.2374,7.9778],[39.2362,7.9771],[39.2343,7.9763],[39.2326,7.9753],[39.2315,7.9744],[39.2308,7.9741],[39.2305,7.9752],[39.2305,7.976],[39.2298,7.9777],[39.2291,7.9804],[39.2291,7.9812],[39.2262,7.9838],[39.2243,7.9859],[39.2234,7.9875],[39.2222,7.99],[39.2221,7.9929],[39.2216,7.9945],[39.2212,7.9952],[39.2215,7.9958],[39.2214,7.9971],[39.2211,7.9984],[39.2199,7.9993],[39.2183,8.0001],[39.2171,8.001],[39.2163,8.002],[39.2162,8.003],[39.2159,8.004],[39.2157,8.0052],[39.2164,8.0068],[39.2159,8.0087],[39.2153,8.0097],[39.2138,8.0102],[39.2125,8.0102],[39.2116,8.0103],[39.2104,8.0109],[39.2093,8.0118],[39.2086,8.0138],[39.2078,8.015],[39.208,8.0156],[39.2086,8.0164],[39.2078,8.0172],[39.2079,8.0185],[39.2063,8.02],[39.2052,8.0205],[39.2045,8.0212],[39.2037,8.0225],[39.2029,8.0224],[39.2015,8.0233],[39.2004,8.0243],[39.1999,8.0249],[39.1983,8.0258],[39.1952,8.0269],[39.1933,8.0272],[39.1907,8.0274],[39.1893,8.0281],[39.1866,8.0294],[39.1849,8.029],[39.1798,8.0296],[39.1786,8.0303],[39.1768,8.0313],[39.1749,8.0316],[39.174,8.0317],[39.1759,8.0329],[39.1763,8.034],[39.1753,8.0369],[39.1736,8.0363],[39.172,8.0365],[39.169,8.0381],[39.1679,8.0384],[39.1665,8.0383],[39.1655,8.0385],[39.1654,8.0382],[39.1643,8.0388],[39.1635,8.0395],[39.1623,8.0393],[39.1607,8.0406],[39.1599,8.0407],[39.1578,8.041],[39.1571,8.0414],[39.1552,8.0419],[39.1531,8.0415],[39.1524,8.0414],[39.151,8.0415],[39.1473,8.0396],[39.1454,8.0392],[39.1444,8.0389],[39.1427,8.0387],[39.1416,8.0382],[39.1402,8.0382],[39.1381,8.0379],[39.138,8.038],[39.1365,8.0376],[39.1358,8.0397],[39.1352,8.0404],[39.1327,8.0426],[39.1305,8.0446],[39.13,8.0456],[39.1316,8.0475],[39.1326,8.0501],[39.1336,8.0515],[39.1351,8.0559],[39.135,8.0568],[39.1328,8.0578],[39.1323,8.0583],[39.126,8.062],[39.1249,8.0638],[39.1284,8.0692],[39.1313,8.074],[39.1252,8.0769],[39.1179,8.0656],[39.1102,8.0557],[39.1074,8.0568],[39.1054,8.0521],[39.102,8.0503],[39.1006,8.0481],[39.0979,8.0481],[39.0955,8.0459],[39.0932,8.0443],[39.0935,8.0477],[39.0896,8.049],[39.0911,8.0535],[39.0923,8.0591],[39.0967,8.0659],[39.0998,8.0683],[39.1062,8.082],[39.106,8.0831],[39.1046,8.0834],[39.1024,8.0837],[39.1014,8.0842],[39.1007,8.0858],[39.1041,8.0948],[39.1075,8.1054],[39.1078,8.1098],[39.1084,8.1144],[39.1041,8.1187],[39.1008,8.1201],[39.1006,8.12],[39.1009,8.1214],[39.1054,8.1304],[39.1066,8.1347],[39.1056,8.1351],[39.105,8.1348],[39.1031,8.1351],[39.1,8.1387],[39.1011,8.1443],[39.1041,8.1549],[39.1037,8.1647],[39.0998,8.1705],[39.0998,8.1714],[39.0996,8.1716],[39.1004,8.1737],[39.1006,8.1753],[39.1032,8.179],[39.104,8.1808],[39.1046,8.1809],[39.1062,8.182],[39.1073,8.1821],[39.1091,8.1828],[39.1112,8.1832],[39.1127,8.1806],[39.1136,8.1784],[39.1143,8.1777],[39.1137,8.1764],[39.1165,8.1763],[39.1178,8.1774],[39.1207,8.1781],[39.1214,8.1785],[39.1259,8.178],[39.1306,8.1777],[39.138,8.1776],[39.1414,8.1774],[39.1417,8.1798],[39.1422,8.1822],[39.1429,8.1861],[39.1437,8.1894],[39.1443,8.1919],[39.1447,8.1942],[39.146,8.1984],[39.1464,8.201],[39.1472,8.2048],[39.1481,8.2065],[39.149,8.2084],[39.1501,8.2113],[39.1516,8.2155],[39.1521,8.2172],[39.1529,8.2186],[39.1535,8.2207],[39.1542,8.2223],[39.1552,8.2251],[39.1561,8.2275],[39.1583,8.2294],[39.1613,8.2314],[39.1638,8.2334],[39.1653,8.235],[39.1671,8.2352],[39.1701,8.2355],[39.1722,8.2361],[39.1749,8.2362],[39.177,8.2356],[39.1787,8.2355],[39.1801,8.235],[39.1819,8.2348],[39.1828,8.2349],[39.1838,8.2347],[39.1855,8.2345],[39.1875,8.2345],[39.1894,8.2345],[39.193,8.2348],[39.1959,8.2346],[39.1981,8.2343],[39.2004,8.234],[39.2012,8.2346],[39.2017,8.2346],[39.204,8.2351],[39.205,8.2356],[39.2061,8.2356],[39.2088,8.2373],[39.209,8.2378],[39.2098,8.2383],[39.2115,8.2385],[39.2138,8.2375],[39.2148,8.2392],[39.2156,8.2406],[39.2171,8.2413],[39.2185,8.241],[39.2219,8.2417],[39.2254,8.2409],[39.2284,8.2402],[39.2315,8.2388],[39.2338,8.2385],[39.2355,8.2384],[39.2392,8.239],[39.2415,8.2396],[39.2436,8.2409],[39.2454,8.2424],[39.2469,8.2407],[39.2465,8.24],[39.2473,8.239],[39.2475,8.2383],[39.2486,8.2369],[39.2488,8.2362],[39.2488,8.2358],[39.2496,8.2341],[39.2498,8.2309],[39.2496,8.2283],[39.2498,8.2273],[39.2506,8.227],[39.2534,8.2269],[39.2545,8.227],[39.2569,8.2279],[39.2586,8.2288],[39.2597,8.2287],[39.2612,8.2295],[39.2617,8.2293],[39.2622,8.229],[39.2628,8.2285],[39.2637,8.2279],[39.2653,8.2267],[39.2669,8.2252],[39.2673,8.2246],[39.268,8.2239],[39.2686,8.2238],[39.2694,8.2222],[39.2746,8.2151],[39.2747,8.2147],[39.2778,8.212],[39.279,8.2119],[39.2835,8.2066],[39.2876,8.1941],[39.288,8.1927],[39.2889,8.1895],[39.2903,8.1866],[39.293,8.1847],[39.294,8.1838],[39.2972,8.1805],[39.2992,8.1783],[39.3001,8.177],[39.3026,8.1748],[39.3038,8.1725],[39.3065,8.17],[39.3081,8.1664],[39.3092,8.1631],[39.3112,8.1601],[39.3135,8.1573],[39.3158,8.1541],[39.3179,8.1505],[39.3197,8.1463],[39.3202,8.145],[39.3206,8.1421],[39.3217,8.1388],[39.3217,8.1376],[39.3214,8.1367],[39.3209,8.1362],[39.32,8.1351],[39.3188,8.1339],[39.3174,8.1331],[39.3167,8.1326],[39.3151,8.1315],[39.3136,8.1304],[39.3127,8.1283],[39.3112,8.1265],[39.3092,8.1239],[39.3084,8.1229],[39.3047,8.1209],[39.3033,8.1203],[39.3032,8.1178],[39.3053,8.1189],[39.3064,8.1194],[39.308,8.1203],[39.309,8.1193],[39.31,8.1172],[39.3102,8.1159],[39.3087,8.1142],[39.3069,8.1128],[39.3054,8.1115],[39.3049,8.1111],[39.305,8.1099],[39.3057,8.1078],[39.3064,8.1064],[39.3074,8.1055],[39.3092,8.1063],[39.3102,8.1056],[39.3112,8.1037],[39.3107,8.1029],[39.3095,8.1022],[39.3116,8.1005],[39.3143,8.0985],[39.3148,8.0978],[39.315,8.0964],[39.3138,8.0953],[39.3124,8.0947],[39.3114,8.0938],[39.3096,8.0925],[39.3087,8.0916],[39.3076,8.0907],[39.3064,8.0905],[39.3051,8.0895],[39.3039,8.0883],[39.3029,8.0876],[39.3021,8.0873],[39.3009,8.0861],[39.2988,8.0842],[39.2991,8.083],[39.2991,8.0824],[39.2996,8.0816],[39.3,8.0804],[39.3004,8.0794],[39.3001,8.0784],[39.2989,8.0766],[39.299,8.0753],[39.2997,8.0738],[39.3001,8.0728],[39.3001,8.0722],[39.299,8.0713],[39.299,8.0702],[39.2999,8.0691],[39.3008,8.0672],[39.3014,8.0666],[39.3014,8.0652],[39.3023,8.0646],[39.3026,8.0635],[39.3033,8.0624],[39.3028,8.061],[39.3029,8.0605],[39.3037,8.0589],[39.304,8.0578],[39.3041,8.0566],[39.3044,8.0558],[39.3055,8.0552],[39.306,8.0537],[39.3065,8.0526],[39.3076,8.0546],[39.31,8.0585],[39.3127,8.0631],[39.3139,8.0643],[39.3158,8.0648],[39.317,8.0655],[39.3196,8.0675],[39.3219,8.0695],[39.3226,8.069],[39.3225,8.0679],[39.3225,8.0673],[39.323,8.0668],[39.3229,8.066],[39.3235,8.0653],[39.3232,8.0648],[39.3225,8.0638],[39.3224,8.0626],[39.3211,8.0602],[39.3198,8.0582],[39.3194,8.0567],[39.3202,8.0557],[39.3177,8.0548],[39.3177,8.0543],[39.3184,8.0531],[39.32,8.051],[39.3208,8.0503],[39.3208,8.0492],[39.3222,8.0446],[39.3224,8.0434],[39.3243,8.0433],[39.3252,8.0442],[39.3262,8.0443],[39.3259,8.0432],[39.3262,8.0415],[39.3261,8.0398],[39.3274,8.0386],[39.3283,8.0374],[39.3282,8.0364],[39.3291,8.0356],[39.3312,8.0359],[39.3322,8.036],[39.3327,8.0353],[39.333,8.0338],[39.334,8.0315],[39.3348,8.0299],[39.335,8.0285],[39.3352,8.0257],[39.3356,8.0236],[39.3361,8.0232],[39.3376,8.0241],[39.3389,8.0252],[39.3411,8.0266],[39.3449,8.0289],[39.3458,8.0278],[39.3466,8.0265],[39.3484,8.0235],[39.3495,8.0233],[39.3526,8.0215],[39.3542,8.021],[39.3561,8.0202],[39.3547,8.0176],[39.3541,8.016],[39.3532,8.0146],[39.3527,8.0128],[39.3536,8.0121],[39.3557,8.0101],[39.3562,8.0097],[39.3567,8.0097],[39.3582,8.009],[39.3608,8.0084],[39.3639,8.0087],[39.367,8.0092],[39.3694,8.0086],[39.3719,8.0077],[39.3745,8.0074],[39.3762,8.0069],[39.3762,8.0064],[39.3751,8.0039],[39.375,8.003],[39.3758,8.0018],[39.376,8.0004],[39.3755,7.9987],[39.3745,7.9968],[39.3744,7.9946],[39.3741,7.9926],[39.3739,7.9899],[39.3737,7.9867],[39.3736,7.9857],[39.3738,7.9845],[39.3746,7.9834],[39.3761,7.9826],[39.3773,7.98],[39.3791,7.9789],[39.3802,7.9783],[39.3844,7.9762],[39.387,7.9744],[39.3886,7.9726],[39.3903,7.973],[39.3901,7.9726],[39.3925,7.9717],[39.3932,7.9706],[39.3939,7.9692],[39.3951,7.9661],[39.3958,7.9649],[39.3977,7.963],[39.4,7.9611],[39.4015,7.9597],[39.4019,7.9586],[39.4012,7.957],[39.401,7.9552],[39.4001,7.9527],[39.3987,7.9504],[39.3976,7.9472],[39.3966,7.9447],[39.3958,7.9425],[39.3936,7.9402],[39.3904,7.9373],[39.3844,7.9313],[39.3812,7.9268],[39.3775,7.9216],[39.3741,7.9168],[39.3728,7.9151],[39.3715,7.9138],[39.3704,7.9094],[39.3694,7.9039],[39.3689,7.9],[39.3687,7.8981]]]}},{"type":"Feature","properties":{"id":"LW021","woreda":"Inkolo Wabe","zone":"Arsi","region":"Oromia","area_km2":317.8,"lat":7.4212,"lon":39.4344},"geometry":{"type":"Polygon","coordinates":[[[39.4989,7.357],[39.4976,7.3592],[39.4958,7.3611],[39.4928,7.3633],[39.491,7.3639],[39.4888,7.3635],[39.4864,7.3621],[39.4848,7.361],[39.4825,7.3611],[39.4796,7.3609],[39.4772,7.3612],[39.4741,7.3613],[39.4723,7.3588],[39.4705,7.3577],[39.469,7.3568],[39.4675,7.3567],[39.4662,7.3571],[39.4646,7.357],[39.462,7.3566],[39.4596,7.3559],[39.4576,7.3559],[39.4576,7.3564],[39.4571,7.3561],[39.4562,7.3563],[39.455,7.357],[39.4539,7.3566],[39.452,7.3562],[39.451,7.3546],[39.45,7.3544],[39.4488,7.354],[39.4484,7.3545],[39.4484,7.3537],[39.4462,7.353],[39.4428,7.3518],[39.4411,7.3509],[39.439,7.3504],[39.4376,7.3501],[39.4366,7.3503],[39.4347,7.3503],[39.4324,7.3501],[39.4284,7.3506],[39.4265,7.3505],[39.425,7.3502],[39.4226,7.3505],[39.4219,7.3512],[39.4192,7.3519],[39.4169,7.353],[39.417,7.3534],[39.4156,7.3538],[39.4156,7.3543],[39.4146,7.355],[39.4127,7.3556],[39.4104,7.3566],[39.4074,7.3564],[39.406,7.3554],[39.4051,7.356],[39.4037,7.3564],[39.4001,7.3564],[39.3977,7.3557],[39.3956,7.3548],[39.3938,7.3535],[39.3922,7.3528],[39.3913,7.353],[39.3899,7.3534],[39.3877,7.3544],[39.3876,7.3547],[39.3869,7.3546],[39.3862,7.3548],[39.3852,7.3554],[39.3836,7.3557],[39.3826,7.3555],[39.3816,7.3562],[39.3801,7.3579],[39.3787,7.3588],[39.3775,7.36],[39.3768,7.3604],[39.3763,7.3612],[39.3751,7.3623],[39.373,7.3623],[39.371,7.3632],[39.365,7.3661],[39.3621,7.3675],[39.3577,7.3691],[39.3541,7.3711],[39.3545,7.3719],[39.3541,7.3726],[39.353,7.375],[39.3501,7.3786],[39.3488,7.3797],[39.3477,7.3804],[39.3478,7.3805],[39.3466,7.3823],[39.3443,7.3831],[39.342,7.3836],[39.3403,7.3839],[39.338,7.3846],[39.3372,7.385],[39.3363,7.3856],[39.3346,7.3873],[39.3342,7.3883],[39.3331,7.3909],[39.3319,7.3929],[39.331,7.3939],[39.3296,7.3944],[39.3265,7.3951],[39.3246,7.395],[39.3229,7.3957],[39.3213,7.3967],[39.3195,7.3979],[39.3186,7.3999],[39.3176,7.4018],[39.3167,7.4037],[39.3147,7.4068],[39.3151,7.4069],[39.3158,7.4086],[39.3167,7.4098],[39.3174,7.4103],[39.318,7.4111],[39.3184,7.4124],[39.3183,7.4136],[39.3187,7.4154],[39.3193,7.4174],[39.3195,7.4186],[39.32,7.4189],[39.3212,7.4185],[39.3228,7.4187],[39.3231,7.419],[39.3233,7.4196],[39.3236,7.4192],[39.3243,7.4194],[39.3246,7.4205],[39.3267,7.4222],[39.3293,7.4239],[39.3299,7.4252],[39.3314,7.4259],[39.3338,7.4266],[39.3345,7.4279],[39.335,7.431],[39.3352,7.4335],[39.3348,7.4358],[39.3336,7.4375],[39.333,7.4388],[39.3333,7.4401],[39.3324,7.4459],[39.333,7.4471],[39.3334,7.4486],[39.3355,7.4513],[39.3394,7.4543],[39.3425,7.4567],[39.3452,7.4583],[39.3461,7.4591],[39.3474,7.4597],[39.3502,7.4619],[39.3507,7.4628],[39.3505,7.4643],[39.3495,7.4672],[39.3497,7.4682],[39.3493,7.4681],[39.3491,7.4693],[39.3487,7.4732],[39.3473,7.4728],[39.3454,7.4743],[39.3447,7.4766],[39.344,7.4788],[39.3436,7.4794],[39.3438,7.4798],[39.344,7.4827],[39.3446,7.4846],[39.3454,7.4855],[39.3475,7.4851],[39.3491,7.4854],[39.3508,7.4859],[39.3523,7.4876],[39.3529,7.4872],[39.3538,7.4862],[39.3545,7.4858],[39.3555,7.4851],[39.3571,7.4854],[39.3588,7.486],[39.3598,7.4869],[39.3607,7.4871],[39.3624,7.4868],[39.364,7.4867],[39.366,7.4866],[39.3675,7.4865],[39.3686,7.4871],[39.37,7.4871],[39.3714,7.4865],[39.3719,7.4859],[39.3726,7.4856],[39.3727,7.4852],[39.3735,7.4845],[39.3762,7.4837],[39.3762,7.484],[39.3769,7.4836],[39.3784,7.4838],[39.3808,7.483],[39.3816,7.4827],[39.3844,7.4827],[39.3854,7.483],[39.3861,7.4846],[39.387,7.4849],[39.3877,7.4859],[39.3905,7.487],[39.3925,7.4866],[39.3938,7.4863],[39.3953,7.4867],[39.3973,7.487],[39.3991,7.488],[39.4002,7.489],[39.4015,7.4892],[39.4035,7.4886],[39.4049,7.4888],[39.4065,7.49],[39.4084,7.4895],[39.4102,7.4887],[39.4112,7.4873],[39.4134,7.4867],[39.4155,7.4863],[39.4177,7.4865],[39.4194,7.4875],[39.4217,7.4868],[39.4236,7.487],[39.4258,7.4879],[39.4266,7.4884],[39.4275,7.4893],[39.4282,7.491],[39.4289,7.4921],[39.4302,7.492],[39.4316,7.4919],[39.4335,7.4919],[39.434,7.4921],[39.4345,7.4927],[39.4358,7.4923],[39.4368,7.4923],[39.4377,7.4924],[39.4382,7.4927],[39.4388,7.4901],[39.4393,7.4884],[39.4396,7.4867],[39.4396,7.4851],[39.4418,7.4838],[39.4442,7.4839],[39.4448,7.4832],[39.4463,7.4823],[39.4475,7.4822],[39.4493,7.4828],[39.45,7.4831],[39.4514,7.4833],[39.4533,7.4818],[39.4546,7.4795],[39.4559,7.4782],[39.4589,7.4775],[39.4596,7.4775],[39.4602,7.4771],[39.4611,7.4768],[39.4616,7.4768],[39.4624,7.4759],[39.4634,7.475],[39.4646,7.4742],[39.4666,7.4737],[39.4688,7.473],[39.4707,7.4717],[39.4726,7.4721],[39.4733,7.471],[39.4731,7.47],[39.4733,7.4694],[39.4738,7.4691],[39.4745,7.469],[39.4752,7.4679],[39.4751,7.467],[39.4759,7.4645],[39.4743,7.462],[39.4753,7.4626],[39.4761,7.4614],[39.4794,7.4609],[39.4801,7.4593],[39.4792,7.4581],[39.4826,7.457],[39.4841,7.4559],[39.4846,7.4555],[39.4856,7.455],[39.4863,7.4552],[39.487,7.4552],[39.4878,7.4547],[39.4888,7.4545],[39.4896,7.4545],[39.491,7.4546],[39.492,7.4546],[39.4933,7.4542],[39.4935,7.4533],[39.494,7.4528],[39.4953,7.4527],[39.4964,7.4519],[39.4982,7.4519],[39.4985,7.4522],[39.4998,7.454],[39.5009,7.4539],[39.5016,7.4536],[39.5028,7.4536],[39.5043,7.4535],[39.5047,7.4537],[39.5053,7.4537],[39.5049,7.4521],[39.5054,7.4516],[39.5059,7.4514],[39.5067,7.4519],[39.5078,7.4533],[39.5082,7.4536],[39.5098,7.4538],[39.5103,7.4539],[39.5108,7.4526],[39.5108,7.4516],[39.511,7.4507],[39.512,7.4493],[39.5124,7.4489],[39.5131,7.4488],[39.5139,7.449],[39.5145,7.4488],[39.5156,7.449],[39.5167,7.4469],[39.5192,7.4463],[39.5196,7.4458],[39.5205,7.4453],[39.5216,7.4453],[39.5223,7.4456],[39.5227,7.4468],[39.5237,7.447],[39.5245,7.4478],[39.5257,7.4484],[39.5261,7.4488],[39.5267,7.4489],[39.5277,7.4496],[39.5302,7.4512],[39.5304,7.4518],[39.5305,7.4537],[39.5308,7.4554],[39.5306,7.4559],[39.5308,7.4564],[39.5308,7.4578],[39.531,7.4582],[39.5323,7.4579],[39.5324,7.4581],[39.5323,7.4592],[39.5325,7.4595],[39.5334,7.4598],[39.5344,7.4607],[39.5346,7.4612],[39.5354,7.4633],[39.5354,7.4642],[39.535,7.4648],[39.5339,7.4654],[39.5336,7.4658],[39.5331,7.4671],[39.5328,7.4682],[39.5328,7.4698],[39.5341,7.47],[39.5347,7.4704],[39.5353,7.4721],[39.5372,7.4723],[39.5387,7.4728],[39.5413,7.4719],[39.5429,7.4733],[39.5441,7.4718],[39.5447,7.4718],[39.5453,7.4724],[39.5459,7.4724],[39.5471,7.4719],[39.5478,7.4724],[39.5481,7.4727],[39.548,7.4735],[39.5483,7.4735],[39.5489,7.4738],[39.5491,7.4748],[39.5494,7.4752],[39.5502,7.4755],[39.5519,7.4757],[39.5536,7.4766],[39.5548,7.4768],[39.5565,7.4776],[39.5577,7.4783],[39.5585,7.4785],[39.5588,7.4779],[39.5601,7.4776],[39.5607,7.4773],[39.5618,7.4773],[39.5627,7.4768],[39.5638,7.4767],[39.5649,7.477],[39.5663,7.4771],[39.5668,7.4773],[39.5676,7.4779],[39.569,7.4779],[39.5701,7.4775],[39.5708,7.4776],[39.5716,7.478],[39.5714,7.4781],[39.5715,7.4792],[39.5721,7.4802],[39.5726,7.4806],[39.5735,7.4808],[39.5748,7.481],[39.5765,7.4814],[39.5778,7.4817],[39.5778,7.4824],[39.5782,7.4826],[39.5793,7.4826],[39.58,7.483],[39.581,7.4832],[39.5827,7.4829],[39.5833,7.4825],[39.5841,7.4825],[39.5856,7.4814],[39.5865,7.4812],[39.5871,7.4813],[39.5875,7.4816],[39.5893,7.4832],[39.5906,7.4839],[39.591,7.4839],[39.592,7.4836],[39.5932,7.4835],[39.5938,7.484],[39.595,7.4848],[39.597,7.4854],[39.5981,7.4856],[39.599,7.4861],[39.5996,7.4862],[39.5998,7.4868],[39.6007,7.4879],[39.6013,7.4885],[39.6017,7.4891],[39.6043,7.4885],[39.6046,7.4885],[39.6052,7.4874],[39.6062,7.4868],[39.6072,7.4854],[39.6072,7.4848],[39.6078,7.4842],[39.6085,7.4842],[39.6086,7.484],[39.6085,7.4834],[39.6088,7.4828],[39.611,7.4818],[39.6115,7.4813],[39.612,7.4811],[39.6132,7.4806],[39.6146,7.4805],[39.6166,7.4802],[39.6177,7.4815],[39.6193,7.4822],[39.6198,7.4827],[39.6201,7.4833],[39.6214,7.4843],[39.6218,7.4845],[39.6229,7.4848],[39.6234,7.4848],[39.6243,7.4853],[39.625,7.4853],[39.6263,7.4863],[39.6274,7.487],[39.6286,7.4864],[39.63,7.4864],[39.6309,7.4868],[39.6333,7.4866],[39.6338,7.4864],[39.6343,7.4858],[39.6341,7.484],[39.635,7.4835],[39.6362,7.4811],[39.6377,7.4799],[39.6381,7.4791],[39.6383,7.4783],[39.6369,7.4781],[39.6362,7.4758],[39.6353,7.476],[39.633,7.4755],[39.6328,7.4749],[39.6324,7.4725],[39.6318,7.4712],[39.6308,7.4699],[39.6282,7.4694],[39.6266,7.4684],[39.6245,7.4645],[39.624,7.4627],[39.6227,7.4607],[39.6218,7.4586],[39.6195,7.4577],[39.6174,7.4564],[39.6166,7.4553],[39.6166,7.4539],[39.6157,7.4533],[39.6133,7.4531],[39.6114,7.4525],[39.6109,7.4522],[39.6096,7.4519],[39.6081,7.4491],[39.6075,7.4489],[39.6054,7.4476],[39.6034,7.4458],[39.6021,7.4459],[39.6002,7.4466],[39.5967,7.4458],[39.594,7.447],[39.5933,7.4479],[39.5911,7.4493],[39.59,7.4486],[39.5881,7.4474],[39.5861,7.4475],[39.5843,7.4493],[39.5828,7.4486],[39.5818,7.4475],[39.5811,7.4462],[39.5798,7.4447],[39.5773,7.4435],[39.5744,7.443],[39.5729,7.4435],[39.5723,7.4446],[39.5707,7.4465],[39.5692,7.4462],[39.5683,7.4457],[39.5663,7.4454],[39.565,7.4445],[39.5632,7.4428],[39.5606,7.4423],[39.5594,7.4412],[39.5587,7.4412],[39.5565,7.4398],[39.5565,7.4387],[39.5568,7.4373],[39.5562,7.4356],[39.5548,7.4348],[39.5531,7.4339],[39.5521,7.4327],[39.55,7.4318],[39.5488,7.4308],[39.5483,7.4299],[39.5466,7.4291],[39.5456,7.4282],[39.5455,7.4267],[39.5451,7.4258],[39.5443,7.4253],[39.5443,7.4244],[39.5431,7.4234],[39.5431,7.4218],[39.5433,7.4208],[39.5429,7.4181],[39.5434,7.4171],[39.543,7.4155],[39.5426,7.4137],[39.5422,7.4111],[39.5425,7.4102],[39.5435,7.4086],[39.5439,7.4076],[39.5437,7.4061],[39.5432,7.4039],[39.5414,7.4025],[39.5391,7.4017],[39.5369,7.3998],[39.5352,7.3994],[39.5335,7.3993],[39.5319,7.3982],[39.5301,7.3986],[39.5295,7.3982],[39.5268,7.3985],[39.5251,7.3988],[39.5241,7.3983],[39.5224,7.3972],[39.5209,7.3952],[39.5204,7.3938],[39.5203,7.3916],[39.5181,7.3871],[39.518,7.3862],[39.5166,7.3834],[39.5146,7.38],[39.5126,7.3776],[39.5114,7.3765],[39.5112,7.3755],[39.5098,7.3735],[39.5095,7.3709],[39.5103,7.3665],[39.5105,7.3634],[39.5103,7.3623],[39.5105,7.3603],[39.5081,7.358],[39.5064,7.3573],[39.5046,7.3569],[39.5013,7.3567],[39.4996,7.3563],[39.4989,7.357]]]}},{"type":"Feature","properties":{"id":"LW022","woreda":"Limu Bilbilo","zone":"Arsi","region":"Oromia","area_km2":1149.6,"lat":7.4148,"lon":39.2091},"geometry":{"type":"Polygon","coordinates":[[[39.4097,7.1804],[39.4089,7.1814],[39.4068,7.1835],[39.4048,7.1857],[39.4028,7.187],[39.4007,7.1885],[39.3972,7.1897],[39.3917,7.1927],[39.3905,7.1939],[39.3888,7.196],[39.3871,7.1978],[39.3859,7.1986],[39.3847,7.2008],[39.3829,7.2031],[39.3813,7.2053],[39.3791,7.2081],[39.3754,7.2127],[39.3735,7.2152],[39.3716,7.2175],[39.3686,7.2214],[39.3676,7.2227],[39.3656,7.2245],[39.363,7.2273],[39.3602,7.2306],[39.3585,7.2329],[39.356,7.2352],[39.3552,7.2363],[39.3542,7.2382],[39.3532,7.2403],[39.3514,7.2436],[39.3505,7.2454],[39.3492,7.2477],[39.3479,7.2498],[39.3461,7.2525],[39.3428,7.2522],[39.3386,7.2513],[39.3375,7.2517],[39.3372,7.2536],[39.3378,7.2548],[39.339,7.2562],[39.3389,7.2572],[39.338,7.2603],[39.3372,7.2631],[39.3359,7.2637],[39.3348,7.2664],[39.3351,7.267],[39.3348,7.2681],[39.3339,7.2699],[39.3329,7.272],[39.3317,7.2738],[39.3305,7.2743],[39.3287,7.2745],[39.327,7.2751],[39.3256,7.2755],[39.3233,7.2752],[39.3207,7.2737],[39.3175,7.2721],[39.3161,7.2708],[39.316,7.2689],[39.3168,7.268],[39.3161,7.2677],[39.3154,7.267],[39.3132,7.2663],[39.3111,7.2662],[39.3107,7.2667],[39.3098,7.2675],[39.3083,7.2676],[39.3052,7.2686],[39.3047,7.2701],[39.3043,7.2727],[39.3044,7.2752],[39.3023,7.2759],[39.3015,7.276],[39.3008,7.2764],[39.2983,7.2767],[39.2938,7.2759],[39.2925,7.2814],[39.2912,7.2853],[39.2909,7.2867],[39.2907,7.288],[39.2903,7.2889],[39.29,7.2911],[39.2893,7.2929],[39.2874,7.2925],[39.285,7.2924],[39.2833,7.2921],[39.2828,7.2921],[39.2824,7.2929],[39.2823,7.2937],[39.2823,7.2944],[39.2821,7.295],[39.2818,7.2975],[39.2783,7.2972],[39.2763,7.297],[39.2735,7.2952],[39.273,7.2963],[39.2728,7.2998],[39.2727,7.3027],[39.272,7.3052],[39.2701,7.3047],[39.2696,7.3044],[39.2689,7.3044],[39.2672,7.3035],[39.2667,7.303],[39.2654,7.3024],[39.2617,7.3012],[39.2609,7.3012],[39.2604,7.3037],[39.2584,7.304],[39.2538,7.3041],[39.2522,7.3037],[39.2521,7.3014],[39.2524,7.2989],[39.2528,7.297],[39.2506,7.2955],[39.2434,7.2918],[39.2414,7.2909],[39.2397,7.2898],[39.2378,7.2892],[39.2362,7.2887],[39.2334,7.2885],[39.2322,7.2893],[39.2313,7.2895],[39.2303,7.2905],[39.2299,7.2908],[39.2285,7.2909],[39.2266,7.2906],[39.2261,7.2912],[39.2253,7.2917],[39.2245,7.2945],[39.221,7.2943],[39.2192,7.2924],[39.218,7.2896],[39.2172,7.2874],[39.2158,7.2856],[39.2134,7.2841],[39.2119,7.2824],[39.2108,7.2806],[39.2104,7.2785],[39.2092,7.2782],[39.2075,7.2796],[39.2061,7.281],[39.2059,7.2831],[39.2059,7.2862],[39.2064,7.2893],[39.2086,7.2968],[39.2093,7.2986],[39.2098,7.3017],[39.2096,7.3064],[39.21,7.3081],[39.2113,7.3127],[39.2131,7.3155],[39.214,7.3168],[39.2134,7.3181],[39.2136,7.3192],[39.2128,7.3206],[39.2104,7.3237],[39.2101,7.3247],[39.2099,7.327],[39.2094,7.3289],[39.2075,7.331],[39.2055,7.3315],[39.2029,7.3316],[39.2005,7.3329],[39.198,7.3347],[39.1959,7.3381],[39.1943,7.3411],[39.1919,7.3431],[39.1895,7.3454],[39.1857,7.3492],[39.1831,7.3508],[39.1829,7.352],[39.1821,7.3539],[39.181,7.3545],[39.1791,7.3546],[39.1781,7.3549],[39.1757,7.3576],[39.1748,7.3583],[39.1708,7.3618],[39.1694,7.3623],[39.1633,7.3642],[39.1616,7.3637],[39.1564,7.361],[39.1541,7.3603],[39.1517,7.3588],[39.1492,7.3577],[39.148,7.3565],[39.1446,7.3552],[39.142,7.3541],[39.1392,7.3525],[39.136,7.3512],[39.1354,7.3509],[39.1348,7.3508],[39.1338,7.3504],[39.1307,7.3495],[39.1278,7.3483],[39.1236,7.3474],[39.1233,7.3475],[39.1234,7.3488],[39.1251,7.3548],[39.126,7.3571],[39.1266,7.3583],[39.1272,7.3619],[39.1266,7.3619],[39.1252,7.3617],[39.122,7.3617],[39.1227,7.363],[39.123,7.3642],[39.1253,7.3696],[39.1245,7.3721],[39.1244,7.3729],[39.1209,7.3798],[39.1197,7.3821],[39.1192,7.3834],[39.1198,7.3851],[39.1204,7.3875],[39.121,7.3887],[39.1215,7.3898],[39.1216,7.3902],[39.1211,7.3907],[39.1202,7.3934],[39.1186,7.3955],[39.1178,7.3961],[39.1174,7.3969],[39.1158,7.3983],[39.1152,7.3988],[39.1147,7.3998],[39.1138,7.4012],[39.1131,7.4018],[39.1121,7.4022],[39.1113,7.4023],[39.1098,7.4022],[39.1086,7.4031],[39.1072,7.4038],[39.1056,7.4048],[39.1033,7.4065],[39.1028,7.4074],[39.1023,7.4078],[39.1023,7.4082],[39.1021,7.4088],[39.1021,7.4094],[39.1016,7.41],[39.1012,7.4111],[39.1005,7.4122],[39.0997,7.4143],[39.0995,7.4154],[39.0991,7.416],[39.0986,7.4164],[39.0973,7.4178],[39.0966,7.4186],[39.0964,7.4191],[39.0959,7.4201],[39.0955,7.4214],[39.0951,7.4218],[39.0948,7.4225],[39.0947,7.4235],[39.094,7.4251],[39.0936,7.4273],[39.0931,7.4317],[39.093,7.4332],[39.0927,7.4348],[39.0927,7.4359],[39.0927,7.4374],[39.0923,7.4392],[39.0921,7.4398],[39.0916,7.4404],[39.0911,7.4412],[39.0902,7.4421],[39.0893,7.4426],[39.0889,7.4448],[39.0889,7.4461],[39.0894,7.4477],[39.0897,7.4495],[39.0895,7.4513],[39.0891,7.4526],[39.0891,7.4533],[39.0891,7.4541],[39.0895,7.4552],[39.0898,7.4578],[39.0905,7.4593],[39.0905,7.4598],[39.0903,7.4608],[39.0899,7.462],[39.09,7.4627],[39.0899,7.4639],[39.0902,7.4641],[39.0908,7.4643],[39.0914,7.4642],[39.092,7.4639],[39.0937,7.463],[39.0944,7.463],[39.0956,7.4633],[39.0966,7.4645],[39.0964,7.4652],[39.0964,7.4659],[39.0966,7.467],[39.0971,7.4685],[39.0971,7.4693],[39.0973,7.4704],[39.0983,7.4725],[39.0993,7.4733],[39.0999,7.4732],[39.1004,7.4737],[39.1018,7.4753],[39.1019,7.4752],[39.1026,7.4754],[39.1035,7.4754],[39.1044,7.4756],[39.1049,7.4763],[39.1062,7.4796],[39.1073,7.481],[39.1081,7.4823],[39.1081,7.4841],[39.1084,7.4853],[39.1082,7.4865],[39.1075,7.4885],[39.1073,7.4903],[39.1073,7.4908],[39.1077,7.4913],[39.1076,7.4919],[39.1073,7.4928],[39.1062,7.4941],[39.1063,7.4947],[39.1055,7.4962],[39.1049,7.4975],[39.1045,7.4989],[39.1044,7.5005],[39.1056,7.5016],[39.106,7.5026],[39.106,7.5036],[39.1054,7.5044],[39.1051,7.5053],[39.105,7.5075],[39.1046,7.5083],[39.1044,7.5098],[39.1037,7.5108],[39.1024,7.512],[39.0984,7.5154],[39.0975,7.5174],[39.0965,7.5182],[39.0954,7.5193],[39.0946,7.5199],[39.0934,7.5205],[39.0931,7.5206],[39.0917,7.5215],[39.0911,7.5221],[39.0902,7.5229],[39.0899,7.5238],[39.0904,7.5252],[39.0901,7.5262],[39.0903,7.5281],[39.0899,7.5289],[39.0897,7.5297],[39.0902,7.5304],[39.0903,7.5313],[39.0908,7.5318],[39.0909,7.533],[39.0903,7.5346],[39.0894,7.5359],[39.0895,7.536],[39.0898,7.537],[39.092,7.5389],[39.0939,7.5405],[39.0949,7.5414],[39.0951,7.5419],[39.0943,7.5432],[39.0944,7.5442],[39.0939,7.5456],[39.0942,7.5465],[39.0951,7.5487],[39.0952,7.5502],[39.0952,7.5518],[39.0947,7.5535],[39.0945,7.5543],[39.0932,7.5566],[39.0926,7.5574],[39.0925,7.5579],[39.0928,7.5593],[39.0923,7.5611],[39.0926,7.5609],[39.0932,7.5619],[39.0929,7.5638],[39.0925,7.5651],[39.0925,7.5658],[39.0947,7.5689],[39.0949,7.57],[39.0952,7.5706],[39.0955,7.5728],[39.0951,7.5736],[39.0943,7.5752],[39.0938,7.5774],[39.0933,7.5792],[39.0938,7.5805],[39.0949,7.5823],[39.095,7.5831],[39.0956,7.5838],[39.0958,7.5843],[39.0975,7.5862],[39.0984,7.5866],[39.1001,7.5881],[39.1006,7.5895],[39.1017,7.5901],[39.1029,7.5904],[39.1045,7.5911],[39.1048,7.5918],[39.1053,7.5925],[39.1051,7.5939],[39.1055,7.5949],[39.1065,7.5958],[39.1072,7.5958],[39.1086,7.5965],[39.1092,7.5967],[39.1102,7.5969],[39.1113,7.5971],[39.1122,7.5973],[39.1126,7.5983],[39.1135,7.5994],[39.1153,7.601],[39.1181,7.6024],[39.1193,7.6036],[39.1218,7.6046],[39.1221,7.6048],[39.1244,7.6058],[39.1263,7.6068],[39.1282,7.6073],[39.1288,7.6076],[39.1293,7.6079],[39.1297,7.6079],[39.131,7.6088],[39.1318,7.6086],[39.133,7.6105],[39.1333,7.6106],[39.1336,7.6114],[39.1334,7.6123],[39.133,7.6137],[39.1343,7.6144],[39.1352,7.6155],[39.1358,7.6153],[39.138,7.6156],[39.1382,7.6161],[39.1389,7.6161],[39.1394,7.6163],[39.141,7.6166],[39.141,7.6195],[39.1419,7.6189],[39.1421,7.6192],[39.1427,7.6193],[39.1441,7.6189],[39.1456,7.6201],[39.1469,7.6211],[39.147,7.6222],[39.1483,7.6231],[39.1486,7.6258],[39.1495,7.6272],[39.1491,7.6279],[39.149,7.6288],[39.1484,7.6294],[39.1485,7.6308],[39.148,7.6326],[39.1471,7.6339],[39.1462,7.6346],[39.1464,7.6357],[39.1475,7.6365],[39.149,7.6377],[39.1492,7.6383],[39.1505,7.6398],[39.1486,7.6411],[39.149,7.6427],[39.1521,7.6435],[39.1541,7.6429],[39.1552,7.6431],[39.1561,7.6437],[39.1571,7.6463],[39.1577,7.6469],[39.1581,7.6472],[39.1587,7.6471],[39.1587,7.6467],[39.1596,7.6463],[39.1598,7.6463],[39.1598,7.6472],[39.1604,7.6477],[39.1608,7.6477],[39.1617,7.6475],[39.1633,7.6475],[39.1637,7.6472],[39.1638,7.6463],[39.1642,7.6458],[39.1659,7.6458],[39.1663,7.6457],[39.1669,7.6453],[39.1675,7.6453],[39.1687,7.6457],[39.1696,7.6466],[39.1696,7.6473],[39.17,7.648],[39.1706,7.6474],[39.1714,7.6473],[39.1716,7.6478],[39.1727,7.6475],[39.1731,7.6475],[39.1735,7.6481],[39.174,7.6481],[39.1755,7.6475],[39.1772,7.6484],[39.1778,7.6503],[39.1782,7.6512],[39.179,7.6517],[39.179,7.6527],[39.1793,7.6531],[39.1806,7.654],[39.1813,7.6536],[39.1835,7.6536],[39.1838,7.6533],[39.1841,7.6527],[39.1846,7.6525],[39.1849,7.6526],[39.1855,7.6532],[39.1863,7.6526],[39.1867,7.6526],[39.1876,7.6529],[39.1885,7.6531],[39.1892,7.6534],[39.19,7.6532],[39.1901,7.6529],[39.1907,7.6526],[39.191,7.6528],[39.1919,7.6523],[39.1932,7.6515],[39.1949,7.6513],[39.1959,7.6516],[39.197,7.6514],[39.1983,7.6514],[39.1995,7.6521],[39.2004,7.6521],[39.2022,7.6532],[39.2028,7.6545],[39.2038,7.6541],[39.2058,7.6524],[39.2078,7.6515],[39.2097,7.6509],[39.21,7.6512],[39.211,7.6512],[39.2135,7.651],[39.2145,7.6506],[39.2157,7.6505],[39.2177,7.6499],[39.2186,7.6497],[39.2196,7.6492],[39.2219,7.6487],[39.2247,7.6486],[39.2273,7.6489],[39.2288,7.6489],[39.2293,7.6486],[39.2292,7.6477],[39.2283,7.6472],[39.2259,7.6444],[39.2259,7.6441],[39.2268,7.6439],[39.2343,7.6442],[39.2355,7.6441],[39.2354,7.6439],[39.2344,7.6418],[39.2335,7.639],[39.2379,7.6384],[39.2412,7.6384],[39.2423,7.6368],[39.2442,7.6367],[39.248,7.6346],[39.2485,7.634],[39.2496,7.6334],[39.251,7.6317],[39.2524,7.6319],[39.2537,7.6307],[39.2533,7.6292],[39.2537,7.6285],[39.2522,7.6276],[39.2525,7.6272],[39.2527,7.6266],[39.2531,7.6262],[39.2561,7.6257],[39.2577,7.6263],[39.2594,7.626],[39.2621,7.6249],[39.2636,7.6248],[39.2662,7.6239],[39.2672,7.6237],[39.2703,7.6229],[39.2725,7.6221],[39.2739,7.6211],[39.2753,7.62],[39.2742,7.6184],[39.2771,7.6163],[39.2802,7.6139],[39.2837,7.6116],[39.2877,7.6103],[39.2894,7.6095],[39.2932,7.6132],[39.2948,7.6127],[39.2976,7.6133],[39.3008,7.6166],[39.3029,7.6159],[39.3047,7.6167],[39.3024,7.6133],[39.3033,7.6128],[39.3046,7.6123],[39.3071,7.611],[39.3085,7.6097],[39.3101,7.6079],[39.3114,7.6111],[39.3128,7.6104],[39.314,7.6092],[39.3156,7.6078],[39.3179,7.6061],[39.3204,7.6043],[39.3267,7.5992],[39.3286,7.5993],[39.3346,7.5998],[39.3379,7.5999],[39.3404,7.6005],[39.344,7.6008],[39.3456,7.6009],[39.3455,7.5989],[39.3455,7.596],[39.3451,7.5901],[39.3448,7.5881],[39.3437,7.5786],[39.3426,7.5768],[39.3416,7.5751],[39.3412,7.5745],[39.3399,7.5726],[39.3363,7.5668],[39.3348,7.5643],[39.3334,7.5618],[39.3334,7.5602],[39.3332,7.5577],[39.3333,7.5556],[39.3331,7.5538],[39.333,7.5499],[39.3328,7.5495],[39.3307,7.5483],[39.3299,7.5463],[39.3286,7.5403],[39.3287,7.5354],[39.3291,7.5316],[39.329,7.5293],[39.3299,7.5284],[39.3343,7.5262],[39.3358,7.525],[39.3386,7.5232],[39.3435,7.5205],[39.3494,7.5171],[39.3508,7.5183],[39.3528,7.5174],[39.3548,7.5162],[39.357,7.5143],[39.3593,7.5132],[39.3619,7.5131],[39.3632,7.5133],[39.3653,7.5135],[39.3667,7.5133],[39.3684,7.5137],[39.3698,7.5127],[39.3706,7.512],[39.3716,7.5113],[39.3716,7.5105],[39.3715,7.5095],[39.3721,7.5086],[39.3721,7.5044],[39.3718,7.5023],[39.3722,7.5],[39.3737,7.499],[39.3755,7.4989],[39.3759,7.4984],[39.3771,7.4987],[39.3779,7.4982],[39.3783,7.4982],[39.3795,7.4986],[39.3801,7.4984],[39.3813,7.4984],[39.3825,7.4986],[39.3836,7.4991],[39.3847,7.4994],[39.3861,7.5001],[39.3872,7.5008],[39.3893,7.5022],[39.3916,7.5028],[39.3947,7.5038],[39.3971,7.5043],[39.399,7.5045],[39.3998,7.5048],[39.403,7.5053],[39.4051,7.5049],[39.4061,7.5049],[39.4068,7.505],[39.409,7.5051],[39.4102,7.5037],[39.4119,7.5033],[39.4149,7.5029],[39.4181,7.5027],[39.419,7.5024],[39.4216,7.5005],[39.4198,7.4983],[39.4169,7.4982],[39.4164,7.4969],[39.4163,7.4926],[39.4164,7.4922],[39.4198,7.4917],[39.4203,7.4917],[39.423,7.4914],[39.4248,7.4917],[39.4257,7.4926],[39.4261,7.4926],[39.4265,7.4923],[39.4271,7.4922],[39.4282,7.4924],[39.4289,7.4921],[39.4282,7.491],[39.4275,7.4893],[39.4266,7.4884],[39.4258,7.4879],[39.4236,7.487],[39.4217,7.4868],[39.4194,7.4875],[39.4177,7.4865],[39.4155,7.4863],[39.4134,7.4867],[39.4112,7.4873],[39.4102,7.4887],[39.4084,7.4895],[39.4065,7.49],[39.4049,7.4888],[39.4035,7.4886],[39.4015,7.4892],[39.4002,7.489],[39.3991,7.488],[39.3973,7.487],[39.3953,7.4867],[39.3938,7.4863],[39.3925,7.4866],[39.3905,7.487],[39.3877,7.4859],[39.387,7.4849],[39.3861,7.4846],[39.3854,7.483],[39.3844,7.4827],[39.3816,7.4827],[39.3808,7.483],[39.3784,7.4838],[39.3769,7.4836],[39.3762,7.484],[39.3762,7.4837],[39.3735,7.4845],[39.3727,7.4852],[39.3726,7.4856],[39.3719,7.4859],[39.3714,7.4865],[39.37,7.4871],[39.3686,7.4871],[39.3675,7.4865],[39.366,7.4866],[39.364,7.4867],[39.3624,7.4868],[39.3607,7.4871],[39.3598,7.4869],[39.3588,7.486],[39.3571,7.4854],[39.3555,7.4851],[39.3545,7.4858],[39.3538,7.4862],[39.3529,7.4872],[39.3523,7.4876],[39.3508,7.4859],[39.3491,7.4854],[39.3475,7.4851],[39.3454,7.4855],[39.3446,7.4846],[39.344,7.4827],[39.3438,7.4798],[39.3436,7.4794],[39.344,7.4788],[39.3447,7.4766],[39.3454,7.4743],[39.3473,7.4728],[39.3487,7.4732],[39.3491,7.4693],[39.3493,7.4681],[39.3497,7.4682],[39.3495,7.4672],[39.3505,7.4643],[39.3507,7.4628],[39.3502,7.4619],[39.3474,7.4597],[39.3461,7.4591],[39.3452,7.4583],[39.3425,7.4567],[39.3394,7.4543],[39.3355,7.4513],[39.3334,7.4486],[39.333,7.4471],[39.3324,7.4459],[39.3333,7.4401],[39.333,7.4388],[39.3336,7.4375],[39.3348,7.4358],[39.3352,7.4335],[39.335,7.431],[39.3345,7.4279],[39.3338,7.4266],[39.3314,7.4259],[39.3299,7.4252],[39.3293,7.4239],[39.3267,7.4222],[39.3246,7.4205],[39.3243,7.4194],[39.3236,7.4192],[39.3233,7.4196],[39.3231,7.419],[39.3228,7.4187],[39.3212,7.4185],[39.32,7.4189],[39.3195,7.4186],[39.3193,7.4174],[39.3187,7.4154],[39.3183,7.4136],[39.3184,7.4124],[39.318,7.4111],[39.3174,7.4103],[39.3167,7.4098],[39.3158,7.4086],[39.3151,7.4069],[39.3147,7.4068],[39.3167,7.4037],[39.3176,7.4018],[39.3186,7.3999],[39.3195,7.3979],[39.3213,7.3967],[39.3229,7.3957],[39.3246,7.395],[39.3265,7.3951],[39.3296,7.3944],[39.331,7.3939],[39.3319,7.3929],[39.3331,7.3909],[39.3342,7.3883],[39.3346,7.3873],[39.3363,7.3856],[39.3372,7.385],[39.338,7.3846],[39.3403,7.3839],[39.342,7.3836],[39.3443,7.3831],[39.3466,7.3823],[39.3478,7.3805],[39.3477,7.3804],[39.3488,7.3797],[39.3501,7.3786],[39.353,7.375],[39.3541,7.3726],[39.3545,7.3719],[39.3541,7.3711],[39.3577,7.3691],[39.3621,7.3675],[39.365,7.3661],[39.371,7.3632],[39.373,7.3623],[39.3751,7.3623],[39.3763,7.3612],[39.3768,7.3604],[39.3775,7.36],[39.3787,7.3588],[39.3801,7.3579],[39.3816,7.3562],[39.3826,7.3555],[39.3836,7.3557],[39.3852,7.3554],[39.3862,7.3548],[39.3869,7.3546],[39.3876,7.3547],[39.3877,7.3544],[39.3899,7.3534],[39.3913,7.353],[39.3922,7.3528],[39.3938,7.3535],[39.3956,7.3548],[39.3977,7.3557],[39.4001,7.3564],[39.4037,7.3564],[39.4051,7.356],[39.406,7.3554],[39.4074,7.3564],[39.4104,7.3566],[39.4127,7.3556],[39.4146,7.355],[39.4156,7.3543],[39.4156,7.3538],[39.417,7.3534],[39.4169,7.353],[39.4192,7.3519],[39.4219,7.3512],[39.4226,7.3505],[39.425,7.3502],[39.4265,7.3505],[39.4284,7.3506],[39.4324,7.3501],[39.4347,7.3503],[39.4366,7.3503],[39.4376,7.3501],[39.439,7.3504],[39.4411,7.3509],[39.4428,7.3518],[39.4462,7.353],[39.4484,7.3537],[39.4484,7.3545],[39.4488,7.354],[39.45,7.3544],[39.451,7.3546],[39.452,7.3562],[39.4539,7.3566],[39.455,7.357],[39.4562,7.3563],[39.4571,7.3561],[39.4576,7.3564],[39.4576,7.3559],[39.4596,7.3559],[39.462,7.3566],[39.4646,7.357],[39.4662,7.3571],[39.4675,7.3567],[39.469,7.3568],[39.4705,7.3577],[39.4723,7.3588],[39.4741,7.3613],[39.4772,7.3612],[39.4796,7.3609],[39.4825,7.3611],[39.4848,7.361],[39.4864,7.3621],[39.4888,7.3635],[39.491,7.3639],[39.4928,7.3633],[39.4958,7.3611],[39.4976,7.3592],[39.4989,7.357],[39.4996,7.3563],[39.4983,7.3555],[39.4977,7.3541],[39.4985,7.3522],[39.4983,7.349],[39.4988,7.3447],[39.4996,7.3429],[39.5005,7.3413],[39.5014,7.3389],[39.5009,7.3381],[39.5008,7.3361],[39.4997,7.3324],[39.4994,7.3281],[39.5007,7.325],[39.5025,7.3225],[39.5039,7.3212],[39.5044,7.3196],[39.5059,7.3176],[39.5045,7.3163],[39.5035,7.3153],[39.5028,7.3129],[39.5018,7.3115],[39.5015,7.3088],[39.5015,7.3081],[39.5021,7.308],[39.5011,7.3048],[39.501,7.3036],[39.4999,7.3004],[39.499,7.2986],[39.5001,7.2964],[39.5011,7.2947],[39.5017,7.2938],[39.5011,7.2911],[39.5,7.2892],[39.4994,7.2874],[39.4932,7.2846],[39.4925,7.283],[39.491,7.2819],[39.4914,7.2817],[39.4903,7.2814],[39.4875,7.2796],[39.487,7.2784],[39.4863,7.2774],[39.4852,7.277],[39.4842,7.2758],[39.4828,7.2751],[39.4816,7.2736],[39.4811,7.2733],[39.4799,7.2714],[39.4788,7.2707],[39.4786,7.2699],[39.4766,7.2675],[39.4745,7.2663],[39.4736,7.2646],[39.4735,7.2637],[39.4732,7.2626],[39.4725,7.2595],[39.4727,7.2575],[39.4713,7.256],[39.4709,7.2544],[39.4708,7.2512],[39.4703,7.2505],[39.4679,7.248],[39.4677,7.2466],[39.4677,7.2442],[39.4675,7.2428],[39.4669,7.2422],[39.4657,7.2398],[39.4654,7.2384],[39.4647,7.2364],[39.464,7.2356],[39.4618,7.2338],[39.4601,7.2309],[39.4605,7.2278],[39.4601,7.2267],[39.4601,7.2264],[39.4587,7.2264],[39.4581,7.2267],[39.4569,7.2265],[39.4546,7.226],[39.4527,7.2256],[39.4517,7.2237],[39.4517,7.2214],[39.4505,7.22],[39.4503,7.2188],[39.4486,7.2179],[39.4482,7.2173],[39.4467,7.2161],[39.4452,7.2138],[39.4454,7.2126],[39.445,7.2116],[39.4449,7.2103],[39.4442,7.2088],[39.4441,7.2062],[39.4446,7.2054],[39.4433,7.2029],[39.443,7.2008],[39.4436,7.1988],[39.4436,7.1981],[39.4434,7.1966],[39.4445,7.1949],[39.4444,7.1912],[39.4446,7.1876],[39.4459,7.1858],[39.4465,7.1856],[39.4466,7.1837],[39.4471,7.1832],[39.4482,7.1829],[39.4484,7.1823],[39.4478,7.1812],[39.4469,7.1806],[39.4465,7.1806],[39.4457,7.1813],[39.4447,7.1817],[39.444,7.1819],[39.4431,7.1819],[39.4419,7.1813],[39.44,7.1806],[39.439,7.1787],[39.4387,7.1791],[39.4371,7.1807],[39.4366,7.1813],[39.433,7.1821],[39.4309,7.1828],[39.4299,7.1829],[39.4282,7.1836],[39.4264,7.183],[39.424,7.1821],[39.4229,7.1801],[39.4212,7.1769],[39.4203,7.1756],[39.4172,7.1765],[39.412,7.1777],[39.4113,7.1777],[39.4097,7.1804]],[[39.2146,7.5174],[39.2172,7.5144],[39.2198,7.5149],[39.2221,7.5135],[39.2249,7.5142],[39.2269,7.5139],[39.2328,7.5094],[39.2344,7.5073],[39.2364,7.5061],[39.2373,7.5047],[39.2374,7.5016],[39.2384,7.501],[39.2394,7.5007],[39.2408,7.5007],[39.2416,7.5006],[39.2422,7.5005],[39.2453,7.4984],[39.2472,7.4982],[39.2488,7.4975],[39.2515,7.4953],[39.253,7.4947],[39.2552,7.4941],[39.2567,7.4946],[39.2571,7.4951],[39.2587,7.4955],[39.2603,7.5001],[39.2627,7.5038],[39.2628,7.5048],[39.2638,7.5053],[39.2667,7.5065],[39.2676,7.5074],[39.2681,7.5085],[39.2691,7.5097],[39.2705,7.5125],[39.2716,7.513],[39.2727,7.513],[39.2737,7.514],[39.2761,7.5148],[39.2747,7.5191],[39.2749,7.5249],[39.2748,7.5258],[39.2749,7.5263],[39.2762,7.5272],[39.2764,7.5274],[39.277,7.5291],[39.2771,7.5317],[39.2772,7.5354],[39.2769,7.5378],[39.2771,7.5396],[39.2772,7.5398],[39.2789,7.5416],[39.2804,7.543],[39.2809,7.545],[39.2797,7.5469],[39.2772,7.5489],[39.2754,7.5502],[39.2741,7.5516],[39.2728,7.5523],[39.272,7.5528],[39.271,7.553],[39.2698,7.5538],[39.2682,7.5551],[39.2668,7.5553],[39.2632,7.5546],[39.2612,7.5545],[39.2581,7.5564],[39.2564,7.5568],[39.2532,7.5562],[39.2522,7.5561],[39.251,7.5561],[39.2498,7.5559],[39.2484,7.556],[39.2478,7.5559],[39.2476,7.5555],[39.2461,7.5553],[39.2397,7.5553],[39.2371,7.5552],[39.2357,7.555],[39.2335,7.5548],[39.2266,7.5528],[39.2221,7.5497],[39.2212,7.5441],[39.2217,7.5363],[39.2201,7.5309],[39.2143,7.525],[39.2135,7.522],[39.2147,7.5175],[39.2146,7.5174]]]}},{"type":"Feature","properties":{"id":"LW023","woreda":"Lude Hitosa","zone":"Arsi","region":"Oromia","area_km2":541.3,"lat":8.0854,"lon":39.4153},"geometry":{"type":"Polygon","coordinates":[[[39.4094,7.8971],[39.4087,7.8965],[39.4074,7.8958],[39.4063,7.8955],[39.4051,7.8955],[39.4037,7.8959],[39.4031,7.8966],[39.4023,7.8971],[39.4016,7.8976],[39.4006,7.8979],[39.3963,7.8969],[39.3938,7.8962],[39.3929,7.8955],[39.3912,7.8951],[39.3901,7.8952],[39.3888,7.8954],[39.3877,7.8958],[39.3866,7.896],[39.3858,7.896],[39.3837,7.8963],[39.3855,7.9017],[39.3862,7.9034],[39.3869,7.9051],[39.3856,7.907],[39.385,7.9088],[39.3827,7.9094],[39.3809,7.9094],[39.3785,7.9076],[39.3762,7.9047],[39.3756,7.9035],[39.3738,7.9005],[39.3714,7.9],[39.3689,7.9],[39.3694,7.9039],[39.3704,7.9094],[39.3715,7.9138],[39.3728,7.9151],[39.3741,7.9168],[39.3775,7.9216],[39.3812,7.9268],[39.3844,7.9313],[39.3904,7.9373],[39.3936,7.9402],[39.3958,7.9425],[39.3966,7.9447],[39.3976,7.9472],[39.3987,7.9504],[39.4001,7.9527],[39.401,7.9552],[39.4012,7.957],[39.4019,7.9586],[39.4015,7.9597],[39.4,7.9611],[39.3977,7.963],[39.3958,7.9649],[39.3951,7.9661],[39.3939,7.9692],[39.3932,7.9706],[39.3925,7.9717],[39.3901,7.9726],[39.3903,7.973],[39.3886,7.9726],[39.387,7.9744],[39.3844,7.9762],[39.3802,7.9783],[39.3791,7.9789],[39.3773,7.98],[39.3761,7.9826],[39.3746,7.9834],[39.3738,7.9845],[39.3736,7.9857],[39.3737,7.9867],[39.3739,7.9899],[39.3741,7.9926],[39.3744,7.9946],[39.3745,7.9968],[39.3755,7.9987],[39.376,8.0004],[39.3758,8.0018],[39.375,8.003],[39.3751,8.0039],[39.3762,8.0064],[39.3762,8.0069],[39.3745,8.0074],[39.3719,8.0077],[39.3694,8.0086],[39.367,8.0092],[39.3639,8.0087],[39.3608,8.0084],[39.3582,8.009],[39.3567,8.0097],[39.3562,8.0097],[39.3557,8.0101],[39.3536,8.0121],[39.3527,8.0128],[39.3532,8.0146],[39.3541,8.016],[39.3547,8.0176],[39.3561,8.0202],[39.3542,8.021],[39.3526,8.0215],[39.3495,8.0233],[39.3484,8.0235],[39.3466,8.0265],[39.3458,8.0278],[39.3449,8.0289],[39.3411,8.0266],[39.3389,8.0252],[39.3376,8.0241],[39.3361,8.0232],[39.3356,8.0236],[39.3352,8.0257],[39.335,8.0285],[39.3348,8.0299],[39.334,8.0315],[39.333,8.0338],[39.3327,8.0353],[39.3322,8.036],[39.3312,8.0359],[39.3291,8.0356],[39.3282,8.0364],[39.3283,8.0374],[39.3274,8.0386],[39.3261,8.0398],[39.3262,8.0415],[39.3259,8.0432],[39.3262,8.0443],[39.3252,8.0442],[39.3243,8.0433],[39.3224,8.0434],[39.3222,8.0446],[39.3208,8.0492],[39.3208,8.0503],[39.32,8.051],[39.3184,8.0531],[39.3177,8.0543],[39.3177,8.0548],[39.3202,8.0557],[39.3194,8.0567],[39.3198,8.0582],[39.3211,8.0602],[39.3224,8.0626],[39.3225,8.0638],[39.3232,8.0648],[39.3235,8.0653],[39.3229,8.066],[39.323,8.0668],[39.3225,8.0673],[39.3225,8.0679],[39.3226,8.069],[39.3219,8.0695],[39.3196,8.0675],[39.317,8.0655],[39.3158,8.0648],[39.3139,8.0643],[39.3127,8.0631],[39.31,8.0585],[39.3076,8.0546],[39.3065,8.0526],[39.306,8.0537],[39.3055,8.0552],[39.3044,8.0558],[39.3041,8.0566],[39.304,8.0578],[39.3037,8.0589],[39.3029,8.0605],[39.3028,8.061],[39.3033,8.0624],[39.3026,8.0635],[39.3023,8.0646],[39.3014,8.0652],[39.3014,8.0666],[39.3008,8.0672],[39.2999,8.0691],[39.299,8.0702],[39.299,8.0713],[39.3001,8.0722],[39.3001,8.0728],[39.2997,8.0738],[39.299,8.0753],[39.2989,8.0766],[39.3001,8.0784],[39.3004,8.0794],[39.3,8.0804],[39.2996,8.0816],[39.2991,8.0824],[39.2991,8.083],[39.2988,8.0842],[39.3009,8.0861],[39.3021,8.0873],[39.3029,8.0876],[39.3039,8.0883],[39.3051,8.0895],[39.3064,8.0905],[39.3076,8.0907],[39.3087,8.0916],[39.3096,8.0925],[39.3114,8.0938],[39.3124,8.0947],[39.3138,8.0953],[39.315,8.0964],[39.3148,8.0978],[39.3143,8.0985],[39.3116,8.1005],[39.3095,8.1022],[39.3107,8.1029],[39.3112,8.1037],[39.3102,8.1056],[39.3092,8.1063],[39.3074,8.1055],[39.3064,8.1064],[39.3057,8.1078],[39.305,8.1099],[39.3049,8.1111],[39.3054,8.1115],[39.3069,8.1128],[39.3087,8.1142],[39.3102,8.1159],[39.31,8.1172],[39.309,8.1193],[39.308,8.1203],[39.3064,8.1194],[39.3053,8.1189],[39.3032,8.1178],[39.3033,8.1203],[39.3047,8.1209],[39.3084,8.1229],[39.3092,8.1239],[39.3112,8.1265],[39.3127,8.1283],[39.3136,8.1304],[39.3151,8.1315],[39.3167,8.1326],[39.3174,8.1331],[39.3188,8.1339],[39.32,8.1351],[39.3209,8.1362],[39.3214,8.1367],[39.3217,8.1376],[39.3217,8.1388],[39.3206,8.1421],[39.3202,8.145],[39.3197,8.1463],[39.3179,8.1505],[39.3158,8.1541],[39.3135,8.1573],[39.3112,8.1601],[39.3092,8.1631],[39.3081,8.1664],[39.3065,8.17],[39.3038,8.1725],[39.3026,8.1748],[39.3001,8.177],[39.2992,8.1783],[39.2972,8.1805],[39.294,8.1838],[39.293,8.1847],[39.2903,8.1866],[39.2889,8.1895],[39.288,8.1927],[39.2876,8.1941],[39.2882,8.1925],[39.2898,8.1935],[39.2923,8.1944],[39.2963,8.1983],[39.298,8.2012],[39.2996,8.1984],[39.306,8.1907],[39.3079,8.1887],[39.3117,8.1858],[39.3153,8.1902],[39.3195,8.1876],[39.3233,8.1904],[39.324,8.1915],[39.3242,8.1914],[39.3253,8.1923],[39.327,8.1938],[39.3275,8.1942],[39.3283,8.1949],[39.3305,8.1946],[39.3314,8.1958],[39.3322,8.1971],[39.3333,8.1984],[39.3341,8.1996],[39.3349,8.2007],[39.3355,8.2012],[39.3396,8.2029],[39.34,8.2035],[39.3389,8.205],[39.3382,8.2064],[39.3388,8.2066],[39.3388,8.2077],[39.3391,8.2079],[39.3396,8.2079],[39.3402,8.2077],[39.3403,8.2071],[39.341,8.2067],[39.3412,8.206],[39.3418,8.2057],[39.3424,8.2067],[39.3428,8.207],[39.3431,8.2075],[39.3448,8.2098],[39.3456,8.2104],[39.347,8.2111],[39.3474,8.2115],[39.3481,8.2117],[39.3499,8.2131],[39.3479,8.216],[39.3477,8.2173],[39.3478,8.2178],[39.3484,8.2184],[39.3486,8.2188],[39.3493,8.2194],[39.3504,8.2206],[39.3511,8.2214],[39.3519,8.2219],[39.3527,8.2225],[39.3539,8.2241],[39.3562,8.2276],[39.3588,8.2311],[39.3595,8.2318],[39.3599,8.2329],[39.3603,8.2333],[39.361,8.2333],[39.3616,8.2334],[39.3617,8.2338],[39.3617,8.2362],[39.3614,8.2371],[39.3614,8.2377],[39.3612,8.2397],[39.3612,8.2403],[39.3615,8.2407],[39.3621,8.2421],[39.3623,8.2429],[39.3627,8.2436],[39.3628,8.2443],[39.3637,8.2459],[39.3638,8.2463],[39.3645,8.2472],[39.3664,8.2492],[39.368,8.2512],[39.3683,8.2514],[39.3692,8.2512],[39.3706,8.2512],[39.3716,8.251],[39.3728,8.2506],[39.3728,8.25],[39.3732,8.2497],[39.3742,8.2497],[39.3755,8.2499],[39.3762,8.25],[39.3773,8.2498],[39.3784,8.2499],[39.3792,8.2509],[39.3794,8.2516],[39.3813,8.2517],[39.3819,8.2516],[39.3827,8.2516],[39.3842,8.2516],[39.3853,8.2513],[39.3863,8.2513],[39.3865,8.2515],[39.3875,8.2544],[39.3877,8.2553],[39.3881,8.2566],[39.388,8.2577],[39.3883,8.2585],[39.3891,8.2594],[39.3898,8.2607],[39.3901,8.261],[39.3909,8.2629],[39.3911,8.2635],[39.391,8.2645],[39.3907,8.2652],[39.3906,8.2659],[39.3905,8.2667],[39.3917,8.2683],[39.3922,8.2695],[39.3923,8.2713],[39.392,8.2726],[39.392,8.2731],[39.3926,8.2736],[39.3934,8.2736],[39.3954,8.2746],[39.396,8.2746],[39.3967,8.2748],[39.3973,8.2752],[39.3975,8.2744],[39.3984,8.2737],[39.3985,8.2734],[39.3989,8.2719],[39.3995,8.2707],[39.3999,8.2696],[39.3984,8.2693],[39.3973,8.268],[39.397,8.2663],[39.3973,8.2647],[39.3979,8.2632],[39.3982,8.263],[39.4008,8.2627],[39.4009,8.262],[39.4005,8.2599],[39.4006,8.2591],[39.4021,8.2551],[39.4026,8.2545],[39.4028,8.2538],[39.4023,8.2533],[39.402,8.2521],[39.4013,8.2494],[39.4014,8.2484],[39.3996,8.2488],[39.3996,8.2473],[39.3998,8.2467],[39.4001,8.2453],[39.3992,8.2442],[39.3975,8.2439],[39.397,8.2436],[39.3967,8.2431],[39.3966,8.2418],[39.397,8.2407],[39.3975,8.24],[39.3975,8.2397],[39.3967,8.2381],[39.3966,8.2374],[39.3968,8.236],[39.3968,8.2344],[39.3969,8.2338],[39.3968,8.2324],[39.397,8.2313],[39.3973,8.2311],[39.3983,8.2309],[39.3983,8.2296],[39.3985,8.2289],[39.3991,8.2282],[39.3996,8.2286],[39.4,8.2284],[39.3999,8.2279],[39.4004,8.2277],[39.4014,8.2276],[39.4018,8.2277],[39.4031,8.2278],[39.4039,8.228],[39.4049,8.228],[39.4064,8.2276],[39.4079,8.2269],[39.4085,8.2268],[39.4092,8.2265],[39.411,8.226],[39.4123,8.226],[39.4125,8.2254],[39.4147,8.2246],[39.4173,8.223],[39.4186,8.2225],[39.419,8.2226],[39.4208,8.224],[39.4239,8.2227],[39.4253,8.2222],[39.4287,8.2208],[39.4295,8.219],[39.4319,8.2194],[39.4347,8.218],[39.4375,8.2163],[39.4398,8.2164],[39.4409,8.2162],[39.4429,8.2161],[39.4448,8.2162],[39.4479,8.2165],[39.4489,8.2166],[39.4501,8.2173],[39.4511,8.2175],[39.4521,8.2168],[39.4541,8.2154],[39.457,8.2135],[39.4588,8.2122],[39.4608,8.2111],[39.4638,8.209],[39.4658,8.2077],[39.4663,8.207],[39.4669,8.2049],[39.4679,8.2007],[39.4687,8.1978],[39.4698,8.1945],[39.471,8.1909],[39.473,8.1879],[39.4735,8.1869],[39.4745,8.1854],[39.4782,8.1813],[39.4792,8.1799],[39.4809,8.178],[39.4831,8.1768],[39.4839,8.1754],[39.4851,8.173],[39.488,8.1695],[39.4879,8.1689],[39.4882,8.1681],[39.4889,8.1655],[39.4894,8.1642],[39.4893,8.1624],[39.489,8.1614],[39.4879,8.1604],[39.4877,8.1596],[39.4877,8.1583],[39.4885,8.1554],[39.4887,8.1526],[39.4887,8.1521],[39.4888,8.1515],[39.4893,8.1505],[39.4906,8.1492],[39.4894,8.1475],[39.4915,8.1444],[39.4924,8.1402],[39.4932,8.1364],[39.4962,8.1319],[39.5002,8.1282],[39.5076,8.1257],[39.5076,8.1266],[39.5066,8.1269],[39.5076,8.1285],[39.5095,8.126],[39.5102,8.1234],[39.5133,8.1202],[39.5208,8.1076],[39.5276,8.1017],[39.5301,8.1022],[39.5301,8.1001],[39.5299,8.0979],[39.5285,8.0952],[39.5286,8.094],[39.5285,8.0931],[39.5289,8.0912],[39.5302,8.088],[39.5302,8.0871],[39.5305,8.0865],[39.5302,8.0858],[39.5306,8.0848],[39.5299,8.0796],[39.5286,8.0782],[39.5277,8.0768],[39.5272,8.0749],[39.5266,8.0729],[39.5259,8.0716],[39.5253,8.0704],[39.5239,8.0691],[39.522,8.0667],[39.5213,8.0653],[39.5214,8.0645],[39.5213,8.063],[39.5208,8.062],[39.5211,8.0613],[39.5205,8.0601],[39.5194,8.0594],[39.5192,8.0588],[39.5181,8.0576],[39.5174,8.0574],[39.5164,8.0566],[39.515,8.0553],[39.5135,8.0532],[39.5114,8.0526],[39.5085,8.0524],[39.5051,8.0516],[39.5,8.0499],[39.4982,8.0484],[39.4966,8.0469],[39.495,8.0452],[39.4937,8.0436],[39.4925,8.044],[39.4902,8.0457],[39.4886,8.0468],[39.487,8.0475],[39.4849,8.0475],[39.4824,8.0477],[39.48,8.0479],[39.4781,8.0482],[39.4748,8.0483],[39.4724,8.049],[39.4712,8.0495],[39.4675,8.0499],[39.4655,8.0496],[39.4649,8.0492],[39.4659,8.0454],[39.4662,8.0435],[39.466,8.0399],[39.4653,8.0368],[39.4653,8.0327],[39.4691,8.0311],[39.4688,8.0294],[39.4667,8.0246],[39.4654,8.0224],[39.4635,8.0203],[39.4638,8.0183],[39.4604,8.0164],[39.4586,8.0142],[39.4577,8.0133],[39.457,8.0127],[39.4563,8.0121],[39.4554,8.0104],[39.4547,8.008],[39.4539,8.0058],[39.453,8.0032],[39.4528,8.0007],[39.4525,7.9985],[39.4519,7.9952],[39.4515,7.9925],[39.4506,7.9881],[39.4505,7.9849],[39.4486,7.9782],[39.4476,7.9748],[39.4469,7.9708],[39.4454,7.966],[39.4443,7.9627],[39.4435,7.9579],[39.4431,7.9556],[39.4427,7.9528],[39.4425,7.9499],[39.4422,7.948],[39.4414,7.9455],[39.4404,7.943],[39.4395,7.9406],[39.4383,7.9375],[39.4372,7.9351],[39.4348,7.931],[39.4337,7.9289],[39.4326,7.9266],[39.4319,7.9244],[39.4318,7.923],[39.4301,7.9223],[39.424,7.9164],[39.422,7.9144],[39.4207,7.9132],[39.4189,7.9118],[39.4171,7.9103],[39.4157,7.9089],[39.4146,7.9079],[39.4139,7.9074],[39.4127,7.9063],[39.4121,7.9058],[39.4115,7.9056],[39.4117,7.9051],[39.4122,7.9047],[39.4135,7.9047],[39.4135,7.9036],[39.413,7.9006],[39.4123,7.8984],[39.4108,7.897],[39.4094,7.8971]]]}},{"type":"Feature","properties":{"id":"LW024","woreda":"Munessa","zone":"Arsi","region":"Oromia","area_km2":1082.5,"lat":7.5626,"lon":38.9875},"geometry":{"type":"Polygon","coordinates":[[[39.1191,7.3616],[39.1156,7.3605],[39.1112,7.359],[39.1072,7.3572],[39.104,7.3556],[39.1008,7.3538],[39.0968,7.3511],[39.095,7.3506],[39.0943,7.3503],[39.0935,7.3502],[39.0879,7.3483],[39.0862,7.3476],[39.0853,7.3473],[39.0833,7.3469],[39.0786,7.3461],[39.0776,7.3461],[39.0766,7.3464],[39.0761,7.3468],[39.0738,7.3457],[39.0728,7.3454],[39.0715,7.3448],[39.0703,7.3444],[39.0691,7.3436],[39.0684,7.3447],[39.0692,7.3457],[39.0702,7.3461],[39.0687,7.3469],[39.0674,7.3484],[39.0664,7.3495],[39.066,7.3502],[39.0654,7.3509],[39.0648,7.3511],[39.0638,7.3512],[39.0634,7.3505],[39.0628,7.3501],[39.0618,7.3496],[39.061,7.3493],[39.0599,7.3492],[39.0585,7.3489],[39.0583,7.3519],[39.0579,7.3529],[39.0557,7.3528],[39.055,7.353],[39.0538,7.3519],[39.0529,7.3512],[39.0514,7.3506],[39.0496,7.3492],[39.0504,7.3469],[39.0511,7.3466],[39.052,7.3456],[39.0511,7.3441],[39.0498,7.3425],[39.0485,7.3412],[39.0474,7.3404],[39.0469,7.3403],[39.0463,7.3416],[39.0457,7.3421],[39.0454,7.3425],[39.0446,7.3439],[39.0439,7.3444],[39.0432,7.3452],[39.0427,7.3451],[39.0415,7.3444],[39.0406,7.3441],[39.0393,7.3432],[39.0389,7.3425],[39.0387,7.3418],[39.0386,7.3411],[39.0382,7.3405],[39.036,7.3397],[39.0348,7.3393],[39.0343,7.3388],[39.0337,7.3378],[39.0332,7.3373],[39.0324,7.337],[39.0321,7.3365],[39.0321,7.336],[39.032,7.3352],[39.0317,7.3347],[39.0309,7.3341],[39.0296,7.3334],[39.0296,7.332],[39.0291,7.3314],[39.0278,7.331],[39.0266,7.3303],[39.026,7.3302],[39.0254,7.3308],[39.0249,7.3306],[39.0242,7.3305],[39.0238,7.3303],[39.0232,7.3302],[39.0223,7.3306],[39.0216,7.3306],[39.0204,7.3309],[39.0187,7.3309],[39.0172,7.3307],[39.014,7.33],[39.013,7.3309],[39.0123,7.3329],[39.011,7.3336],[39.0093,7.3342],[39.0084,7.3337],[39.0071,7.3331],[39.0063,7.3335],[39.0052,7.3344],[39.0043,7.3346],[39.0033,7.3341],[39.0026,7.3334],[39.0024,7.3328],[39.0016,7.3324],[38.9998,7.3332],[38.9985,7.3337],[38.9972,7.3324],[38.9972,7.3315],[38.997,7.3301],[38.9962,7.3286],[38.9952,7.3281],[38.9945,7.3281],[38.9933,7.3276],[38.9923,7.3281],[38.9906,7.3299],[38.9893,7.3308],[38.9881,7.33],[38.9869,7.3285],[38.984,7.3285],[38.982,7.3278],[38.9775,7.3269],[38.9763,7.3265],[38.975,7.3254],[38.9733,7.3244],[38.9732,7.323],[38.9725,7.3219],[38.9716,7.3214],[38.9713,7.3211],[38.9701,7.3213],[38.9695,7.3227],[38.9678,7.3232],[38.9664,7.3232],[38.9629,7.324],[38.961,7.3246],[38.9594,7.3245],[38.957,7.3256],[38.9548,7.3267],[38.954,7.3282],[38.9535,7.3287],[38.9523,7.3281],[38.9514,7.3283],[38.9507,7.3303],[38.9507,7.332],[38.9489,7.3336],[38.9483,7.3341],[38.9473,7.3351],[38.9458,7.3363],[38.9445,7.3362],[38.9442,7.3366],[38.943,7.3362],[38.9415,7.3356],[38.9398,7.3359],[38.9381,7.3354],[38.9369,7.3346],[38.9362,7.3339],[38.9335,7.3339],[38.9322,7.3327],[38.9305,7.3316],[38.9302,7.3306],[38.9281,7.3299],[38.9274,7.3294],[38.9271,7.3286],[38.9261,7.3282],[38.9223,7.3282],[38.9194,7.3274],[38.9151,7.3272],[38.9143,7.3279],[38.9114,7.3276],[38.9088,7.3283],[38.9069,7.3274],[38.9063,7.3266],[38.9052,7.3269],[38.9034,7.3289],[38.902,7.3295],[38.8996,7.3309],[38.8979,7.3337],[38.8967,7.3366],[38.8942,7.3385],[38.8919,7.3397],[38.889,7.3417],[38.8868,7.3441],[38.8854,7.3468],[38.8827,7.3492],[38.8794,7.3508],[38.8783,7.3509],[38.8781,7.3502],[38.8776,7.3502],[38.8751,7.3503],[38.8741,7.3502],[38.8726,7.3504],[38.8717,7.3504],[38.8707,7.3503],[38.8697,7.3499],[38.8678,7.3507],[38.8648,7.3504],[38.8633,7.3505],[38.8625,7.3511],[38.8613,7.3513],[38.8605,7.3513],[38.8593,7.3512],[38.8566,7.3517],[38.8536,7.3519],[38.8498,7.3523],[38.8499,7.3529],[38.8502,7.3534],[38.8512,7.3546],[38.8533,7.3575],[38.8548,7.3592],[38.8563,7.3612],[38.8583,7.3632],[38.8594,7.3652],[38.8605,7.3676],[38.8613,7.369],[38.8614,7.3698],[38.8611,7.3712],[38.861,7.3736],[38.8608,7.3744],[38.8608,7.3753],[38.8607,7.3762],[38.8607,7.3798],[38.8602,7.3827],[38.8599,7.3839],[38.8602,7.3839],[38.8603,7.3862],[38.86,7.3887],[38.8593,7.3893],[38.8586,7.3896],[38.8583,7.3904],[38.8588,7.3912],[38.8589,7.3919],[38.8573,7.3937],[38.8563,7.3942],[38.8556,7.395],[38.8545,7.3957],[38.8526,7.3966],[38.8525,7.3968],[38.8526,7.3974],[38.8533,7.3984],[38.854,7.3999],[38.8553,7.4019],[38.8551,7.4034],[38.8555,7.4056],[38.8556,7.408],[38.8556,7.4094],[38.8552,7.4098],[38.8542,7.4102],[38.8523,7.4107],[38.8511,7.4107],[38.8506,7.4106],[38.8477,7.4111],[38.8466,7.4112],[38.8439,7.4124],[38.842,7.413],[38.8417,7.4133],[38.8423,7.415],[38.8429,7.4186],[38.8431,7.4188],[38.8433,7.4197],[38.8455,7.4201],[38.8458,7.4203],[38.8463,7.4218],[38.8466,7.4232],[38.8476,7.4259],[38.8484,7.4286],[38.8491,7.4311],[38.8501,7.4338],[38.8506,7.4357],[38.851,7.4375],[38.8515,7.4382],[38.853,7.4402],[38.8542,7.4414],[38.8552,7.4414],[38.8557,7.441],[38.8581,7.441],[38.8585,7.4425],[38.8592,7.445],[38.86,7.4492],[38.8608,7.4519],[38.8615,7.4551],[38.8611,7.4556],[38.8594,7.4572],[38.8588,7.4573],[38.8584,7.4575],[38.8592,7.4606],[38.86,7.4625],[38.8588,7.4627],[38.8568,7.4626],[38.8556,7.4638],[38.8551,7.4638],[38.8548,7.4641],[38.8554,7.4648],[38.8571,7.4663],[38.859,7.4682],[38.8591,7.4688],[38.8573,7.4685],[38.8564,7.4689],[38.8552,7.4689],[38.8546,7.469],[38.8527,7.4701],[38.8521,7.4709],[38.8516,7.4711],[38.8505,7.472],[38.8502,7.4721],[38.8495,7.4725],[38.8494,7.4729],[38.8523,7.4729],[38.8543,7.4727],[38.8584,7.4727],[38.8634,7.4729],[38.8633,7.4782],[38.8635,7.4787],[38.8674,7.4786],[38.8672,7.4795],[38.8672,7.4811],[38.8678,7.4856],[38.8691,7.4906],[38.8715,7.493],[38.8724,7.4934],[38.873,7.494],[38.8723,7.4952],[38.872,7.4961],[38.8712,7.4964],[38.8688,7.4995],[38.8677,7.4995],[38.8665,7.5005],[38.8684,7.5073],[38.8691,7.5091],[38.8691,7.5097],[38.8693,7.5105],[38.8699,7.5133],[38.8709,7.5172],[38.8727,7.5238],[38.8731,7.5257],[38.8729,7.5258],[38.8732,7.5277],[38.8744,7.5349],[38.8756,7.5422],[38.8763,7.546],[38.8767,7.5486],[38.8774,7.5505],[38.8779,7.552],[38.8792,7.5552],[38.8806,7.5593],[38.8836,7.5672],[38.8857,7.5734],[38.8863,7.575],[38.8849,7.5753],[38.8792,7.5769],[38.8764,7.5775],[38.8726,7.5785],[38.8719,7.5787],[38.8724,7.5795],[38.8743,7.5821],[38.8759,7.584],[38.8779,7.5868],[38.8818,7.5919],[38.8856,7.5969],[38.8873,7.5983],[38.8897,7.5995],[38.891,7.6001],[38.8914,7.6007],[38.8918,7.6017],[38.8917,7.6032],[38.8917,7.6044],[38.8918,7.6057],[38.8896,7.6142],[38.8886,7.6185],[38.8876,7.6227],[38.8873,7.624],[38.887,7.6246],[38.8871,7.6256],[38.8855,7.6312],[38.8852,7.633],[38.8847,7.6343],[38.885,7.6348],[38.8844,7.6349],[38.8857,7.6388],[38.8904,7.6514],[38.8951,7.6639],[38.8963,7.6675],[38.8893,7.6706],[38.8808,7.674],[38.8771,7.6729],[38.8774,7.6739],[38.8775,7.6839],[38.8758,7.6926],[38.8766,7.6932],[38.8874,7.7037],[38.8883,7.7092],[38.8907,7.7206],[38.8924,7.7241],[38.8907,7.7289],[38.8911,7.7293],[38.8918,7.7292],[38.8936,7.7307],[38.8982,7.7256],[38.9055,7.7283],[38.9148,7.7317],[38.9152,7.742],[38.9233,7.7524],[38.933,7.7536],[38.934,7.7559],[38.9381,7.7624],[38.9433,7.7687],[38.9459,7.7729],[38.9453,7.7765],[38.9443,7.7803],[38.9431,7.783],[38.9434,7.7857],[38.9449,7.7903],[38.9483,7.7958],[38.9519,7.8027],[38.9523,7.8044],[38.9544,7.8052],[38.9549,7.8036],[38.9557,7.8019],[38.957,7.7993],[38.9589,7.7979],[38.964,7.7939],[38.9654,7.7926],[38.9651,7.7918],[38.9663,7.7906],[38.9683,7.7871],[38.969,7.7866],[38.9695,7.7858],[38.9681,7.7833],[38.9669,7.7813],[38.9661,7.7794],[38.9589,7.7792],[38.959,7.7779],[38.9618,7.7739],[38.9668,7.7686],[38.9726,7.7627],[38.9741,7.7614],[38.9756,7.7606],[38.9764,7.7592],[38.9774,7.7579],[38.9785,7.7567],[38.9798,7.7553],[38.9803,7.7552],[38.9808,7.7556],[38.9817,7.7563],[38.9839,7.7585],[38.9841,7.7591],[38.9842,7.7601],[38.9839,7.7611],[38.9831,7.7632],[38.9823,7.7648],[38.9808,7.7655],[38.9803,7.7648],[38.9792,7.7638],[38.9779,7.7624],[38.9772,7.7626],[38.9761,7.7629],[38.9765,7.7642],[38.9781,7.7652],[38.9783,7.766],[38.9775,7.7682],[38.9782,7.7695],[38.9791,7.7704],[38.9796,7.7708],[38.9811,7.7717],[38.9815,7.7726],[38.9822,7.7728],[38.9838,7.7728],[38.9841,7.7732],[38.9849,7.7734],[38.9858,7.7728],[38.9861,7.7722],[38.987,7.7715],[38.988,7.7705],[38.9892,7.7696],[38.9906,7.7683],[38.9925,7.7719],[38.9932,7.7731],[38.9936,7.7733],[38.9946,7.773],[38.9958,7.7725],[38.997,7.7719],[38.9997,7.771],[39.0002,7.7713],[39.0004,7.7722],[39.0016,7.7733],[39.0015,7.771],[39.002,7.7707],[39.0054,7.7702],[39.0062,7.7688],[39.0042,7.7652],[39.0031,7.7646],[39.0021,7.7643],[39.0019,7.7636],[39.0019,7.7631],[39.0033,7.7602],[39.0057,7.7589],[39.0071,7.7579],[39.0091,7.7554],[39.0101,7.7536],[39.0098,7.7499],[39.009,7.7472],[39.0095,7.7462],[39.0107,7.7453],[39.0108,7.7424],[39.0106,7.738],[39.0114,7.7373],[39.0137,7.7357],[39.0136,7.7356],[39.0131,7.7336],[39.0119,7.731],[39.0107,7.7296],[39.0083,7.7248],[39.0086,7.7245],[39.0072,7.7232],[39.0059,7.7223],[39.0029,7.7223],[39.0027,7.7222],[39.0014,7.7201],[39.0001,7.7182],[38.9985,7.7169],[38.9964,7.7131],[38.9958,7.7109],[38.9961,7.7084],[38.9988,7.705],[39.0,7.7038],[39.0028,7.6967],[39.0069,7.6896],[39.0102,7.6842],[39.0156,7.6827],[39.0164,7.6814],[39.0191,7.6786],[39.0321,7.6624],[39.0384,7.6551],[39.039,7.6557],[39.0426,7.6565],[39.0451,7.6577],[39.0474,7.6576],[39.0493,7.657],[39.0519,7.6577],[39.0534,7.6565],[39.055,7.6576],[39.0591,7.6552],[39.0603,7.6546],[39.0626,7.6527],[39.0646,7.6508],[39.0687,7.6506],[39.0699,7.6495],[39.0698,7.6467],[39.0727,7.6445],[39.0758,7.6422],[39.0783,7.6403],[39.0843,7.6351],[39.0866,7.6333],[39.0891,7.634],[39.0915,7.6321],[39.0935,7.6333],[39.0942,7.6349],[39.0959,7.6394],[39.0976,7.644],[39.0965,7.6454],[39.0966,7.6491],[39.0976,7.6494],[39.1001,7.649],[39.1038,7.6492],[39.1047,7.6497],[39.1063,7.654],[39.1086,7.6584],[39.1099,7.6597],[39.1107,7.6615],[39.1126,7.6622],[39.1134,7.6636],[39.1154,7.6652],[39.1168,7.6623],[39.1181,7.66],[39.1188,7.6596],[39.1209,7.6602],[39.1216,7.658],[39.1243,7.6578],[39.1255,7.6572],[39.1272,7.6573],[39.1295,7.6561],[39.1283,7.6549],[39.1275,7.6529],[39.1295,7.6521],[39.13,7.6519],[39.1311,7.6515],[39.132,7.6515],[39.1329,7.6513],[39.1333,7.6501],[39.1335,7.6487],[39.1346,7.648],[39.1352,7.648],[39.1355,7.6483],[39.1356,7.6489],[39.1368,7.6486],[39.1385,7.647],[39.1386,7.6464],[39.139,7.6458],[39.1395,7.6456],[39.1403,7.6464],[39.141,7.6464],[39.1428,7.6455],[39.1439,7.645],[39.1453,7.6453],[39.1469,7.6458],[39.1474,7.6455],[39.1472,7.6446],[39.1469,7.6442],[39.1469,7.643],[39.1475,7.6426],[39.1482,7.6426],[39.149,7.6427],[39.1486,7.6411],[39.1505,7.6398],[39.1492,7.6383],[39.149,7.6377],[39.1475,7.6365],[39.1464,7.6357],[39.1462,7.6346],[39.1471,7.6339],[39.148,7.6326],[39.1485,7.6308],[39.1484,7.6294],[39.149,7.6288],[39.1491,7.6279],[39.1495,7.6272],[39.1486,7.6258],[39.1483,7.6231],[39.147,7.6222],[39.1469,7.6211],[39.1456,7.6201],[39.1441,7.6189],[39.1427,7.6193],[39.1421,7.6192],[39.1419,7.6189],[39.141,7.6195],[39.141,7.6166],[39.1394,7.6163],[39.1389,7.6161],[39.1382,7.6161],[39.138,7.6156],[39.1358,7.6153],[39.1352,7.6155],[39.1343,7.6144],[39.133,7.6137],[39.1334,7.6123],[39.1336,7.6114],[39.1333,7.6106],[39.133,7.6105],[39.1318,7.6086],[39.131,7.6088],[39.1297,7.6079],[39.1293,7.6079],[39.1288,7.6076],[39.1282,7.6073],[39.1263,7.6068],[39.1244,7.6058],[39.1221,7.6048],[39.1218,7.6046],[39.1193,7.6036],[39.1181,7.6024],[39.1153,7.601],[39.1135,7.5994],[39.1126,7.5983],[39.1122,7.5973],[39.1113,7.5971],[39.1102,7.5969],[39.1092,7.5967],[39.1086,7.5965],[39.1072,7.5958],[39.1065,7.5958],[39.1055,7.5949],[39.1051,7.5939],[39.1053,7.5925],[39.1048,7.5918],[39.1045,7.5911],[39.1029,7.5904],[39.1017,7.5901],[39.1006,7.5895],[39.1001,7.5881],[39.0984,7.5866],[39.0975,7.5862],[39.0958,7.5843],[39.0956,7.5838],[39.095,7.5831],[39.0949,7.5823],[39.0938,7.5805],[39.0933,7.5792],[39.0938,7.5774],[39.0943,7.5752],[39.0951,7.5736],[39.0955,7.5728],[39.0952,7.5706],[39.0949,7.57],[39.0947,7.5689],[39.0925,7.5658],[39.0925,7.5651],[39.0929,7.5638],[39.0932,7.5619],[39.0926,7.5609],[39.0923,7.5611],[39.0928,7.5593],[39.0925,7.5579],[39.0926,7.5574],[39.0932,7.5566],[39.0945,7.5543],[39.0947,7.5535],[39.0952,7.5518],[39.0952,7.5502],[39.0951,7.5487],[39.0942,7.5465],[39.0939,7.5456],[39.0944,7.5442],[39.0943,7.5432],[39.0951,7.5419],[39.0949,7.5414],[39.0939,7.5405],[39.092,7.5389],[39.0898,7.537],[39.0895,7.536],[39.0894,7.5359],[39.0903,7.5346],[39.0909,7.533],[39.0908,7.5318],[39.0903,7.5313],[39.0902,7.5304],[39.0897,7.5297],[39.0899,7.5289],[39.0903,7.5281],[39.0901,7.5262],[39.0904,7.5252],[39.0899,7.5238],[39.0902,7.5229],[39.0911,7.5221],[39.0917,7.5215],[39.0931,7.5206],[39.0934,7.5205],[39.0946,7.5199],[39.0954,7.5193],[39.0965,7.5182],[39.0975,7.5174],[39.0984,7.5154],[39.1024,7.512],[39.1037,7.5108],[39.1044,7.5098],[39.1046,7.5083],[39.105,7.5075],[39.1051,7.5053],[39.1054,7.5044],[39.106,7.5036],[39.106,7.5026],[39.1056,7.5016],[39.1044,7.5005],[39.1045,7.4989],[39.1049,7.4975],[39.1055,7.4962],[39.1063,7.4947],[39.1062,7.4941],[39.1073,7.4928],[39.1076,7.4919],[39.1077,7.4913],[39.1073,7.4908],[39.1073,7.4903],[39.1075,7.4885],[39.1082,7.4865],[39.1084,7.4853],[39.1081,7.4841],[39.1081,7.4823],[39.1073,7.481],[39.1062,7.4796],[39.1049,7.4763],[39.1044,7.4756],[39.1035,7.4754],[39.1026,7.4754],[39.1019,7.4752],[39.1018,7.4753],[39.1004,7.4737],[39.0999,7.4732],[39.0993,7.4733],[39.0983,7.4725],[39.0973,7.4704],[39.0971,7.4693],[39.0971,7.4685],[39.0966,7.467],[39.0964,7.4659],[39.0964,7.4652],[39.0966,7.4645],[39.0956,7.4633],[39.0944,7.463],[39.0937,7.463],[39.092,7.4639],[39.0914,7.4642],[39.0908,7.4643],[39.0902,7.4641],[39.0899,7.4639],[39.09,7.4627],[39.0899,7.462],[39.0903,7.4608],[39.0905,7.4598],[39.0905,7.4593],[39.0898,7.4578],[39.0895,7.4552],[39.0891,7.4541],[39.0891,7.4533],[39.0891,7.4526],[39.0895,7.4513],[39.0897,7.4495],[39.0894,7.4477],[39.0889,7.4461],[39.0889,7.4448],[39.0893,7.4426],[39.0902,7.4421],[39.0911,7.4412],[39.0916,7.4404],[39.0921,7.4398],[39.0923,7.4392],[39.0927,7.4374],[39.0927,7.4359],[39.0927,7.4348],[39.093,7.4332],[39.0931,7.4317],[39.0936,7.4273],[39.094,7.4251],[39.0947,7.4235],[39.0948,7.4225],[39.0951,7.4218],[39.0955,7.4214],[39.0959,7.4201],[39.0964,7.4191],[39.0966,7.4186],[39.0973,7.4178],[39.0986,7.4164],[39.0991,7.416],[39.0995,7.4154],[39.0997,7.4143],[39.1005,7.4122],[39.1012,7.4111],[39.1016,7.41],[39.1021,7.4094],[39.1021,7.4088],[39.1023,7.4082],[39.1023,7.4078],[39.1028,7.4074],[39.1033,7.4065],[39.1056,7.4048],[39.1072,7.4038],[39.1086,7.4031],[39.1098,7.4022],[39.1113,7.4023],[39.1121,7.4022],[39.1131,7.4018],[39.1138,7.4012],[39.1147,7.3998],[39.1152,7.3988],[39.1158,7.3983],[39.1174,7.3969],[39.1178,7.3961],[39.1186,7.3955],[39.1202,7.3934],[39.1211,7.3907],[39.1216,7.3902],[39.1215,7.3898],[39.121,7.3887],[39.1204,7.3875],[39.1198,7.3851],[39.1192,7.3834],[39.1197,7.3821],[39.1209,7.3798],[39.1244,7.3729],[39.1245,7.3721],[39.1253,7.3696],[39.123,7.3642],[39.1227,7.363],[39.122,7.3617],[39.1191,7.3616]]]}},{"type":"Feature","properties":{"id":"LW025","woreda":"Tiyo","zone":"Arsi","region":"Oromia","area_km2":604.5,"lat":7.8986,"lon":39.1479},"geometry":{"type":"Polygon","coordinates":[[[39.0004,7.7722],[39.0002,7.7713],[38.9997,7.771],[38.997,7.7719],[38.9958,7.7725],[38.9946,7.773],[38.9936,7.7733],[38.9932,7.7731],[38.9925,7.7719],[38.9906,7.7683],[38.9892,7.7696],[38.988,7.7705],[38.987,7.7715],[38.9861,7.7722],[38.9858,7.7728],[38.9849,7.7734],[38.9841,7.7732],[38.9838,7.7728],[38.9822,7.7728],[38.9815,7.7726],[38.9811,7.7717],[38.9796,7.7708],[38.9791,7.7704],[38.9782,7.7695],[38.9775,7.7682],[38.9783,7.766],[38.9781,7.7652],[38.9765,7.7642],[38.9761,7.7629],[38.9772,7.7626],[38.9779,7.7624],[38.9792,7.7638],[38.9803,7.7648],[38.9808,7.7655],[38.9823,7.7648],[38.9831,7.7632],[38.9839,7.7611],[38.9842,7.7601],[38.9841,7.7591],[38.9839,7.7585],[38.9817,7.7563],[38.9808,7.7556],[38.9803,7.7552],[38.9798,7.7553],[38.9785,7.7567],[38.9774,7.7579],[38.9764,7.7592],[38.9756,7.7606],[38.9741,7.7614],[38.9726,7.7627],[38.9668,7.7686],[38.9618,7.7739],[38.959,7.7779],[38.9589,7.7792],[38.9661,7.7794],[38.9669,7.7813],[38.9681,7.7833],[38.9695,7.7858],[38.969,7.7866],[38.9683,7.7871],[38.9663,7.7906],[38.9651,7.7918],[38.9654,7.7926],[38.964,7.7939],[38.9589,7.7979],[38.957,7.7993],[38.9557,7.8019],[38.9549,7.8036],[38.9544,7.8052],[38.9523,7.8044],[38.9504,7.8083],[38.9476,7.8128],[38.9463,7.815],[38.9432,7.8185],[38.9422,7.8206],[38.9392,7.8244],[38.9384,7.8259],[38.9378,7.8294],[38.9384,7.8321],[38.9376,7.8357],[38.9375,7.8365],[38.9372,7.8408],[38.9395,7.8439],[38.9423,7.8463],[38.9463,7.8519],[38.9472,7.8531],[38.9545,7.8498],[38.9555,7.8508],[38.959,7.8547],[38.9609,7.8565],[38.9629,7.8583],[38.9641,7.8694],[38.9705,7.868],[38.9735,7.8641],[38.9747,7.8642],[38.9772,7.8638],[38.9782,7.8659],[38.9783,7.867],[38.9794,7.8692],[38.9802,7.8713],[38.9804,7.8731],[38.981,7.8746],[38.9816,7.8766],[38.982,7.877],[38.9853,7.8746],[38.9862,7.8741],[38.9887,7.8729],[38.9894,7.8746],[38.9897,7.875],[38.9902,7.8769],[38.9931,7.8758],[38.9945,7.8768],[38.9982,7.8795],[38.9994,7.8803],[38.9996,7.8814],[38.9989,7.8815],[38.9973,7.8823],[38.9955,7.8839],[38.9927,7.8989],[38.994,7.9003],[38.9964,7.9041],[38.9975,7.9056],[38.9991,7.9042],[39.0011,7.9022],[39.0031,7.9017],[39.0062,7.8996],[39.0088,7.8983],[39.011,7.8985],[39.0146,7.8961],[39.0174,7.8956],[39.0189,7.8942],[39.02,7.8927],[39.0232,7.8904],[39.0253,7.8902],[39.0263,7.8893],[39.0277,7.8887],[39.0284,7.8898],[39.0288,7.8912],[39.0296,7.8926],[39.0305,7.8938],[39.0323,7.8942],[39.0337,7.8948],[39.0353,7.8961],[39.0355,7.897],[39.0366,7.8985],[39.0413,7.9052],[39.0435,7.9089],[39.0443,7.911],[39.0452,7.9128],[39.0461,7.9154],[39.0462,7.9156],[39.0481,7.9196],[39.0504,7.9233],[39.0522,7.9267],[39.0527,7.9275],[39.0543,7.926],[39.0556,7.9255],[39.057,7.9262],[39.0584,7.9276],[39.0591,7.9292],[39.0597,7.9316],[39.0592,7.9328],[39.0583,7.9338],[39.0561,7.9355],[39.0558,7.9361],[39.0569,7.9388],[39.0577,7.9401],[39.0585,7.942],[39.0597,7.9429],[39.067,7.948],[39.07,7.9498],[39.0709,7.9507],[39.0707,7.952],[39.0713,7.9538],[39.0722,7.9549],[39.0722,7.9565],[39.0726,7.9581],[39.0733,7.9596],[39.0738,7.9608],[39.0738,7.9617],[39.0709,7.9621],[39.0707,7.963],[39.0717,7.9657],[39.0723,7.9658],[39.0747,7.9651],[39.0755,7.9667],[39.0761,7.9684],[39.0762,7.9694],[39.0756,7.9713],[39.0756,7.9722],[39.0753,7.9727],[39.0733,7.9762],[39.0728,7.977],[39.0717,7.9782],[39.0721,7.9789],[39.074,7.9797],[39.0761,7.9797],[39.0767,7.9803],[39.0791,7.9829],[39.0809,7.984],[39.0817,7.9854],[39.082,7.9867],[39.0833,7.9883],[39.0839,7.9896],[39.0767,7.9951],[39.0772,7.9956],[39.0808,7.9957],[39.0824,7.9976],[39.0882,7.9989],[39.0923,7.9991],[39.094,7.9993],[39.0953,7.9959],[39.0969,7.9951],[39.0976,7.9948],[39.0992,7.9937],[39.0995,7.9921],[39.1011,7.9919],[39.1028,7.9933],[39.104,7.9955],[39.1052,7.9972],[39.1062,7.9986],[39.1077,8.0009],[39.1154,8.0136],[39.1176,8.016],[39.1217,8.0208],[39.1248,8.0239],[39.127,8.0262],[39.1291,8.0283],[39.1381,8.0379],[39.1402,8.0382],[39.1416,8.0382],[39.1427,8.0387],[39.1444,8.0389],[39.1454,8.0392],[39.1473,8.0396],[39.151,8.0415],[39.1524,8.0414],[39.1531,8.0415],[39.1552,8.0419],[39.1571,8.0414],[39.1578,8.041],[39.1599,8.0407],[39.1607,8.0406],[39.1623,8.0393],[39.1635,8.0395],[39.1643,8.0388],[39.1654,8.0382],[39.1655,8.0385],[39.1665,8.0383],[39.1679,8.0384],[39.169,8.0381],[39.172,8.0365],[39.1736,8.0363],[39.1753,8.0369],[39.1763,8.034],[39.1759,8.0329],[39.174,8.0317],[39.1749,8.0316],[39.1768,8.0313],[39.1786,8.0303],[39.1798,8.0296],[39.1849,8.029],[39.1866,8.0294],[39.1893,8.0281],[39.1907,8.0274],[39.1933,8.0272],[39.1952,8.0269],[39.1983,8.0258],[39.1999,8.0249],[39.2004,8.0243],[39.2015,8.0233],[39.2029,8.0224],[39.2037,8.0225],[39.2045,8.0212],[39.2052,8.0205],[39.2063,8.02],[39.2079,8.0185],[39.2078,8.0172],[39.2086,8.0164],[39.208,8.0156],[39.2078,8.015],[39.2086,8.0138],[39.2093,8.0118],[39.2104,8.0109],[39.2116,8.0103],[39.2125,8.0102],[39.2138,8.0102],[39.2153,8.0097],[39.2159,8.0087],[39.2164,8.0068],[39.2157,8.0052],[39.2159,8.004],[39.2162,8.003],[39.2163,8.002],[39.2171,8.001],[39.2183,8.0001],[39.2199,7.9993],[39.2211,7.9984],[39.2214,7.9971],[39.2215,7.9958],[39.2212,7.9952],[39.2216,7.9945],[39.2221,7.9929],[39.2222,7.99],[39.2234,7.9875],[39.2243,7.9859],[39.2262,7.9838],[39.2291,7.9812],[39.2291,7.9804],[39.2298,7.9777],[39.2305,7.976],[39.2305,7.9752],[39.2308,7.9741],[39.2315,7.9744],[39.2326,7.9753],[39.2343,7.9763],[39.2362,7.9771],[39.2374,7.9778],[39.2372,7.9693],[39.2376,7.9682],[39.2383,7.9673],[39.2385,7.9659],[39.2386,7.963],[39.2391,7.961],[39.2395,7.9594],[39.2399,7.9572],[39.2404,7.9543],[39.2395,7.9531],[39.239,7.9501],[39.2392,7.9484],[39.2395,7.9477],[39.239,7.9472],[39.239,7.9446],[39.2399,7.941],[39.2371,7.9355],[39.2359,7.934],[39.2383,7.9334],[39.2383,7.9318],[39.2376,7.931],[39.2355,7.9281],[39.2348,7.9278],[39.2344,7.9269],[39.2337,7.9257],[39.2329,7.924],[39.2334,7.9213],[39.2341,7.9187],[39.2351,7.917],[39.2359,7.9166],[39.2363,7.9155],[39.237,7.9149],[39.2374,7.9143],[39.2396,7.912],[39.2405,7.9105],[39.239,7.9111],[39.2375,7.9112],[39.2367,7.9111],[39.2394,7.9076],[39.2416,7.904],[39.2424,7.9027],[39.2432,7.9024],[39.2449,7.9015],[39.2469,7.9012],[39.2498,7.9016],[39.2515,7.9018],[39.2522,7.9022],[39.2537,7.9024],[39.2555,7.9017],[39.2562,7.9008],[39.2635,7.8951],[39.2664,7.8928],[39.2695,7.892],[39.2721,7.8918],[39.2743,7.8915],[39.2755,7.8918],[39.2934,7.894],[39.2946,7.8944],[39.2961,7.8962],[39.2972,7.8971],[39.2979,7.8987],[39.3005,7.9023],[39.3043,7.908],[39.3056,7.9091],[39.3072,7.9106],[39.3121,7.9118],[39.3274,7.9141],[39.3208,7.907],[39.316,7.9019],[39.2981,7.8776],[39.296,7.8675],[39.2958,7.8579],[39.2951,7.8583],[39.2947,7.8571],[39.2925,7.8563],[39.2896,7.8557],[39.2849,7.8545],[39.2766,7.8522],[39.2741,7.8493],[39.2726,7.8495],[39.2694,7.8467],[39.2675,7.843],[39.2625,7.8395],[39.2607,7.8395],[39.2603,7.8386],[39.2593,7.8368],[39.2578,7.8359],[39.2572,7.8354],[39.2555,7.8357],[39.2549,7.8345],[39.2542,7.8332],[39.2539,7.8314],[39.2538,7.8311],[39.2514,7.8309],[39.2494,7.8309],[39.2484,7.8308],[39.2491,7.8335],[39.2496,7.8352],[39.2495,7.8363],[39.2493,7.8374],[39.2486,7.8379],[39.2481,7.8381],[39.2445,7.8391],[39.242,7.8399],[39.2409,7.8397],[39.2399,7.8392],[39.2372,7.8392],[39.237,7.8392],[39.237,7.8386],[39.2365,7.8359],[39.2354,7.8345],[39.2337,7.8328],[39.2321,7.8314],[39.231,7.83],[39.2309,7.8285],[39.2307,7.828],[39.2333,7.8261],[39.2324,7.8221],[39.2314,7.8161],[39.2291,7.8102],[39.2249,7.8079],[39.2221,7.8081],[39.222,7.8077],[39.2205,7.8052],[39.2181,7.8036],[39.2185,7.8035],[39.2199,7.7997],[39.2176,7.798],[39.214,7.7966],[39.2064,7.793],[39.2019,7.7917],[39.1979,7.7891],[39.1958,7.7891],[39.1839,7.7924],[39.1768,7.7945],[39.1758,7.7947],[39.1846,7.8006],[39.182,7.8012],[39.1749,7.803],[39.1685,7.8044],[39.1653,7.8049],[39.1635,7.8039],[39.1619,7.8054],[39.1598,7.8058],[39.154,7.8066],[39.1515,7.807],[39.1507,7.808],[39.1488,7.8088],[39.1473,7.8097],[39.1458,7.8111],[39.1425,7.8137],[39.1415,7.8147],[39.1404,7.8138],[39.1395,7.8135],[39.1387,7.813],[39.1371,7.8131],[39.135,7.8129],[39.1335,7.813],[39.1309,7.8124],[39.1296,7.8118],[39.1288,7.812],[39.1281,7.8127],[39.127,7.8134],[39.1256,7.8169],[39.1247,7.8182],[39.1244,7.8184],[39.1241,7.8188],[39.1222,7.8208],[39.1213,7.8222],[39.1208,7.8238],[39.1204,7.8241],[39.1204,7.8246],[39.1202,7.8255],[39.1197,7.8265],[39.117,7.8259],[39.1145,7.8246],[39.1109,7.822],[39.1117,7.8182],[39.112,7.817],[39.1116,7.815],[39.1082,7.8151],[39.1028,7.815],[39.1054,7.8101],[39.1027,7.8102],[39.1018,7.8104],[39.1009,7.8104],[39.0998,7.8101],[39.0899,7.8094],[39.0786,7.8082],[39.0747,7.8096],[39.0721,7.8092],[39.0719,7.8097],[39.0699,7.8108],[39.0673,7.8121],[39.0657,7.8125],[39.0645,7.8124],[39.0601,7.8119],[39.0563,7.8113],[39.0552,7.8108],[39.0552,7.8115],[39.0555,7.8123],[39.0568,7.8171],[39.0556,7.817],[39.0548,7.8169],[39.0537,7.8171],[39.0529,7.8171],[39.0507,7.8169],[39.0471,7.8176],[39.046,7.8093],[39.0451,7.8098],[39.0434,7.8103],[39.0424,7.8098],[39.0416,7.8094],[39.0413,7.8095],[39.0425,7.8061],[39.0419,7.8056],[39.0406,7.8036],[39.0398,7.8028],[39.0378,7.8024],[39.0361,7.8045],[39.0347,7.8048],[39.034,7.8055],[39.0333,7.8035],[39.0333,7.8019],[39.0335,7.8003],[39.0321,7.8003],[39.032,7.7964],[39.0321,7.7953],[39.0324,7.7933],[39.0284,7.7923],[39.0269,7.7915],[39.0264,7.7905],[39.0255,7.7894],[39.0251,7.7884],[39.0245,7.7873],[39.0242,7.7869],[39.0237,7.7857],[39.0235,7.7845],[39.0226,7.7823],[39.0214,7.7805],[39.0203,7.7798],[39.0194,7.7798],[39.0184,7.7812],[39.0172,7.7833],[39.0169,7.7837],[39.0165,7.7836],[39.0158,7.7827],[39.015,7.7822],[39.0145,7.7821],[39.0141,7.7824],[39.0136,7.7831],[39.0131,7.7832],[39.0125,7.7825],[39.012,7.7817],[39.0111,7.7799],[39.0118,7.7793],[39.0128,7.778],[39.0128,7.7774],[39.0112,7.7762],[39.0099,7.7754],[39.0088,7.7748],[39.0083,7.7747],[39.007,7.7758],[39.0055,7.7775],[39.005,7.7783],[39.0036,7.7781],[39.002,7.7765],[39.0016,7.7733],[39.0004,7.7722]],[[39.1098,7.9164],[39.114,7.9152],[39.1154,7.9147],[39.116,7.9145],[39.1168,7.9144],[39.1189,7.9146],[39.1207,7.9146],[39.1211,7.915],[39.1218,7.9165],[39.1228,7.919],[39.124,7.921],[39.1256,7.9242],[39.1276,7.9223],[39.1283,7.9218],[39.1291,7.9215],[39.1296,7.9207],[39.1303,7.9204],[39.1306,7.92],[39.1303,7.9196],[39.1297,7.9191],[39.1303,7.9181],[39.1307,7.9167],[39.1304,7.9156],[39.1303,7.9128],[39.1298,7.912],[39.13,7.9111],[39.1316,7.9094],[39.1319,7.909],[39.1326,7.9085],[39.1335,7.9086],[39.1344,7.9079],[39.135,7.9078],[39.1357,7.908],[39.1365,7.908],[39.138,7.9076],[39.1382,7.9078],[39.1387,7.9123],[39.1384,7.9133],[39.1393,7.9142],[39.1442,7.9231],[39.1463,7.9253],[39.1474,7.9252],[39.1471,7.9255],[39.1493,7.9256],[39.1507,7.9282],[39.15,7.9297],[39.1495,7.9312],[39.1495,7.933],[39.1499,7.9361],[39.1511,7.9367],[39.152,7.9379],[39.1523,7.9404],[39.1528,7.9414],[39.153,7.9433],[39.1537,7.9443],[39.1544,7.9453],[39.1544,7.9464],[39.155,7.9472],[39.1555,7.9477],[39.1555,7.9482],[39.1544,7.9484],[39.1534,7.9489],[39.1528,7.9493],[39.1519,7.9496],[39.1514,7.9505],[39.1513,7.9518],[39.1504,7.9538],[39.1501,7.9544],[39.1493,7.9549],[39.1469,7.9567],[39.1454,7.9582],[39.1439,7.96],[39.1417,7.9632],[39.1415,7.9641],[39.1414,7.965],[39.1417,7.9659],[39.1421,7.9665],[39.1411,7.9673],[39.1403,7.9697],[39.14,7.97],[39.1396,7.9707],[39.1403,7.971],[39.1399,7.9724],[39.1397,7.9723],[39.139,7.9732],[39.1389,7.9747],[39.1368,7.9746],[39.1362,7.9745],[39.1356,7.9739],[39.1347,7.9739],[39.1335,7.9735],[39.1305,7.9716],[39.1305,7.9708],[39.1299,7.9701],[39.1296,7.9693],[39.1296,7.969],[39.1304,7.9687],[39.1316,7.9679],[39.1316,7.9671],[39.1315,7.9649],[39.1316,7.9641],[39.1324,7.9635],[39.1332,7.9631],[39.135,7.9615],[39.1346,7.9605],[39.1347,7.96],[39.1359,7.9595],[39.1361,7.9591],[39.1356,7.9586],[39.1337,7.9565],[39.1332,7.9567],[39.1328,7.9575],[39.1318,7.9587],[39.1309,7.9595],[39.1308,7.9584],[39.1308,7.9574],[39.1302,7.9568],[39.1296,7.9556],[39.1292,7.9524],[39.1288,7.9517],[39.1279,7.9512],[39.1261,7.952],[39.1251,7.9527],[39.1243,7.9527],[39.1236,7.9515],[39.1234,7.9508],[39.1237,7.9503],[39.1262,7.9494],[39.1278,7.9486],[39.1286,7.9461],[39.1272,7.9459],[39.1267,7.9448],[39.1261,7.9436],[39.1252,7.9429],[39.1248,7.943],[39.1236,7.9416],[39.1223,7.9407],[39.1216,7.9395],[39.1223,7.9374],[39.1234,7.9356],[39.124,7.9347],[39.125,7.933],[39.1253,7.9322],[39.1242,7.9303],[39.1236,7.9285],[39.1223,7.9286],[39.1217,7.9288],[39.1202,7.9296],[39.1195,7.9303],[39.1184,7.93],[39.1169,7.9304],[39.1148,7.9288],[39.1156,7.9287],[39.1149,7.9251],[39.1143,7.9248],[39.1128,7.9251],[39.1106,7.9254],[39.1087,7.9253],[39.1062,7.9231],[39.1028,7.9188],[39.1044,7.9181],[39.1098,7.9164]]]}},{"type":"Feature","properties":{"id":"LW026","woreda":"Agarfa","zone":"Bale","region":"Oromia","area_km2":1221.7,"lat":7.3114,"lon":39.846},"geometry":{"type":"Polygon","coordinates":[[[40.0959,7.3008],[40.0953,7.3001],[40.0918,7.2984],[40.092,7.2973],[40.0929,7.2964],[40.0933,7.2947],[40.0926,7.2922],[40.0915,7.2904],[40.0901,7.288],[40.0897,7.2875],[40.089,7.2876],[40.0871,7.2884],[40.0862,7.2895],[40.0845,7.2895],[40.0837,7.2885],[40.083,7.287],[40.0817,7.286],[40.0796,7.286],[40.0783,7.2867],[40.0771,7.2879],[40.0756,7.2898],[40.0745,7.2901],[40.0737,7.2901],[40.0727,7.2881],[40.0726,7.2872],[40.072,7.286],[40.0711,7.2845],[40.071,7.2822],[40.07,7.2812],[40.0687,7.2807],[40.0669,7.2805],[40.0657,7.2808],[40.0627,7.2784],[40.0611,7.2787],[40.06,7.2781],[40.0587,7.2768],[40.0576,7.2763],[40.0572,7.276],[40.0531,7.2744],[40.0507,7.2728],[40.0496,7.2728],[40.0491,7.2731],[40.0489,7.2738],[40.0482,7.2749],[40.0466,7.2744],[40.0442,7.2737],[40.0418,7.2719],[40.0408,7.2702],[40.0402,7.2691],[40.0394,7.2688],[40.0381,7.2689],[40.037,7.2691],[40.0351,7.2691],[40.0343,7.2683],[40.0329,7.2681],[40.0326,7.2685],[40.0305,7.2692],[40.0276,7.2701],[40.0275,7.2719],[40.0244,7.273],[40.023,7.2731],[40.0221,7.2732],[40.0194,7.2716],[40.0192,7.2705],[40.0207,7.2684],[40.02,7.2671],[40.0185,7.2666],[40.0161,7.2686],[40.0144,7.2702],[40.0143,7.2695],[40.0149,7.2656],[40.0145,7.2648],[40.0132,7.2649],[40.013,7.2653],[40.007,7.2671],[40.0034,7.2695],[39.9985,7.2698],[39.995,7.2639],[39.9907,7.2559],[39.9946,7.2519],[39.9967,7.2501],[39.9968,7.2496],[39.9963,7.2482],[39.9966,7.2475],[39.9968,7.246],[39.9964,7.2456],[39.9961,7.2448],[39.9955,7.2445],[39.9954,7.2457],[39.9949,7.2464],[39.9923,7.2466],[39.9911,7.246],[39.9906,7.2477],[39.9864,7.2465],[39.9848,7.247],[39.9828,7.244],[39.9837,7.2426],[39.9842,7.2414],[39.9828,7.2404],[39.9787,7.2388],[39.9775,7.2379],[39.9772,7.2368],[39.9769,7.2348],[39.9761,7.2308],[39.976,7.2295],[39.9768,7.2296],[39.9761,7.2264],[39.9752,7.2258],[39.9738,7.2258],[39.9729,7.2267],[39.9723,7.2267],[39.9711,7.2271],[39.9669,7.226],[39.9662,7.226],[39.9584,7.223],[39.9585,7.2193],[39.9587,7.2154],[39.9584,7.2143],[39.9577,7.2133],[39.9574,7.2093],[39.9567,7.2074],[39.9567,7.2029],[39.957,7.2003],[39.9576,7.1981],[39.9584,7.1967],[39.9589,7.1952],[39.9597,7.193],[39.9607,7.19],[39.9625,7.189],[39.962,7.1889],[39.9617,7.1881],[39.9583,7.1864],[39.9562,7.1848],[39.9534,7.1841],[39.9511,7.183],[39.947,7.1821],[39.9458,7.1824],[39.9422,7.1839],[39.9417,7.1846],[39.941,7.1849],[39.9403,7.1848],[39.9185,7.1749],[39.9182,7.174],[39.9149,7.1725],[39.9148,7.1713],[39.915,7.1709],[39.9133,7.1713],[39.9123,7.1716],[39.9127,7.1709],[39.9113,7.1674],[39.9102,7.1642],[39.8992,7.1636],[39.8986,7.1628],[39.8961,7.1588],[39.8939,7.1562],[39.8929,7.1591],[39.8917,7.163],[39.8913,7.1628],[39.891,7.1596],[39.8899,7.1566],[39.8881,7.1575],[39.8877,7.1577],[39.8856,7.1589],[39.8842,7.1595],[39.8835,7.1604],[39.8791,7.1604],[39.8778,7.1613],[39.8766,7.1626],[39.8757,7.164],[39.874,7.1629],[39.8712,7.1607],[39.8705,7.1603],[39.8705,7.1624],[39.8704,7.1629],[39.8718,7.1636],[39.8716,7.1644],[39.87,7.164],[39.8638,7.162],[39.8639,7.1636],[39.8624,7.1631],[39.8618,7.1628],[39.8613,7.1602],[39.857,7.1579],[39.8569,7.1559],[39.8464,7.1484],[39.8428,7.1457],[39.8402,7.147],[39.8386,7.1475],[39.8374,7.1476],[39.8364,7.148],[39.8346,7.1484],[39.833,7.1467],[39.8318,7.1457],[39.8311,7.1453],[39.8302,7.1445],[39.8295,7.1431],[39.8292,7.1422],[39.828,7.1416],[39.827,7.1425],[39.8272,7.1445],[39.8278,7.1472],[39.8267,7.15],[39.8271,7.1513],[39.8253,7.1516],[39.8258,7.153],[39.8263,7.1557],[39.8267,7.1569],[39.827,7.1584],[39.8274,7.1595],[39.8276,7.1605],[39.8275,7.1612],[39.8269,7.1623],[39.8263,7.1626],[39.8246,7.1634],[39.8236,7.1641],[39.8234,7.165],[39.823,7.165],[39.8222,7.1654],[39.8202,7.1658],[39.8193,7.1665],[39.818,7.1666],[39.8174,7.1662],[39.816,7.1664],[39.8136,7.1675],[39.8132,7.168],[39.8132,7.169],[39.8137,7.1703],[39.8143,7.1725],[39.8143,7.1738],[39.8132,7.175],[39.8123,7.1756],[39.812,7.1762],[39.8121,7.1772],[39.813,7.1781],[39.8133,7.1791],[39.8133,7.1815],[39.814,7.1821],[39.8152,7.1822],[39.8162,7.1832],[39.8165,7.184],[39.8163,7.1854],[39.8152,7.1861],[39.8144,7.1864],[39.8124,7.1863],[39.811,7.1862],[39.8095,7.1858],[39.8089,7.1846],[39.8087,7.184],[39.8079,7.1833],[39.8069,7.1831],[39.8063,7.1826],[39.8061,7.1818],[39.8061,7.1811],[39.8057,7.1799],[39.8038,7.1777],[39.8025,7.1772],[39.8013,7.1771],[39.8003,7.1769],[39.799,7.1767],[39.7971,7.1771],[39.7958,7.1768],[39.7954,7.1764],[39.7942,7.176],[39.7933,7.1764],[39.792,7.1763],[39.7907,7.1758],[39.7899,7.1758],[39.7889,7.1755],[39.7879,7.1752],[39.7869,7.1748],[39.7859,7.1746],[39.7833,7.1741],[39.7792,7.1727],[39.7786,7.1723],[39.7779,7.172],[39.7769,7.1713],[39.7759,7.1712],[39.7743,7.1708],[39.7715,7.1697],[39.7706,7.1697],[39.7695,7.1693],[39.7685,7.1685],[39.7628,7.1708],[39.7608,7.1718],[39.7529,7.1741],[39.7462,7.1752],[39.745,7.1753],[39.7443,7.1761],[39.7424,7.1779],[39.7417,7.1784],[39.7408,7.1794],[39.7392,7.1813],[39.7375,7.183],[39.7368,7.184],[39.7361,7.1855],[39.7358,7.1871],[39.7353,7.1885],[39.7347,7.1896],[39.7346,7.1911],[39.7341,7.1921],[39.7333,7.1941],[39.7321,7.1936],[39.7302,7.1934],[39.7289,7.1937],[39.7278,7.1943],[39.7256,7.1949],[39.7242,7.1949],[39.721,7.196],[39.7193,7.1979],[39.7185,7.1988],[39.7165,7.2005],[39.7153,7.2035],[39.714,7.2044],[39.7119,7.2058],[39.6951,7.2159],[39.6919,7.2178],[39.6889,7.2198],[39.6841,7.2286],[39.6744,7.2296],[39.6693,7.2302],[39.6687,7.23],[39.6681,7.2292],[39.667,7.2294],[39.6665,7.2292],[39.6639,7.228],[39.6631,7.2286],[39.662,7.2294],[39.6583,7.2324],[39.656,7.2344],[39.6544,7.2349],[39.6525,7.2355],[39.6496,7.2367],[39.6484,7.2371],[39.6475,7.2398],[39.6461,7.2479],[39.6456,7.2504],[39.6347,7.2526],[39.6348,7.2533],[39.6371,7.2568],[39.6385,7.2591],[39.6405,7.2609],[39.6376,7.2655],[39.6362,7.2667],[39.6344,7.2681],[39.6342,7.2712],[39.6339,7.2741],[39.6337,7.2764],[39.6334,7.2772],[39.6305,7.2758],[39.6268,7.2742],[39.6249,7.2762],[39.6222,7.2789],[39.6205,7.2813],[39.6241,7.2825],[39.624,7.2833],[39.6227,7.2867],[39.6227,7.2878],[39.6224,7.2897],[39.6217,7.2909],[39.6218,7.2931],[39.6214,7.2945],[39.6209,7.295],[39.6206,7.2959],[39.62,7.2971],[39.6194,7.2988],[39.6185,7.3],[39.6181,7.3009],[39.618,7.3024],[39.6182,7.3033],[39.6174,7.3043],[39.616,7.3058],[39.6121,7.3082],[39.6127,7.3084],[39.6132,7.3092],[39.6087,7.312],[39.6071,7.3133],[39.6047,7.3146],[39.6036,7.3147],[39.6039,7.3164],[39.6028,7.3174],[39.6026,7.3183],[39.6017,7.3189],[39.6012,7.3204],[39.5992,7.3222],[39.5972,7.3231],[39.5965,7.3238],[39.5954,7.3232],[39.5944,7.323],[39.5931,7.3232],[39.5918,7.3231],[39.5893,7.3244],[39.5875,7.3259],[39.5866,7.3268],[39.5853,7.3299],[39.5839,7.3325],[39.5831,7.334],[39.5831,7.3379],[39.5826,7.3388],[39.5815,7.3403],[39.5826,7.3425],[39.5837,7.3438],[39.5854,7.3442],[39.5855,7.3454],[39.5852,7.3462],[39.5856,7.3469],[39.5855,7.3477],[39.5849,7.3485],[39.5848,7.3494],[39.5845,7.35],[39.5831,7.3519],[39.5803,7.3533],[39.5795,7.3533],[39.5787,7.3538],[39.578,7.3591],[39.5779,7.362],[39.5775,7.3631],[39.575,7.3637],[39.5738,7.3642],[39.5713,7.3645],[39.5697,7.3648],[39.5679,7.3648],[39.5623,7.3608],[39.5595,7.3593],[39.559,7.3585],[39.5584,7.3586],[39.5575,7.357],[39.5572,7.3563],[39.5573,7.3555],[39.5573,7.3542],[39.5563,7.3529],[39.556,7.3529],[39.5539,7.3525],[39.5525,7.3517],[39.5472,7.3516],[39.5436,7.3518],[39.5403,7.3517],[39.5366,7.3519],[39.5357,7.3518],[39.5313,7.3609],[39.5309,7.3626],[39.5308,7.3717],[39.5305,7.3807],[39.5286,7.3862],[39.5269,7.3915],[39.5241,7.3983],[39.5251,7.3988],[39.5268,7.3985],[39.5295,7.3982],[39.5301,7.3986],[39.5319,7.3982],[39.5335,7.3993],[39.5352,7.3994],[39.5369,7.3998],[39.5391,7.4017],[39.5414,7.4025],[39.5432,7.4039],[39.5437,7.4061],[39.5439,7.4076],[39.5435,7.4086],[39.5425,7.4102],[39.5422,7.4111],[39.5426,7.4137],[39.543,7.4155],[39.5434,7.4171],[39.5429,7.4181],[39.5433,7.4208],[39.5431,7.4218],[39.5431,7.4234],[39.5443,7.4244],[39.5443,7.4253],[39.5451,7.4258],[39.5455,7.4267],[39.5456,7.4282],[39.5466,7.4291],[39.5483,7.4299],[39.5488,7.4308],[39.55,7.4318],[39.5521,7.4327],[39.5531,7.4339],[39.5548,7.4348],[39.5562,7.4356],[39.5568,7.4373],[39.5565,7.4387],[39.5565,7.4398],[39.5587,7.4412],[39.5594,7.4412],[39.5606,7.4423],[39.5632,7.4428],[39.565,7.4445],[39.5663,7.4454],[39.5683,7.4457],[39.5692,7.4462],[39.5707,7.4465],[39.5723,7.4446],[39.5729,7.4435],[39.5744,7.443],[39.5773,7.4435],[39.5798,7.4447],[39.5811,7.4462],[39.5818,7.4475],[39.5828,7.4486],[39.5843,7.4493],[39.5861,7.4475],[39.5881,7.4474],[39.59,7.4486],[39.5911,7.4493],[39.5933,7.4479],[39.594,7.447],[39.5967,7.4458],[39.6002,7.4466],[39.6021,7.4459],[39.6034,7.4458],[39.6054,7.4476],[39.6075,7.4489],[39.6081,7.4491],[39.6096,7.4519],[39.6109,7.4522],[39.6114,7.4525],[39.6133,7.4531],[39.6157,7.4533],[39.6166,7.4539],[39.6166,7.4553],[39.6174,7.4564],[39.6195,7.4577],[39.6218,7.4586],[39.6227,7.4607],[39.624,7.4627],[39.6245,7.4645],[39.6266,7.4684],[39.6282,7.4694],[39.6308,7.4699],[39.6318,7.4712],[39.6324,7.4725],[39.6328,7.4749],[39.633,7.4755],[39.6353,7.476],[39.6362,7.4758],[39.6369,7.4781],[39.6383,7.4783],[39.641,7.4794],[39.6419,7.48],[39.643,7.4786],[39.644,7.4781],[39.6451,7.4774],[39.646,7.4774],[39.6476,7.478],[39.65,7.4784],[39.6505,7.4784],[39.6512,7.4787],[39.6537,7.4787],[39.6559,7.479],[39.6564,7.4794],[39.6572,7.4804],[39.6579,7.4815],[39.6597,7.4816],[39.662,7.4811],[39.663,7.4807],[39.6643,7.48],[39.6647,7.4794],[39.6647,7.4789],[39.6641,7.4785],[39.6634,7.4777],[39.6634,7.4768],[39.6638,7.4762],[39.6646,7.4754],[39.6655,7.4752],[39.6677,7.4754],[39.668,7.4762],[39.6685,7.4767],[39.6692,7.4766],[39.6694,7.4761],[39.6694,7.4757],[39.6683,7.4748],[39.6683,7.4741],[39.6685,7.4729],[39.6686,7.4718],[39.669,7.4711],[39.6701,7.4701],[39.6704,7.4697],[39.6705,7.4688],[39.6709,7.4677],[39.6717,7.4671],[39.6736,7.4671],[39.6748,7.4676],[39.6753,7.4681],[39.676,7.4686],[39.6772,7.4685],[39.6777,7.4687],[39.6785,7.4688],[39.6791,7.4692],[39.6813,7.4698],[39.6832,7.4694],[39.6843,7.4691],[39.6855,7.4694],[39.6857,7.469],[39.6859,7.4672],[39.6862,7.4669],[39.688,7.4671],[39.6893,7.4676],[39.69,7.4676],[39.6923,7.4686],[39.693,7.4693],[39.6941,7.4698],[39.6939,7.4703],[39.6954,7.4715],[39.6966,7.4727],[39.6981,7.4736],[39.6989,7.4738],[39.6997,7.4735],[39.7014,7.4732],[39.7031,7.4726],[39.7034,7.4719],[39.7049,7.4716],[39.7063,7.4716],[39.7079,7.4717],[39.7086,7.4712],[39.7093,7.4701],[39.7101,7.4695],[39.7115,7.4697],[39.7125,7.47],[39.7128,7.4699],[39.7131,7.4689],[39.7137,7.4666],[39.7151,7.4656],[39.716,7.4653],[39.7171,7.4655],[39.7197,7.464],[39.7211,7.4636],[39.7215,7.4639],[39.7219,7.4643],[39.7227,7.4649],[39.7261,7.4643],[39.7283,7.4646],[39.7291,7.4643],[39.7298,7.4641],[39.7305,7.4635],[39.7315,7.4632],[39.7334,7.4628],[39.7372,7.4619],[39.7393,7.4589],[39.7398,7.4586],[39.7419,7.4581],[39.743,7.4573],[39.7453,7.4559],[39.7472,7.4555],[39.7491,7.4549],[39.7496,7.454],[39.7507,7.4537],[39.7534,7.4535],[39.7536,7.453],[39.7543,7.4522],[39.7546,7.4516],[39.7548,7.45],[39.7552,7.4495],[39.7557,7.4492],[39.7579,7.4491],[39.7587,7.4484],[39.7597,7.4471],[39.7606,7.4455],[39.7615,7.445],[39.7625,7.4447],[39.7629,7.4441],[39.7635,7.4427],[39.7639,7.4412],[39.7646,7.4404],[39.7653,7.4403],[39.7658,7.4405],[39.7664,7.4411],[39.7675,7.4407],[39.7682,7.4403],[39.7692,7.4394],[39.7708,7.4386],[39.7719,7.4379],[39.7727,7.4378],[39.775,7.4382],[39.7763,7.4382],[39.7768,7.4387],[39.7769,7.4424],[39.7775,7.4428],[39.7777,7.4432],[39.7796,7.4431],[39.7802,7.4435],[39.7813,7.4444],[39.7819,7.4448],[39.7834,7.4453],[39.7845,7.4453],[39.7856,7.445],[39.7864,7.4441],[39.787,7.4439],[39.7886,7.4435],[39.7891,7.4435],[39.7905,7.4432],[39.7913,7.4428],[39.7918,7.4423],[39.7925,7.4423],[39.793,7.4427],[39.7938,7.4427],[39.7963,7.4425],[39.7971,7.4427],[39.7982,7.4434],[39.7989,7.4443],[39.7993,7.4446],[39.8004,7.4444],[39.8011,7.4444],[39.8032,7.4447],[39.8041,7.4453],[39.8047,7.4459],[39.8053,7.447],[39.8058,7.4477],[39.806,7.4489],[39.806,7.4502],[39.8064,7.4516],[39.8068,7.4522],[39.8076,7.4529],[39.8089,7.4533],[39.8102,7.4534],[39.8108,7.4542],[39.8106,7.4551],[39.8107,7.4566],[39.8126,7.4589],[39.8137,7.461],[39.8149,7.463],[39.816,7.4635],[39.8168,7.4641],[39.8178,7.4643],[39.8193,7.4637],[39.8207,7.4642],[39.8209,7.4648],[39.8213,7.4668],[39.8217,7.4672],[39.8235,7.4677],[39.8248,7.4682],[39.8263,7.4688],[39.8291,7.4688],[39.8297,7.4686],[39.8312,7.4683],[39.8336,7.4675],[39.8351,7.4675],[39.8355,7.467],[39.8363,7.4664],[39.8373,7.4659],[39.8382,7.466],[39.8399,7.4665],[39.8408,7.467],[39.8415,7.4681],[39.8421,7.4694],[39.8429,7.4696],[39.8441,7.4694],[39.845,7.4688],[39.8459,7.4683],[39.8466,7.4675],[39.847,7.4663],[39.848,7.4656],[39.8508,7.4656],[39.8526,7.4654],[39.8535,7.465],[39.8538,7.4637],[39.8556,7.4621],[39.8558,7.462],[39.858,7.462],[39.8586,7.4622],[39.8588,7.4631],[39.8593,7.464],[39.8609,7.4641],[39.8616,7.4643],[39.8617,7.4653],[39.8619,7.4651],[39.8645,7.4641],[39.8683,7.4614],[39.8688,7.4608],[39.8664,7.4595],[39.8655,7.4551],[39.8646,7.4538],[39.8637,7.4531],[39.8619,7.4528],[39.8611,7.4521],[39.8601,7.4507],[39.8603,7.4489],[39.861,7.4463],[39.8628,7.443],[39.8625,7.4395],[39.8615,7.4365],[39.861,7.4327],[39.8593,7.4269],[39.8583,7.4237],[39.8585,7.4208],[39.8586,7.4192],[39.8578,7.4146],[39.856,7.4107],[39.8561,7.4091],[39.8574,7.4087],[39.8574,7.4086],[39.8595,7.4066],[39.8599,7.4044],[39.8609,7.4036],[39.8643,7.404],[39.8663,7.4047],[39.8687,7.4035],[39.87,7.4032],[39.8734,7.4016],[39.8722,7.3915],[39.8728,7.3912],[39.8735,7.3907],[39.8762,7.3905],[39.8783,7.3906],[39.8798,7.3905],[39.8808,7.3905],[39.8823,7.3902],[39.8871,7.3898],[39.8877,7.3897],[39.8945,7.3891],[39.8963,7.3892],[39.8984,7.389],[39.8989,7.3882],[39.9001,7.3874],[39.902,7.3873],[39.9081,7.3861],[39.9085,7.385],[39.9093,7.3843],[39.9102,7.3816],[39.9115,7.3809],[39.913,7.3805],[39.9143,7.3785],[39.9169,7.3762],[39.9187,7.3747],[39.9255,7.3711],[39.9268,7.3703],[39.9288,7.3677],[39.9303,7.3659],[39.9342,7.3645],[39.936,7.3645],[39.9369,7.3639],[39.9374,7.3632],[39.9359,7.3616],[39.9362,7.3611],[39.9367,7.3603],[39.9365,7.359],[39.9366,7.3583],[39.9373,7.3576],[39.9372,7.3569],[39.9375,7.355],[39.9382,7.3524],[39.937,7.3505],[39.9363,7.3505],[39.9352,7.3493],[39.9345,7.3494],[39.9344,7.3483],[39.9353,7.3476],[39.9357,7.3464],[39.941,7.3419],[39.9448,7.3387],[39.9511,7.3293],[39.9553,7.3311],[39.9563,7.3307],[39.9634,7.328],[39.966,7.329],[39.9675,7.3296],[39.968,7.3293],[39.9735,7.3232],[39.9742,7.3224],[39.9815,7.3213],[39.9924,7.3205],[39.9934,7.3202],[40.0056,7.3181],[40.0082,7.3176],[40.0133,7.3163],[40.0186,7.3154],[40.024,7.3122],[40.0309,7.3161],[40.0364,7.3201],[40.0413,7.323],[40.0442,7.3233],[40.0478,7.3236],[40.0627,7.3254],[40.0647,7.3257],[40.0684,7.3266],[40.0722,7.3269],[40.0712,7.3247],[40.0718,7.3231],[40.0729,7.3219],[40.0742,7.3214],[40.0753,7.3212],[40.076,7.3204],[40.0761,7.3175],[40.0768,7.3166],[40.0795,7.3158],[40.0807,7.3155],[40.081,7.3144],[40.0819,7.3134],[40.083,7.3107],[40.0848,7.3088],[40.0862,7.3083],[40.0873,7.3089],[40.0881,7.309],[40.089,7.3082],[40.089,7.3071],[40.0893,7.3063],[40.0898,7.3056],[40.0912,7.3049],[40.0922,7.3049],[40.0932,7.3047],[40.095,7.3031],[40.0956,7.3014],[40.0959,7.3008]]]}},{"type":"Feature","properties":{"id":"LW027","woreda":"Goba (OR)","zone":"Bale","region":"Oromia","area_km2":1467.9,"lat":6.8556,"lon":39.88},"geometry":{"type":"Polygon","coordinates":[[[39.8859,7.0355],[39.8865,7.0354],[39.8877,7.0341],[39.889,7.0338],[39.8906,7.0347],[39.8912,7.0364],[39.8915,7.0376],[39.8919,7.0392],[39.8934,7.0405],[39.8958,7.042],[39.8979,7.0449],[39.9001,7.0464],[39.9019,7.047],[39.903,7.0475],[39.905,7.0482],[39.9064,7.0485],[39.9078,7.0487],[39.9123,7.0505],[39.9138,7.0516],[39.9151,7.0519],[39.9164,7.0524],[39.919,7.0524],[39.9203,7.0522],[39.9212,7.0523],[39.9229,7.0531],[39.9277,7.0532],[39.9303,7.053],[39.9331,7.0531],[39.9352,7.0535],[39.9375,7.0556],[39.9391,7.0559],[39.94,7.0559],[39.9419,7.0571],[39.9463,7.0616],[39.9471,7.0636],[39.9481,7.0648],[39.9496,7.0644],[39.9512,7.0627],[39.9525,7.0615],[39.9532,7.0605],[39.9548,7.061],[39.9559,7.0623],[39.9587,7.0638],[39.9603,7.0648],[39.9614,7.065],[39.9615,7.0645],[39.9599,7.0635],[39.9597,7.0629],[39.961,7.0624],[39.9626,7.0623],[39.9633,7.0602],[39.9649,7.0601],[39.9655,7.0589],[39.965,7.058],[39.965,7.0573],[39.9652,7.0563],[39.965,7.0558],[39.9632,7.0549],[39.9618,7.0538],[39.9612,7.0528],[39.9599,7.0526],[39.9598,7.0521],[39.96,7.0483],[39.9597,7.0473],[39.9574,7.0473],[39.957,7.0471],[39.9563,7.0461],[39.9553,7.0451],[39.9536,7.0448],[39.9519,7.0447],[39.9512,7.0443],[39.9506,7.0429],[39.9495,7.0415],[39.9481,7.0407],[39.9468,7.0393],[39.9466,7.0378],[39.9456,7.0364],[39.9443,7.0335],[39.9426,7.0321],[39.9405,7.0311],[39.9387,7.031],[39.938,7.0305],[39.9373,7.0293],[39.9355,7.0279],[39.935,7.0274],[39.9352,7.0265],[39.9348,7.0256],[39.936,7.0244],[39.9363,7.0237],[39.9366,7.0225],[39.9357,7.0214],[39.9346,7.0204],[39.9338,7.0196],[39.9344,7.0187],[39.9368,7.0176],[39.9399,7.0159],[39.9425,7.0144],[39.9442,7.0141],[39.9457,7.0141],[39.9487,7.0136],[39.9507,7.0133],[39.9512,7.0123],[39.9518,7.0107],[39.9528,7.0082],[39.9527,7.0071],[39.9523,7.0065],[39.9533,7.0037],[39.9537,7.0023],[39.9537,7.0],[39.9541,6.9996],[39.955,6.9991],[39.956,6.9984],[39.9562,6.9977],[39.9562,6.9962],[39.9563,6.995],[39.9577,6.9929],[39.9588,6.9915],[39.9594,6.9912],[39.9597,6.9906],[39.9605,6.9896],[39.9636,6.9856],[39.965,6.9838],[39.9667,6.9828],[39.9681,6.9818],[39.9696,6.9814],[39.9708,6.9806],[39.972,6.9793],[39.9736,6.9779],[39.9744,6.9775],[39.9752,6.9775],[39.9767,6.979],[39.9807,6.9799],[39.9818,6.9811],[39.9827,6.9833],[39.9844,6.9846],[39.9836,6.9861],[39.9833,6.9873],[39.9845,6.9893],[39.9859,6.9908],[39.9872,6.9922],[39.9876,6.9928],[39.9893,6.9948],[39.9951,7.0004],[39.9954,7.0006],[39.9977,7.0035],[39.9979,7.0044],[39.9979,7.0067],[39.9977,7.0084],[39.9977,7.0121],[39.9979,7.0135],[39.9981,7.0169],[39.998,7.021],[39.998,7.0215],[39.9982,7.0215],[39.9995,7.0227],[39.9996,7.0231],[39.9987,7.0257],[39.9991,7.0271],[40.0,7.028],[40.0005,7.0287],[40.002,7.0288],[40.0037,7.0286],[40.0051,7.0291],[40.0068,7.0292],[40.008,7.0289],[40.0117,7.0243],[40.0122,7.0239],[40.0133,7.0234],[40.0142,7.0232],[40.0154,7.0219],[40.0168,7.0212],[40.0233,7.0192],[40.0251,7.0188],[40.026,7.0196],[40.0266,7.0194],[40.0275,7.0165],[40.0288,7.0162],[40.0292,7.0159],[40.0297,7.0164],[40.0303,7.0161],[40.0315,7.0134],[40.0325,7.0133],[40.0337,7.0134],[40.0346,7.0136],[40.0346,7.0134],[40.0356,7.0138],[40.0389,7.0139],[40.0407,7.0139],[40.0411,7.0155],[40.0413,7.0171],[40.0418,7.0195],[40.0417,7.024],[40.0414,7.0259],[40.0407,7.0317],[40.0411,7.0331],[40.0421,7.0327],[40.044,7.0333],[40.0446,7.0331],[40.0462,7.0336],[40.0473,7.0335],[40.0503,7.0336],[40.0509,7.0327],[40.0523,7.0326],[40.0537,7.0326],[40.0552,7.0323],[40.0559,7.0319],[40.0571,7.0312],[40.0587,7.0307],[40.0601,7.0307],[40.0616,7.0302],[40.0631,7.0279],[40.0661,7.0255],[40.0674,7.0248],[40.0687,7.0268],[40.0711,7.0289],[40.0722,7.0306],[40.0722,7.0316],[40.0716,7.0351],[40.0708,7.0387],[40.0706,7.0392],[40.0694,7.0392],[40.0686,7.0421],[40.0686,7.0496],[40.0731,7.0495],[40.0736,7.0517],[40.0751,7.0559],[40.0753,7.0575],[40.0744,7.0603],[40.0741,7.0615],[40.0739,7.0627],[40.0739,7.0646],[40.0749,7.0656],[40.0747,7.067],[40.0747,7.0682],[40.0741,7.0686],[40.0736,7.0688],[40.0721,7.0696],[40.0733,7.0745],[40.0739,7.0758],[40.0747,7.0776],[40.0764,7.0774],[40.0801,7.0765],[40.0819,7.0756],[40.0848,7.0747],[40.0869,7.0742],[40.0877,7.0736],[40.0879,7.0715],[40.0884,7.0708],[40.0892,7.0708],[40.0895,7.0718],[40.0903,7.0722],[40.0915,7.072],[40.0913,7.0731],[40.0919,7.0735],[40.094,7.0753],[40.095,7.0761],[40.0954,7.0754],[40.0959,7.0757],[40.0959,7.0763],[40.0963,7.0767],[40.0973,7.0767],[40.0974,7.0772],[40.0988,7.0772],[40.1001,7.0762],[40.1009,7.0762],[40.1018,7.0753],[40.1022,7.0748],[40.103,7.0746],[40.1033,7.0682],[40.1033,7.0668],[40.1035,7.0662],[40.1036,7.0653],[40.1049,7.0655],[40.108,7.0661],[40.1099,7.0664],[40.1112,7.0664],[40.1114,7.0675],[40.1122,7.0689],[40.1139,7.0695],[40.1146,7.0712],[40.1147,7.0727],[40.1155,7.0737],[40.1175,7.0738],[40.1187,7.0727],[40.1205,7.0747],[40.1229,7.074],[40.1222,7.0717],[40.1214,7.0688],[40.1211,7.0653],[40.1225,7.0651],[40.1238,7.0644],[40.1256,7.0638],[40.1302,7.0624],[40.1309,7.064],[40.132,7.0647],[40.1329,7.0668],[40.1338,7.0679],[40.1373,7.0672],[40.1391,7.0667],[40.1412,7.0661],[40.1429,7.0651],[40.1444,7.0648],[40.1453,7.0644],[40.1473,7.0642],[40.1487,7.0642],[40.1508,7.0647],[40.1514,7.0649],[40.1503,7.0613],[40.1496,7.0605],[40.1471,7.0605],[40.1464,7.0567],[40.1445,7.0505],[40.1444,7.049],[40.1434,7.0478],[40.1421,7.0466],[40.1415,7.0454],[40.1399,7.0447],[40.1398,7.0425],[40.1386,7.0415],[40.1386,7.0407],[40.1436,7.0413],[40.1457,7.0413],[40.1479,7.0413],[40.1496,7.0407],[40.1508,7.041],[40.1516,7.0414],[40.1572,7.0402],[40.1592,7.0398],[40.1622,7.0386],[40.165,7.0383],[40.1675,7.0379],[40.1674,7.0376],[40.1681,7.0371],[40.169,7.0374],[40.172,7.0389],[40.1728,7.0379],[40.1749,7.0385],[40.1766,7.0388],[40.1792,7.0378],[40.1783,7.0356],[40.1798,7.0346],[40.1806,7.0332],[40.1806,7.0315],[40.1815,7.0309],[40.1832,7.031],[40.1868,7.0256],[40.1918,7.0266],[40.1937,7.0263],[40.1972,7.0262],[40.1977,7.0259],[40.1967,7.0237],[40.1946,7.023],[40.1925,7.0228],[40.1919,7.0226],[40.1883,7.0217],[40.186,7.0213],[40.1848,7.0208],[40.1828,7.0189],[40.1809,7.0179],[40.1752,7.0119],[40.1752,7.0106],[40.1755,7.007],[40.1754,7.0055],[40.1751,7.0022],[40.1743,7.0004],[40.1742,6.9993],[40.1748,6.9974],[40.1749,6.9958],[40.1746,6.9916],[40.1744,6.9888],[40.1735,6.9866],[40.1731,6.9851],[40.1728,6.9822],[40.1725,6.9793],[40.1726,6.9752],[40.1746,6.9734],[40.1774,6.9723],[40.1815,6.9676],[40.1815,6.9672],[40.1786,6.9613],[40.1785,6.9602],[40.1789,6.9586],[40.179,6.9572],[40.1785,6.9557],[40.1783,6.9546],[40.1776,6.9521],[40.1773,6.9509],[40.1781,6.9482],[40.1783,6.9471],[40.1781,6.945],[40.1779,6.9396],[40.1774,6.9388],[40.1762,6.9378],[40.1768,6.9326],[40.1799,6.9319],[40.1852,6.9309],[40.1866,6.931],[40.1978,6.9285],[40.1992,6.9282],[40.1989,6.9238],[40.1987,6.9229],[40.1984,6.9192],[40.1982,6.9152],[40.1989,6.915],[40.1987,6.9138],[40.1986,6.9125],[40.1987,6.9115],[40.1986,6.9105],[40.1989,6.909],[40.1991,6.9074],[40.1998,6.9054],[40.2003,6.905],[40.2018,6.9031],[40.2026,6.9014],[40.2038,6.8985],[40.204,6.8974],[40.2041,6.8964],[40.2038,6.8937],[40.2036,6.8928],[40.2033,6.8904],[40.203,6.8895],[40.201,6.8882],[40.1973,6.885],[40.1949,6.8828],[40.1933,6.8815],[40.1899,6.8788],[40.1855,6.8747],[40.1837,6.8734],[40.1823,6.8729],[40.1781,6.8733],[40.1756,6.8733],[40.1729,6.8734],[40.1692,6.8736],[40.1669,6.8737],[40.1668,6.8736],[40.1626,6.8739],[40.1594,6.8739],[40.1577,6.8742],[40.1553,6.8741],[40.1485,6.8743],[40.1465,6.8744],[40.1447,6.875],[40.1392,6.8753],[40.1341,6.8754],[40.1316,6.875],[40.1273,6.8753],[40.12,6.8758],[40.1169,6.8759],[40.1119,6.876],[40.1094,6.8761],[40.1103,6.877],[40.1113,6.8779],[40.1122,6.8781],[40.113,6.8795],[40.1135,6.8801],[40.1154,6.8807],[40.1179,6.8825],[40.1197,6.8841],[40.1215,6.886],[40.1229,6.8875],[40.1237,6.89],[40.1245,6.8913],[40.1247,6.892],[40.1256,6.8933],[40.1263,6.8947],[40.1269,6.8961],[40.1272,6.8973],[40.128,6.8991],[40.1292,6.9009],[40.1303,6.9022],[40.1313,6.9026],[40.1329,6.9029],[40.1346,6.9037],[40.1358,6.9037],[40.1371,6.9044],[40.1389,6.9045],[40.1403,6.9046],[40.1425,6.9052],[40.145,6.9063],[40.1467,6.9094],[40.1467,6.911],[40.1465,6.9118],[40.1455,6.9122],[40.1438,6.9122],[40.1373,6.913],[40.1278,6.9132],[40.1248,6.9135],[40.1205,6.9133],[40.118,6.9136],[40.1151,6.9137],[40.1126,6.9135],[40.1083,6.9137],[40.0993,6.9137],[40.0967,6.9128],[40.0903,6.9102],[40.0835,6.9077],[40.0784,6.9057],[40.0759,6.9047],[40.0733,6.9037],[40.0705,6.9028],[40.0687,6.9007],[40.0691,6.9003],[40.0686,6.8999],[40.0685,6.8992],[40.0687,6.8983],[40.0684,6.8978],[40.0678,6.8979],[40.0666,6.8975],[40.0659,6.8978],[40.0654,6.8982],[40.0649,6.8975],[40.0636,6.897],[40.0631,6.8959],[40.0626,6.8936],[40.0619,6.8913],[40.061,6.8898],[40.06,6.8885],[40.0596,6.8871],[40.0604,6.8859],[40.0598,6.8843],[40.0599,6.8837],[40.0605,6.8831],[40.0615,6.8824],[40.0626,6.8818],[40.063,6.881],[40.0621,6.8792],[40.0595,6.8756],[40.0584,6.8742],[40.0576,6.8734],[40.0559,6.8709],[40.0554,6.8705],[40.0533,6.8681],[40.0515,6.8652],[40.0487,6.862],[40.0474,6.8612],[40.0451,6.8597],[40.0446,6.8577],[40.0432,6.8567],[40.042,6.8561],[40.0401,6.8545],[40.039,6.8537],[40.0378,6.853],[40.0374,6.8529],[40.0366,6.8529],[40.0357,6.8516],[40.0336,6.8502],[40.0312,6.8497],[40.0292,6.8495],[40.027,6.8489],[40.0223,6.848],[40.0194,6.8473],[40.0165,6.8471],[40.0143,6.8466],[40.0094,6.8454],[40.0054,6.8447],[40.005,6.8396],[40.0049,6.8347],[40.0047,6.8323],[40.0047,6.8302],[40.0045,6.828],[40.0044,6.8253],[40.0043,6.8213],[40.004,6.8189],[40.0038,6.8152],[40.0034,6.8117],[40.0039,6.8112],[40.0061,6.8117],[40.0071,6.8108],[40.0081,6.809],[40.0082,6.8083],[40.0079,6.8074],[40.0061,6.8043],[40.0048,6.8023],[40.0038,6.801],[40.0023,6.798],[39.9982,6.7922],[39.9943,6.788],[39.9903,6.7829],[39.9866,6.7791],[39.9846,6.777],[39.9832,6.7754],[39.9807,6.7722],[39.9792,6.7707],[39.9785,6.7697],[39.974,6.7645],[39.9706,6.761],[39.9693,6.7594],[39.9666,6.7562],[39.9592,6.7473],[39.9565,6.7444],[39.9564,6.744],[39.9559,6.7439],[39.9546,6.7426],[39.9507,6.7385],[39.9468,6.7379],[39.9449,6.7378],[39.9421,6.7376],[39.94,6.7367],[39.9372,6.7367],[39.9346,6.7364],[39.9295,6.7362],[39.9285,6.736],[39.9244,6.7356],[39.9211,6.7351],[39.9177,6.7346],[39.9163,6.7346],[39.9121,6.7344],[39.9084,6.7342],[39.9045,6.7343],[39.9007,6.734],[39.8923,6.7337],[39.8879,6.7334],[39.8847,6.7332],[39.8818,6.7331],[39.8805,6.7329],[39.8787,6.7329],[39.8767,6.733],[39.8749,6.7328],[39.873,6.7328],[39.8677,6.7328],[39.8625,6.7324],[39.8565,6.7323],[39.8515,6.7321],[39.8498,6.7318],[39.8499,6.7307],[39.8506,6.7232],[39.8509,6.7186],[39.8512,6.7135],[39.8515,6.7106],[39.8518,6.7057],[39.8521,6.7002],[39.8526,6.698],[39.8529,6.6945],[39.8516,6.6933],[39.8452,6.6898],[39.8428,6.6884],[39.8399,6.6867],[39.8376,6.6853],[39.8334,6.6829],[39.831,6.6813],[39.8299,6.6808],[39.8291,6.6803],[39.8266,6.6789],[39.8237,6.6771],[39.8188,6.6743],[39.8155,6.6722],[39.8117,6.67],[39.808,6.6678],[39.8052,6.666],[39.8022,6.6644],[39.7991,6.6625],[39.795,6.6602],[39.7932,6.6594],[39.7896,6.6571],[39.786,6.655],[39.7822,6.6527],[39.7794,6.6511],[39.7759,6.649],[39.7741,6.6491],[39.7713,6.6491],[39.7599,6.6495],[39.7583,6.6497],[39.7553,6.6497],[39.7536,6.65],[39.7468,6.6501],[39.7415,6.6506],[39.7398,6.6506],[39.7377,6.6502],[39.7366,6.6492],[39.7356,6.6476],[39.7354,6.6447],[39.7348,6.644],[39.7326,6.6427],[39.7293,6.6412],[39.7289,6.6407],[39.7272,6.6398],[39.7257,6.6388],[39.7247,6.6377],[39.7238,6.6355],[39.7234,6.6342],[39.7229,6.6342],[39.7182,6.635],[39.7168,6.6354],[39.7086,6.6378],[39.706,6.6382],[39.704,6.6388],[39.7015,6.6393],[39.6969,6.6407],[39.6902,6.6424],[39.6843,6.6438],[39.6824,6.6443],[39.6797,6.6451],[39.6769,6.6457],[39.6728,6.6469],[39.6699,6.6474],[39.6674,6.648],[39.6661,6.6486],[39.6641,6.6492],[39.6632,6.6495],[39.6623,6.6504],[39.6595,6.6539],[39.6573,6.6568],[39.6568,6.6579],[39.6548,6.6602],[39.6461,6.65],[39.6457,6.651],[39.6449,6.6521],[39.6439,6.6541],[39.6428,6.6562],[39.6413,6.658],[39.6397,6.6595],[39.6361,6.6642],[39.6327,6.6679],[39.6302,6.6711],[39.6277,6.6742],[39.6257,6.6759],[39.6241,6.6783],[39.6209,6.6824],[39.619,6.6843],[39.6228,6.688],[39.6279,6.6868],[39.632,6.6856],[39.6328,6.6863],[39.6332,6.6874],[39.634,6.6887],[39.6343,6.6899],[39.636,6.6903],[39.6374,6.6914],[39.6392,6.6901],[39.6406,6.6897],[39.6414,6.6902],[39.642,6.6913],[39.6411,6.6937],[39.6405,6.6956],[39.6408,6.6967],[39.6408,6.6994],[39.6418,6.701],[39.6418,6.7021],[39.6403,6.7031],[39.6398,6.7036],[39.6381,6.7044],[39.6381,6.7053],[39.6394,6.7056],[39.6417,6.7062],[39.6423,6.7063],[39.6436,6.7086],[39.6435,6.7102],[39.644,6.7115],[39.6441,6.7131],[39.6432,6.7147],[39.6423,6.7161],[39.6412,6.7169],[39.6415,6.7173],[39.6408,6.7185],[39.6387,6.721],[39.637,6.7234],[39.6366,6.7242],[39.6365,6.726],[39.6357,6.7286],[39.6353,6.7304],[39.6349,6.7314],[39.6343,6.7337],[39.6341,6.7346],[39.6341,6.7352],[39.6326,6.7374],[39.6321,6.7392],[39.631,6.7411],[39.6297,6.7428],[39.629,6.7442],[39.6279,6.7464],[39.6269,6.7469],[39.6265,6.7475],[39.6259,6.7498],[39.6241,6.751],[39.6225,6.7528],[39.6224,6.7533],[39.6215,6.7548],[39.6211,6.7561],[39.6204,6.758],[39.619,6.7592],[39.6168,6.7596],[39.6158,6.7594],[39.6157,6.7603],[39.6153,6.7607],[39.6156,6.7613],[39.6179,6.7644],[39.619,6.7665],[39.6219,6.7712],[39.6256,6.777],[39.6291,6.7833],[39.6308,6.7842],[39.6366,6.7897],[39.646,6.7988],[39.6574,6.8091],[39.6632,6.8148],[39.6735,6.8242],[39.6852,6.8361],[39.6948,6.8427],[39.7045,6.8496],[39.7156,6.8539],[39.7223,6.8579],[39.7252,6.8599],[39.7321,6.8656],[39.7351,6.8676],[39.7404,6.8708],[39.7439,6.8755],[39.7463,6.8792],[39.7504,6.885],[39.7535,6.8904],[39.7562,6.8956],[39.76,6.9017],[39.7609,6.9028],[39.764,6.9051],[39.7648,6.9056],[39.7653,6.9065],[39.7666,6.9074],[39.7679,6.9105],[39.7693,6.9122],[39.7696,6.9138],[39.772,6.9166],[39.7722,6.9182],[39.7732,6.9195],[39.775,6.9211],[39.7772,6.9227],[39.7807,6.9242],[39.7832,6.9244],[39.7883,6.9254],[39.7904,6.9272],[39.7911,6.9276],[39.7916,6.9292],[39.7931,6.9309],[39.7938,6.9319],[39.7952,6.9326],[39.7973,6.9338],[39.7995,6.9353],[39.8016,6.936],[39.8046,6.9359],[39.8068,6.9356],[39.808,6.9349],[39.8091,6.9342],[39.8144,6.9338],[39.8179,6.935],[39.8198,6.936],[39.8225,6.9391],[39.8237,6.9415],[39.8239,6.9434],[39.825,6.9442],[39.826,6.9448],[39.8266,6.9486],[39.827,6.9501],[39.828,6.9516],[39.8293,6.9528],[39.8306,6.9536],[39.8318,6.9545],[39.833,6.9559],[39.8345,6.9569],[39.8374,6.9594],[39.8391,6.9608],[39.8404,6.9632],[39.8411,6.9654],[39.842,6.9667],[39.8432,6.9675],[39.8474,6.9691],[39.8511,6.9711],[39.8532,6.9723],[39.8547,6.9742],[39.8563,6.976],[39.8577,6.9779],[39.858,6.981],[39.8592,6.9835],[39.8598,6.9848],[39.8623,6.9864],[39.8638,6.9874],[39.8651,6.9875],[39.8663,6.9869],[39.8682,6.9869],[39.8705,6.9869],[39.8731,6.9875],[39.8765,6.9879],[39.8797,6.9879],[39.8829,6.9893],[39.8844,6.9922],[39.8851,6.9941],[39.8863,6.9961],[39.8882,6.9974],[39.8897,6.9987],[39.8905,7.0003],[39.8917,7.0015],[39.8924,7.0021],[39.894,7.0026],[39.896,7.0027],[39.8979,7.0042],[39.8983,7.0052],[39.8998,7.0066],[39.9011,7.0079],[39.9026,7.0089],[39.9046,7.0097],[39.9053,7.0125],[39.906,7.0135],[39.9075,7.0143],[39.9076,7.0147],[39.9064,7.017],[39.906,7.0185],[39.9057,7.0196],[39.9057,7.0201],[39.9061,7.0207],[39.9061,7.021],[39.9056,7.0213],[39.9049,7.0219],[39.9045,7.0237],[39.9041,7.0245],[39.9033,7.0253],[39.9018,7.026],[39.9009,7.0265],[39.8989,7.0261],[39.8968,7.0254],[39.8946,7.0236],[39.8934,7.0233],[39.8918,7.023],[39.8912,7.023],[39.8901,7.0234],[39.8898,7.0246],[39.8886,7.025],[39.8867,7.0248],[39.8862,7.0265],[39.8857,7.0285],[39.8852,7.0297],[39.8846,7.0315],[39.8847,7.0336],[39.8849,7.0349],[39.8859,7.0355]]]}},{"type":"Feature","properties":{"id":"LW028","woreda":"Goba town","zone":"Bale","region":"Oromia","area_km2":42.8,"lat":7.0215,"lon":39.9668},"geometry":{"type":"Polygon","coordinates":[[[39.9665,7.0597],[39.9674,7.0604],[39.9692,7.061],[39.9705,7.0611],[39.9724,7.0643],[39.9743,7.0654],[39.9762,7.0655],[39.981,7.0645],[39.9817,7.0641],[39.9821,7.0629],[39.9833,7.0625],[39.9848,7.0629],[39.9864,7.0636],[39.9906,7.0638],[39.9931,7.0636],[39.9974,7.0642],[39.9981,7.0644],[39.9992,7.0645],[40.0005,7.0641],[40.0005,7.0626],[39.9998,7.0597],[39.9991,7.0582],[39.998,7.054],[39.9995,7.0494],[39.9984,7.0472],[39.9968,7.0454],[39.9965,7.043],[39.9969,7.0404],[39.9953,7.038],[39.9925,7.0345],[39.9916,7.0329],[39.9907,7.0313],[39.9899,7.0293],[39.991,7.0282],[39.9926,7.0268],[39.9942,7.0254],[39.9965,7.0234],[39.9978,7.0215],[39.998,7.0215],[39.998,7.021],[39.9981,7.0169],[39.9979,7.0135],[39.9977,7.0121],[39.9977,7.0084],[39.9979,7.0067],[39.9979,7.0044],[39.9977,7.0035],[39.9954,7.0006],[39.9951,7.0004],[39.9893,6.9948],[39.9876,6.9928],[39.9872,6.9922],[39.9859,6.9908],[39.9845,6.9893],[39.9833,6.9873],[39.9836,6.9861],[39.9844,6.9846],[39.9827,6.9833],[39.9818,6.9811],[39.9807,6.9799],[39.9767,6.979],[39.9752,6.9775],[39.9744,6.9775],[39.9736,6.9779],[39.972,6.9793],[39.9708,6.9806],[39.9696,6.9814],[39.9681,6.9818],[39.9667,6.9828],[39.965,6.9838],[39.9636,6.9856],[39.9605,6.9896],[39.9597,6.9906],[39.9594,6.9912],[39.9588,6.9915],[39.9577,6.9929],[39.9563,6.995],[39.9562,6.9962],[39.9562,6.9977],[39.956,6.9984],[39.955,6.9991],[39.9541,6.9996],[39.9537,7.0],[39.9537,7.0023],[39.9533,7.0037],[39.9523,7.0065],[39.9527,7.0071],[39.9528,7.0082],[39.9518,7.0107],[39.9512,7.0123],[39.9507,7.0133],[39.9487,7.0136],[39.9457,7.0141],[39.9442,7.0141],[39.9425,7.0144],[39.9399,7.0159],[39.9368,7.0176],[39.9344,7.0187],[39.9338,7.0196],[39.9346,7.0204],[39.9357,7.0214],[39.9366,7.0225],[39.9363,7.0237],[39.936,7.0244],[39.9348,7.0256],[39.9352,7.0265],[39.935,7.0274],[39.9355,7.0279],[39.9373,7.0293],[39.938,7.0305],[39.9387,7.031],[39.9405,7.0311],[39.9426,7.0321],[39.9443,7.0335],[39.9456,7.0364],[39.9466,7.0378],[39.9468,7.0393],[39.9481,7.0407],[39.9495,7.0415],[39.9506,7.0429],[39.9512,7.0443],[39.9519,7.0447],[39.9536,7.0448],[39.9553,7.0451],[39.9563,7.0461],[39.957,7.0471],[39.9574,7.0473],[39.9597,7.0473],[39.96,7.0483],[39.9598,7.0521],[39.9599,7.0526],[39.9612,7.0528],[39.9618,7.0538],[39.9632,7.0549],[39.965,7.0558],[39.9652,7.0563],[39.965,7.0573],[39.965,7.058],[39.9655,7.0589],[39.9665,7.0597]]]}},{"type":"Feature","properties":{"id":"LW029","woreda":"Goro (Bale)","zone":"Bale","region":"Oromia","area_km2":1514.9,"lat":6.938,"lon":40.4744},"geometry":{"type":"Polygon","coordinates":[[[40.2206,6.9252],[40.2228,6.9256],[40.2238,6.9264],[40.2268,6.927],[40.229,6.9321],[40.2324,6.9412],[40.2327,6.9427],[40.2319,6.9437],[40.2314,6.9451],[40.2305,6.9496],[40.2299,6.9519],[40.2296,6.9552],[40.2286,6.9587],[40.2271,6.9628],[40.2299,6.9705],[40.2308,6.9724],[40.234,6.9777],[40.2354,6.9797],[40.2382,6.9861],[40.239,6.9878],[40.2429,6.9886],[40.244,6.9897],[40.2453,6.9938],[40.2456,6.9958],[40.2459,6.9971],[40.2489,7.0084],[40.2492,7.0103],[40.2503,7.012],[40.2518,7.0131],[40.2526,7.0143],[40.2594,7.0214],[40.2614,7.0231],[40.2626,7.0232],[40.2648,7.0234],[40.2697,7.0235],[40.2718,7.0232],[40.2733,7.0236],[40.2758,7.0238],[40.2757,7.024],[40.2763,7.0245],[40.2774,7.0256],[40.2797,7.0275],[40.2813,7.0289],[40.2841,7.0313],[40.286,7.0328],[40.2879,7.0343],[40.2898,7.036],[40.2912,7.0374],[40.2933,7.0393],[40.2957,7.0415],[40.2962,7.042],[40.2969,7.0441],[40.3036,7.0434],[40.3049,7.0435],[40.3057,7.0446],[40.3065,7.0446],[40.3076,7.0448],[40.3079,7.0452],[40.3085,7.0466],[40.3093,7.0479],[40.31,7.0492],[40.3101,7.0505],[40.3111,7.0525],[40.312,7.0541],[40.3125,7.0553],[40.3134,7.0565],[40.3144,7.0583],[40.3154,7.0607],[40.3163,7.0629],[40.3177,7.0658],[40.3216,7.0797],[40.3278,7.0931],[40.3288,7.0957],[40.3337,7.105],[40.3355,7.1066],[40.3452,7.1164],[40.3488,7.1206],[40.3498,7.1199],[40.3506,7.1196],[40.3506,7.119],[40.3522,7.1171],[40.3534,7.115],[40.3545,7.1111],[40.3561,7.1091],[40.3571,7.1088],[40.3585,7.1091],[40.36,7.1087],[40.3618,7.1074],[40.3627,7.1068],[40.3637,7.1068],[40.3646,7.1062],[40.3653,7.105],[40.3661,7.1043],[40.3676,7.1041],[40.3686,7.1048],[40.3695,7.1047],[40.3733,7.1027],[40.374,7.1014],[40.3743,7.0998],[40.376,7.0989],[40.377,7.0989],[40.382,7.0998],[40.3839,7.1001],[40.3849,7.0999],[40.3858,7.0991],[40.3875,7.0991],[40.3902,7.0987],[40.3917,7.0977],[40.3922,7.0967],[40.393,7.0955],[40.3939,7.095],[40.3954,7.095],[40.3962,7.0956],[40.3972,7.096],[40.3981,7.0962],[40.399,7.0957],[40.3999,7.0956],[40.4005,7.0968],[40.4001,7.0979],[40.3991,7.1001],[40.3978,7.1016],[40.3982,7.1026],[40.3984,7.1036],[40.3984,7.1056],[40.3972,7.1071],[40.3961,7.1072],[40.3949,7.1092],[40.394,7.1106],[40.3935,7.1125],[40.3925,7.1141],[40.3916,7.1152],[40.3958,7.1165],[40.3967,7.1154],[40.3978,7.1137],[40.3984,7.1139],[40.3991,7.1159],[40.4,7.1202],[40.4008,7.1247],[40.4009,7.1255],[40.4019,7.1252],[40.4031,7.1253],[40.4071,7.1242],[40.4091,7.1242],[40.4113,7.1238],[40.4121,7.1235],[40.4142,7.1235],[40.4146,7.1233],[40.4157,7.1233],[40.4171,7.1231],[40.4184,7.1228],[40.4198,7.1228],[40.4207,7.1226],[40.4225,7.1224],[40.4264,7.1217],[40.4277,7.1217],[40.4306,7.1216],[40.434,7.1211],[40.4343,7.1202],[40.4353,7.1176],[40.4366,7.1127],[40.4379,7.1089],[40.4396,7.1084],[40.4431,7.1072],[40.4444,7.1064],[40.4483,7.1048],[40.4494,7.1043],[40.4513,7.1034],[40.4531,7.1023],[40.4548,7.1015],[40.4559,7.1003],[40.457,7.0992],[40.4585,7.0981],[40.4596,7.0971],[40.4608,7.0956],[40.461,7.0973],[40.4611,7.0995],[40.4612,7.1005],[40.4607,7.1016],[40.4574,7.104],[40.4558,7.1059],[40.4548,7.1067],[40.4546,7.1071],[40.4619,7.1096],[40.4651,7.1095],[40.4662,7.1104],[40.4666,7.1096],[40.4676,7.1091],[40.4698,7.1094],[40.4716,7.1094],[40.4722,7.1097],[40.4717,7.1117],[40.4675,7.1173],[40.4668,7.1181],[40.4671,7.1187],[40.4709,7.1222],[40.47,7.1254],[40.4675,7.1281],[40.4648,7.1287],[40.4593,7.1296],[40.4537,7.1304],[40.4489,7.1308],[40.4457,7.1305],[40.4437,7.131],[40.4399,7.1312],[40.438,7.1312],[40.4364,7.1318],[40.4356,7.1337],[40.4338,7.137],[40.4337,7.1386],[40.4369,7.1395],[40.4399,7.1409],[40.4407,7.1406],[40.4412,7.1415],[40.4415,7.1412],[40.4422,7.1412],[40.4444,7.1423],[40.4467,7.1436],[40.448,7.1435],[40.4494,7.1428],[40.4505,7.1427],[40.4534,7.1428],[40.4551,7.1429],[40.4581,7.1429],[40.4602,7.1431],[40.4627,7.1431],[40.4667,7.1428],[40.4676,7.1422],[40.4696,7.1413],[40.4722,7.1398],[40.4744,7.1385],[40.4773,7.1366],[40.4784,7.136],[40.4853,7.1325],[40.4863,7.1317],[40.4873,7.1315],[40.4883,7.1307],[40.4893,7.1302],[40.4909,7.1295],[40.4934,7.1282],[40.4961,7.1267],[40.5023,7.1233],[40.5065,7.1208],[40.5071,7.1205],[40.5077,7.1211],[40.5091,7.1226],[40.511,7.1243],[40.5129,7.1262],[40.5142,7.1275],[40.515,7.1288],[40.5161,7.1297],[40.517,7.1306],[40.5185,7.1319],[40.5201,7.133],[40.5194,7.1343],[40.5184,7.1363],[40.5178,7.1379],[40.5189,7.1393],[40.5208,7.1411],[40.5231,7.1437],[40.5249,7.1455],[40.5264,7.1474],[40.5325,7.1529],[40.533,7.1532],[40.5351,7.1501],[40.5356,7.1488],[40.5364,7.1486],[40.5379,7.1485],[40.5385,7.1472],[40.5391,7.1451],[40.5396,7.1442],[40.5406,7.1431],[40.5418,7.1419],[40.5429,7.1407],[40.5442,7.1393],[40.5461,7.137],[40.5479,7.1352],[40.5491,7.1335],[40.5497,7.1326],[40.5508,7.1313],[40.5524,7.1298],[40.554,7.1277],[40.5577,7.1234],[40.5592,7.1211],[40.5617,7.1186],[40.5626,7.1172],[40.5642,7.115],[40.5653,7.1148],[40.5664,7.1131],[40.5675,7.1111],[40.5703,7.1101],[40.5716,7.1095],[40.5739,7.1088],[40.5755,7.1085],[40.5768,7.1082],[40.5782,7.1079],[40.5801,7.1064],[40.5834,7.1046],[40.5864,7.1028],[40.5889,7.1012],[40.5905,7.1007],[40.5925,7.1004],[40.5939,7.1001],[40.595,7.1001],[40.5983,7.1003],[40.6009,7.1002],[40.6043,7.1007],[40.6068,7.101],[40.6081,7.1014],[40.6106,7.1015],[40.6134,7.1019],[40.6138,7.1014],[40.6143,7.1004],[40.6151,7.1001],[40.6157,7.0994],[40.6163,7.0985],[40.6168,7.0973],[40.6167,7.0963],[40.616,7.0958],[40.6155,7.0947],[40.6155,7.094],[40.6162,7.0932],[40.6169,7.0916],[40.6169,7.0904],[40.6163,7.0896],[40.6163,7.089],[40.6167,7.0884],[40.6168,7.0873],[40.6167,7.0864],[40.6155,7.0848],[40.6155,7.0841],[40.616,7.0828],[40.616,7.0815],[40.6156,7.0787],[40.6156,7.0782],[40.6164,7.0771],[40.6173,7.0761],[40.6178,7.0746],[40.6178,7.0729],[40.6176,7.071],[40.617,7.0693],[40.6162,7.0688],[40.6158,7.0681],[40.6157,7.0656],[40.6155,7.0632],[40.6151,7.0621],[40.6142,7.0615],[40.614,7.0609],[40.6137,7.0595],[40.6136,7.0586],[40.6133,7.057],[40.6133,7.056],[40.6135,7.0542],[40.6146,7.052],[40.6159,7.0487],[40.6161,7.0472],[40.6157,7.046],[40.6157,7.045],[40.6162,7.0444],[40.6168,7.0431],[40.6166,7.0418],[40.6158,7.0404],[40.6147,7.0396],[40.6143,7.0389],[40.6143,7.0358],[40.6147,7.0339],[40.6166,7.0306],[40.6173,7.03],[40.6182,7.0294],[40.6207,7.0278],[40.6223,7.0264],[40.624,7.0249],[40.6252,7.0244],[40.6268,7.0242],[40.6282,7.0243],[40.6294,7.0244],[40.6306,7.0242],[40.634,7.0218],[40.6366,7.0221],[40.6372,7.0216],[40.6399,7.0226],[40.6423,7.0223],[40.6448,7.0212],[40.6463,7.0201],[40.6473,7.0181],[40.6477,7.0146],[40.6464,7.0095],[40.6449,7.006],[40.6446,7.0031],[40.6459,7.0008],[40.6469,6.9987],[40.6489,6.9954],[40.6499,6.9946],[40.6517,6.9938],[40.6532,6.993],[40.654,6.9919],[40.6549,6.9909],[40.6557,6.9908],[40.6579,6.9905],[40.6608,6.989],[40.6626,6.9878],[40.6642,6.9875],[40.6676,6.9867],[40.6708,6.9841],[40.672,6.9833],[40.6733,6.9834],[40.6764,6.9848],[40.6809,6.9852],[40.6823,6.9851],[40.6851,6.9838],[40.686,6.9838],[40.6901,6.9833],[40.6926,6.9828],[40.6939,6.9798],[40.6967,6.9782],[40.6998,6.9774],[40.7044,6.9749],[40.7068,6.973],[40.7081,6.9709],[40.7108,6.9669],[40.7116,6.9605],[40.7116,6.9545],[40.7115,6.9523],[40.7118,6.9498],[40.7124,6.9482],[40.7146,6.9482],[40.7182,6.9472],[40.7188,6.9468],[40.7203,6.9461],[40.7218,6.9461],[40.7218,6.9439],[40.7209,6.9419],[40.7199,6.9405],[40.7181,6.9386],[40.7171,6.9368],[40.7162,6.9354],[40.715,6.934],[40.7149,6.9333],[40.714,6.9324],[40.7131,6.9312],[40.7126,6.9298],[40.7103,6.9265],[40.7084,6.9253],[40.7073,6.9245],[40.7059,6.9238],[40.7042,6.9225],[40.7034,6.9223],[40.7023,6.9202],[40.7015,6.9191],[40.7046,6.9161],[40.7061,6.9143],[40.7151,6.9037],[40.7257,6.8912],[40.728,6.8916],[40.7292,6.8902],[40.7298,6.8902],[40.7323,6.8911],[40.7348,6.8918],[40.7365,6.8924],[40.7377,6.8926],[40.74,6.8926],[40.7465,6.8917],[40.7495,6.8913],[40.7527,6.891],[40.7626,6.8894],[40.7648,6.8892],[40.7646,6.8885],[40.7583,6.8765],[40.7546,6.8694],[40.7576,6.8451],[40.7587,6.8394],[40.7587,6.8366],[40.7585,6.8357],[40.7585,6.8341],[40.7594,6.8327],[40.7614,6.8322],[40.7614,6.8313],[40.7605,6.8307],[40.7604,6.8275],[40.7615,6.8267],[40.7635,6.826],[40.7635,6.8252],[40.7624,6.8245],[40.7628,6.8232],[40.7635,6.8226],[40.7647,6.8219],[40.7655,6.8219],[40.7674,6.8193],[40.7677,6.8177],[40.7665,6.8154],[40.7661,6.8149],[40.7663,6.8117],[40.7658,6.8096],[40.7643,6.807],[40.7631,6.8055],[40.76,6.8055],[40.7581,6.8067],[40.7569,6.8073],[40.7562,6.8069],[40.7552,6.81],[40.7537,6.8111],[40.7518,6.8111],[40.7507,6.8094],[40.7516,6.8073],[40.7512,6.8047],[40.7499,6.8032],[40.7482,6.8027],[40.7477,6.801],[40.7483,6.7988],[40.7489,6.7972],[40.7489,6.7961],[40.7476,6.7946],[40.7464,6.7935],[40.7453,6.7918],[40.7457,6.7866],[40.7486,6.7835],[40.7519,6.7812],[40.7525,6.78],[40.7528,6.7791],[40.7536,6.7773],[40.7421,6.7686],[40.734,6.7626],[40.7328,6.7614],[40.7302,6.7598],[40.7291,6.7587],[40.7216,6.7531],[40.718,6.7502],[40.7128,6.7462],[40.7087,6.7432],[40.7061,6.7411],[40.704,6.7394],[40.7015,6.7377],[40.699,6.7356],[40.6961,6.7336],[40.6941,6.7317],[40.6921,6.7303],[40.6914,6.7301],[40.6894,6.7296],[40.6867,6.7304],[40.682,6.7305],[40.6802,6.7312],[40.6784,6.7318],[40.677,6.7321],[40.6762,6.732],[40.6739,6.7313],[40.6723,6.7312],[40.6706,6.7306],[40.6669,6.73],[40.6631,6.7294],[40.6628,6.7287],[40.6619,6.7292],[40.6608,6.729],[40.6597,6.7289],[40.6576,6.728],[40.6524,6.7259],[40.6433,6.7226],[40.6425,6.7235],[40.6393,6.7302],[40.6377,6.7342],[40.634,6.7421],[40.6286,6.745],[40.6239,6.7475],[40.6166,6.7514],[40.6185,6.7618],[40.6172,6.7643],[40.6142,6.7696],[40.6113,6.7749],[40.609,6.7788],[40.6087,6.7791],[40.6018,6.7826],[40.5894,6.7888],[40.5857,6.7906],[40.5832,6.79],[40.582,6.79],[40.5813,6.7906],[40.5811,6.7913],[40.5805,6.7915],[40.5807,6.7925],[40.5804,6.7933],[40.5797,6.7947],[40.5791,6.7962],[40.5783,6.7966],[40.5777,6.7964],[40.5773,6.7969],[40.5765,6.7973],[40.5754,6.7974],[40.5751,6.7979],[40.5748,6.7989],[40.5741,6.8001],[40.5735,6.8003],[40.5728,6.8008],[40.573,6.8012],[40.5731,6.8021],[40.5725,6.8032],[40.5718,6.8033],[40.5716,6.8042],[40.571,6.8066],[40.571,6.8075],[40.5699,6.8079],[40.5697,6.8091],[40.5695,6.8102],[40.569,6.8103],[40.5682,6.8099],[40.5666,6.8105],[40.5646,6.8136],[40.5617,6.8186],[40.5605,6.8205],[40.5604,6.8224],[40.5603,6.8231],[40.5598,6.8242],[40.5594,6.8253],[40.5587,6.8252],[40.5582,6.8254],[40.5579,6.8258],[40.5587,6.8271],[40.558,6.8273],[40.5554,6.8294],[40.5544,6.831],[40.5536,6.8325],[40.5529,6.8332],[40.5516,6.8339],[40.5504,6.8343],[40.5497,6.8344],[40.5489,6.835],[40.5488,6.8356],[40.5489,6.8367],[40.5485,6.837],[40.548,6.837],[40.548,6.8378],[40.548,6.8389],[40.5475,6.8396],[40.5468,6.84],[40.5459,6.8403],[40.5445,6.8414],[40.5426,6.8433],[40.5414,6.8447],[40.5406,6.845],[40.5391,6.8448],[40.5382,6.8452],[40.5368,6.8452],[40.5353,6.8445],[40.5343,6.8441],[40.5328,6.8435],[40.5311,6.8432],[40.53,6.8434],[40.5287,6.8448],[40.5275,6.8454],[40.5264,6.8456],[40.5256,6.8464],[40.5246,6.8474],[40.5238,6.8479],[40.5227,6.8485],[40.5218,6.8484],[40.5218,6.8489],[40.5208,6.8492],[40.5203,6.8498],[40.5194,6.8511],[40.517,6.8531],[40.5164,6.8541],[40.5161,6.8553],[40.5149,6.8559],[40.5141,6.8559],[40.5121,6.8555],[40.5108,6.8553],[40.5096,6.8553],[40.5083,6.8557],[40.5068,6.8574],[40.5061,6.8572],[40.5047,6.8571],[40.5033,6.8573],[40.5023,6.8576],[40.5014,6.858],[40.5004,6.8588],[40.4988,6.8596],[40.4971,6.8598],[40.4953,6.8596],[40.495,6.8591],[40.4926,6.8569],[40.4838,6.8482],[40.4795,6.8434],[40.4791,6.8421],[40.4779,6.8393],[40.476,6.8361],[40.4755,6.8345],[40.4738,6.8313],[40.4714,6.8276],[40.471,6.8276],[40.4693,6.828],[40.4687,6.8288],[40.4688,6.83],[40.4683,6.8311],[40.4667,6.8318],[40.466,6.8328],[40.4656,6.8329],[40.464,6.8327],[40.4625,6.8332],[40.461,6.8341],[40.4599,6.834],[40.4591,6.8336],[40.4576,6.8335],[40.4552,6.833],[40.4545,6.8337],[40.4535,6.8343],[40.4519,6.8347],[40.4507,6.8352],[40.4494,6.8353],[40.4494,6.8362],[40.4489,6.8367],[40.4472,6.8367],[40.4474,6.8382],[40.4462,6.8398],[40.4451,6.8404],[40.4445,6.8404],[40.4441,6.8409],[40.4432,6.841],[40.4421,6.842],[40.4414,6.8428],[40.4386,6.845],[40.4378,6.8456],[40.4379,6.8464],[40.4363,6.8472],[40.4348,6.8473],[40.4331,6.8467],[40.4322,6.8476],[40.4312,6.8482],[40.4281,6.8476],[40.4269,6.847],[40.4263,6.8471],[40.426,6.8475],[40.4251,6.8477],[40.4232,6.8471],[40.4206,6.8482],[40.4192,6.8483],[40.4176,6.848],[40.415,6.8481],[40.4135,6.8483],[40.4122,6.8489],[40.4111,6.8498],[40.4101,6.8499],[40.4096,6.8496],[40.4078,6.85],[40.4067,6.8502],[40.4045,6.8502],[40.4022,6.8511],[40.401,6.8513],[40.3999,6.8511],[40.3975,6.8526],[40.3994,6.8553],[40.3999,6.8601],[40.4004,6.8641],[40.401,6.865],[40.4012,6.8659],[40.4017,6.8668],[40.4019,6.8675],[40.4029,6.8687],[40.4031,6.8693],[40.4028,6.8719],[40.4023,6.8765],[40.4017,6.8771],[40.4007,6.8785],[40.4002,6.8797],[40.3988,6.8817],[40.3984,6.8825],[40.3972,6.8836],[40.3953,6.8832],[40.3945,6.8831],[40.3938,6.8828],[40.3922,6.8829],[40.3912,6.8834],[40.3907,6.8833],[40.39,6.8837],[40.3898,6.8848],[40.3879,6.8847],[40.3866,6.8847],[40.3855,6.885],[40.3846,6.8854],[40.3835,6.8855],[40.3829,6.886],[40.3816,6.8862],[40.3798,6.8877],[40.3792,6.8878],[40.3785,6.8883],[40.3781,6.8888],[40.378,6.8892],[40.3793,6.8903],[40.3796,6.891],[40.3791,6.8914],[40.3776,6.8914],[40.377,6.8912],[40.3758,6.891],[40.3756,6.8898],[40.3755,6.8885],[40.3758,6.887],[40.3748,6.8868],[40.374,6.8865],[40.3727,6.8865],[40.3711,6.8872],[40.3696,6.8873],[40.37,6.8852],[40.3681,6.8853],[40.363,6.8854],[40.362,6.8852],[40.3616,6.8844],[40.36,6.8799],[40.3591,6.8773],[40.358,6.8736],[40.3568,6.8704],[40.3566,6.8692],[40.3562,6.8669],[40.3557,6.8628],[40.3548,6.8579],[40.3549,6.8556],[40.3545,6.8539],[40.354,6.8531],[40.353,6.8529],[40.3524,6.8524],[40.3521,6.8539],[40.3508,6.8552],[40.3484,6.8582],[40.3446,6.8624],[40.3431,6.8639],[40.3414,6.8661],[40.3396,6.8678],[40.3393,6.8695],[40.3385,6.8728],[40.3384,6.8741],[40.3379,6.8759],[40.3378,6.8766],[40.3375,6.8778],[40.337,6.8802],[40.3366,6.8814],[40.3366,6.8825],[40.3364,6.883],[40.3335,6.8832],[40.3306,6.8836],[40.3278,6.8838],[40.326,6.8838],[40.3241,6.8838],[40.3216,6.8842],[40.3194,6.8847],[40.3172,6.8847],[40.3153,6.885],[40.3124,6.8853],[40.3096,6.8856],[40.309,6.8854],[40.3081,6.8854],[40.3064,6.8857],[40.3032,6.8859],[40.3005,6.8859],[40.2983,6.886],[40.2963,6.886],[40.2929,6.8862],[40.288,6.8864],[40.2848,6.8865],[40.2828,6.8867],[40.2762,6.8867],[40.2734,6.8869],[40.2708,6.8875],[40.2685,6.8881],[40.2661,6.8885],[40.2635,6.8891],[40.2619,6.8894],[40.2606,6.89],[40.2567,6.8925],[40.2548,6.8937],[40.253,6.8949],[40.2508,6.8964],[40.2492,6.8977],[40.2476,6.8985],[40.2458,6.8998],[40.2444,6.9011],[40.2438,6.9018],[40.2424,6.9026],[40.2407,6.9042],[40.2392,6.9058],[40.2374,6.9077],[40.2356,6.9092],[40.2336,6.911],[40.2316,6.9129],[40.2287,6.9156],[40.2273,6.9166],[40.2264,6.9177],[40.2243,6.9197],[40.221,6.9231],[40.2201,6.9238],[40.2193,6.9243],[40.2191,6.9247],[40.2206,6.9252]]]}},{"type":"Feature","properties":{"id":"LW030","woreda":"Sinana","zone":"Bale","region":"Oromia","area_km2":1032.8,"lat":7.1083,"lon":40.1956},"geometry":{"type":"Polygon","coordinates":[[[40.3925,7.1141],[40.3935,7.1125],[40.394,7.1106],[40.3949,7.1092],[40.3961,7.1072],[40.3972,7.1071],[40.3984,7.1056],[40.3984,7.1036],[40.3982,7.1026],[40.3978,7.1016],[40.3991,7.1001],[40.4001,7.0979],[40.4005,7.0968],[40.3999,7.0956],[40.399,7.0957],[40.3981,7.0962],[40.3972,7.096],[40.3962,7.0956],[40.3954,7.095],[40.3939,7.095],[40.393,7.0955],[40.3922,7.0967],[40.3917,7.0977],[40.3902,7.0987],[40.3875,7.0991],[40.3858,7.0991],[40.3849,7.0999],[40.3839,7.1001],[40.382,7.0998],[40.377,7.0989],[40.376,7.0989],[40.3743,7.0998],[40.374,7.1014],[40.3733,7.1027],[40.3695,7.1047],[40.3686,7.1048],[40.3676,7.1041],[40.3661,7.1043],[40.3653,7.105],[40.3646,7.1062],[40.3637,7.1068],[40.3627,7.1068],[40.3618,7.1074],[40.36,7.1087],[40.3585,7.1091],[40.3571,7.1088],[40.3561,7.1091],[40.3545,7.1111],[40.3534,7.115],[40.3522,7.1171],[40.3506,7.119],[40.3506,7.1196],[40.3498,7.1199],[40.3488,7.1206],[40.3452,7.1164],[40.3355,7.1066],[40.3337,7.105],[40.3288,7.0957],[40.3278,7.0931],[40.3216,7.0797],[40.3177,7.0658],[40.3163,7.0629],[40.3154,7.0607],[40.3144,7.0583],[40.3134,7.0565],[40.3125,7.0553],[40.312,7.0541],[40.3111,7.0525],[40.3101,7.0505],[40.31,7.0492],[40.3093,7.0479],[40.3085,7.0466],[40.3079,7.0452],[40.3076,7.0448],[40.3065,7.0446],[40.3057,7.0446],[40.3049,7.0435],[40.3036,7.0434],[40.2969,7.0441],[40.2962,7.042],[40.2957,7.0415],[40.2933,7.0393],[40.2912,7.0374],[40.2898,7.036],[40.2879,7.0343],[40.286,7.0328],[40.2841,7.0313],[40.2813,7.0289],[40.2797,7.0275],[40.2774,7.0256],[40.2763,7.0245],[40.2757,7.024],[40.2758,7.0238],[40.2733,7.0236],[40.2718,7.0232],[40.2697,7.0235],[40.2648,7.0234],[40.2626,7.0232],[40.2614,7.0231],[40.2594,7.0214],[40.2526,7.0143],[40.2518,7.0131],[40.2503,7.012],[40.2492,7.0103],[40.2489,7.0084],[40.2459,6.9971],[40.2456,6.9958],[40.2453,6.9938],[40.244,6.9897],[40.2429,6.9886],[40.239,6.9878],[40.2382,6.9861],[40.2354,6.9797],[40.234,6.9777],[40.2308,6.9724],[40.2299,6.9705],[40.2271,6.9628],[40.2286,6.9587],[40.2296,6.9552],[40.2299,6.9519],[40.2305,6.9496],[40.2314,6.9451],[40.2319,6.9437],[40.2327,6.9427],[40.2324,6.9412],[40.229,6.9321],[40.2268,6.927],[40.2238,6.9264],[40.2228,6.9256],[40.2206,6.9252],[40.2191,6.9247],[40.2152,6.9227],[40.2126,6.9214],[40.208,6.9191],[40.2055,6.9181],[40.2023,6.9166],[40.1998,6.9153],[40.1989,6.915],[40.1982,6.9152],[40.1984,6.9192],[40.1987,6.9229],[40.1989,6.9238],[40.1992,6.9282],[40.1978,6.9285],[40.1866,6.931],[40.1852,6.9309],[40.1799,6.9319],[40.1768,6.9326],[40.1762,6.9378],[40.1774,6.9388],[40.1779,6.9396],[40.1781,6.945],[40.1783,6.9471],[40.1781,6.9482],[40.1773,6.9509],[40.1776,6.9521],[40.1783,6.9546],[40.1785,6.9557],[40.179,6.9572],[40.1789,6.9586],[40.1785,6.9602],[40.1786,6.9613],[40.1815,6.9672],[40.1815,6.9676],[40.1774,6.9723],[40.1746,6.9734],[40.1726,6.9752],[40.1725,6.9793],[40.1728,6.9822],[40.1731,6.9851],[40.1735,6.9866],[40.1744,6.9888],[40.1746,6.9916],[40.1749,6.9958],[40.1748,6.9974],[40.1742,6.9993],[40.1743,7.0004],[40.1751,7.0022],[40.1754,7.0055],[40.1755,7.007],[40.1752,7.0106],[40.1752,7.0119],[40.1809,7.0179],[40.1828,7.0189],[40.1848,7.0208],[40.186,7.0213],[40.1883,7.0217],[40.1919,7.0226],[40.1925,7.0228],[40.1946,7.023],[40.1967,7.0237],[40.1977,7.0259],[40.1972,7.0262],[40.1937,7.0263],[40.1918,7.0266],[40.1868,7.0256],[40.1832,7.031],[40.1815,7.0309],[40.1806,7.0315],[40.1806,7.0332],[40.1798,7.0346],[40.1783,7.0356],[40.1792,7.0378],[40.1766,7.0388],[40.1749,7.0385],[40.1728,7.0379],[40.172,7.0389],[40.169,7.0374],[40.1681,7.0371],[40.1674,7.0376],[40.1675,7.0379],[40.165,7.0383],[40.1622,7.0386],[40.1592,7.0398],[40.1572,7.0402],[40.1516,7.0414],[40.1508,7.041],[40.1496,7.0407],[40.1479,7.0413],[40.1457,7.0413],[40.1436,7.0413],[40.1386,7.0407],[40.1386,7.0415],[40.1398,7.0425],[40.1399,7.0447],[40.1415,7.0454],[40.1421,7.0466],[40.1434,7.0478],[40.1444,7.049],[40.1445,7.0505],[40.1464,7.0567],[40.1471,7.0605],[40.1496,7.0605],[40.1503,7.0613],[40.1514,7.0649],[40.1508,7.0647],[40.1487,7.0642],[40.1473,7.0642],[40.1453,7.0644],[40.1444,7.0648],[40.1429,7.0651],[40.1412,7.0661],[40.1391,7.0667],[40.1373,7.0672],[40.1338,7.0679],[40.1329,7.0668],[40.132,7.0647],[40.1309,7.064],[40.1302,7.0624],[40.1256,7.0638],[40.1238,7.0644],[40.1225,7.0651],[40.1211,7.0653],[40.1214,7.0688],[40.1222,7.0717],[40.1229,7.074],[40.1205,7.0747],[40.1187,7.0727],[40.1175,7.0738],[40.1155,7.0737],[40.1147,7.0727],[40.1146,7.0712],[40.1139,7.0695],[40.1122,7.0689],[40.1114,7.0675],[40.1112,7.0664],[40.1099,7.0664],[40.108,7.0661],[40.1049,7.0655],[40.1036,7.0653],[40.1035,7.0662],[40.1033,7.0668],[40.1033,7.0682],[40.103,7.0746],[40.1022,7.0748],[40.1018,7.0753],[40.1009,7.0762],[40.1001,7.0762],[40.0988,7.0772],[40.0974,7.0772],[40.0973,7.0767],[40.0963,7.0767],[40.0959,7.0763],[40.0959,7.0757],[40.0954,7.0754],[40.095,7.0761],[40.094,7.0753],[40.0919,7.0735],[40.0913,7.0731],[40.0915,7.072],[40.0903,7.0722],[40.0895,7.0718],[40.0892,7.0708],[40.0884,7.0708],[40.0879,7.0715],[40.0877,7.0736],[40.0869,7.0742],[40.0848,7.0747],[40.0819,7.0756],[40.0801,7.0765],[40.0764,7.0774],[40.0747,7.0776],[40.0739,7.0758],[40.0733,7.0745],[40.0721,7.0696],[40.0736,7.0688],[40.0741,7.0686],[40.0747,7.0682],[40.0747,7.067],[40.0749,7.0656],[40.0739,7.0646],[40.0739,7.0627],[40.0741,7.0615],[40.0744,7.0603],[40.0753,7.0575],[40.0751,7.0559],[40.0736,7.0517],[40.0731,7.0495],[40.0686,7.0496],[40.0686,7.0421],[40.0694,7.0392],[40.0706,7.0392],[40.0708,7.0387],[40.0716,7.0351],[40.0722,7.0316],[40.0722,7.0306],[40.0711,7.0289],[40.0687,7.0268],[40.0674,7.0248],[40.0661,7.0255],[40.0631,7.0279],[40.0616,7.0302],[40.0601,7.0307],[40.0587,7.0307],[40.0571,7.0312],[40.0559,7.0319],[40.0552,7.0323],[40.0537,7.0326],[40.0523,7.0326],[40.0509,7.0327],[40.0503,7.0336],[40.0473,7.0335],[40.0462,7.0336],[40.0446,7.0331],[40.044,7.0333],[40.0421,7.0327],[40.0411,7.0331],[40.0407,7.0317],[40.0414,7.0259],[40.0417,7.024],[40.0418,7.0195],[40.0413,7.0171],[40.0411,7.0155],[40.0407,7.0139],[40.0389,7.0139],[40.0356,7.0138],[40.0346,7.0134],[40.0346,7.0136],[40.0337,7.0134],[40.0325,7.0133],[40.0315,7.0134],[40.0303,7.0161],[40.0297,7.0164],[40.0292,7.0159],[40.0288,7.0162],[40.0275,7.0165],[40.0266,7.0194],[40.026,7.0196],[40.0251,7.0188],[40.0233,7.0192],[40.0168,7.0212],[40.0154,7.0219],[40.0142,7.0232],[40.0133,7.0234],[40.0122,7.0239],[40.0117,7.0243],[40.008,7.0289],[40.0068,7.0292],[40.0051,7.0291],[40.0037,7.0286],[40.002,7.0288],[40.0005,7.0287],[40.0,7.028],[39.9991,7.0271],[39.9987,7.0257],[39.9996,7.0231],[39.9995,7.0227],[39.9982,7.0215],[39.998,7.0215],[39.9978,7.0215],[39.9965,7.0234],[39.9942,7.0254],[39.9926,7.0268],[39.991,7.0282],[39.9899,7.0293],[39.9907,7.0313],[39.9916,7.0329],[39.9925,7.0345],[39.9953,7.038],[39.9969,7.0404],[39.9965,7.043],[39.9968,7.0454],[39.9984,7.0472],[39.9995,7.0494],[39.998,7.054],[39.9991,7.0582],[39.9998,7.0597],[40.0005,7.0626],[40.0005,7.0641],[39.9992,7.0645],[39.9981,7.0644],[39.9974,7.0642],[39.9931,7.0636],[39.9906,7.0638],[39.9864,7.0636],[39.9848,7.0629],[39.9833,7.0625],[39.9821,7.0629],[39.9817,7.0641],[39.981,7.0645],[39.9762,7.0655],[39.9743,7.0654],[39.9724,7.0643],[39.9705,7.0611],[39.9692,7.061],[39.9674,7.0604],[39.9665,7.0597],[39.9655,7.0589],[39.9649,7.0601],[39.9633,7.0602],[39.9626,7.0623],[39.961,7.0624],[39.9597,7.0629],[39.9599,7.0635],[39.9615,7.0645],[39.9614,7.065],[39.9603,7.0648],[39.9587,7.0638],[39.9559,7.0623],[39.9548,7.061],[39.9532,7.0605],[39.9525,7.0615],[39.9512,7.0627],[39.9496,7.0644],[39.9481,7.0648],[39.9471,7.0636],[39.9463,7.0616],[39.9419,7.0571],[39.94,7.0559],[39.9391,7.0559],[39.9375,7.0556],[39.9352,7.0535],[39.9331,7.0531],[39.9303,7.053],[39.9277,7.0532],[39.9229,7.0531],[39.9212,7.0523],[39.9203,7.0522],[39.919,7.0524],[39.9164,7.0524],[39.9151,7.0519],[39.9138,7.0516],[39.9123,7.0505],[39.9078,7.0487],[39.9064,7.0485],[39.905,7.0482],[39.903,7.0475],[39.9019,7.047],[39.9001,7.0464],[39.8979,7.0449],[39.8958,7.042],[39.8934,7.0405],[39.8919,7.0392],[39.8915,7.0376],[39.8912,7.0364],[39.8906,7.0347],[39.889,7.0338],[39.8877,7.0341],[39.8865,7.0354],[39.8859,7.0355],[39.8849,7.0349],[39.8831,7.0334],[39.8808,7.0329],[39.8781,7.0321],[39.8765,7.0326],[39.8762,7.0332],[39.8762,7.0337],[39.8748,7.0338],[39.8737,7.0361],[39.8731,7.0373],[39.8723,7.0386],[39.8714,7.0406],[39.8706,7.0431],[39.8694,7.0457],[39.8691,7.0468],[39.8686,7.0478],[39.8675,7.0479],[39.8664,7.0483],[39.8656,7.0486],[39.8648,7.0486],[39.862,7.0479],[39.8604,7.0483],[39.8591,7.0487],[39.8572,7.05],[39.8559,7.0509],[39.8575,7.0522],[39.8595,7.0547],[39.8594,7.056],[39.8578,7.0586],[39.8581,7.06],[39.8589,7.0603],[39.86,7.0612],[39.8615,7.0621],[39.8635,7.0642],[39.8649,7.0658],[39.8658,7.0665],[39.8669,7.0663],[39.8691,7.0678],[39.8704,7.0683],[39.8711,7.0684],[39.8717,7.0689],[39.8738,7.0697],[39.8757,7.0706],[39.8772,7.072],[39.8774,7.0734],[39.8777,7.0754],[39.8785,7.0768],[39.8779,7.0789],[39.8786,7.0806],[39.8796,7.0819],[39.8817,7.0826],[39.8845,7.0848],[39.888,7.0842],[39.8898,7.0838],[39.8913,7.0862],[39.8922,7.0875],[39.8944,7.0889],[39.8958,7.0888],[39.8969,7.089],[39.8978,7.0903],[39.8984,7.0904],[39.8997,7.0927],[39.9014,7.0939],[39.9026,7.095],[39.9034,7.0961],[39.9044,7.0963],[39.905,7.097],[39.906,7.0974],[39.9067,7.0976],[39.9083,7.0978],[39.9103,7.0991],[39.9116,7.0994],[39.9158,7.1013],[39.9193,7.1033],[39.9208,7.1043],[39.921,7.106],[39.9222,7.1065],[39.9238,7.1067],[39.9248,7.1071],[39.925,7.1085],[39.9268,7.1091],[39.9279,7.1096],[39.9297,7.1094],[39.9314,7.1102],[39.9321,7.1109],[39.9326,7.1136],[39.9356,7.1128],[39.9355,7.1149],[39.9358,7.1157],[39.936,7.1168],[39.9359,7.1179],[39.9361,7.1189],[39.9363,7.1205],[39.9365,7.1223],[39.9366,7.1234],[39.9341,7.123],[39.9329,7.1226],[39.9325,7.1212],[39.9322,7.1203],[39.9314,7.1194],[39.931,7.1185],[39.9307,7.1173],[39.93,7.1171],[39.9277,7.117],[39.9267,7.1165],[39.9244,7.1175],[39.9229,7.1178],[39.9227,7.1186],[39.9225,7.12],[39.9228,7.1211],[39.9235,7.1218],[39.9248,7.1223],[39.9253,7.1227],[39.9261,7.1226],[39.9289,7.1238],[39.9295,7.1246],[39.9291,7.1261],[39.9282,7.1267],[39.9267,7.1264],[39.9249,7.1259],[39.9246,7.126],[39.9243,7.127],[39.9228,7.1269],[39.9221,7.1276],[39.9193,7.128],[39.9152,7.1287],[39.9153,7.1293],[39.9165,7.1295],[39.9177,7.13],[39.9193,7.13],[39.9208,7.1303],[39.9231,7.1323],[39.924,7.133],[39.9242,7.1338],[39.9252,7.1344],[39.9265,7.1351],[39.931,7.1364],[39.9311,7.1385],[39.9331,7.1399],[39.9353,7.1416],[39.9352,7.1425],[39.9343,7.1445],[39.9349,7.1453],[39.9361,7.1473],[39.9362,7.1482],[39.9348,7.1492],[39.9334,7.1505],[39.9317,7.1496],[39.9307,7.1511],[39.9307,7.1525],[39.9304,7.1532],[39.9304,7.1539],[39.9305,7.1567],[39.9296,7.1582],[39.9285,7.1583],[39.9275,7.1576],[39.9271,7.1572],[39.9263,7.1579],[39.9257,7.1581],[39.9254,7.1573],[39.9243,7.1574],[39.9238,7.1585],[39.9234,7.1601],[39.9228,7.1619],[39.9228,7.1631],[39.922,7.1655],[39.9202,7.1681],[39.9154,7.171],[39.915,7.1709],[39.9148,7.1713],[39.9149,7.1725],[39.9182,7.174],[39.9185,7.1749],[39.9403,7.1848],[39.941,7.1849],[39.9417,7.1846],[39.9422,7.1839],[39.9458,7.1824],[39.947,7.1821],[39.9511,7.183],[39.9534,7.1841],[39.9562,7.1848],[39.9583,7.1864],[39.9617,7.1881],[39.962,7.1889],[39.9625,7.189],[39.9607,7.19],[39.9597,7.193],[39.9589,7.1952],[39.9584,7.1967],[39.9576,7.1981],[39.957,7.2003],[39.9567,7.2029],[39.9567,7.2074],[39.9574,7.2093],[39.9577,7.2133],[39.9584,7.2143],[39.9587,7.2154],[39.9585,7.2193],[39.9584,7.223],[39.9662,7.226],[39.9669,7.226],[39.9711,7.2271],[39.9723,7.2267],[39.9729,7.2267],[39.9738,7.2258],[39.9752,7.2258],[39.9761,7.2264],[39.9768,7.2296],[39.976,7.2295],[39.9761,7.2308],[39.9769,7.2348],[39.9772,7.2368],[39.9775,7.2379],[39.9787,7.2388],[39.9828,7.2404],[39.9842,7.2414],[39.9837,7.2426],[39.9828,7.244],[39.9848,7.247],[39.9864,7.2465],[39.9906,7.2477],[39.9911,7.246],[39.9923,7.2466],[39.9949,7.2464],[39.9954,7.2457],[39.9955,7.2445],[39.9961,7.2448],[39.9964,7.2456],[39.9968,7.246],[39.9966,7.2475],[39.9963,7.2482],[39.9968,7.2496],[39.9967,7.2501],[39.9946,7.2519],[39.9907,7.2559],[39.995,7.2639],[39.9985,7.2698],[40.0034,7.2695],[40.007,7.2671],[40.013,7.2653],[40.0132,7.2649],[40.0145,7.2648],[40.0149,7.2656],[40.0143,7.2695],[40.0144,7.2702],[40.0161,7.2686],[40.0185,7.2666],[40.02,7.2671],[40.0207,7.2684],[40.0192,7.2705],[40.0194,7.2716],[40.0221,7.2732],[40.023,7.2731],[40.0244,7.273],[40.0275,7.2719],[40.0276,7.2701],[40.0305,7.2692],[40.0326,7.2685],[40.0329,7.2681],[40.0343,7.2683],[40.0351,7.2691],[40.037,7.2691],[40.0381,7.2689],[40.0394,7.2688],[40.0402,7.2691],[40.0408,7.2702],[40.0418,7.2719],[40.0442,7.2737],[40.0466,7.2744],[40.0482,7.2749],[40.0489,7.2738],[40.0491,7.2731],[40.0496,7.2728],[40.0507,7.2728],[40.0531,7.2744],[40.0572,7.276],[40.0576,7.2763],[40.0587,7.2768],[40.06,7.2781],[40.0611,7.2787],[40.0627,7.2784],[40.0657,7.2808],[40.0669,7.2805],[40.0687,7.2807],[40.07,7.2812],[40.071,7.2822],[40.0711,7.2845],[40.072,7.286],[40.0726,7.2872],[40.0727,7.2881],[40.0737,7.2901],[40.0745,7.2901],[40.0756,7.2898],[40.0771,7.2879],[40.0783,7.2867],[40.0796,7.286],[40.0817,7.286],[40.083,7.287],[40.0837,7.2885],[40.0845,7.2895],[40.0862,7.2895],[40.0871,7.2884],[40.089,7.2876],[40.0897,7.2875],[40.0901,7.288],[40.0915,7.2904],[40.0926,7.2922],[40.0933,7.2947],[40.0929,7.2964],[40.092,7.2973],[40.0918,7.2984],[40.0953,7.3001],[40.0959,7.3008],[40.0956,7.3014],[40.0968,7.3018],[40.0985,7.3012],[40.1011,7.3013],[40.1026,7.301],[40.1034,7.301],[40.1046,7.3],[40.1056,7.2989],[40.1077,7.2967],[40.1096,7.2951],[40.1103,7.2937],[40.1104,7.2931],[40.1101,7.2921],[40.1086,7.2916],[40.1098,7.2902],[40.1127,7.2887],[40.114,7.2883],[40.1148,7.2869],[40.1148,7.2847],[40.1153,7.2835],[40.1172,7.2822],[40.1192,7.2816],[40.1199,7.2802],[40.1207,7.2788],[40.1218,7.2782],[40.123,7.2783],[40.1252,7.2795],[40.1263,7.2785],[40.1266,7.278],[40.1275,7.2764],[40.1294,7.2757],[40.1306,7.2738],[40.1319,7.2725],[40.1335,7.2716],[40.1342,7.271],[40.1351,7.27],[40.135,7.268],[40.1348,7.2663],[40.1367,7.2637],[40.1363,7.2621],[40.1358,7.2601],[40.1361,7.2582],[40.137,7.257],[40.1383,7.2549],[40.1383,7.2529],[40.1381,7.2516],[40.139,7.2513],[40.1408,7.251],[40.1422,7.2527],[40.1445,7.257],[40.145,7.2562],[40.1504,7.2448],[40.1513,7.2432],[40.1528,7.2426],[40.1538,7.2412],[40.1548,7.2387],[40.1561,7.2368],[40.1596,7.2341],[40.161,7.234],[40.1634,7.2339],[40.1646,7.2332],[40.1657,7.2315],[40.1658,7.2305],[40.1672,7.2288],[40.1673,7.2264],[40.168,7.2245],[40.1689,7.2233],[40.1695,7.2204],[40.1706,7.2192],[40.1712,7.2174],[40.1717,7.2163],[40.1731,7.2151],[40.1747,7.215],[40.1771,7.2152],[40.1786,7.2156],[40.1804,7.2157],[40.1825,7.2159],[40.1844,7.2171],[40.1861,7.2189],[40.1869,7.2191],[40.1885,7.2196],[40.1914,7.2196],[40.1937,7.2188],[40.1955,7.2173],[40.1966,7.2155],[40.1972,7.2146],[40.1986,7.214],[40.2011,7.2142],[40.2032,7.2148],[40.2062,7.2173],[40.2072,7.2167],[40.2076,7.2135],[40.2082,7.2124],[40.2092,7.2118],[40.2101,7.2114],[40.211,7.212],[40.2134,7.2126],[40.2162,7.2137],[40.2195,7.2141],[40.2225,7.2147],[40.2242,7.2144],[40.2253,7.2138],[40.2283,7.211],[40.2304,7.2108],[40.2319,7.2102],[40.2376,7.2078],[40.2395,7.2079],[40.2418,7.2087],[40.248,7.2116],[40.2506,7.2156],[40.2512,7.2159],[40.2612,7.2114],[40.2636,7.2104],[40.2694,7.2067],[40.2727,7.2054],[40.276,7.2027],[40.2778,7.2013],[40.2797,7.1999],[40.282,7.1977],[40.2889,7.193],[40.2898,7.1924],[40.2911,7.1924],[40.2918,7.1928],[40.295,7.1942],[40.2988,7.1911],[40.2999,7.1905],[40.3014,7.1891],[40.3023,7.1876],[40.306,7.1848],[40.3075,7.1838],[40.3086,7.1838],[40.3093,7.1837],[40.3102,7.1844],[40.311,7.1853],[40.3121,7.1853],[40.3129,7.1844],[40.3129,7.1836],[40.3128,7.1828],[40.3137,7.1826],[40.3145,7.1829],[40.3161,7.1828],[40.3184,7.1832],[40.3196,7.1836],[40.321,7.1836],[40.3223,7.1828],[40.3236,7.1815],[40.3247,7.1813],[40.3253,7.182],[40.3263,7.182],[40.3268,7.1814],[40.3276,7.1816],[40.3294,7.1814],[40.3302,7.18],[40.3302,7.1796],[40.3309,7.1785],[40.3328,7.1777],[40.3345,7.1773],[40.3351,7.1769],[40.3356,7.1775],[40.3373,7.1774],[40.3382,7.1774],[40.3395,7.1767],[40.3406,7.1775],[40.3418,7.1779],[40.3424,7.1779],[40.3432,7.1781],[40.3447,7.1779],[40.3453,7.1766],[40.3459,7.1758],[40.3465,7.1755],[40.3486,7.1754],[40.3508,7.1755],[40.3532,7.1753],[40.3562,7.1739],[40.3578,7.1723],[40.3606,7.1708],[40.3607,7.1703],[40.362,7.1693],[40.363,7.1669],[40.3645,7.1653],[40.3648,7.1635],[40.364,7.1617],[40.364,7.1611],[40.3648,7.1598],[40.3653,7.1592],[40.3645,7.1577],[40.3653,7.1555],[40.366,7.1544],[40.3671,7.1533],[40.3672,7.1508],[40.3684,7.149],[40.3697,7.1484],[40.3706,7.1463],[40.3713,7.1454],[40.3714,7.1444],[40.372,7.1438],[40.3717,7.1417],[40.3728,7.1403],[40.3734,7.14],[40.3745,7.1388],[40.3746,7.1389],[40.3748,7.1379],[40.3732,7.136],[40.3736,7.1359],[40.3737,7.1349],[40.3733,7.1339],[40.3741,7.1335],[40.3747,7.1336],[40.3784,7.1303],[40.3796,7.1295],[40.3814,7.1289],[40.3849,7.1251],[40.386,7.124],[40.3892,7.1222],[40.3903,7.1208],[40.3908,7.1188],[40.3909,7.1173],[40.3916,7.1152],[40.3925,7.1141]],[[39.9916,7.1473],[39.9919,7.1452],[39.9937,7.1368],[39.9943,7.135],[39.9938,7.1342],[39.9928,7.132],[39.9924,7.1307],[39.9926,7.1286],[39.9923,7.1268],[39.9928,7.1255],[39.9932,7.1228],[39.9939,7.1223],[39.9939,7.1214],[39.995,7.1202],[39.9966,7.119],[39.9964,7.1185],[39.9955,7.1182],[39.9955,7.1168],[39.9968,7.1166],[39.9971,7.1163],[39.9969,7.1141],[39.9969,7.1126],[39.9968,7.1112],[39.997,7.1099],[39.9971,7.1077],[39.9963,7.1079],[39.9957,7.1076],[39.9955,7.1055],[39.9949,7.104],[39.9955,7.1033],[39.9955,7.1025],[39.9949,7.1007],[39.9968,7.0979],[39.996,7.0957],[39.9975,7.0946],[39.9971,7.0935],[39.9967,7.0914],[39.9965,7.0884],[39.9959,7.0864],[39.9956,7.0851],[39.996,7.085],[40.0004,7.0836],[40.0006,7.0834],[40.0032,7.0826],[40.0059,7.0816],[40.007,7.0817],[40.0082,7.084],[40.0103,7.0896],[40.0139,7.0884],[40.0166,7.0877],[40.0174,7.0895],[40.0182,7.0915],[40.0184,7.0917],[40.0204,7.0915],[40.0251,7.0902],[40.0324,7.0885],[40.0331,7.0903],[40.0332,7.091],[40.035,7.0964],[40.0369,7.096],[40.044,7.0933],[40.0461,7.0928],[40.0465,7.0939],[40.0466,7.0947],[40.049,7.0955],[40.0502,7.0954],[40.0535,7.0948],[40.0559,7.0943],[40.0567,7.094],[40.0573,7.094],[40.0575,7.095],[40.0578,7.096],[40.0584,7.0974],[40.0585,7.0987],[40.0576,7.1001],[40.0588,7.1017],[40.0581,7.1027],[40.0531,7.1108],[40.0525,7.1121],[40.051,7.1145],[40.0522,7.1145],[40.0552,7.114],[40.0589,7.1133],[40.0615,7.1133],[40.0626,7.1137],[40.0639,7.1145],[40.0649,7.115],[40.0663,7.1159],[40.0677,7.1165],[40.0669,7.1186],[40.0663,7.1206],[40.0644,7.1251],[40.062,7.1321],[40.0622,7.1321],[40.0617,7.1326],[40.0606,7.1361],[40.0597,7.138],[40.0594,7.1394],[40.0592,7.141],[40.0588,7.1422],[40.0577,7.1447],[40.0499,7.1489],[40.0455,7.1506],[40.044,7.1514],[40.0412,7.1524],[40.0407,7.1527],[40.0396,7.1542],[40.0384,7.1584],[40.0377,7.1612],[40.0371,7.1621],[40.0364,7.1641],[40.0362,7.165],[40.0315,7.1638],[40.0253,7.1623],[40.0225,7.1628],[40.0175,7.1643],[40.0145,7.1652],[40.0118,7.1658],[40.0076,7.1644],[40.0049,7.1636],[39.9999,7.1625],[39.9966,7.161],[39.9948,7.1577],[39.9928,7.154],[39.992,7.1535],[39.9906,7.1521],[39.9912,7.1482],[39.9916,7.1473]]]}},{"type":"Feature","properties":{"id":"LW031","woreda":"Bedele Zuria","zone":"Buno Bedele","region":"Oromia","area_km2":744.9,"lat":8.4376,"lon":36.3916},"geometry":{"type":"Polygon","coordinates":[[[36.5542,8.5629],[36.5545,8.5619],[36.555,8.561],[36.5554,8.5598],[36.555,8.5584],[36.5542,8.5572],[36.5548,8.556],[36.5543,8.5553],[36.5526,8.5549],[36.5521,8.5539],[36.5519,8.5528],[36.5519,8.5507],[36.5526,8.5485],[36.5537,8.5477],[36.5544,8.547],[36.5544,8.546],[36.5561,8.5451],[36.5563,8.544],[36.5571,8.5432],[36.5564,8.5426],[36.5601,8.5402],[36.562,8.5386],[36.5639,8.5364],[36.5647,8.5339],[36.5651,8.5328],[36.5671,8.5297],[36.5686,8.5278],[36.5712,8.5247],[36.5727,8.5227],[36.5738,8.5207],[36.5748,8.516],[36.5755,8.5137],[36.5757,8.5121],[36.5774,8.5106],[36.5814,8.5072],[36.582,8.5066],[36.584,8.5047],[36.585,8.5038],[36.5852,8.5009],[36.5857,8.5004],[36.5867,8.5004],[36.5851,8.494],[36.5844,8.4907],[36.5833,8.4869],[36.5784,8.4854],[36.5772,8.4852],[36.5741,8.4834],[36.5733,8.4828],[36.5718,8.4813],[36.5709,8.4807],[36.5686,8.4805],[36.5666,8.4809],[36.5632,8.4836],[36.5622,8.4838],[36.5588,8.4846],[36.5577,8.4847],[36.5573,8.4851],[36.5554,8.4848],[36.5542,8.4845],[36.5527,8.4841],[36.5506,8.4853],[36.5496,8.4847],[36.5476,8.4835],[36.5458,8.4818],[36.5444,8.4805],[36.5433,8.4791],[36.5417,8.4784],[36.5403,8.4776],[36.5368,8.4783],[36.5331,8.4813],[36.532,8.481],[36.5316,8.4813],[36.5266,8.4824],[36.525,8.4843],[36.5246,8.4843],[36.5248,8.4834],[36.5256,8.4823],[36.5255,8.4822],[36.5255,8.4797],[36.5261,8.4792],[36.5271,8.4782],[36.5281,8.4764],[36.5286,8.4749],[36.5286,8.4743],[36.5296,8.4721],[36.5274,8.4719],[36.524,8.4715],[36.5196,8.4715],[36.514,8.4712],[36.5111,8.4712],[36.5033,8.471],[36.5012,8.4668],[36.4989,8.463],[36.4977,8.4613],[36.4948,8.457],[36.4933,8.4546],[36.4928,8.4535],[36.4903,8.4529],[36.4846,8.4527],[36.4803,8.4522],[36.4776,8.452],[36.477,8.4515],[36.4765,8.4499],[36.4754,8.4489],[36.4726,8.4485],[36.4699,8.4479],[36.4677,8.4478],[36.4666,8.4483],[36.4642,8.4498],[36.463,8.4497],[36.4622,8.4499],[36.4603,8.45],[36.4594,8.4498],[36.4576,8.4483],[36.4562,8.4479],[36.4553,8.4474],[36.4549,8.4466],[36.4531,8.4461],[36.4517,8.4465],[36.4499,8.4465],[36.4494,8.4461],[36.448,8.4462],[36.4473,8.4458],[36.447,8.445],[36.447,8.444],[36.4481,8.4421],[36.4488,8.4414],[36.4491,8.4405],[36.4484,8.4391],[36.4471,8.4381],[36.4449,8.4374],[36.4436,8.4375],[36.4428,8.4366],[36.4414,8.4356],[36.4416,8.4339],[36.4406,8.4326],[36.4383,8.4301],[36.4376,8.4295],[36.436,8.4277],[36.43,8.423],[36.4285,8.422],[36.427,8.4222],[36.4258,8.4228],[36.4248,8.4218],[36.4239,8.4209],[36.4219,8.4193],[36.4209,8.4163],[36.42,8.4152],[36.4186,8.414],[36.4179,8.4123],[36.4172,8.4112],[36.4161,8.4103],[36.414,8.4081],[36.4147,8.4081],[36.4128,8.4048],[36.4124,8.4039],[36.4109,8.402],[36.41,8.401],[36.409,8.4004],[36.408,8.3976],[36.408,8.3957],[36.408,8.3936],[36.4076,8.3921],[36.4058,8.3928],[36.4043,8.3923],[36.4035,8.3913],[36.4027,8.3902],[36.4015,8.3894],[36.4003,8.3887],[36.4004,8.387],[36.4022,8.3858],[36.4021,8.3852],[36.4007,8.3835],[36.4002,8.3837],[36.3988,8.3852],[36.3974,8.3857],[36.3952,8.3857],[36.394,8.385],[36.3934,8.3849],[36.3929,8.3851],[36.3911,8.385],[36.3902,8.3845],[36.387,8.3835],[36.3866,8.3826],[36.3854,8.3815],[36.3845,8.3812],[36.3828,8.3815],[36.3821,8.3803],[36.3808,8.3784],[36.38,8.3782],[36.3792,8.3782],[36.3784,8.3775],[36.3765,8.378],[36.3763,8.3803],[36.3762,8.3813],[36.3752,8.3807],[36.3742,8.3807],[36.3739,8.3811],[36.3729,8.381],[36.3706,8.3794],[36.3695,8.3782],[36.3688,8.3777],[36.3684,8.3758],[36.3677,8.3754],[36.3666,8.376],[36.3655,8.377],[36.3646,8.3772],[36.3644,8.3791],[36.3639,8.3791],[36.3633,8.3787],[36.3633,8.3771],[36.3626,8.3762],[36.3617,8.3754],[36.3616,8.3745],[36.3607,8.3741],[36.3603,8.373],[36.3601,8.3718],[36.3592,8.3709],[36.3575,8.371],[36.3569,8.3711],[36.3566,8.3694],[36.3558,8.3691],[36.3541,8.3698],[36.3538,8.3693],[36.3534,8.3677],[36.3527,8.3666],[36.3518,8.3658],[36.3512,8.3648],[36.351,8.3628],[36.3502,8.3617],[36.3503,8.3603],[36.3497,8.3584],[36.3489,8.3572],[36.3484,8.3567],[36.3467,8.3541],[36.3462,8.3525],[36.3494,8.3512],[36.3519,8.3508],[36.3547,8.35],[36.3536,8.3462],[36.3546,8.3442],[36.3554,8.3435],[36.357,8.3434],[36.3567,8.3424],[36.3558,8.3419],[36.3556,8.3415],[36.355,8.3413],[36.355,8.3407],[36.3545,8.3399],[36.3549,8.3388],[36.3547,8.3371],[36.3516,8.3334],[36.3491,8.3306],[36.3489,8.3295],[36.3485,8.3241],[36.3476,8.3219],[36.3464,8.3189],[36.3461,8.3166],[36.3462,8.3134],[36.345,8.3085],[36.3458,8.3055],[36.3456,8.2997],[36.3459,8.2984],[36.3459,8.2971],[36.3456,8.2963],[36.3459,8.2947],[36.346,8.2934],[36.3459,8.2929],[36.3475,8.2912],[36.347,8.2903],[36.346,8.2896],[36.3456,8.2888],[36.3446,8.2879],[36.3437,8.2873],[36.3418,8.2856],[36.3419,8.2844],[36.3418,8.2834],[36.3415,8.2829],[36.3407,8.28],[36.3401,8.279],[36.3396,8.2785],[36.3393,8.2774],[36.3376,8.2765],[36.3368,8.2762],[36.3356,8.2752],[36.3343,8.2745],[36.3334,8.2738],[36.3327,8.2738],[36.332,8.2732],[36.3313,8.2729],[36.3295,8.2716],[36.3293,8.2723],[36.3282,8.2714],[36.328,8.2693],[36.3276,8.2686],[36.327,8.2669],[36.3262,8.2661],[36.3237,8.2647],[36.3229,8.2647],[36.32,8.2645],[36.3194,8.2647],[36.3168,8.2609],[36.3167,8.2591],[36.3153,8.2637],[36.3149,8.2632],[36.3148,8.2609],[36.3126,8.2564],[36.3103,8.2543],[36.3089,8.2523],[36.3071,8.2487],[36.3057,8.2474],[36.3043,8.2469],[36.3027,8.2434],[36.2987,8.2424],[36.2971,8.246],[36.301,8.2509],[36.303,8.2523],[36.3027,8.2533],[36.3024,8.2546],[36.3021,8.2551],[36.3015,8.2558],[36.3017,8.2566],[36.3009,8.259],[36.3011,8.2599],[36.3017,8.2611],[36.3025,8.2631],[36.303,8.2648],[36.3039,8.267],[36.3038,8.2694],[36.3006,8.2722],[36.2992,8.2747],[36.2981,8.2774],[36.2983,8.279],[36.3,8.2821],[36.3006,8.2836],[36.3014,8.2849],[36.3015,8.287],[36.3019,8.2898],[36.3019,8.292],[36.3024,8.2937],[36.2999,8.2982],[36.2987,8.3004],[36.2968,8.3044],[36.2953,8.3078],[36.2947,8.3109],[36.2941,8.3143],[36.2937,8.3163],[36.2928,8.3181],[36.2924,8.3209],[36.2913,8.3211],[36.2909,8.3201],[36.2891,8.3195],[36.2867,8.3196],[36.2852,8.3187],[36.2832,8.3177],[36.2805,8.3181],[36.2795,8.3182],[36.2779,8.3178],[36.275,8.3182],[36.2738,8.3184],[36.2728,8.3185],[36.2731,8.3187],[36.2713,8.319],[36.2688,8.319],[36.2667,8.3192],[36.2648,8.32],[36.2628,8.3214],[36.2609,8.3215],[36.2593,8.3225],[36.2563,8.3231],[36.2543,8.3234],[36.2509,8.3222],[36.2485,8.3229],[36.2469,8.3233],[36.2471,8.3241],[36.2474,8.3266],[36.2475,8.3299],[36.2486,8.3316],[36.2499,8.3349],[36.2501,8.3371],[36.2498,8.3384],[36.2492,8.3409],[36.249,8.3441],[36.248,8.3459],[36.2472,8.3526],[36.2472,8.355],[36.2477,8.3584],[36.2484,8.363],[36.2481,8.3647],[36.2482,8.3665],[36.249,8.3699],[36.249,8.3718],[36.2482,8.3775],[36.2478,8.3806],[36.2462,8.3845],[36.2457,8.3861],[36.2456,8.3906],[36.2452,8.3992],[36.2451,8.4016],[36.2441,8.4035],[36.2433,8.4045],[36.2434,8.4067],[36.2431,8.4085],[36.2427,8.4099],[36.2399,8.4114],[36.2381,8.4132],[36.2376,8.4152],[36.238,8.4159],[36.2395,8.4163],[36.2435,8.4168],[36.2451,8.4174],[36.2451,8.4188],[36.2451,8.4214],[36.2464,8.4237],[36.2457,8.4238],[36.2449,8.4279],[36.2451,8.4293],[36.2442,8.4306],[36.2441,8.4326],[36.2419,8.4359],[36.2416,8.439],[36.241,8.4413],[36.2399,8.443],[36.2377,8.4436],[36.2353,8.4449],[36.2333,8.4459],[36.2323,8.4472],[36.2307,8.4469],[36.2281,8.4468],[36.2254,8.4484],[36.2241,8.4503],[36.2235,8.454],[36.2237,8.4555],[36.2245,8.4564],[36.2273,8.4571],[36.2275,8.4576],[36.2272,8.4611],[36.2275,8.4618],[36.2297,8.4613],[36.2304,8.4618],[36.2309,8.4629],[36.2316,8.4653],[36.2323,8.466],[36.2337,8.4663],[36.2349,8.4659],[36.2357,8.4647],[36.2363,8.4646],[36.2362,8.4657],[36.2373,8.4664],[36.2404,8.4672],[36.2425,8.4686],[36.2437,8.4708],[36.2446,8.4736],[36.2453,8.475],[36.2464,8.4755],[36.247,8.4782],[36.2464,8.4811],[36.2464,8.4829],[36.2469,8.484],[36.2467,8.486],[36.2473,8.4876],[36.2486,8.4885],[36.2492,8.4897],[36.2505,8.4905],[36.2517,8.491],[36.2533,8.492],[36.2543,8.494],[36.2546,8.4954],[36.2535,8.4977],[36.2527,8.4991],[36.2526,8.4998],[36.2535,8.5011],[36.2527,8.5018],[36.2527,8.5032],[36.2546,8.5057],[36.2552,8.5075],[36.2534,8.5083],[36.2527,8.5093],[36.2525,8.5101],[36.2532,8.5111],[36.2532,8.5114],[36.2521,8.5123],[36.2575,8.5156],[36.261,8.5169],[36.2625,8.5176],[36.2642,8.5202],[36.2703,8.5281],[36.2724,8.5304],[36.275,8.5327],[36.2771,8.5358],[36.28,8.5382],[36.2822,8.5401],[36.2854,8.5412],[36.287,8.5415],[36.2888,8.5413],[36.2914,8.543],[36.2927,8.5432],[36.2967,8.5446],[36.2992,8.5462],[36.3012,8.5488],[36.3044,8.5514],[36.3071,8.5535],[36.3115,8.5559],[36.3148,8.5562],[36.3162,8.5567],[36.3176,8.5576],[36.3192,8.5585],[36.3213,8.5593],[36.3225,8.561],[36.3237,8.5613],[36.3265,8.5625],[36.3283,8.563],[36.3317,8.5642],[36.3356,8.5645],[36.3397,8.5668],[36.3419,8.5686],[36.3447,8.5702],[36.3465,8.5721],[36.3488,8.5753],[36.3509,8.5757],[36.3534,8.5757],[36.3552,8.5759],[36.3578,8.5773],[36.3583,8.578],[36.359,8.5786],[36.3588,8.5801],[36.3588,8.5813],[36.3592,8.5818],[36.3592,8.5824],[36.3599,8.5837],[36.3599,8.5855],[36.3611,8.5878],[36.3625,8.5883],[36.3634,8.59],[36.364,8.5911],[36.3653,8.591],[36.3662,8.5919],[36.3675,8.5916],[36.3689,8.5917],[36.3701,8.592],[36.3713,8.5919],[36.3714,8.5924],[36.3739,8.5948],[36.3743,8.5978],[36.3755,8.5992],[36.3751,8.6002],[36.3756,8.601],[36.376,8.6018],[36.3784,8.6032],[36.38,8.6051],[36.3826,8.606],[36.3842,8.6058],[36.3864,8.6045],[36.3872,8.6041],[36.3882,8.6042],[36.3889,8.6046],[36.39,8.6043],[36.3904,8.6043],[36.3917,8.6046],[36.3932,8.6036],[36.3947,8.6017],[36.3954,8.6014],[36.3973,8.6024],[36.4011,8.601],[36.4029,8.6012],[36.4046,8.6019],[36.4081,8.6018],[36.4104,8.602],[36.4116,8.6027],[36.4135,8.6048],[36.4141,8.6057],[36.4138,8.6066],[36.4133,8.6072],[36.4143,8.6091],[36.4155,8.6103],[36.4166,8.6102],[36.4175,8.6115],[36.4187,8.6125],[36.4209,8.6124],[36.4208,8.6131],[36.4218,8.6142],[36.4248,8.6135],[36.4252,8.6127],[36.4261,8.6135],[36.4271,8.6153],[36.4276,8.6155],[36.4289,8.6162],[36.4297,8.6172],[36.4304,8.6179],[36.4307,8.6185],[36.4307,8.6199],[36.43,8.6204],[36.4292,8.6208],[36.4293,8.6214],[36.4286,8.6215],[36.4285,8.6225],[36.43,8.6256],[36.43,8.6265],[36.4304,8.628],[36.4322,8.6304],[36.4339,8.63],[36.4348,8.6304],[36.4345,8.6318],[36.4353,8.6324],[36.4361,8.6324],[36.4381,8.6306],[36.4394,8.6301],[36.4395,8.6294],[36.4399,8.6281],[36.4407,8.6267],[36.4419,8.6255],[36.443,8.6248],[36.4446,8.6246],[36.4468,8.6248],[36.4483,8.6245],[36.4493,8.6238],[36.4501,8.6221],[36.4511,8.6205],[36.4515,8.6197],[36.4518,8.619],[36.4524,8.6183],[36.4531,8.6178],[36.4558,8.6167],[36.4583,8.6163],[36.4599,8.6154],[36.4613,8.615],[36.4631,8.6147],[36.4653,8.616],[36.4663,8.6164],[36.4682,8.6175],[36.469,8.6179],[36.4701,8.6178],[36.4714,8.6174],[36.4728,8.6167],[36.4748,8.6159],[36.4756,8.6159],[36.4765,8.6157],[36.4777,8.6146],[36.4782,8.6137],[36.4811,8.6119],[36.4816,8.6116],[36.4823,8.6117],[36.4837,8.6112],[36.4846,8.6105],[36.485,8.6091],[36.4851,8.6078],[36.486,8.6053],[36.4866,8.6041],[36.4868,8.6036],[36.4876,8.6026],[36.4887,8.6012],[36.4908,8.6001],[36.4921,8.5997],[36.4933,8.5996],[36.4966,8.6001],[36.4984,8.6002],[36.5,8.6005],[36.5018,8.6005],[36.5027,8.5994],[36.5032,8.5989],[36.5032,8.5971],[36.5039,8.5952],[36.5044,8.5934],[36.505,8.592],[36.5067,8.5904],[36.509,8.5897],[36.5106,8.5897],[36.5116,8.5898],[36.5129,8.5907],[36.5143,8.5917],[36.5157,8.593],[36.5167,8.5934],[36.518,8.5938],[36.5206,8.5934],[36.5228,8.5927],[36.5245,8.5918],[36.5257,8.5906],[36.5268,8.5897],[36.5271,8.5884],[36.5274,8.586],[36.5271,8.5847],[36.527,8.5823],[36.527,8.5806],[36.5275,8.5791],[36.5279,8.5773],[36.5287,8.5758],[36.5298,8.5749],[36.5312,8.5737],[36.5332,8.5726],[36.5341,8.5719],[36.5356,8.5697],[36.5364,8.5688],[36.5361,8.5682],[36.5356,8.5664],[36.535,8.5656],[36.5338,8.564],[36.5335,8.5627],[36.5338,8.5612],[36.5352,8.5599],[36.5365,8.5592],[36.538,8.5589],[36.5394,8.5588],[36.5412,8.559],[36.5444,8.5602],[36.546,8.5606],[36.5471,8.5605],[36.5486,8.5609],[36.5505,8.5616],[36.5521,8.5626],[36.5531,8.5628],[36.5538,8.563],[36.5542,8.5629]],[[36.3248,8.4322],[36.3284,8.4322],[36.3317,8.4335],[36.3363,8.4372],[36.3383,8.4397],[36.3401,8.4414],[36.3413,8.4414],[36.3421,8.4412],[36.343,8.4434],[36.3458,8.4441],[36.348,8.4442],[36.35,8.4436],[36.3521,8.4431],[36.3532,8.4426],[36.3551,8.4418],[36.3562,8.4426],[36.3571,8.4435],[36.3575,8.4434],[36.3591,8.4422],[36.3603,8.4424],[36.3618,8.4434],[36.3626,8.4441],[36.3632,8.4443],[36.3631,8.4446],[36.3642,8.4452],[36.3657,8.4481],[36.3655,8.4484],[36.3659,8.4493],[36.3658,8.4503],[36.3654,8.4509],[36.3654,8.4517],[36.3657,8.4525],[36.366,8.4545],[36.366,8.4561],[36.3665,8.4583],[36.3665,8.4592],[36.3666,8.4602],[36.3648,8.4603],[36.3626,8.4609],[36.3597,8.4625],[36.3571,8.4643],[36.3574,8.4661],[36.3581,8.4688],[36.3592,8.47],[36.3588,8.4701],[36.3588,8.4712],[36.3582,8.472],[36.3573,8.4715],[36.3563,8.4712],[36.3555,8.4695],[36.3547,8.4691],[36.3544,8.4701],[36.3539,8.4733],[36.3537,8.4736],[36.3533,8.4734],[36.3523,8.4739],[36.3516,8.4732],[36.3505,8.4725],[36.3494,8.4725],[36.3487,8.472],[36.3487,8.4706],[36.3487,8.4687],[36.3488,8.4671],[36.3488,8.4652],[36.3484,8.4633],[36.3479,8.4621],[36.347,8.4612],[36.3458,8.4597],[36.3447,8.4589],[36.3425,8.4583],[36.3423,8.4565],[36.3414,8.4557],[36.3384,8.4544],[36.3381,8.4533],[36.3373,8.4485],[36.3365,8.4468],[36.3351,8.4465],[36.3349,8.4461],[36.3326,8.4434],[36.3303,8.4415],[36.3279,8.4409],[36.3263,8.4407],[36.3256,8.4398],[36.3245,8.4381],[36.3248,8.4359],[36.3235,8.4351],[36.3233,8.4347],[36.3232,8.4331],[36.3238,8.4324],[36.3248,8.4322]]]}},{"type":"Feature","properties":{"id":"LW032","woreda":"Dedesa","zone":"Buno Bedele","region":"Oromia","area_km2":842.1,"lat":8.1208,"lon":36.5928},"geometry":{"type":"Polygon","coordinates":[[[36.3027,8.2434],[36.3067,8.2432],[36.3076,8.2409],[36.3088,8.2353],[36.3108,8.2285],[36.3126,8.223],[36.3142,8.2205],[36.3157,8.22],[36.3163,8.2201],[36.3173,8.2208],[36.3192,8.2221],[36.3192,8.2214],[36.3194,8.221],[36.3209,8.2204],[36.3219,8.221],[36.3235,8.2216],[36.3247,8.2219],[36.3243,8.2186],[36.324,8.2148],[36.3243,8.2138],[36.324,8.2131],[36.3266,8.2123],[36.3298,8.2115],[36.3304,8.2126],[36.3302,8.2153],[36.3291,8.2167],[36.3284,8.2184],[36.3296,8.2194],[36.3307,8.2211],[36.3313,8.2216],[36.3328,8.2208],[36.3332,8.2158],[36.3333,8.2146],[36.3326,8.214],[36.3344,8.213],[36.3358,8.2137],[36.3392,8.2136],[36.3408,8.2133],[36.341,8.2163],[36.3405,8.2203],[36.3404,8.2243],[36.3407,8.2261],[36.3396,8.2277],[36.3376,8.2314],[36.3363,8.2332],[36.3363,8.2363],[36.3361,8.2375],[36.3364,8.2383],[36.3394,8.2394],[36.3403,8.2396],[36.341,8.2398],[36.341,8.2397],[36.3428,8.2371],[36.3451,8.2371],[36.3469,8.2375],[36.3493,8.2378],[36.3507,8.2405],[36.354,8.2436],[36.3571,8.2453],[36.3599,8.2469],[36.362,8.2477],[36.3643,8.2477],[36.3711,8.2469],[36.3747,8.2461],[36.3748,8.2459],[36.376,8.2424],[36.3764,8.2404],[36.3787,8.237],[36.3792,8.2362],[36.3813,8.2342],[36.3821,8.2335],[36.385,8.2312],[36.3865,8.2287],[36.3885,8.2265],[36.3897,8.2258],[36.39,8.2254],[36.3905,8.2244],[36.3905,8.2234],[36.3902,8.2228],[36.3926,8.2196],[36.3955,8.2179],[36.4004,8.215],[36.4014,8.2147],[36.4019,8.2137],[36.4031,8.2145],[36.4039,8.2139],[36.4048,8.2102],[36.4054,8.2101],[36.4076,8.2099],[36.4095,8.2087],[36.4107,8.2082],[36.4118,8.207],[36.4133,8.2078],[36.4149,8.2073],[36.4159,8.2065],[36.4167,8.205],[36.417,8.2033],[36.4175,8.202],[36.4182,8.2025],[36.4195,8.2024],[36.4195,8.2015],[36.4226,8.2041],[36.423,8.205],[36.4254,8.2082],[36.4267,8.2089],[36.4269,8.2091],[36.4302,8.2096],[36.4323,8.2097],[36.4343,8.2103],[36.4357,8.21],[36.4387,8.2076],[36.4397,8.2069],[36.4426,8.2066],[36.445,8.2058],[36.4458,8.2053],[36.4473,8.2055],[36.4484,8.2059],[36.4492,8.2063],[36.4512,8.2065],[36.4526,8.2058],[36.455,8.2075],[36.4534,8.2101],[36.4565,8.2092],[36.4569,8.2096],[36.4574,8.2098],[36.4602,8.2115],[36.4617,8.2119],[36.4633,8.2121],[36.464,8.2125],[36.4645,8.2126],[36.4653,8.2136],[36.4665,8.2155],[36.4674,8.2167],[36.4678,8.2169],[36.4703,8.2147],[36.4713,8.216],[36.4728,8.216],[36.4748,8.2171],[36.4759,8.2176],[36.477,8.2178],[36.4777,8.2176],[36.4789,8.2168],[36.4793,8.2169],[36.481,8.2178],[36.4818,8.2178],[36.483,8.2176],[36.4857,8.2179],[36.4867,8.2177],[36.4877,8.2164],[36.4884,8.2158],[36.4909,8.2146],[36.4924,8.2135],[36.4945,8.2127],[36.4966,8.212],[36.4985,8.2114],[36.4987,8.2113],[36.498,8.2109],[36.4979,8.2096],[36.498,8.2084],[36.4982,8.2071],[36.4994,8.2066],[36.5006,8.2064],[36.5009,8.2058],[36.5073,8.2079],[36.5146,8.2062],[36.5155,8.2048],[36.5166,8.204],[36.5172,8.2041],[36.519,8.2055],[36.5224,8.2062],[36.5263,8.2054],[36.5275,8.204],[36.5317,8.2049],[36.5342,8.2051],[36.5358,8.205],[36.5387,8.2054],[36.5396,8.2051],[36.5414,8.2051],[36.5423,8.2054],[36.5469,8.2051],[36.5491,8.2057],[36.5499,8.2063],[36.551,8.2077],[36.5512,8.2092],[36.551,8.2106],[36.5514,8.2119],[36.5548,8.2137],[36.5587,8.2152],[36.5595,8.2153],[36.5612,8.2165],[36.5644,8.2154],[36.5649,8.2149],[36.5651,8.2107],[36.5651,8.2096],[36.5656,8.209],[36.5667,8.2081],[36.5686,8.2071],[36.5716,8.2075],[36.5702,8.2049],[36.5705,8.2035],[36.5717,8.2],[36.5723,8.198],[36.5724,8.197],[36.5721,8.1963],[36.5721,8.1957],[36.5728,8.1942],[36.5732,8.1932],[36.5741,8.1921],[36.5751,8.2051],[36.5765,8.2023],[36.5789,8.1963],[36.5792,8.1906],[36.5831,8.1876],[36.5868,8.1907],[36.5908,8.1942],[36.593,8.196],[36.5952,8.1931],[36.5956,8.1903],[36.5957,8.1873],[36.5962,8.1821],[36.5967,8.1786],[36.5964,8.173],[36.5966,8.1719],[36.5977,8.1717],[36.6029,8.1719],[36.6077,8.1718],[36.6094,8.1695],[36.613,8.169],[36.6198,8.1683],[36.6234,8.1679],[36.6265,8.1676],[36.6282,8.1671],[36.6317,8.1671],[36.6339,8.1667],[36.638,8.1663],[36.6366,8.1741],[36.6371,8.1757],[36.6378,8.1766],[36.6388,8.1781],[36.6396,8.1785],[36.64,8.18],[36.6407,8.1826],[36.6418,8.1849],[36.6429,8.186],[36.6443,8.1867],[36.646,8.1881],[36.6469,8.1894],[36.6462,8.1913],[36.6494,8.1909],[36.6515,8.1928],[36.6537,8.1946],[36.6549,8.1959],[36.6556,8.1957],[36.6562,8.1946],[36.6579,8.1925],[36.6618,8.19],[36.6628,8.1889],[36.6648,8.1876],[36.6663,8.1868],[36.6696,8.1859],[36.6703,8.1855],[36.6733,8.184],[36.6741,8.1843],[36.6759,8.1833],[36.6801,8.1803],[36.6816,8.1799],[36.6835,8.18],[36.6851,8.1806],[36.6855,8.1782],[36.6894,8.1775],[36.6909,8.1768],[36.6919,8.1756],[36.6932,8.1747],[36.6942,8.175],[36.6956,8.1759],[36.6987,8.1772],[36.7,8.1778],[36.7022,8.1786],[36.7028,8.1792],[36.7072,8.1813],[36.7101,8.1827],[36.7103,8.1827],[36.7113,8.1817],[36.7128,8.1809],[36.7137,8.1806],[36.7147,8.1798],[36.717,8.1795],[36.7186,8.179],[36.7198,8.1787],[36.7208,8.1775],[36.7225,8.1771],[36.7238,8.177],[36.7255,8.1753],[36.7267,8.1749],[36.7276,8.1753],[36.729,8.1766],[36.7339,8.1765],[36.7364,8.1746],[36.739,8.1742],[36.7414,8.1744],[36.7418,8.1739],[36.7461,8.1749],[36.7495,8.174],[36.75,8.1733],[36.7504,8.1725],[36.7512,8.172],[36.7519,8.1719],[36.753,8.1709],[36.7547,8.1701],[36.7563,8.1695],[36.7571,8.1691],[36.7583,8.1692],[36.7603,8.1685],[36.7615,8.1683],[36.7623,8.1675],[36.7629,8.1679],[36.7661,8.167],[36.7707,8.1654],[36.772,8.1672],[36.7733,8.1692],[36.775,8.1714],[36.7778,8.1736],[36.7788,8.1738],[36.7793,8.1745],[36.7817,8.1748],[36.7836,8.1738],[36.7843,8.173],[36.7885,8.1712],[36.7903,8.1709],[36.7922,8.1718],[36.7963,8.1735],[36.8004,8.1758],[36.8023,8.176],[36.8054,8.1756],[36.8061,8.1755],[36.8068,8.1761],[36.8081,8.178],[36.8088,8.1788],[36.8101,8.1793],[36.8108,8.1797],[36.8124,8.1791],[36.814,8.1781],[36.8157,8.1781],[36.8157,8.1768],[36.8165,8.1752],[36.8171,8.1742],[36.8177,8.1737],[36.8177,8.1728],[36.818,8.1716],[36.818,8.17],[36.8166,8.1671],[36.8167,8.1644],[36.8171,8.1633],[36.818,8.1625],[36.8191,8.1617],[36.8196,8.1606],[36.8198,8.1589],[36.8194,8.1569],[36.8189,8.155],[36.8197,8.1534],[36.8211,8.1517],[36.8225,8.1493],[36.8231,8.1471],[36.8231,8.1459],[36.8241,8.1445],[36.8247,8.144],[36.8248,8.1427],[36.8262,8.1412],[36.8264,8.1399],[36.826,8.1374],[36.8256,8.1363],[36.8252,8.1346],[36.8258,8.1314],[36.8256,8.1303],[36.8256,8.1293],[36.8254,8.1287],[36.8256,8.1268],[36.8253,8.1256],[36.824,8.1246],[36.8208,8.124],[36.8195,8.1229],[36.8184,8.1205],[36.8175,8.1192],[36.816,8.1184],[36.8142,8.1181],[36.813,8.1179],[36.8113,8.117],[36.81,8.1163],[36.8086,8.116],[36.8067,8.116],[36.8057,8.1155],[36.8049,8.1144],[36.8041,8.1135],[36.8031,8.112],[36.8028,8.1099],[36.8032,8.1083],[36.8037,8.1068],[36.8037,8.1053],[36.8025,8.1046],[36.8004,8.1046],[36.7993,8.1041],[36.7991,8.1017],[36.7988,8.1001],[36.799,8.0996],[36.7978,8.0981],[36.7965,8.0978],[36.795,8.0975],[36.7936,8.0972],[36.7925,8.0958],[36.7907,8.0938],[36.7894,8.0934],[36.7889,8.0939],[36.7878,8.0947],[36.7878,8.096],[36.7879,8.0977],[36.7885,8.0995],[36.7882,8.0998],[36.7889,8.102],[36.7883,8.1035],[36.7882,8.1056],[36.7886,8.1083],[36.7882,8.1095],[36.7886,8.111],[36.7881,8.1133],[36.7888,8.1164],[36.7875,8.116],[36.7862,8.1171],[36.7849,8.117],[36.7821,8.1149],[36.7799,8.1134],[36.7792,8.1121],[36.7772,8.1098],[36.775,8.1087],[36.7734,8.1094],[36.7718,8.1122],[36.7702,8.1129],[36.7694,8.112],[36.7686,8.1113],[36.7673,8.1116],[36.7659,8.111],[36.7653,8.1095],[36.7639,8.1086],[36.7612,8.1072],[36.762,8.1041],[36.7607,8.1012],[36.761,8.0998],[36.7603,8.0984],[36.7594,8.097],[36.7577,8.0958],[36.7559,8.0963],[36.7557,8.0982],[36.7564,8.0997],[36.7564,8.1005],[36.7571,8.1019],[36.757,8.103],[36.7564,8.1033],[36.7559,8.1027],[36.7558,8.102],[36.7547,8.1008],[36.755,8.1],[36.7541,8.0992],[36.7527,8.0987],[36.7522,8.096],[36.7516,8.095],[36.7504,8.0945],[36.7497,8.0945],[36.7492,8.0938],[36.7494,8.0926],[36.7494,8.0911],[36.7486,8.0905],[36.7496,8.0878],[36.7499,8.0868],[36.7503,8.0852],[36.7495,8.083],[36.7495,8.082],[36.7497,8.0814],[36.7487,8.0799],[36.7483,8.0788],[36.7466,8.0786],[36.7448,8.0774],[36.7436,8.0761],[36.7431,8.0747],[36.7428,8.0732],[36.7433,8.0724],[36.7429,8.0711],[36.7446,8.0691],[36.7453,8.0675],[36.745,8.0663],[36.7438,8.0652],[36.7423,8.0641],[36.7416,8.0635],[36.7417,8.0619],[36.7422,8.0615],[36.7427,8.0598],[36.7423,8.0587],[36.741,8.058],[36.7384,8.0577],[36.7374,8.0577],[36.7366,8.0585],[36.7359,8.0595],[36.7348,8.06],[36.7332,8.0597],[36.732,8.0598],[36.7306,8.0591],[36.7289,8.0575],[36.7272,8.0554],[36.7253,8.0551],[36.7232,8.0555],[36.722,8.0563],[36.7214,8.0567],[36.7214,8.0607],[36.7195,8.0588],[36.7183,8.0584],[36.7172,8.0585],[36.716,8.0592],[36.7158,8.062],[36.7159,8.0629],[36.7158,8.0632],[36.7151,8.0646],[36.7147,8.0655],[36.714,8.0664],[36.7127,8.0672],[36.7123,8.0669],[36.712,8.0656],[36.7111,8.065],[36.7099,8.0649],[36.7084,8.0657],[36.7076,8.0668],[36.7069,8.0682],[36.7053,8.0679],[36.7038,8.0676],[36.7029,8.0671],[36.7024,8.0666],[36.7024,8.0657],[36.7015,8.0644],[36.7004,8.064],[36.6993,8.064],[36.698,8.0649],[36.6958,8.0667],[36.6949,8.0678],[36.6955,8.0694],[36.6956,8.0703],[36.6934,8.0716],[36.6921,8.0721],[36.6908,8.0711],[36.6901,8.0702],[36.6907,8.0676],[36.6905,8.0666],[36.691,8.0659],[36.6895,8.0645],[36.6876,8.0649],[36.6868,8.0667],[36.6863,8.0649],[36.6845,8.0636],[36.6825,8.0632],[36.6814,8.0634],[36.6813,8.063],[36.6798,8.0636],[36.6786,8.0643],[36.6778,8.0642],[36.677,8.0628],[36.6763,8.0619],[36.6748,8.0614],[36.6736,8.0614],[36.6724,8.0607],[36.6715,8.0599],[36.6702,8.0592],[36.6674,8.0598],[36.6671,8.0598],[36.666,8.0593],[36.6657,8.0594],[36.6641,8.0593],[36.664,8.0589],[36.6641,8.0581],[36.6644,8.0575],[36.6653,8.0568],[36.6669,8.0559],[36.6673,8.0551],[36.6673,8.0538],[36.6653,8.0513],[36.6651,8.0507],[36.6646,8.0505],[36.6649,8.0499],[36.6637,8.0475],[36.6625,8.0463],[36.6601,8.0445],[36.6601,8.0436],[36.6604,8.0418],[36.6602,8.0406],[36.659,8.0389],[36.6579,8.0384],[36.6578,8.038],[36.6579,8.0373],[36.6597,8.0357],[36.66,8.035],[36.6592,8.0346],[36.6582,8.0341],[36.657,8.034],[36.6561,8.0316],[36.655,8.0319],[36.6541,8.0332],[36.6531,8.0342],[36.6525,8.0338],[36.6509,8.0325],[36.6498,8.0321],[36.6482,8.031],[36.6458,8.0284],[36.643,8.0238],[36.642,8.0215],[36.642,8.0203],[36.6421,8.0189],[36.6422,8.0184],[36.6419,8.0169],[36.6425,8.015],[36.6435,8.0148],[36.6442,8.0146],[36.6446,8.0138],[36.6447,8.0129],[36.6438,8.0109],[36.6436,8.0105],[36.644,8.0095],[36.6458,8.0085],[36.6461,8.008],[36.6462,8.0073],[36.6455,8.0071],[36.6433,8.0071],[36.6429,8.0073],[36.6425,8.0071],[36.6419,8.0049],[36.6409,8.0038],[36.6408,8.0032],[36.6415,8.0031],[36.6418,8.0019],[36.6411,8.0002],[36.6406,7.9986],[36.6396,7.9982],[36.6398,7.998],[36.6405,7.9979],[36.641,7.9972],[36.6407,7.9958],[36.6394,7.9949],[36.6369,7.9947],[36.6347,7.9947],[36.6327,7.9943],[36.6308,7.9955],[36.6302,7.996],[36.6293,7.9959],[36.6286,7.9964],[36.6277,7.9962],[36.6263,7.9952],[36.6244,7.9935],[36.6233,7.993],[36.6221,7.9934],[36.6211,7.9946],[36.6189,7.996],[36.6167,7.9972],[36.6141,7.998],[36.6121,7.9982],[36.6104,7.9979],[36.6094,7.9968],[36.6091,7.9954],[36.6083,7.9948],[36.6074,7.9945],[36.6061,7.9947],[36.6048,7.9948],[36.6033,7.9954],[36.6018,7.9965],[36.6008,7.9969],[36.5996,7.9969],[36.5984,7.9968],[36.5963,7.996],[36.5947,7.9946],[36.5939,7.9943],[36.593,7.9945],[36.5922,7.995],[36.5913,7.9951],[36.5905,7.9951],[36.5892,7.9949],[36.5881,7.9951],[36.587,7.9967],[36.587,7.9976],[36.5873,7.9987],[36.5867,7.9992],[36.5863,7.9999],[36.5854,8.0],[36.5845,8.0003],[36.584,8.0003],[36.5831,8.001],[36.5825,8.0027],[36.5828,8.0039],[36.5849,8.0032],[36.5863,8.0045],[36.5873,8.0048],[36.589,8.0068],[36.5887,8.0083],[36.5887,8.0092],[36.5895,8.011],[36.5894,8.0124],[36.5913,8.0161],[36.5917,8.017],[36.592,8.0173],[36.5935,8.0176],[36.5952,8.0179],[36.5963,8.0183],[36.5978,8.0192],[36.5985,8.0195],[36.5993,8.0214],[36.6012,8.0253],[36.601,8.0264],[36.6014,8.0276],[36.6016,8.0289],[36.6014,8.03],[36.6021,8.0318],[36.6013,8.0324],[36.6,8.0342],[36.5994,8.0354],[36.5979,8.0357],[36.596,8.0362],[36.594,8.0371],[36.5934,8.0377],[36.593,8.0388],[36.5932,8.0403],[36.5924,8.0417],[36.5921,8.0426],[36.5909,8.0441],[36.59,8.0451],[36.5886,8.0463],[36.5877,8.0472],[36.5874,8.048],[36.5869,8.0488],[36.5865,8.0499],[36.586,8.0517],[36.5857,8.054],[36.5847,8.0563],[36.5839,8.0581],[36.5827,8.0589],[36.5819,8.0591],[36.5797,8.0593],[36.5776,8.0594],[36.5763,8.0597],[36.5738,8.0608],[36.5738,8.0617],[36.5727,8.0627],[36.5707,8.0633],[36.5696,8.0631],[36.5691,8.0633],[36.5688,8.0644],[36.5683,8.0656],[36.5677,8.0662],[36.5667,8.0662],[36.5662,8.0658],[36.5662,8.0651],[36.566,8.0641],[36.5655,8.063],[36.5647,8.0622],[36.5635,8.062],[36.5613,8.0619],[36.56,8.0617],[36.5576,8.0619],[36.5558,8.0617],[36.5534,8.0618],[36.552,8.0619],[36.5505,8.0627],[36.5495,8.0636],[36.5486,8.0641],[36.5477,8.0644],[36.5459,8.0657],[36.5457,8.066],[36.5444,8.0667],[36.5419,8.0674],[36.5395,8.0683],[36.5369,8.0689],[36.5356,8.0686],[36.535,8.068],[36.5348,8.0668],[36.535,8.0664],[36.5351,8.0653],[36.5348,8.0641],[36.5342,8.0625],[36.5335,8.0614],[36.5333,8.0616],[36.5332,8.0609],[36.5329,8.0596],[36.533,8.0584],[36.5328,8.0572],[36.5321,8.0562],[36.5311,8.0554],[36.5297,8.0549],[36.5291,8.0548],[36.5278,8.0547],[36.527,8.0548],[36.5253,8.0552],[36.5246,8.056],[36.5236,8.056],[36.5223,8.0554],[36.522,8.055],[36.5202,8.0542],[36.519,8.0543],[36.5182,8.0545],[36.5172,8.0553],[36.516,8.0561],[36.5153,8.0569],[36.5144,8.0562],[36.5132,8.0556],[36.5124,8.0558],[36.5115,8.0557],[36.5102,8.0561],[36.5093,8.0561],[36.5078,8.0559],[36.5062,8.055],[36.5045,8.0542],[36.5027,8.054],[36.4999,8.054],[36.4984,8.0539],[36.4982,8.0557],[36.4972,8.0552],[36.4963,8.0548],[36.4953,8.0541],[36.4941,8.0535],[36.4924,8.0524],[36.4901,8.05],[36.4889,8.0492],[36.4874,8.0486],[36.4858,8.0475],[36.4845,8.047],[36.4821,8.0461],[36.4808,8.0452],[36.4793,8.0447],[36.4781,8.0448],[36.4765,8.0445],[36.4746,8.0456],[36.4727,8.0457],[36.4711,8.0462],[36.4682,8.0477],[36.464,8.0487],[36.4606,8.0494],[36.457,8.0501],[36.4542,8.0508],[36.4522,8.0521],[36.4509,8.0534],[36.448,8.0536],[36.4443,8.0531],[36.441,8.053],[36.4381,8.0531],[36.4321,8.053],[36.4286,8.0524],[36.4244,8.0516],[36.4228,8.0502],[36.4229,8.0512],[36.4218,8.0518],[36.4191,8.0528],[36.4169,8.0529],[36.4153,8.0525],[36.4143,8.0526],[36.4134,8.054],[36.4107,8.0555],[36.4095,8.0555],[36.409,8.0562],[36.4087,8.0573],[36.4078,8.0599],[36.4064,8.0621],[36.4058,8.0632],[36.4048,8.065],[36.4035,8.0662],[36.4023,8.0669],[36.4016,8.0667],[36.4005,8.0673],[36.4001,8.0677],[36.3995,8.0686],[36.3988,8.069],[36.3979,8.0698],[36.3976,8.0714],[36.3973,8.0714],[36.3969,8.0726],[36.3955,8.0736],[36.3938,8.0746],[36.3929,8.0756],[36.3916,8.0762],[36.392,8.0783],[36.3926,8.0796],[36.3928,8.0805],[36.3933,8.0814],[36.395,8.0829],[36.3961,8.0837],[36.3975,8.0846],[36.3977,8.0855],[36.3973,8.0885],[36.3972,8.0919],[36.3968,8.0927],[36.3958,8.0935],[36.3946,8.0942],[36.3945,8.095],[36.3933,8.0962],[36.3914,8.0972],[36.3903,8.0973],[36.3897,8.0978],[36.3881,8.0982],[36.3868,8.0988],[36.3855,8.0995],[36.3841,8.0998],[36.3818,8.1003],[36.3803,8.1012],[36.3789,8.1011],[36.3769,8.1026],[36.376,8.1029],[36.3752,8.1046],[36.3738,8.1054],[36.3729,8.1063],[36.3717,8.1081],[36.3698,8.1096],[36.3698,8.1103],[36.3694,8.1122],[36.369,8.1131],[36.3673,8.1141],[36.3665,8.1165],[36.3659,8.118],[36.3673,8.1211],[36.3671,8.1217],[36.3675,8.1237],[36.3683,8.1248],[36.3683,8.1257],[36.3682,8.1264],[36.3685,8.1273],[36.3716,8.1281],[36.3729,8.1301],[36.3717,8.1305],[36.371,8.1312],[36.368,8.1317],[36.3674,8.1327],[36.3657,8.1337],[36.3649,8.1344],[36.3618,8.1364],[36.3608,8.1365],[36.3585,8.1359],[36.356,8.1354],[36.353,8.1344],[36.3506,8.134],[36.3475,8.1329],[36.347,8.1297],[36.3465,8.1283],[36.3468,8.1277],[36.3466,8.1232],[36.3458,8.1224],[36.3439,8.1213],[36.3409,8.1198],[36.3385,8.1189],[36.3358,8.1178],[36.3305,8.1179],[36.327,8.1183],[36.3265,8.1189],[36.3255,8.1227],[36.3248,8.1241],[36.3217,8.124],[36.3209,8.1242],[36.3186,8.1263],[36.3174,8.1273],[36.3161,8.1291],[36.3147,8.1309],[36.3145,8.1313],[36.3151,8.1328],[36.3156,8.1347],[36.3154,8.1359],[36.3153,8.1376],[36.3139,8.1381],[36.3133,8.1385],[36.3119,8.1398],[36.3107,8.1404],[36.3102,8.1417],[36.3099,8.1429],[36.3101,8.144],[36.3094,8.146],[36.3083,8.1478],[36.3077,8.1479],[36.3074,8.1484],[36.3061,8.1494],[36.3049,8.1498],[36.3031,8.1494],[36.3019,8.1494],[36.2999,8.1498],[36.2978,8.15],[36.297,8.151],[36.2962,8.1517],[36.2945,8.1514],[36.2936,8.1508],[36.2928,8.1517],[36.2918,8.1516],[36.2913,8.1516],[36.2891,8.1521],[36.2881,8.153],[36.2881,8.1538],[36.2879,8.1575],[36.2873,8.1585],[36.2863,8.16],[36.2861,8.1608],[36.2867,8.1616],[36.2877,8.1624],[36.2881,8.1629],[36.2874,8.1657],[36.2873,8.1688],[36.2872,8.1717],[36.2873,8.1728],[36.2872,8.1736],[36.2873,8.1744],[36.2868,8.1761],[36.2862,8.1775],[36.2853,8.176],[36.2812,8.1734],[36.2795,8.1738],[36.2783,8.1744],[36.2776,8.1751],[36.2759,8.1755],[36.2747,8.1765],[36.2739,8.1763],[36.2732,8.1766],[36.2718,8.1768],[36.27,8.176],[36.269,8.1764],[36.2678,8.177],[36.2672,8.1778],[36.2675,8.1787],[36.2669,8.1796],[36.2661,8.1814],[36.2657,8.1834],[36.2671,8.185],[36.2672,8.1858],[36.2683,8.1868],[36.2696,8.1887],[36.2688,8.1895],[36.2688,8.19],[36.2708,8.1911],[36.2721,8.1923],[36.2725,8.1941],[36.2721,8.1989],[36.272,8.2007],[36.2731,8.2031],[36.2742,8.2063],[36.2757,8.211],[36.2775,8.2175],[36.2783,8.221],[36.2798,8.2236],[36.2802,8.2255],[36.2824,8.2271],[36.2861,8.2287],[36.2889,8.2321],[36.2931,8.2365],[36.2951,8.239],[36.297,8.2408],[36.2987,8.2424],[36.3027,8.2434]]]}},{"type":"Feature","properties":{"id":"LW033","woreda":"Gechi","zone":"Buno Bedele","region":"Oromia","area_km2":634.0,"lat":8.3896,"lon":36.4841},"geometry":{"type":"Polygon","coordinates":[[[36.3043,8.2469],[36.3057,8.2474],[36.3071,8.2487],[36.3089,8.2523],[36.3103,8.2543],[36.3126,8.2564],[36.3148,8.2609],[36.3149,8.2632],[36.3153,8.2637],[36.3167,8.2591],[36.3168,8.2609],[36.3194,8.2647],[36.32,8.2645],[36.3229,8.2647],[36.3237,8.2647],[36.3262,8.2661],[36.327,8.2669],[36.3276,8.2686],[36.328,8.2693],[36.3282,8.2714],[36.3293,8.2723],[36.3295,8.2716],[36.3313,8.2729],[36.332,8.2732],[36.3327,8.2738],[36.3334,8.2738],[36.3343,8.2745],[36.3356,8.2752],[36.3368,8.2762],[36.3376,8.2765],[36.3393,8.2774],[36.3396,8.2785],[36.3401,8.279],[36.3407,8.28],[36.3415,8.2829],[36.3418,8.2834],[36.3419,8.2844],[36.3418,8.2856],[36.3437,8.2873],[36.3446,8.2879],[36.3456,8.2888],[36.346,8.2896],[36.347,8.2903],[36.3475,8.2912],[36.3459,8.2929],[36.346,8.2934],[36.3459,8.2947],[36.3456,8.2963],[36.3459,8.2971],[36.3459,8.2984],[36.3456,8.2997],[36.3458,8.3055],[36.345,8.3085],[36.3462,8.3134],[36.3461,8.3166],[36.3464,8.3189],[36.3476,8.3219],[36.3485,8.3241],[36.3489,8.3295],[36.3491,8.3306],[36.3516,8.3334],[36.3547,8.3371],[36.3549,8.3388],[36.3545,8.3399],[36.355,8.3407],[36.355,8.3413],[36.3556,8.3415],[36.3558,8.3419],[36.3567,8.3424],[36.357,8.3434],[36.3554,8.3435],[36.3546,8.3442],[36.3536,8.3462],[36.3547,8.35],[36.3519,8.3508],[36.3494,8.3512],[36.3462,8.3525],[36.3467,8.3541],[36.3484,8.3567],[36.3489,8.3572],[36.3497,8.3584],[36.3503,8.3603],[36.3502,8.3617],[36.351,8.3628],[36.3512,8.3648],[36.3518,8.3658],[36.3527,8.3666],[36.3534,8.3677],[36.3538,8.3693],[36.3541,8.3698],[36.3558,8.3691],[36.3566,8.3694],[36.3569,8.3711],[36.3575,8.371],[36.3592,8.3709],[36.3601,8.3718],[36.3603,8.373],[36.3607,8.3741],[36.3616,8.3745],[36.3617,8.3754],[36.3626,8.3762],[36.3633,8.3771],[36.3633,8.3787],[36.3639,8.3791],[36.3644,8.3791],[36.3646,8.3772],[36.3655,8.377],[36.3666,8.376],[36.3677,8.3754],[36.3684,8.3758],[36.3688,8.3777],[36.3695,8.3782],[36.3706,8.3794],[36.3729,8.381],[36.3739,8.3811],[36.3742,8.3807],[36.3752,8.3807],[36.3762,8.3813],[36.3763,8.3803],[36.3765,8.378],[36.3784,8.3775],[36.3792,8.3782],[36.38,8.3782],[36.3808,8.3784],[36.3821,8.3803],[36.3828,8.3815],[36.3845,8.3812],[36.3854,8.3815],[36.3866,8.3826],[36.387,8.3835],[36.3902,8.3845],[36.3911,8.385],[36.3929,8.3851],[36.3934,8.3849],[36.394,8.385],[36.3952,8.3857],[36.3974,8.3857],[36.3988,8.3852],[36.4002,8.3837],[36.4007,8.3835],[36.4021,8.3852],[36.4022,8.3858],[36.4004,8.387],[36.4003,8.3887],[36.4015,8.3894],[36.4027,8.3902],[36.4035,8.3913],[36.4043,8.3923],[36.4058,8.3928],[36.4076,8.3921],[36.408,8.3936],[36.408,8.3957],[36.408,8.3976],[36.409,8.4004],[36.41,8.401],[36.4109,8.402],[36.4124,8.4039],[36.4128,8.4048],[36.4147,8.4081],[36.414,8.4081],[36.4161,8.4103],[36.4172,8.4112],[36.4179,8.4123],[36.4186,8.414],[36.42,8.4152],[36.4209,8.4163],[36.4219,8.4193],[36.4239,8.4209],[36.4248,8.4218],[36.4258,8.4228],[36.427,8.4222],[36.4285,8.422],[36.43,8.423],[36.436,8.4277],[36.4376,8.4295],[36.4383,8.4301],[36.4406,8.4326],[36.4416,8.4339],[36.4414,8.4356],[36.4428,8.4366],[36.4436,8.4375],[36.4449,8.4374],[36.4471,8.4381],[36.4484,8.4391],[36.4491,8.4405],[36.4488,8.4414],[36.4481,8.4421],[36.447,8.444],[36.447,8.445],[36.4473,8.4458],[36.448,8.4462],[36.4494,8.4461],[36.4499,8.4465],[36.4517,8.4465],[36.4531,8.4461],[36.4549,8.4466],[36.4553,8.4474],[36.4562,8.4479],[36.4576,8.4483],[36.4594,8.4498],[36.4603,8.45],[36.4622,8.4499],[36.463,8.4497],[36.4642,8.4498],[36.4666,8.4483],[36.4677,8.4478],[36.4699,8.4479],[36.4726,8.4485],[36.4754,8.4489],[36.4765,8.4499],[36.477,8.4515],[36.4776,8.452],[36.4803,8.4522],[36.4846,8.4527],[36.4903,8.4529],[36.4928,8.4535],[36.4933,8.4546],[36.4948,8.457],[36.4977,8.4613],[36.4989,8.463],[36.5012,8.4668],[36.5033,8.471],[36.5111,8.4712],[36.514,8.4712],[36.5196,8.4715],[36.524,8.4715],[36.5274,8.4719],[36.5296,8.4721],[36.5286,8.4743],[36.5286,8.4749],[36.5281,8.4764],[36.5271,8.4782],[36.5261,8.4792],[36.5255,8.4797],[36.5255,8.4822],[36.5256,8.4823],[36.5248,8.4834],[36.5246,8.4843],[36.525,8.4843],[36.5266,8.4824],[36.5316,8.4813],[36.532,8.481],[36.5331,8.4813],[36.5368,8.4783],[36.5403,8.4776],[36.5417,8.4784],[36.5433,8.4791],[36.5444,8.4805],[36.5458,8.4818],[36.5476,8.4835],[36.5496,8.4847],[36.5506,8.4853],[36.5527,8.4841],[36.5542,8.4845],[36.5554,8.4848],[36.5573,8.4851],[36.5577,8.4847],[36.5588,8.4846],[36.5622,8.4838],[36.5632,8.4836],[36.5666,8.4809],[36.5686,8.4805],[36.5709,8.4807],[36.5718,8.4813],[36.5733,8.4828],[36.5741,8.4834],[36.5772,8.4852],[36.5784,8.4854],[36.5833,8.4869],[36.5844,8.4907],[36.5851,8.494],[36.5867,8.5004],[36.5857,8.5004],[36.5852,8.5009],[36.585,8.5038],[36.584,8.5047],[36.582,8.5066],[36.5814,8.5072],[36.5774,8.5106],[36.5757,8.5121],[36.5755,8.5137],[36.5748,8.516],[36.5738,8.5207],[36.5727,8.5227],[36.5712,8.5247],[36.5686,8.5278],[36.5671,8.5297],[36.5651,8.5328],[36.5647,8.5339],[36.5639,8.5364],[36.562,8.5386],[36.5601,8.5402],[36.5564,8.5426],[36.5571,8.5432],[36.5563,8.544],[36.5561,8.5451],[36.5544,8.546],[36.5544,8.547],[36.5537,8.5477],[36.5526,8.5485],[36.5519,8.5507],[36.5519,8.5528],[36.5521,8.5539],[36.5526,8.5549],[36.5543,8.5553],[36.5548,8.556],[36.5542,8.5572],[36.555,8.5584],[36.5554,8.5598],[36.555,8.561],[36.5545,8.5619],[36.5542,8.5629],[36.5538,8.563],[36.5536,8.5644],[36.5528,8.5662],[36.5515,8.5662],[36.5523,8.5694],[36.5529,8.571],[36.5534,8.5718],[36.5539,8.5727],[36.5548,8.5734],[36.5549,8.5741],[36.5564,8.5747],[36.5566,8.575],[36.5574,8.5749],[36.5594,8.5738],[36.5607,8.5729],[36.5642,8.5712],[36.5657,8.5704],[36.5666,8.5701],[36.5678,8.5703],[36.5696,8.5708],[36.5719,8.5718],[36.5744,8.5722],[36.5768,8.5729],[36.5783,8.5731],[36.5792,8.5738],[36.5804,8.5745],[36.5818,8.5748],[36.5829,8.5749],[36.5842,8.5753],[36.5859,8.5761],[36.5869,8.5762],[36.5884,8.5768],[36.5879,8.5775],[36.5888,8.5769],[36.5916,8.5753],[36.5928,8.5746],[36.5939,8.5742],[36.5956,8.5733],[36.5987,8.572],[36.601,8.5706],[36.6016,8.5698],[36.6023,8.5693],[36.605,8.5658],[36.6061,8.5638],[36.607,8.5625],[36.6079,8.5615],[36.6089,8.5606],[36.6094,8.5598],[36.6096,8.5589],[36.6098,8.5574],[36.6102,8.5567],[36.6108,8.5558],[36.6121,8.5548],[36.6131,8.5542],[36.614,8.5539],[36.6152,8.5534],[36.6155,8.5529],[36.6162,8.5509],[36.6155,8.5499],[36.6161,8.549],[36.6165,8.5478],[36.6174,8.5469],[36.6188,8.5461],[36.6202,8.5458],[36.622,8.5459],[36.6243,8.546],[36.6262,8.5458],[36.6271,8.5465],[36.6271,8.5458],[36.6272,8.5449],[36.6267,8.544],[36.6259,8.5431],[36.6251,8.5421],[36.6236,8.5408],[36.6229,8.5405],[36.6219,8.5399],[36.6205,8.5387],[36.6192,8.5378],[36.6149,8.5348],[36.6136,8.5338],[36.6129,8.5325],[36.6124,8.5311],[36.613,8.5304],[36.6137,8.5297],[36.6147,8.5291],[36.6156,8.5287],[36.6186,8.5289],[36.6192,8.5292],[36.6206,8.5293],[36.6234,8.5292],[36.6251,8.5291],[36.6268,8.5291],[36.6295,8.53],[36.6313,8.5305],[36.6338,8.5306],[36.6354,8.5303],[36.6373,8.5289],[36.639,8.5285],[36.6412,8.5273],[36.6438,8.5261],[36.6446,8.5254],[36.6461,8.5251],[36.6472,8.5243],[36.6477,8.5242],[36.6477,8.5225],[36.6464,8.5199],[36.6463,8.5182],[36.6461,8.5174],[36.6463,8.516],[36.6469,8.514],[36.6467,8.5128],[36.6446,8.5108],[36.6445,8.5087],[36.6466,8.5057],[36.6466,8.5025],[36.6481,8.5004],[36.6489,8.4978],[36.6468,8.4953],[36.6466,8.4938],[36.6454,8.4925],[36.6453,8.4918],[36.6432,8.4895],[36.6409,8.4869],[36.6397,8.4847],[36.6386,8.4824],[36.6381,8.4805],[36.6359,8.4783],[36.6349,8.4769],[36.6343,8.4754],[36.6331,8.4743],[36.6329,8.4737],[36.6304,8.471],[36.6275,8.4687],[36.6238,8.4655],[36.6226,8.465],[36.6218,8.4643],[36.6212,8.4634],[36.6194,8.4617],[36.6177,8.4605],[36.6151,8.4579],[36.6122,8.4553],[36.6112,8.4535],[36.6116,8.4517],[36.6117,8.4489],[36.6122,8.4476],[36.6123,8.4459],[36.6132,8.4441],[36.6137,8.4424],[36.6134,8.4414],[36.6128,8.4404],[36.6126,8.4394],[36.6126,8.4374],[36.6121,8.4355],[36.6122,8.4328],[36.6125,8.4308],[36.6129,8.43],[36.6132,8.4282],[36.6139,8.4269],[36.6145,8.4262],[36.6152,8.4251],[36.6159,8.4241],[36.6161,8.4235],[36.6177,8.422],[36.6179,8.4209],[36.6186,8.4203],[36.619,8.4198],[36.6205,8.4191],[36.6215,8.4185],[36.6231,8.4186],[36.6243,8.419],[36.6253,8.4195],[36.628,8.4188],[36.6287,8.4191],[36.6292,8.4197],[36.6301,8.4204],[36.6309,8.4204],[36.6318,8.4202],[36.6335,8.4196],[36.635,8.4186],[36.6364,8.4175],[36.6374,8.4177],[36.6378,8.4179],[36.638,8.4197],[36.6378,8.4211],[36.6383,8.4217],[36.6397,8.4223],[36.6414,8.4225],[36.6428,8.4221],[36.6441,8.422],[36.646,8.4226],[36.6475,8.4231],[36.6488,8.4232],[36.6509,8.4243],[36.6521,8.4253],[36.6524,8.4258],[36.6532,8.4266],[36.6538,8.4273],[36.6546,8.4272],[36.654,8.4257],[36.6525,8.4241],[36.6521,8.4232],[36.6521,8.4223],[36.6529,8.4206],[36.6529,8.4199],[36.6521,8.4184],[36.6507,8.4182],[36.6496,8.4178],[36.6489,8.4171],[36.6475,8.4169],[36.6468,8.4164],[36.6459,8.4155],[36.6439,8.4148],[36.6413,8.4128],[36.6384,8.4053],[36.6379,8.4047],[36.6365,8.4043],[36.6356,8.403],[36.6337,8.4023],[36.6327,8.4017],[36.6314,8.4022],[36.6295,8.4015],[36.6272,8.3995],[36.6273,8.3982],[36.625,8.3965],[36.6239,8.3959],[36.6228,8.394],[36.6228,8.3938],[36.621,8.3933],[36.6183,8.3932],[36.6158,8.393],[36.6134,8.3932],[36.6092,8.3927],[36.6049,8.3922],[36.6018,8.3924],[36.5977,8.3923],[36.5963,8.3918],[36.5947,8.3917],[36.5933,8.3922],[36.5884,8.3933],[36.5881,8.3931],[36.5848,8.3934],[36.5809,8.3932],[36.5774,8.3932],[36.575,8.3931],[36.5731,8.3929],[36.5723,8.3933],[36.5711,8.3916],[36.5687,8.3908],[36.5662,8.3895],[36.5652,8.3892],[36.5611,8.3874],[36.5599,8.3869],[36.5573,8.3858],[36.5542,8.3847],[36.553,8.3838],[36.5526,8.3835],[36.5519,8.3825],[36.5502,8.3809],[36.5484,8.3787],[36.5448,8.3743],[36.5433,8.3734],[36.541,8.3721],[36.5376,8.3667],[36.5376,8.3651],[36.5372,8.3641],[36.5365,8.3634],[36.5337,8.3627],[36.5337,8.3625],[36.5324,8.3627],[36.5299,8.3623],[36.5289,8.3622],[36.5279,8.3619],[36.5267,8.3618],[36.5261,8.3617],[36.5234,8.3606],[36.5227,8.3606],[36.5223,8.3604],[36.5214,8.3592],[36.5206,8.3571],[36.5191,8.3547],[36.5177,8.3519],[36.5167,8.3491],[36.516,8.3483],[36.5165,8.3449],[36.5163,8.3426],[36.5157,8.3419],[36.514,8.3409],[36.5123,8.3396],[36.5119,8.3388],[36.5123,8.3379],[36.5124,8.3373],[36.5126,8.3357],[36.5131,8.3344],[36.5131,8.3331],[36.5135,8.3317],[36.5137,8.3311],[36.5145,8.3293],[36.5156,8.3287],[36.5188,8.3257],[36.5197,8.3247],[36.523,8.3216],[36.5243,8.3214],[36.5258,8.3214],[36.5266,8.3212],[36.5283,8.3198],[36.5294,8.3196],[36.5298,8.3163],[36.5306,8.3143],[36.531,8.3137],[36.5306,8.3123],[36.5302,8.3115],[36.5303,8.3105],[36.5296,8.3079],[36.529,8.3073],[36.5271,8.3071],[36.5251,8.3075],[36.5237,8.3069],[36.5218,8.3056],[36.5191,8.3044],[36.5162,8.3025],[36.5146,8.3014],[36.5154,8.2963],[36.5159,8.2957],[36.5164,8.2941],[36.5166,8.2933],[36.5165,8.2925],[36.5166,8.2912],[36.5169,8.2899],[36.5178,8.2887],[36.5184,8.2885],[36.5196,8.2878],[36.5199,8.2873],[36.5199,8.2866],[36.5194,8.2859],[36.5189,8.2858],[36.5182,8.286],[36.5179,8.2856],[36.5169,8.2843],[36.5164,8.283],[36.5159,8.2805],[36.5153,8.2795],[36.514,8.277],[36.5137,8.276],[36.5135,8.2759],[36.5133,8.2752],[36.5125,8.2731],[36.5119,8.2723],[36.511,8.2714],[36.5106,8.2699],[36.511,8.2685],[36.5118,8.2668],[36.5122,8.265],[36.513,8.2626],[36.5128,8.2609],[36.5124,8.2579],[36.5131,8.2573],[36.5133,8.2565],[36.5133,8.2542],[36.5132,8.2525],[36.513,8.2506],[36.5128,8.249],[36.5123,8.2485],[36.5122,8.2475],[36.5129,8.2457],[36.5135,8.2449],[36.5141,8.2436],[36.5144,8.2427],[36.5144,8.242],[36.5141,8.2416],[36.513,8.2406],[36.5129,8.2399],[36.5134,8.239],[36.5135,8.2384],[36.5131,8.2376],[36.5128,8.2375],[36.5121,8.2362],[36.512,8.2346],[36.5122,8.234],[36.5131,8.2328],[36.5129,8.2301],[36.5129,8.2273],[36.513,8.2257],[36.513,8.2216],[36.5123,8.221],[36.5123,8.2192],[36.5121,8.2164],[36.5123,8.2147],[36.5125,8.2139],[36.5142,8.2123],[36.5146,8.2116],[36.5155,8.2091],[36.5158,8.2088],[36.5161,8.2081],[36.5146,8.2062],[36.5073,8.2079],[36.5009,8.2058],[36.5006,8.2064],[36.4994,8.2066],[36.4982,8.2071],[36.498,8.2084],[36.4979,8.2096],[36.498,8.2109],[36.4987,8.2113],[36.4985,8.2114],[36.4966,8.212],[36.4945,8.2127],[36.4924,8.2135],[36.4909,8.2146],[36.4884,8.2158],[36.4877,8.2164],[36.4867,8.2177],[36.4857,8.2179],[36.483,8.2176],[36.4818,8.2178],[36.481,8.2178],[36.4793,8.2169],[36.4789,8.2168],[36.4777,8.2176],[36.477,8.2178],[36.4759,8.2176],[36.4748,8.2171],[36.4728,8.216],[36.4713,8.216],[36.4703,8.2147],[36.4678,8.2169],[36.4674,8.2167],[36.4665,8.2155],[36.4653,8.2136],[36.4645,8.2126],[36.464,8.2125],[36.4633,8.2121],[36.4617,8.2119],[36.4602,8.2115],[36.4574,8.2098],[36.4569,8.2096],[36.4565,8.2092],[36.4534,8.2101],[36.455,8.2075],[36.4526,8.2058],[36.4512,8.2065],[36.4492,8.2063],[36.4484,8.2059],[36.4473,8.2055],[36.4458,8.2053],[36.445,8.2058],[36.4426,8.2066],[36.4397,8.2069],[36.4387,8.2076],[36.4357,8.21],[36.4343,8.2103],[36.4323,8.2097],[36.4302,8.2096],[36.4269,8.2091],[36.4267,8.2089],[36.4254,8.2082],[36.423,8.205],[36.4226,8.2041],[36.4195,8.2015],[36.4195,8.2024],[36.4182,8.2025],[36.4175,8.202],[36.417,8.2033],[36.4167,8.205],[36.4159,8.2065],[36.4149,8.2073],[36.4133,8.2078],[36.4118,8.207],[36.4107,8.2082],[36.4095,8.2087],[36.4076,8.2099],[36.4054,8.2101],[36.4048,8.2102],[36.4039,8.2139],[36.4031,8.2145],[36.4019,8.2137],[36.4014,8.2147],[36.4004,8.215],[36.3955,8.2179],[36.3926,8.2196],[36.3902,8.2228],[36.3905,8.2234],[36.3905,8.2244],[36.39,8.2254],[36.3897,8.2258],[36.3885,8.2265],[36.3865,8.2287],[36.385,8.2312],[36.3821,8.2335],[36.3813,8.2342],[36.3792,8.2362],[36.3787,8.237],[36.3764,8.2404],[36.376,8.2424],[36.3748,8.2459],[36.3747,8.2461],[36.3711,8.2469],[36.3643,8.2477],[36.362,8.2477],[36.3599,8.2469],[36.3571,8.2453],[36.354,8.2436],[36.3507,8.2405],[36.3493,8.2378],[36.3469,8.2375],[36.3451,8.2371],[36.3428,8.2371],[36.341,8.2397],[36.341,8.2398],[36.3403,8.2396],[36.3394,8.2394],[36.3364,8.2383],[36.3361,8.2375],[36.3363,8.2363],[36.3363,8.2332],[36.3376,8.2314],[36.3396,8.2277],[36.3407,8.2261],[36.3404,8.2243],[36.3405,8.2203],[36.341,8.2163],[36.3408,8.2133],[36.3392,8.2136],[36.3358,8.2137],[36.3344,8.213],[36.3326,8.214],[36.3333,8.2146],[36.3332,8.2158],[36.3328,8.2208],[36.3313,8.2216],[36.3307,8.2211],[36.3296,8.2194],[36.3284,8.2184],[36.3291,8.2167],[36.3302,8.2153],[36.3304,8.2126],[36.3298,8.2115],[36.3266,8.2123],[36.324,8.2131],[36.3243,8.2138],[36.324,8.2148],[36.3243,8.2186],[36.3247,8.2219],[36.3235,8.2216],[36.3219,8.221],[36.3209,8.2204],[36.3194,8.221],[36.3192,8.2214],[36.3192,8.2221],[36.3173,8.2208],[36.3163,8.2201],[36.3157,8.22],[36.3142,8.2205],[36.3126,8.223],[36.3108,8.2285],[36.3088,8.2353],[36.3076,8.2409],[36.3067,8.2432],[36.3027,8.2434],[36.3043,8.2469]]]}},{"type":"Feature","properties":{"id":"LW034","woreda":"Ada'a","zone":"East Shewa","region":"Oromia","area_km2":506.9,"lat":8.623,"lon":38.9936},"geometry":{"type":"MultiPolygon","coordinates":[[[[39.1845,8.8259],[39.1831,8.8257],[39.1816,8.8249],[39.1796,8.8231],[39.1782,8.8217],[39.1773,8.821],[39.1761,8.8203],[39.1749,8.8194],[39.1735,8.8184],[39.1728,8.8177],[39.1725,8.8171],[39.1719,8.8166],[39.1717,8.8161],[39.1697,8.8143],[39.1694,8.8129],[39.1688,8.8121],[39.1673,8.8101],[39.1669,8.8091],[39.1654,8.8069],[39.1641,8.8054],[39.1637,8.8045],[39.163,8.8037],[39.1628,8.8034],[39.1612,8.8017],[39.1611,8.8013],[39.1614,8.8006],[39.1664,8.7977],[39.1706,8.795],[39.1745,8.7921],[39.1776,8.7897],[39.1789,8.7887],[39.1781,8.7878],[39.1779,8.7869],[39.1775,8.7861],[39.177,8.7857],[39.1766,8.7851],[39.1761,8.7845],[39.1746,8.7846],[39.1725,8.7841],[39.172,8.7839],[39.1707,8.7832],[39.1694,8.7829],[39.1657,8.7816],[39.1641,8.781],[39.1623,8.7805],[39.1618,8.779],[39.1609,8.7774],[39.1605,8.7772],[39.16,8.7763],[39.1593,8.776],[39.1583,8.7756],[39.1567,8.7749],[39.1559,8.774],[39.1562,8.773],[39.1558,8.7722],[39.1553,8.772],[39.155,8.7711],[39.1541,8.7708],[39.1537,8.7703],[39.1538,8.769],[39.1559,8.7667],[39.1568,8.7655],[39.1577,8.7649],[39.1566,8.765],[39.1561,8.7644],[39.1569,8.7639],[39.1558,8.764],[39.1552,8.7633],[39.1539,8.7628],[39.1523,8.763],[39.1508,8.7618],[39.1498,8.7608],[39.1504,8.7603],[39.1529,8.7588],[39.1548,8.7574],[39.1565,8.7558],[39.1583,8.7536],[39.1591,8.753],[39.1592,8.7526],[39.1585,8.7508],[39.1581,8.7495],[39.1576,8.7496],[39.1572,8.7485],[39.1548,8.7487],[39.1532,8.7492],[39.1515,8.7499],[39.1458,8.7512],[39.1445,8.7521],[39.1438,8.7517],[39.1406,8.7524],[39.1386,8.7543],[39.138,8.7549],[39.1361,8.7557],[39.1353,8.756],[39.1335,8.756],[39.1325,8.7561],[39.1321,8.7559],[39.1325,8.7537],[39.1329,8.752],[39.133,8.7507],[39.1333,8.7496],[39.1332,8.7479],[39.1324,8.7478],[39.1324,8.7468],[39.1295,8.7465],[39.128,8.7466],[39.1238,8.7471],[39.1219,8.7471],[39.1193,8.7474],[39.1179,8.7455],[39.1162,8.7446],[39.1157,8.7443],[39.1157,8.7432],[39.1152,8.7421],[39.1148,8.7419],[39.1144,8.7411],[39.1131,8.7404],[39.1118,8.7404],[39.1106,8.7399],[39.1103,8.7397],[39.1097,8.7388],[39.109,8.7381],[39.1084,8.7373],[39.1069,8.7361],[39.106,8.7354],[39.1053,8.7355],[39.104,8.7362],[39.1038,8.736],[39.1034,8.7351],[39.1028,8.7347],[39.1025,8.734],[39.1019,8.7336],[39.1009,8.7339],[39.1005,8.7335],[39.1,8.7327],[39.099,8.732],[39.0979,8.7315],[39.0967,8.7315],[39.0957,8.7319],[39.0953,8.7314],[39.095,8.7306],[39.0949,8.7296],[39.0961,8.7295],[39.096,8.7286],[39.096,8.7277],[39.0971,8.7259],[39.0977,8.7242],[39.0982,8.7227],[39.0993,8.7194],[39.1004,8.7161],[39.0994,8.7155],[39.0995,8.715],[39.0966,8.7134],[39.096,8.7144],[39.0939,8.715],[39.0938,8.7137],[39.0931,8.7115],[39.0926,8.7091],[39.0922,8.7063],[39.0916,8.7047],[39.0916,8.7045],[39.091,8.7044],[39.0908,8.7035],[39.0857,8.702],[39.082,8.7007],[39.08,8.6999],[39.0797,8.6998],[39.079,8.7],[39.0782,8.6997],[39.0776,8.6999],[39.0768,8.7022],[39.0759,8.703],[39.0735,8.7034],[39.0722,8.7046],[39.0715,8.7055],[39.0712,8.7063],[39.0707,8.7064],[39.07,8.7071],[39.0696,8.7078],[39.0697,8.7085],[39.0703,8.7088],[39.0698,8.7097],[39.0687,8.7105],[39.0679,8.7118],[39.0674,8.7121],[39.0666,8.7114],[39.0661,8.7117],[39.0657,8.7124],[39.0657,8.7131],[39.066,8.7146],[39.0664,8.7168],[39.0662,8.7177],[39.0655,8.7182],[39.0647,8.7207],[39.0633,8.7201],[39.0623,8.7204],[39.0622,8.7209],[39.0622,8.7218],[39.0629,8.7231],[39.064,8.724],[39.0646,8.7248],[39.0654,8.7258],[39.0659,8.727],[39.067,8.7282],[39.0673,8.729],[39.0673,8.7306],[39.0668,8.7317],[39.0669,8.7333],[39.0662,8.7343],[39.0663,8.7356],[39.0658,8.737],[39.0655,8.7384],[39.0652,8.7398],[39.065,8.7401],[39.0635,8.7406],[39.0632,8.7421],[39.0635,8.7434],[39.064,8.7445],[39.0628,8.7455],[39.0611,8.7456],[39.0594,8.7462],[39.0573,8.7473],[39.0539,8.7476],[39.0536,8.7506],[39.0536,8.7508],[39.0533,8.7519],[39.0528,8.7527],[39.0525,8.7555],[39.0522,8.756],[39.0516,8.7562],[39.0515,8.7567],[39.0516,8.7574],[39.0519,8.7579],[39.0527,8.7586],[39.0535,8.7599],[39.0534,8.7606],[39.0529,8.761],[39.0521,8.7609],[39.0515,8.7605],[39.0511,8.7606],[39.0507,8.7609],[39.0505,8.7615],[39.0505,8.7619],[39.0507,8.7624],[39.0515,8.7632],[39.0518,8.7638],[39.0519,8.7664],[39.0517,8.7666],[39.0493,8.7667],[39.0494,8.7674],[39.0506,8.7679],[39.0516,8.7685],[39.0519,8.7691],[39.0523,8.7691],[39.0527,8.7696],[39.0551,8.7705],[39.0582,8.7726],[39.0601,8.7739],[39.0627,8.7763],[39.0647,8.7769],[39.0665,8.7769],[39.0681,8.7768],[39.0707,8.7751],[39.0723,8.7736],[39.0759,8.7736],[39.0784,8.7731],[39.0822,8.773],[39.082,8.7733],[39.0832,8.7728],[39.0867,8.7718],[39.089,8.7707],[39.0889,8.7711],[39.0892,8.7723],[39.0888,8.773],[39.0886,8.7738],[39.0882,8.7739],[39.0879,8.7744],[39.088,8.775],[39.0877,8.7753],[39.0877,8.7759],[39.0876,8.7764],[39.0876,8.7771],[39.0874,8.7778],[39.0877,8.7782],[39.0878,8.7791],[39.0883,8.7799],[39.0882,8.7806],[39.0883,8.7809],[39.0888,8.7812],[39.0894,8.7819],[39.0894,8.783],[39.0899,8.7843],[39.0907,8.7847],[39.0932,8.7854],[39.095,8.7866],[39.0964,8.7871],[39.0975,8.7882],[39.0981,8.7893],[39.0988,8.7897],[39.0988,8.7902],[39.1002,8.7939],[39.0994,8.7979],[39.0991,8.7983],[39.095,8.8019],[39.0946,8.803],[39.0948,8.8043],[39.0955,8.8061],[39.096,8.8067],[39.0962,8.8072],[39.0961,8.8095],[39.0958,8.8105],[39.0957,8.8122],[39.0957,8.8137],[39.0958,8.8144],[39.0954,8.8159],[39.0954,8.8163],[39.0947,8.8163],[39.0941,8.8167],[39.0938,8.8179],[39.0932,8.8183],[39.0922,8.8175],[39.0905,8.818],[39.0902,8.8175],[39.089,8.8174],[39.0881,8.8181],[39.0873,8.8201],[39.0867,8.819],[39.0851,8.8188],[39.0839,8.8189],[39.0829,8.8195],[39.0826,8.8203],[39.0819,8.8208],[39.0799,8.8196],[39.0779,8.8187],[39.0768,8.8187],[39.0758,8.8194],[39.0747,8.8209],[39.074,8.8214],[39.0579,8.8204],[39.0505,8.8204],[39.044,8.8226],[39.0419,8.8243],[39.0421,8.8245],[39.0432,8.8251],[39.0448,8.8256],[39.0453,8.8265],[39.0445,8.8277],[39.0437,8.829],[39.0424,8.8304],[39.0422,8.831],[39.0415,8.8314],[39.0398,8.8318],[39.0386,8.832],[39.038,8.8324],[39.0367,8.8338],[39.0358,8.8346],[39.0348,8.8361],[39.034,8.8361],[39.0309,8.8357],[39.0287,8.8351],[39.0263,8.8344],[39.0253,8.8344],[39.0243,8.8338],[39.0232,8.8338],[39.0221,8.8338],[39.0208,8.8344],[39.0198,8.8353],[39.0184,8.8358],[39.0166,8.8369],[39.0151,8.8375],[39.0152,8.8387],[39.0145,8.8391],[39.0142,8.8395],[39.0148,8.8406],[39.0148,8.8413],[39.0139,8.8417],[39.0127,8.8409],[39.0115,8.8405],[39.0112,8.8401],[39.0106,8.8395],[39.0084,8.8394],[39.0069,8.8394],[39.0049,8.8384],[39.003,8.838],[39.0021,8.8377],[39.0018,8.838],[39.0013,8.8393],[39.0003,8.8395],[38.9995,8.8405],[38.9999,8.8411],[38.9999,8.8417],[38.9992,8.8426],[38.999,8.8445],[38.9984,8.8461],[38.9977,8.8474],[38.9968,8.8496],[38.9954,8.8523],[38.9941,8.8557],[38.9936,8.8564],[38.9936,8.8571],[38.9934,8.8579],[38.9932,8.8589],[38.9931,8.8599],[38.9945,8.8614],[38.9948,8.862],[38.9957,8.8628],[38.996,8.8635],[38.996,8.8644],[38.9955,8.8659],[38.9953,8.8669],[38.9953,8.8679],[38.9958,8.8695],[38.9963,8.8703],[38.9965,8.8712],[38.996,8.8733],[38.9953,8.8746],[38.9943,8.8755],[38.9934,8.8767],[38.9925,8.8775],[38.9914,8.8791],[38.9905,8.8799],[38.9894,8.8804],[38.9882,8.8808],[38.9865,8.8809],[38.9854,8.8817],[38.9843,8.8817],[38.9831,8.8822],[38.9813,8.8832],[38.9808,8.8839],[38.9798,8.8852],[38.9796,8.8856],[38.9786,8.8861],[38.9787,8.8893],[38.9788,8.8907],[38.9782,8.8936],[38.9778,8.8961],[38.9795,8.896],[38.9807,8.8978],[38.9829,8.899],[38.9849,8.9001],[38.986,8.901],[38.9875,8.9017],[38.9906,8.9045],[38.9919,8.9055],[38.9943,8.9065],[38.9981,8.9079],[39.0008,8.909],[39.0034,8.9089],[39.0045,8.9099],[39.0055,8.911],[39.0059,8.9117],[39.007,8.9127],[39.008,8.9133],[39.0105,8.9125],[39.0119,8.9123],[39.0124,8.9115],[39.0132,8.9102],[39.0146,8.9104],[39.0161,8.9116],[39.0162,8.9123],[39.0164,8.9141],[39.0165,8.9157],[39.0161,8.9179],[39.0154,8.9197],[39.0149,8.9217],[39.0163,8.9228],[39.0172,8.9227],[39.0181,8.9212],[39.0176,8.9203],[39.0178,8.919],[39.0191,8.9173],[39.019,8.9153],[39.0199,8.9134],[39.0201,8.9109],[39.0208,8.909],[39.0218,8.9089],[39.0224,8.9092],[39.0236,8.9109],[39.0239,8.9114],[39.0244,8.9127],[39.0244,8.9141],[39.0238,8.9157],[39.0238,8.9175],[39.0223,8.9186],[39.0214,8.9206],[39.0214,8.921],[39.022,8.9216],[39.0226,8.9216],[39.0236,8.9208],[39.0239,8.92],[39.0244,8.9197],[39.0249,8.9202],[39.026,8.9218],[39.0262,8.9233],[39.0258,8.9242],[39.0256,8.9251],[39.0248,8.9267],[39.0246,8.9273],[39.0262,8.929],[39.0276,8.9295],[39.0289,8.93],[39.03,8.9316],[39.0313,8.9331],[39.0321,8.9342],[39.0344,8.9349],[39.0352,8.9324],[39.0352,8.9313],[39.034,8.9305],[39.0336,8.9295],[39.0341,8.9286],[39.036,8.9298],[39.0367,8.928],[39.0367,8.9267],[39.0375,8.9274],[39.0381,8.9273],[39.0389,8.9281],[39.0394,8.9297],[39.0388,8.9314],[39.0377,8.9332],[39.0374,8.9342],[39.0362,8.9362],[39.036,8.9368],[39.0366,8.9388],[39.038,8.94],[39.0396,8.9415],[39.0416,8.9405],[39.0424,8.9399],[39.0434,8.9397],[39.0452,8.94],[39.0465,8.9403],[39.0481,8.9415],[39.0474,8.9421],[39.0454,8.9437],[39.0432,8.9462],[39.0432,8.947],[39.0441,8.9478],[39.0449,8.9483],[39.0459,8.9484],[39.0475,8.9478],[39.0491,8.9471],[39.0513,8.9469],[39.0525,8.9474],[39.0539,8.948],[39.0553,8.9466],[39.056,8.9449],[39.0566,8.9428],[39.057,8.9404],[39.0572,8.9385],[39.0573,8.9371],[39.0571,8.9365],[39.0578,8.9353],[39.0584,8.934],[39.0596,8.9318],[39.0602,8.931],[39.0613,8.9299],[39.0618,8.9291],[39.0634,8.9274],[39.0637,8.9259],[39.0638,8.9246],[39.0637,8.9236],[39.0636,8.9236],[39.0636,8.9229],[39.0627,8.9225],[39.0627,8.9218],[39.0622,8.9221],[39.0614,8.9196],[39.0605,8.9195],[39.0594,8.9189],[39.0586,8.9199],[39.0561,8.9235],[39.0554,8.9246],[39.0551,8.9251],[39.0545,8.9282],[39.0523,8.9263],[39.0514,8.9254],[39.0503,8.9245],[39.0495,8.9231],[39.0472,8.9219],[39.0462,8.9211],[39.0462,8.9199],[39.0458,8.9191],[39.0444,8.9182],[39.0435,8.9172],[39.0419,8.9152],[39.0426,8.9147],[39.0435,8.9137],[39.0432,8.9124],[39.0437,8.9118],[39.0437,8.9104],[39.044,8.9097],[39.0449,8.9068],[39.0446,8.9058],[39.0452,8.9049],[39.0452,8.9036],[39.0456,8.9031],[39.0467,8.9047],[39.0482,8.9054],[39.049,8.9057],[39.05,8.9065],[39.0513,8.9084],[39.0528,8.91],[39.0534,8.9106],[39.0538,8.9114],[39.0549,8.9125],[39.0558,8.9142],[39.0569,8.9147],[39.0573,8.9134],[39.0585,8.9116],[39.0592,8.9107],[39.0601,8.9104],[39.0608,8.9096],[39.0612,8.9113],[39.0619,8.9124],[39.0632,8.9132],[39.0643,8.9143],[39.0651,8.9155],[39.0659,8.917],[39.0667,8.9177],[39.0681,8.9189],[39.0687,8.9202],[39.0687,8.9205],[39.0675,8.9215],[39.0671,8.9225],[39.0675,8.9235],[39.0683,8.9238],[39.0697,8.9239],[39.0703,8.9241],[39.0698,8.9248],[39.0697,8.9253],[39.0691,8.9259],[39.0683,8.9268],[39.0686,8.928],[39.0692,8.9289],[39.0702,8.9299],[39.0707,8.9299],[39.0718,8.9291],[39.0727,8.9286],[39.0751,8.928],[39.0761,8.9287],[39.0777,8.9304],[39.0793,8.9313],[39.0805,8.9311],[39.0818,8.9311],[39.0839,8.9327],[39.0848,8.9336],[39.0861,8.9337],[39.0871,8.9349],[39.0881,8.9351],[39.0889,8.9342],[39.09,8.9329],[39.0908,8.9326],[39.0951,8.9346],[39.0969,8.935],[39.098,8.9354],[39.0997,8.9362],[39.1006,8.9368],[39.1028,8.938],[39.1038,8.939],[39.1049,8.9398],[39.1061,8.9406],[39.1088,8.9423],[39.11,8.9429],[39.1113,8.9433],[39.1123,8.9435],[39.1151,8.9432],[39.1159,8.943],[39.1166,8.9426],[39.1159,8.9396],[39.1152,8.9383],[39.1147,8.9372],[39.1143,8.9359],[39.1142,8.9347],[39.1126,8.9316],[39.114,8.9301],[39.1165,8.9282],[39.1178,8.927],[39.1192,8.9261],[39.1207,8.9253],[39.1218,8.9245],[39.1231,8.9235],[39.1239,8.923],[39.1251,8.9221],[39.1258,8.9217],[39.1265,8.9211],[39.1269,8.9201],[39.1268,8.9191],[39.1272,8.9186],[39.129,8.9161],[39.1292,8.9157],[39.1296,8.9153],[39.1278,8.9139],[39.1269,8.9135],[39.1259,8.9132],[39.1256,8.913],[39.1248,8.9135],[39.1237,8.9181],[39.1211,8.9173],[39.1181,8.9162],[39.1181,8.9142],[39.1188,8.9134],[39.1184,8.9123],[39.1186,8.9109],[39.1184,8.9091],[39.118,8.9082],[39.1163,8.9071],[39.1161,8.9069],[39.1162,8.9043],[39.1163,8.9021],[39.1155,8.9008],[39.1154,8.8989],[39.1147,8.8978],[39.1144,8.8963],[39.1143,8.893],[39.1143,8.892],[39.1145,8.8907],[39.1164,8.8906],[39.1174,8.8896],[39.1184,8.8865],[39.1188,8.8862],[39.1196,8.8864],[39.1205,8.8876],[39.1223,8.8896],[39.1234,8.8908],[39.1248,8.8911],[39.1261,8.8911],[39.1269,8.8927],[39.1276,8.8949],[39.1299,8.8941],[39.1304,8.8943],[39.1315,8.8955],[39.1326,8.8971],[39.1341,8.8986],[39.1349,8.8991],[39.1357,8.9011],[39.1359,8.9016],[39.1375,8.9019],[39.139,8.9015],[39.1397,8.9016],[39.1412,8.9021],[39.1427,8.906],[39.1435,8.9077],[39.1445,8.9078],[39.1473,8.9072],[39.1488,8.9065],[39.1503,8.9051],[39.1509,8.906],[39.1524,8.9069],[39.1529,8.9081],[39.1534,8.9088],[39.1527,8.9102],[39.152,8.9109],[39.1508,8.9126],[39.1477,8.9166],[39.1471,8.9174],[39.1469,8.9183],[39.1468,8.92],[39.1468,8.9208],[39.1475,8.9213],[39.1487,8.9218],[39.1486,8.9232],[39.1508,8.9225],[39.1513,8.922],[39.1525,8.9203],[39.1544,8.9196],[39.155,8.9189],[39.157,8.918],[39.1579,8.9183],[39.1593,8.9178],[39.1608,8.9189],[39.1635,8.9196],[39.1688,8.9198],[39.1717,8.9199],[39.1719,8.919],[39.1722,8.9181],[39.1718,8.9176],[39.1723,8.9148],[39.1723,8.914],[39.1725,8.9133],[39.1728,8.912],[39.1735,8.9112],[39.173,8.9099],[39.1731,8.9087],[39.1733,8.9069],[39.1735,8.906],[39.1737,8.9043],[39.1736,8.9034],[39.1735,8.9025],[39.1731,8.9014],[39.1721,8.899],[39.1732,8.8974],[39.1739,8.8968],[39.1754,8.8965],[39.1762,8.8958],[39.1763,8.8944],[39.1771,8.8935],[39.1778,8.8928],[39.1783,8.8911],[39.179,8.8899],[39.1789,8.889],[39.177,8.8876],[39.176,8.8867],[39.1758,8.8858],[39.1774,8.8841],[39.1768,8.8818],[39.1765,8.8815],[39.1752,8.882],[39.1747,8.8825],[39.1737,8.8829],[39.1737,8.8819],[39.1745,8.8811],[39.1745,8.88],[39.1736,8.8795],[39.1722,8.878],[39.1731,8.8771],[39.1727,8.8761],[39.1722,8.8755],[39.1694,8.8744],[39.1702,8.8735],[39.1701,8.8719],[39.1692,8.8705],[39.1686,8.8689],[39.1681,8.868],[39.1672,8.8665],[39.1666,8.8661],[39.1657,8.8654],[39.1655,8.865],[39.1642,8.8638],[39.1625,8.8614],[39.1615,8.8603],[39.1611,8.8595],[39.1608,8.8588],[39.1604,8.8582],[39.1597,8.8569],[39.159,8.8556],[39.158,8.8548],[39.1564,8.8538],[39.1557,8.853],[39.155,8.8516],[39.1544,8.8502],[39.1535,8.8484],[39.1532,8.8476],[39.1528,8.8459],[39.1522,8.844],[39.1522,8.842],[39.1525,8.8417],[39.1526,8.8411],[39.1532,8.8408],[39.1544,8.8403],[39.1555,8.8402],[39.1584,8.8404],[39.1602,8.8409],[39.1623,8.8414],[39.1638,8.8423],[39.1663,8.843],[39.1685,8.8433],[39.1713,8.8443],[39.1735,8.845],[39.1752,8.8453],[39.1763,8.8454],[39.1772,8.845],[39.1769,8.8433],[39.177,8.8422],[39.1775,8.841],[39.1784,8.8402],[39.1796,8.8397],[39.1811,8.8387],[39.1823,8.8379],[39.1854,8.836],[39.1861,8.8354],[39.1877,8.8339],[39.1881,8.8327],[39.1869,8.8299],[39.1866,8.8287],[39.1859,8.8265],[39.1855,8.8259],[39.185,8.8255],[39.1845,8.8259]]],[[[39.0562,8.6027],[39.0528,8.6005],[39.0473,8.5979],[39.0434,8.5988],[39.0389,8.5993],[39.0291,8.6028],[39.0233,8.6072],[39.0197,8.6105],[39.0184,8.6072],[39.0175,8.6056],[39.0173,8.6038],[39.018,8.6014],[39.0204,8.599],[39.0204,8.5964],[39.0209,8.5939],[39.021,8.5915],[39.0203,8.5887],[39.0158,8.5836],[39.0148,8.5811],[39.0146,8.5805],[39.0162,8.5779],[39.017,8.5764],[39.0169,8.5735],[39.0162,8.5689],[39.0161,8.5683],[39.017,8.5654],[39.0186,8.5648],[39.0184,8.563],[39.0176,8.5605],[39.0157,8.558],[39.0145,8.561],[39.0133,8.5611],[39.0101,8.5631],[39.0081,8.5636],[39.0044,8.5642],[39.0011,8.5662],[38.9981,8.5689],[38.9963,8.5669],[38.9939,8.5644],[38.9912,8.5647],[38.9895,8.5646],[38.9859,8.566],[38.9856,8.5653],[38.9886,8.5623],[38.9885,8.5616],[38.98,8.5616],[38.9798,8.5626],[38.9784,8.563],[38.9751,8.5633],[38.9735,8.5636],[38.9716,8.5663],[38.9707,8.569],[38.9697,8.5712],[38.9738,8.5703],[38.9739,8.5715],[38.9733,8.5778],[38.9698,8.5776],[38.9688,8.5784],[38.9663,8.5789],[38.9601,8.5797],[38.9587,8.5819],[38.9579,8.5847],[38.9516,8.5852],[38.9457,8.5904],[38.9377,8.5874],[38.9258,8.5832],[38.9256,8.5847],[38.925,8.588],[38.9245,8.59],[38.9232,8.5954],[38.9229,8.5991],[38.9245,8.6057],[38.9251,8.6086],[38.9258,8.6116],[38.9258,8.6141],[38.9265,8.6168],[38.9266,8.6188],[38.9258,8.6207],[38.925,8.6195],[38.9231,8.6208],[38.9223,8.6222],[38.923,8.6253],[38.9224,8.6274],[38.9224,8.6297],[38.9231,8.6322],[38.9223,8.633],[38.9222,8.6338],[38.9229,8.6344],[38.9226,8.6351],[38.9233,8.6351],[38.9229,8.6358],[38.9229,8.6366],[38.9228,8.6368],[38.9224,8.6364],[38.9203,8.6365],[38.9166,8.6376],[38.9155,8.6377],[38.9144,8.6363],[38.9136,8.6344],[38.9132,8.6309],[38.9119,8.6304],[38.9115,8.6303],[38.911,8.6298],[38.9102,8.6298],[38.9092,8.629],[38.9085,8.6294],[38.9082,8.6289],[38.9076,8.6294],[38.906,8.6315],[38.9045,8.6315],[38.9039,8.6283],[38.9031,8.6233],[38.9022,8.6213],[38.9008,8.6208],[38.8993,8.6218],[38.8981,8.6214],[38.8958,8.6222],[38.8944,8.6214],[38.8919,8.6214],[38.8915,8.6187],[38.8907,8.6175],[38.89,8.6171],[38.8886,8.6165],[38.8882,8.6173],[38.8863,8.6176],[38.8834,8.6185],[38.8834,8.6202],[38.8844,8.6204],[38.8847,8.6194],[38.8862,8.6212],[38.889,8.6204],[38.889,8.6212],[38.8897,8.6225],[38.893,8.6226],[38.895,8.6228],[38.8957,8.6234],[38.8952,8.624],[38.8949,8.6243],[38.8933,8.6251],[38.891,8.6261],[38.8862,8.6268],[38.8828,8.6266],[38.8821,8.6272],[38.88,8.628],[38.8795,8.6278],[38.8793,8.627],[38.8793,8.6259],[38.8788,8.6256],[38.8777,8.6266],[38.8761,8.6286],[38.8755,8.6286],[38.8748,8.6259],[38.8739,8.6239],[38.8727,8.6238],[38.8727,8.6242],[38.8732,8.6255],[38.8736,8.6276],[38.8727,8.6284],[38.8701,8.6303],[38.8666,8.6336],[38.8636,8.6356],[38.8618,8.6361],[38.8589,8.6361],[38.8579,8.6366],[38.858,8.637],[38.8587,8.6381],[38.8586,8.6383],[38.8577,8.6385],[38.8565,8.6392],[38.8544,8.6389],[38.854,8.6395],[38.8521,8.6399],[38.8506,8.6401],[38.8506,8.6397],[38.8493,8.6373],[38.8484,8.6351],[38.8475,8.6332],[38.8463,8.6314],[38.8445,8.631],[38.8419,8.6297],[38.8414,8.6293],[38.84,8.6289],[38.8395,8.6291],[38.8384,8.6308],[38.8378,8.6316],[38.837,8.6322],[38.8349,8.6335],[38.8331,8.6349],[38.8315,8.6359],[38.8291,8.6367],[38.8281,8.6376],[38.827,8.6394],[38.8259,8.6398],[38.8249,8.6409],[38.8238,8.6411],[38.8223,8.6404],[38.8215,8.6394],[38.82,8.6374],[38.8194,8.6369],[38.8173,8.6364],[38.8157,8.6352],[38.8147,8.6348],[38.8134,8.6336],[38.8106,8.6331],[38.8085,8.6335],[38.8088,8.6341],[38.8087,8.6353],[38.8089,8.6361],[38.8091,8.6372],[38.8081,8.638],[38.8077,8.6386],[38.8077,8.6396],[38.8082,8.6405],[38.8079,8.6409],[38.8071,8.6415],[38.8066,8.6426],[38.8059,8.6436],[38.8057,8.6444],[38.8059,8.6448],[38.8058,8.6454],[38.8073,8.6461],[38.8076,8.6466],[38.8078,8.6483],[38.8091,8.6492],[38.8101,8.6501],[38.8109,8.6507],[38.8121,8.6519],[38.8131,8.6527],[38.8136,8.6536],[38.8144,8.654],[38.8148,8.655],[38.816,8.6558],[38.8167,8.6568],[38.8171,8.6571],[38.8182,8.6568],[38.8188,8.6575],[38.82,8.658],[38.8202,8.6582],[38.8215,8.6586],[38.8228,8.6581],[38.8235,8.6584],[38.8243,8.6602],[38.8244,8.6611],[38.8249,8.6619],[38.8248,8.6635],[38.825,8.6641],[38.8253,8.6646],[38.8252,8.6656],[38.8256,8.6673],[38.8251,8.6679],[38.8249,8.669],[38.8252,8.6693],[38.8261,8.6693],[38.8266,8.6702],[38.8278,8.6724],[38.8281,8.6745],[38.8285,8.6762],[38.8298,8.6768],[38.8294,8.677],[38.8287,8.6782],[38.8284,8.6788],[38.8289,8.6797],[38.829,8.6812],[38.832,8.6813],[38.8338,8.6811],[38.8349,8.6811],[38.8351,8.6809],[38.8399,8.6799],[38.8442,8.6791],[38.8448,8.6784],[38.8453,8.6751],[38.8458,8.6748],[38.8503,8.6758],[38.853,8.6758],[38.8559,8.6762],[38.8604,8.6768],[38.8631,8.677],[38.8644,8.677],[38.8658,8.6773],[38.8661,8.6767],[38.8661,8.673],[38.867,8.6729],[38.8712,8.6749],[38.873,8.6759],[38.8756,8.6767],[38.8763,8.6751],[38.8788,8.6761],[38.8815,8.6771],[38.8834,8.6778],[38.8842,8.6761],[38.8903,8.6725],[38.8915,8.6729],[38.8929,8.6741],[38.8983,8.6764],[38.9026,8.6789],[38.9048,8.6774],[38.9081,8.6747],[38.9115,8.6724],[38.9149,8.6708],[38.916,8.6724],[38.9173,8.6733],[38.9178,8.6737],[38.9177,8.6749],[38.9175,8.6755],[38.9178,8.6759],[38.9188,8.6765],[38.9189,8.677],[38.9188,8.6774],[38.9184,8.6782],[38.9181,8.6791],[38.9174,8.6802],[38.9176,8.681],[38.9167,8.6819],[38.9164,8.683],[38.9168,8.6846],[38.918,8.6855],[38.9191,8.6865],[38.9207,8.6881],[38.9219,8.6883],[38.9241,8.6882],[38.9245,8.6874],[38.9258,8.6843],[38.9259,8.6843],[38.9261,8.6832],[38.9264,8.6806],[38.928,8.678],[38.9325,8.675],[38.9347,8.6729],[38.937,8.6705],[38.9398,8.6696],[38.9412,8.6693],[38.9432,8.6689],[38.9439,8.6671],[38.9458,8.6667],[38.9487,8.6675],[38.9508,8.6687],[38.9526,8.6698],[38.9534,8.6711],[38.9543,8.6723],[38.9556,8.6748],[38.9564,8.6772],[38.9569,8.6782],[38.9572,8.6786],[38.9585,8.679],[38.9604,8.6798],[38.9615,8.6816],[38.9624,8.682],[38.9625,8.683],[38.9621,8.6835],[38.9617,8.6842],[38.9619,8.6844],[38.9629,8.6844],[38.9634,8.6846],[38.9637,8.6849],[38.9642,8.6851],[38.9651,8.6849],[38.9663,8.6846],[38.9675,8.6845],[38.9682,8.6842],[38.9697,8.684],[38.9708,8.684],[38.9724,8.6849],[38.9724,8.6845],[38.9727,8.683],[38.9728,8.6818],[38.9742,8.6809],[38.9753,8.6804],[38.9763,8.68],[38.9788,8.6795],[38.9787,8.6793],[38.9789,8.6788],[38.9797,8.679],[38.98,8.6788],[38.9822,8.6772],[38.9831,8.6768],[38.9843,8.6765],[38.984,8.6759],[38.984,8.675],[38.9843,8.6751],[38.9869,8.6746],[38.9887,8.6742],[38.9903,8.6737],[38.9948,8.6735],[38.9973,8.6733],[38.9977,8.6732],[38.9983,8.6743],[38.9987,8.6752],[38.9993,8.6768],[38.9996,8.6774],[39.0026,8.6765],[39.0032,8.6766],[39.0038,8.6764],[39.004,8.676],[39.0047,8.6753],[39.0055,8.6748],[39.0059,8.6747],[39.0061,8.6742],[39.0066,8.674],[39.0074,8.6744],[39.0077,8.6743],[39.0092,8.6753],[39.0111,8.6762],[39.0112,8.6767],[39.0119,8.6766],[39.0145,8.6778],[39.0168,8.678],[39.0179,8.6788],[39.0199,8.6793],[39.0208,8.6805],[39.0219,8.6805],[39.0242,8.6766],[39.025,8.6732],[39.0254,8.6713],[39.0242,8.6713],[39.025,8.6704],[39.0272,8.6676],[39.028,8.6666],[39.0281,8.6654],[39.0292,8.6642],[39.0299,8.6637],[39.0295,8.6628],[39.0279,8.6601],[39.0268,8.6584],[39.026,8.6575],[39.0261,8.6571],[39.0276,8.6568],[39.0287,8.6564],[39.0286,8.6542],[39.0279,8.6519],[39.0279,8.6506],[39.0279,8.6495],[39.028,8.6495],[39.0374,8.6476],[39.0385,8.6445],[39.0479,8.6486],[39.0541,8.6491],[39.0544,8.6481],[39.0563,8.6461],[39.0577,8.6461],[39.0581,8.6457],[39.0589,8.6428],[39.0599,8.641],[39.06,8.6398],[39.0606,8.6378],[39.0608,8.6368],[39.0612,8.6362],[39.0623,8.6369],[39.0638,8.6374],[39.0645,8.6382],[39.0665,8.6388],[39.0682,8.6395],[39.0689,8.6398],[39.0693,8.6405],[39.0695,8.6404],[39.07,8.6407],[39.0716,8.6393],[39.072,8.6385],[39.0723,8.638],[39.0723,8.6375],[39.0686,8.6375],[39.0675,8.6374],[39.0642,8.6345],[39.062,8.6329],[39.0624,8.6314],[39.0634,8.6267],[39.0644,8.6241],[39.0653,8.6211],[39.0664,8.6188],[39.0655,8.6178],[39.0656,8.6177],[39.0646,8.6166],[39.0626,8.6145],[39.0616,8.6126],[39.0614,8.6109],[39.0618,8.608],[39.0615,8.6075],[39.0609,8.608],[39.0607,8.6084],[39.0609,8.6069],[39.0607,8.6064],[39.0601,8.6069],[39.0593,8.6086],[39.059,8.6077],[39.0583,8.6069],[39.0589,8.6058],[39.0601,8.605],[39.0562,8.6027]]]]}},{"type":"Feature","properties":{"id":"LW035","woreda":"Gimbichu","zone":"East Shewa","region":"Oromia","area_km2":665.1,"lat":8.9766,"lon":39.1459},"geometry":{"type":"Polygon","coordinates":[[[39.2437,8.8338],[39.2422,8.8328],[39.2421,8.833],[39.2421,8.8354],[39.2424,8.8371],[39.243,8.839],[39.2435,8.8402],[39.2444,8.8405],[39.2435,8.8422],[39.2416,8.8424],[39.2397,8.8424],[39.2388,8.8425],[39.2374,8.8428],[39.2361,8.8421],[39.2353,8.8413],[39.2349,8.8408],[39.2327,8.8381],[39.2318,8.8372],[39.2314,8.837],[39.2304,8.8367],[39.23,8.8364],[39.2286,8.8346],[39.2277,8.834],[39.2251,8.8336],[39.2228,8.8331],[39.221,8.8322],[39.2193,8.8308],[39.2165,8.8301],[39.2143,8.8294],[39.2126,8.8281],[39.2105,8.8258],[39.208,8.8243],[39.2065,8.8237],[39.2054,8.823],[39.2045,8.8221],[39.2033,8.8201],[39.2023,8.8188],[39.202,8.8184],[39.2015,8.8177],[39.1991,8.8155],[39.1979,8.8139],[39.1966,8.8126],[39.1964,8.8111],[39.1969,8.8088],[39.1968,8.8076],[39.1963,8.806],[39.1956,8.8054],[39.1955,8.8049],[39.1944,8.8041],[39.1928,8.804],[39.192,8.8042],[39.1914,8.805],[39.19,8.8065],[39.1888,8.808],[39.188,8.8098],[39.1873,8.8124],[39.1871,8.8155],[39.1871,8.8169],[39.1869,8.82],[39.1866,8.8219],[39.1847,8.8248],[39.185,8.8255],[39.1855,8.8259],[39.1859,8.8265],[39.1866,8.8287],[39.1869,8.8299],[39.1881,8.8327],[39.1877,8.8339],[39.1861,8.8354],[39.1854,8.836],[39.1823,8.8379],[39.1811,8.8387],[39.1796,8.8397],[39.1784,8.8402],[39.1775,8.841],[39.177,8.8422],[39.1769,8.8433],[39.1772,8.845],[39.1763,8.8454],[39.1752,8.8453],[39.1735,8.845],[39.1713,8.8443],[39.1685,8.8433],[39.1663,8.843],[39.1638,8.8423],[39.1623,8.8414],[39.1602,8.8409],[39.1584,8.8404],[39.1555,8.8402],[39.1544,8.8403],[39.1532,8.8408],[39.1526,8.8411],[39.1525,8.8417],[39.1522,8.842],[39.1522,8.844],[39.1528,8.8459],[39.1532,8.8476],[39.1535,8.8484],[39.1544,8.8502],[39.155,8.8516],[39.1557,8.853],[39.1564,8.8538],[39.158,8.8548],[39.159,8.8556],[39.1597,8.8569],[39.1604,8.8582],[39.1608,8.8588],[39.1611,8.8595],[39.1615,8.8603],[39.1625,8.8614],[39.1642,8.8638],[39.1655,8.865],[39.1657,8.8654],[39.1666,8.8661],[39.1672,8.8665],[39.1681,8.868],[39.1686,8.8689],[39.1692,8.8705],[39.1701,8.8719],[39.1702,8.8735],[39.1694,8.8744],[39.1722,8.8755],[39.1727,8.8761],[39.1731,8.8771],[39.1722,8.878],[39.1736,8.8795],[39.1745,8.88],[39.1745,8.8811],[39.1737,8.8819],[39.1737,8.8829],[39.1747,8.8825],[39.1752,8.882],[39.1765,8.8815],[39.1768,8.8818],[39.1774,8.8841],[39.1758,8.8858],[39.176,8.8867],[39.177,8.8876],[39.1789,8.889],[39.179,8.8899],[39.1783,8.8911],[39.1778,8.8928],[39.1771,8.8935],[39.1763,8.8944],[39.1762,8.8958],[39.1754,8.8965],[39.1739,8.8968],[39.1732,8.8974],[39.1721,8.899],[39.1731,8.9014],[39.1735,8.9025],[39.1736,8.9034],[39.1737,8.9043],[39.1735,8.906],[39.1733,8.9069],[39.1731,8.9087],[39.173,8.9099],[39.1735,8.9112],[39.1728,8.912],[39.1725,8.9133],[39.1723,8.914],[39.1723,8.9148],[39.1718,8.9176],[39.1722,8.9181],[39.1719,8.919],[39.1717,8.9199],[39.1688,8.9198],[39.1635,8.9196],[39.1608,8.9189],[39.1593,8.9178],[39.1579,8.9183],[39.157,8.918],[39.155,8.9189],[39.1544,8.9196],[39.1525,8.9203],[39.1513,8.922],[39.1508,8.9225],[39.1486,8.9232],[39.1487,8.9218],[39.1475,8.9213],[39.1468,8.9208],[39.1468,8.92],[39.1469,8.9183],[39.1471,8.9174],[39.1477,8.9166],[39.1508,8.9126],[39.152,8.9109],[39.1527,8.9102],[39.1534,8.9088],[39.1529,8.9081],[39.1524,8.9069],[39.1509,8.906],[39.1503,8.9051],[39.1488,8.9065],[39.1473,8.9072],[39.1445,8.9078],[39.1435,8.9077],[39.1427,8.906],[39.1412,8.9021],[39.1397,8.9016],[39.139,8.9015],[39.1375,8.9019],[39.1359,8.9016],[39.1357,8.9011],[39.1349,8.8991],[39.1341,8.8986],[39.1326,8.8971],[39.1315,8.8955],[39.1304,8.8943],[39.1299,8.8941],[39.1276,8.8949],[39.1269,8.8927],[39.1261,8.8911],[39.1248,8.8911],[39.1234,8.8908],[39.1223,8.8896],[39.1205,8.8876],[39.1196,8.8864],[39.1188,8.8862],[39.1184,8.8865],[39.1174,8.8896],[39.1164,8.8906],[39.1145,8.8907],[39.1143,8.892],[39.1143,8.893],[39.1144,8.8963],[39.1147,8.8978],[39.1154,8.8989],[39.1155,8.9008],[39.1163,8.9021],[39.1162,8.9043],[39.1161,8.9069],[39.1163,8.9071],[39.118,8.9082],[39.1184,8.9091],[39.1186,8.9109],[39.1184,8.9123],[39.1188,8.9134],[39.1181,8.9142],[39.1181,8.9162],[39.1211,8.9173],[39.1237,8.9181],[39.1248,8.9135],[39.1256,8.913],[39.1259,8.9132],[39.1269,8.9135],[39.1278,8.9139],[39.1296,8.9153],[39.1292,8.9157],[39.129,8.9161],[39.1272,8.9186],[39.1268,8.9191],[39.1269,8.9201],[39.1265,8.9211],[39.1258,8.9217],[39.1251,8.9221],[39.1239,8.923],[39.1231,8.9235],[39.1218,8.9245],[39.1207,8.9253],[39.1192,8.9261],[39.1178,8.927],[39.1165,8.9282],[39.114,8.9301],[39.1126,8.9316],[39.1142,8.9347],[39.1143,8.9359],[39.1147,8.9372],[39.1152,8.9383],[39.1159,8.9396],[39.1166,8.9426],[39.1159,8.943],[39.1151,8.9432],[39.1123,8.9435],[39.1113,8.9433],[39.11,8.9429],[39.1088,8.9423],[39.1061,8.9406],[39.1049,8.9398],[39.1038,8.939],[39.1028,8.938],[39.1006,8.9368],[39.0997,8.9362],[39.098,8.9354],[39.0969,8.935],[39.0951,8.9346],[39.0908,8.9326],[39.09,8.9329],[39.0889,8.9342],[39.0881,8.9351],[39.0871,8.9349],[39.0861,8.9337],[39.0848,8.9336],[39.0839,8.9327],[39.0818,8.9311],[39.0805,8.9311],[39.0793,8.9313],[39.0777,8.9304],[39.0761,8.9287],[39.0751,8.928],[39.0727,8.9286],[39.0718,8.9291],[39.0707,8.9299],[39.0702,8.9299],[39.0692,8.9289],[39.0686,8.928],[39.0683,8.9268],[39.0691,8.9259],[39.0697,8.9253],[39.0698,8.9248],[39.0703,8.9241],[39.0697,8.9239],[39.0683,8.9238],[39.0675,8.9235],[39.0671,8.9225],[39.0675,8.9215],[39.0687,8.9205],[39.0687,8.9202],[39.0681,8.9189],[39.0667,8.9177],[39.0659,8.917],[39.0651,8.9155],[39.0643,8.9143],[39.0632,8.9132],[39.0619,8.9124],[39.0612,8.9113],[39.0608,8.9096],[39.0601,8.9104],[39.0592,8.9107],[39.0585,8.9116],[39.0573,8.9134],[39.0569,8.9147],[39.0558,8.9142],[39.0549,8.9125],[39.0538,8.9114],[39.0534,8.9106],[39.0528,8.91],[39.0513,8.9084],[39.05,8.9065],[39.049,8.9057],[39.0482,8.9054],[39.0467,8.9047],[39.0456,8.9031],[39.0452,8.9036],[39.0452,8.9049],[39.0446,8.9058],[39.0449,8.9068],[39.044,8.9097],[39.0437,8.9104],[39.0437,8.9118],[39.0432,8.9124],[39.0435,8.9137],[39.0426,8.9147],[39.0419,8.9152],[39.0435,8.9172],[39.0444,8.9182],[39.0458,8.9191],[39.0462,8.9199],[39.0462,8.9211],[39.0472,8.9219],[39.0495,8.9231],[39.0503,8.9245],[39.0514,8.9254],[39.0523,8.9263],[39.0545,8.9282],[39.0551,8.9251],[39.0554,8.9246],[39.0561,8.9235],[39.0586,8.9199],[39.0594,8.9189],[39.0605,8.9195],[39.0614,8.9196],[39.0622,8.9221],[39.0627,8.9218],[39.0627,8.9225],[39.0636,8.9229],[39.0636,8.9236],[39.0637,8.9236],[39.0638,8.9246],[39.0637,8.9259],[39.0634,8.9274],[39.0618,8.9291],[39.0613,8.9299],[39.0602,8.931],[39.0596,8.9318],[39.0584,8.934],[39.0578,8.9353],[39.0571,8.9365],[39.0573,8.9371],[39.0572,8.9385],[39.057,8.9404],[39.0566,8.9428],[39.056,8.9449],[39.0553,8.9466],[39.0539,8.948],[39.0525,8.9474],[39.0513,8.9469],[39.0491,8.9471],[39.0475,8.9478],[39.0459,8.9484],[39.0449,8.9483],[39.0441,8.9478],[39.0432,8.947],[39.0432,8.9462],[39.0454,8.9437],[39.0474,8.9421],[39.0481,8.9415],[39.0465,8.9403],[39.0452,8.94],[39.0434,8.9397],[39.0424,8.9399],[39.0416,8.9405],[39.0396,8.9415],[39.038,8.94],[39.0366,8.9388],[39.036,8.9368],[39.0362,8.9362],[39.0374,8.9342],[39.0377,8.9332],[39.0388,8.9314],[39.0394,8.9297],[39.0389,8.9281],[39.0381,8.9273],[39.0375,8.9274],[39.0367,8.9267],[39.0367,8.928],[39.036,8.9298],[39.0341,8.9286],[39.0336,8.9295],[39.034,8.9305],[39.0352,8.9313],[39.0352,8.9324],[39.0344,8.9349],[39.0321,8.9342],[39.0313,8.9331],[39.03,8.9316],[39.0289,8.93],[39.0276,8.9295],[39.0262,8.929],[39.0246,8.9273],[39.0248,8.9267],[39.0256,8.9251],[39.0258,8.9242],[39.0262,8.9233],[39.026,8.9218],[39.0249,8.9202],[39.0244,8.9197],[39.0239,8.92],[39.0236,8.9208],[39.0226,8.9216],[39.022,8.9216],[39.0214,8.921],[39.0214,8.9206],[39.0223,8.9186],[39.0238,8.9175],[39.0238,8.9157],[39.0244,8.9141],[39.0244,8.9127],[39.0239,8.9114],[39.0236,8.9109],[39.0224,8.9092],[39.0218,8.9089],[39.0208,8.909],[39.0201,8.9109],[39.0199,8.9134],[39.019,8.9153],[39.0191,8.9173],[39.0178,8.919],[39.0176,8.9203],[39.0181,8.9212],[39.0172,8.9227],[39.0163,8.9228],[39.0149,8.9217],[39.0154,8.9197],[39.0161,8.9179],[39.0165,8.9157],[39.0164,8.9141],[39.0162,8.9123],[39.0161,8.9116],[39.0146,8.9104],[39.0132,8.9102],[39.0124,8.9115],[39.0119,8.9123],[39.0105,8.9125],[39.008,8.9133],[39.007,8.9127],[39.0059,8.9117],[39.0055,8.911],[39.0045,8.9099],[39.0034,8.9089],[39.0008,8.909],[38.9981,8.9079],[38.9943,8.9065],[38.9919,8.9055],[38.9906,8.9045],[38.9875,8.9017],[38.986,8.901],[38.9849,8.9001],[38.9829,8.899],[38.9807,8.8978],[38.9795,8.896],[38.9778,8.8961],[38.9769,8.898],[38.978,8.9005],[38.9783,8.9018],[38.9792,8.9031],[38.9804,8.9049],[38.9809,8.9061],[38.9812,8.9089],[38.9822,8.9105],[38.9832,8.9111],[38.9849,8.912],[38.9868,8.9121],[38.9879,8.9129],[38.9888,8.9137],[38.9896,8.9149],[38.9903,8.916],[38.9914,8.9172],[38.9934,8.9187],[38.9949,8.9197],[38.9963,8.9213],[38.9982,8.9234],[38.9987,8.9246],[38.9986,8.9264],[38.9984,8.9287],[38.9997,8.9297],[39.0004,8.9302],[39.001,8.9305],[39.0017,8.9306],[39.0023,8.9303],[39.0032,8.9307],[39.0039,8.9304],[39.0046,8.9303],[39.0054,8.9305],[39.0061,8.9307],[39.0082,8.93],[39.0091,8.9305],[39.0086,8.9322],[39.0081,8.9326],[39.0082,8.9328],[39.0078,8.9332],[39.0077,8.9344],[39.0076,8.935],[39.0071,8.9357],[39.0067,8.9364],[39.006,8.9364],[39.0051,8.9374],[39.0038,8.9385],[39.0029,8.9389],[39.0017,8.9396],[39.0009,8.9409],[39.0007,8.9419],[39.0008,8.9434],[39.0016,8.9449],[39.0024,8.946],[39.0034,8.9481],[39.0044,8.9496],[39.0065,8.9517],[39.0087,8.9534],[39.0107,8.9553],[39.0118,8.9564],[39.0122,8.9576],[39.0123,8.9598],[39.0123,8.9608],[39.0123,8.9631],[39.0124,8.9636],[39.0137,8.9638],[39.0152,8.9645],[39.0157,8.9649],[39.0183,8.966],[39.0201,8.9671],[39.0203,8.9692],[39.0192,8.9696],[39.0176,8.97],[39.0167,8.9702],[39.0153,8.9689],[39.0141,8.9678],[39.015,8.9697],[39.0168,8.9715],[39.0176,8.9735],[39.0208,8.9743],[39.0223,8.9744],[39.0232,8.9746],[39.0241,8.9753],[39.0245,8.9763],[39.0246,8.9771],[39.0249,8.9794],[39.0247,8.9796],[39.0243,8.9795],[39.0226,8.9781],[39.0214,8.9777],[39.0206,8.9777],[39.0196,8.9774],[39.0189,8.9786],[39.0188,8.9802],[39.019,8.9821],[39.0185,8.9847],[39.0181,8.9857],[39.018,8.987],[39.0171,8.9899],[39.0168,8.9906],[39.0161,8.992],[39.0149,8.9948],[39.0133,8.9981],[39.0128,9.0001],[39.0124,9.0017],[39.0154,9.0048],[39.0173,9.0065],[39.0179,9.007],[39.0197,9.0091],[39.0218,9.0108],[39.0227,9.0121],[39.0232,9.0125],[39.0239,9.0126],[39.0242,9.0133],[39.0251,9.0145],[39.026,9.0156],[39.0264,9.0161],[39.0284,9.0187],[39.0287,9.018],[39.0289,9.016],[39.0291,9.0143],[39.0289,9.012],[39.0289,9.0105],[39.0288,9.0094],[39.0287,9.009],[39.0306,9.0073],[39.0321,9.0057],[39.0327,9.0048],[39.0339,9.0033],[39.0352,9.0027],[39.0363,9.0018],[39.0369,9.0018],[39.0388,9.0031],[39.0453,9.0094],[39.0479,9.01],[39.0508,9.0104],[39.0521,9.0108],[39.0546,9.012],[39.0575,9.014],[39.0591,9.0153],[39.0609,9.0176],[39.0629,9.0193],[39.0643,9.0208],[39.0653,9.0208],[39.0659,9.0211],[39.0678,9.0202],[39.0697,9.0196],[39.0718,9.0189],[39.0738,9.017],[39.0746,9.0147],[39.0763,9.0101],[39.0776,9.0102],[39.0791,9.0104],[39.0812,9.012],[39.0832,9.0132],[39.0853,9.0142],[39.088,9.0141],[39.0909,9.014],[39.0928,9.0134],[39.0947,9.0138],[39.096,9.014],[39.0963,9.0147],[39.0968,9.015],[39.0989,9.0167],[39.1005,9.0186],[39.1023,9.0204],[39.1039,9.0219],[39.1043,9.0236],[39.104,9.0253],[39.1032,9.0278],[39.1027,9.0305],[39.1026,9.0336],[39.1024,9.0355],[39.1019,9.0381],[39.1017,9.0406],[39.1013,9.0434],[39.1009,9.0455],[39.0995,9.0509],[39.0991,9.0529],[39.0988,9.0557],[39.0992,9.0588],[39.0993,9.0612],[39.0988,9.0637],[39.0978,9.0656],[39.0962,9.0674],[39.0951,9.0692],[39.0949,9.0705],[39.0953,9.0726],[39.0975,9.0771],[39.0986,9.0792],[39.0995,9.0813],[39.1002,9.0828],[39.1023,9.0841],[39.1028,9.083],[39.1034,9.0827],[39.1041,9.0832],[39.1045,9.0837],[39.1043,9.0845],[39.1046,9.085],[39.1053,9.0848],[39.1067,9.0838],[39.1078,9.0832],[39.1084,9.0832],[39.1088,9.0836],[39.1096,9.0836],[39.1108,9.0845],[39.1112,9.0849],[39.112,9.0864],[39.1125,9.0859],[39.1137,9.0869],[39.1143,9.0875],[39.1149,9.0879],[39.1156,9.0886],[39.1167,9.0895],[39.1173,9.0897],[39.1176,9.0894],[39.1177,9.0882],[39.1185,9.0879],[39.1193,9.088],[39.1215,9.0884],[39.122,9.0888],[39.1222,9.0892],[39.1227,9.0913],[39.1214,9.0929],[39.1219,9.0934],[39.1232,9.0938],[39.1238,9.0942],[39.1243,9.0951],[39.1243,9.0959],[39.1244,9.0968],[39.1249,9.0973],[39.1252,9.0993],[39.1265,9.0997],[39.1282,9.0992],[39.1287,9.0985],[39.1313,9.0978],[39.132,9.0969],[39.1322,9.0964],[39.1329,9.0953],[39.1332,9.0949],[39.1339,9.0947],[39.1345,9.0949],[39.1349,9.0954],[39.1354,9.0955],[39.1361,9.0952],[39.1368,9.0946],[39.1376,9.094],[39.1388,9.0936],[39.1397,9.0934],[39.1405,9.0934],[39.141,9.0941],[39.142,9.0932],[39.1434,9.0925],[39.1433,9.0914],[39.1435,9.0898],[39.1442,9.0888],[39.145,9.0881],[39.1478,9.0863],[39.149,9.0858],[39.1505,9.0853],[39.152,9.085],[39.1527,9.0851],[39.1536,9.0837],[39.1544,9.0829],[39.1553,9.0822],[39.1563,9.0818],[39.1575,9.0817],[39.1585,9.0821],[39.1593,9.0829],[39.162,9.083],[39.1636,9.085],[39.1657,9.0873],[39.1682,9.0888],[39.1714,9.0903],[39.174,9.0923],[39.1764,9.0945],[39.178,9.0962],[39.1799,9.0987],[39.1827,9.1025],[39.1849,9.1043],[39.1927,9.108],[39.1958,9.1099],[39.1988,9.1115],[39.202,9.1119],[39.2059,9.112],[39.2085,9.1132],[39.2102,9.1148],[39.2124,9.1173],[39.2155,9.1203],[39.218,9.1231],[39.2199,9.1251],[39.2221,9.1271],[39.2245,9.1294],[39.2272,9.131],[39.23,9.1328],[39.2326,9.1345],[39.2351,9.1361],[39.2348,9.1365],[39.2362,9.1383],[39.2369,9.1398],[39.2381,9.1413],[39.2417,9.145],[39.2419,9.1455],[39.2495,9.1356],[39.2941,9.1493],[39.3232,9.1488],[39.3202,9.1402],[39.3288,9.1372],[39.335,9.121],[39.3373,9.1141],[39.3401,9.1083],[39.3429,9.0996],[39.3486,9.0881],[39.3485,9.0766],[39.3542,9.0707],[39.357,9.0621],[39.347,9.0642],[39.3153,9.0602],[39.2968,9.0533],[39.2882,8.999],[39.2696,8.9806],[39.2586,8.9626],[39.2654,8.9224],[39.2591,8.91],[39.241,8.8889],[39.2375,8.862],[39.2605,8.8506],[39.2655,8.8431],[39.244,8.8366],[39.2439,8.8338],[39.2437,8.8338]]]}},{"type":"Feature","properties":{"id":"LW036","woreda":"Liben Chukala","zone":"East Shewa","region":"Oromia","area_km2":703.9,"lat":8.5054,"lon":38.8915},"geometry":{"type":"Polygon","coordinates":[[[38.8106,8.6331],[38.8134,8.6336],[38.8147,8.6348],[38.8157,8.6352],[38.8173,8.6364],[38.8194,8.6369],[38.82,8.6374],[38.8215,8.6394],[38.8223,8.6404],[38.8238,8.6411],[38.8249,8.6409],[38.8259,8.6398],[38.827,8.6394],[38.8281,8.6376],[38.8291,8.6367],[38.8315,8.6359],[38.8331,8.6349],[38.8349,8.6335],[38.837,8.6322],[38.8378,8.6316],[38.8384,8.6308],[38.8395,8.6291],[38.84,8.6289],[38.8414,8.6293],[38.8419,8.6297],[38.8445,8.631],[38.8463,8.6314],[38.8475,8.6332],[38.8484,8.6351],[38.8493,8.6373],[38.8506,8.6397],[38.8506,8.6401],[38.8521,8.6399],[38.854,8.6395],[38.8544,8.6389],[38.8565,8.6392],[38.8577,8.6385],[38.8586,8.6383],[38.8587,8.6381],[38.858,8.637],[38.8579,8.6366],[38.8589,8.6361],[38.8618,8.6361],[38.8636,8.6356],[38.8666,8.6336],[38.8701,8.6303],[38.8727,8.6284],[38.8736,8.6276],[38.8732,8.6255],[38.8727,8.6242],[38.8727,8.6238],[38.8739,8.6239],[38.8748,8.6259],[38.8755,8.6286],[38.8761,8.6286],[38.8777,8.6266],[38.8788,8.6256],[38.8793,8.6259],[38.8793,8.627],[38.8795,8.6278],[38.88,8.628],[38.8821,8.6272],[38.8828,8.6266],[38.8862,8.6268],[38.891,8.6261],[38.8933,8.6251],[38.8949,8.6243],[38.8952,8.624],[38.8957,8.6234],[38.895,8.6228],[38.893,8.6226],[38.8897,8.6225],[38.889,8.6212],[38.889,8.6204],[38.8862,8.6212],[38.8847,8.6194],[38.8844,8.6204],[38.8834,8.6202],[38.8834,8.6185],[38.8863,8.6176],[38.8882,8.6173],[38.8886,8.6165],[38.89,8.6171],[38.8907,8.6175],[38.8915,8.6187],[38.8919,8.6214],[38.8944,8.6214],[38.8958,8.6222],[38.8981,8.6214],[38.8993,8.6218],[38.9008,8.6208],[38.9022,8.6213],[38.9031,8.6233],[38.9039,8.6283],[38.9045,8.6315],[38.906,8.6315],[38.9076,8.6294],[38.9082,8.6289],[38.9085,8.6294],[38.9092,8.629],[38.9102,8.6298],[38.911,8.6298],[38.9115,8.6303],[38.9119,8.6304],[38.9132,8.6309],[38.9136,8.6344],[38.9144,8.6363],[38.9155,8.6377],[38.9166,8.6376],[38.9203,8.6365],[38.9224,8.6364],[38.9228,8.6368],[38.9229,8.6366],[38.9229,8.6358],[38.9233,8.6351],[38.9226,8.6351],[38.9229,8.6344],[38.9222,8.6338],[38.9223,8.633],[38.9231,8.6322],[38.9224,8.6297],[38.9224,8.6274],[38.923,8.6253],[38.9223,8.6222],[38.9231,8.6208],[38.925,8.6195],[38.9258,8.6207],[38.9266,8.6188],[38.9265,8.6168],[38.9258,8.6141],[38.9258,8.6116],[38.9251,8.6086],[38.9245,8.6057],[38.9229,8.5991],[38.9232,8.5954],[38.9245,8.59],[38.925,8.588],[38.9256,8.5847],[38.9258,8.5832],[38.9377,8.5874],[38.9457,8.5904],[38.9516,8.5852],[38.9579,8.5847],[38.9587,8.5819],[38.9601,8.5797],[38.9663,8.5789],[38.9688,8.5784],[38.9698,8.5776],[38.9733,8.5778],[38.9739,8.5715],[38.9738,8.5703],[38.9697,8.5712],[38.9707,8.569],[38.9716,8.5663],[38.9735,8.5636],[38.9751,8.5633],[38.9784,8.563],[38.9798,8.5626],[38.98,8.5616],[38.9885,8.5616],[38.9886,8.5623],[38.9856,8.5653],[38.9859,8.566],[38.9895,8.5646],[38.9912,8.5647],[38.9939,8.5644],[38.9963,8.5669],[38.9981,8.5689],[39.0011,8.5662],[39.0044,8.5642],[39.0081,8.5636],[39.0101,8.5631],[39.0133,8.5611],[39.0145,8.561],[39.0157,8.558],[39.0176,8.5605],[39.0184,8.563],[39.0186,8.5648],[39.017,8.5654],[39.0161,8.5683],[39.0162,8.5689],[39.0169,8.5735],[39.017,8.5764],[39.0162,8.5779],[39.0146,8.5805],[39.0148,8.5811],[39.0158,8.5836],[39.0203,8.5887],[39.021,8.5915],[39.0209,8.5939],[39.0204,8.5964],[39.0204,8.599],[39.018,8.6014],[39.0173,8.6038],[39.0175,8.6056],[39.0184,8.6072],[39.0197,8.6105],[39.0233,8.6072],[39.0291,8.6028],[39.0389,8.5993],[39.0434,8.5988],[39.0473,8.5979],[39.0528,8.6005],[39.0562,8.6027],[39.0601,8.605],[39.0602,8.6051],[39.0623,8.6038],[39.0644,8.6017],[39.0654,8.6004],[39.0661,8.5994],[39.0659,8.5981],[39.0662,8.597],[39.0668,8.5956],[39.0674,8.593],[39.0677,8.5914],[39.0673,8.5897],[39.0662,8.5872],[39.0661,8.5861],[39.0664,8.5848],[39.0671,8.583],[39.0674,8.5813],[39.0663,8.5787],[39.0658,8.5783],[39.0655,8.5776],[39.0642,8.5767],[39.0635,8.5759],[39.0622,8.5753],[39.0622,8.5748],[39.0616,8.5734],[39.0614,8.5721],[39.0606,8.5713],[39.0605,8.571],[39.0595,8.5699],[39.0595,8.5692],[39.059,8.568],[39.057,8.5639],[39.0558,8.5617],[39.0565,8.5606],[39.0569,8.5584],[39.0566,8.5575],[39.0565,8.5566],[39.056,8.556],[39.0557,8.5558],[39.0556,8.5555],[39.0552,8.5549],[39.0547,8.5547],[39.0543,8.5537],[39.0535,8.5526],[39.0533,8.5524],[39.0527,8.5515],[39.0517,8.5508],[39.0511,8.5501],[39.0503,8.5497],[39.0488,8.5481],[39.0454,8.5491],[39.0436,8.5481],[39.0428,8.5482],[39.0427,8.5466],[39.0419,8.5454],[39.0416,8.5451],[39.0416,8.5448],[39.04,8.5426],[39.0408,8.5414],[39.0436,8.5391],[39.0445,8.5381],[39.0453,8.5371],[39.0457,8.5364],[39.0464,8.5353],[39.0462,8.5341],[39.0454,8.5332],[39.0453,8.533],[39.0439,8.5314],[39.0427,8.5302],[39.0427,8.5293],[39.0418,8.5285],[39.0418,8.5282],[39.0399,8.5262],[39.039,8.5258],[39.0381,8.5258],[39.0378,8.5256],[39.0373,8.5247],[39.0361,8.5242],[39.0348,8.5235],[39.0347,8.523],[39.0343,8.5207],[39.0337,8.5193],[39.033,8.5186],[39.0328,8.5182],[39.0318,8.5171],[39.0301,8.5163],[39.0298,8.516],[39.0295,8.5151],[39.0297,8.5135],[39.0302,8.5117],[39.0296,8.5108],[39.0293,8.5106],[39.0286,8.5096],[39.0286,8.5087],[39.0289,8.5078],[39.0287,8.506],[39.0282,8.5049],[39.0277,8.5045],[39.0274,8.5038],[39.0272,8.5037],[39.0268,8.5029],[39.0272,8.5019],[39.028,8.5013],[39.0288,8.5002],[39.0294,8.4982],[39.0295,8.4947],[39.0295,8.4923],[39.0285,8.4903],[39.0289,8.4876],[39.027,8.4851],[39.0267,8.4839],[39.026,8.4833],[39.0258,8.4828],[39.0253,8.4824],[39.0253,8.4818],[39.0249,8.4812],[39.0245,8.481],[39.0245,8.4807],[39.0241,8.4801],[39.0234,8.4797],[39.0222,8.4803],[39.0216,8.4799],[39.0213,8.4792],[39.0208,8.4789],[39.0204,8.4781],[39.0186,8.4771],[39.0175,8.4759],[39.0166,8.4748],[39.0157,8.4743],[39.0142,8.4741],[39.0146,8.4719],[39.0146,8.4704],[39.0145,8.4686],[39.0141,8.4662],[39.0138,8.4646],[39.013,8.4623],[39.0131,8.4618],[39.0143,8.4596],[39.0157,8.4586],[39.0169,8.4566],[39.0182,8.4545],[39.0179,8.453],[39.0183,8.4521],[39.0192,8.4512],[39.0202,8.4504],[39.0207,8.4491],[39.0206,8.4483],[39.0214,8.4467],[39.0216,8.4456],[39.0205,8.4435],[39.0201,8.4421],[39.02,8.4401],[39.0205,8.4388],[39.021,8.4377],[39.0211,8.4358],[39.0219,8.4344],[39.0224,8.4327],[39.0229,8.4315],[39.0233,8.4296],[39.0233,8.4279],[39.0237,8.4271],[39.0237,8.4258],[39.0235,8.4251],[39.0238,8.4243],[39.0242,8.424],[39.0245,8.4228],[39.0235,8.4223],[39.0236,8.4217],[39.0224,8.4211],[39.0204,8.4203],[39.0193,8.4183],[39.0186,8.4176],[39.0184,8.4172],[39.0177,8.4165],[39.0163,8.4158],[39.0159,8.4124],[39.0158,8.41],[39.0157,8.4085],[39.0154,8.4084],[39.0152,8.4075],[39.0151,8.4071],[39.0143,8.4058],[39.0135,8.4056],[39.0126,8.4057],[39.0113,8.4064],[39.0089,8.4062],[39.0074,8.406],[39.0059,8.4059],[39.0037,8.4062],[39.0017,8.4066],[38.9996,8.4066],[38.995,8.4072],[38.9918,8.4078],[38.9867,8.4093],[38.9852,8.4099],[38.9804,8.4111],[38.9773,8.4118],[38.9748,8.4109],[38.9743,8.41],[38.9737,8.4094],[38.9732,8.4099],[38.9702,8.4087],[38.9667,8.4103],[38.9658,8.4106],[38.965,8.4094],[38.9638,8.4082],[38.9628,8.4077],[38.9617,8.4076],[38.9598,8.4084],[38.9589,8.4093],[38.9583,8.4103],[38.9584,8.4119],[38.9583,8.4132],[38.957,8.4146],[38.9558,8.4138],[38.9538,8.4137],[38.9525,8.4146],[38.9519,8.4155],[38.9519,8.4161],[38.9527,8.4168],[38.9549,8.4183],[38.9545,8.4193],[38.9531,8.4202],[38.9519,8.4201],[38.9502,8.4194],[38.9486,8.4184],[38.9465,8.4181],[38.9447,8.4172],[38.9437,8.4169],[38.9425,8.4179],[38.9415,8.4184],[38.9408,8.4177],[38.9406,8.4162],[38.9402,8.4155],[38.9384,8.4145],[38.9367,8.4137],[38.9355,8.4137],[38.9349,8.4134],[38.9347,8.4104],[38.9344,8.4098],[38.9334,8.4095],[38.9319,8.4095],[38.9314,8.4092],[38.9312,8.408],[38.9303,8.4069],[38.9287,8.4066],[38.9278,8.4063],[38.9277,8.4058],[38.928,8.4048],[38.9286,8.4027],[38.9282,8.4013],[38.9271,8.4005],[38.9258,8.4007],[38.9241,8.4022],[38.9226,8.4023],[38.9221,8.4019],[38.9224,8.4011],[38.9228,8.3986],[38.9226,8.3976],[38.922,8.3971],[38.9201,8.3974],[38.9187,8.3972],[38.9176,8.3968],[38.9163,8.3972],[38.9154,8.3985],[38.9144,8.4014],[38.9137,8.4022],[38.9123,8.4026],[38.9111,8.4015],[38.9102,8.3992],[38.9104,8.3972],[38.9104,8.3954],[38.9101,8.3925],[38.91,8.3905],[38.91,8.3886],[38.9099,8.3873],[38.9091,8.386],[38.9083,8.3856],[38.9071,8.3858],[38.906,8.3864],[38.9047,8.3876],[38.9035,8.3875],[38.9032,8.385],[38.9024,8.3835],[38.901,8.382],[38.9001,8.3807],[38.899,8.3796],[38.8975,8.3789],[38.8962,8.3767],[38.8955,8.376],[38.8944,8.3753],[38.8929,8.3761],[38.8921,8.3751],[38.8905,8.3746],[38.8896,8.3758],[38.8896,8.3791],[38.8891,8.3795],[38.8881,8.3787],[38.8874,8.3778],[38.8864,8.3773],[38.885,8.377],[38.8838,8.3775],[38.8814,8.3779],[38.8794,8.3784],[38.8788,8.3777],[38.8782,8.3763],[38.8772,8.3749],[38.8761,8.3746],[38.8751,8.3751],[38.8735,8.3755],[38.8711,8.3768],[38.8698,8.3773],[38.8682,8.3786],[38.8682,8.3801],[38.8685,8.3819],[38.8681,8.383],[38.8676,8.3836],[38.8661,8.3837],[38.8626,8.386],[38.8608,8.3878],[38.8602,8.3889],[38.8598,8.3913],[38.8584,8.3941],[38.857,8.3951],[38.8564,8.3963],[38.8562,8.3973],[38.8557,8.3977],[38.853,8.3962],[38.8512,8.3959],[38.8501,8.3955],[38.8497,8.3942],[38.8493,8.3925],[38.849,8.3901],[38.8481,8.3886],[38.8471,8.3883],[38.8458,8.3882],[38.8443,8.3893],[38.8435,8.3909],[38.8423,8.3915],[38.8408,8.3918],[38.84,8.3916],[38.8384,8.3909],[38.8368,8.3903],[38.8351,8.3903],[38.8337,8.3905],[38.8314,8.3908],[38.8294,8.3909],[38.8268,8.3909],[38.8237,8.3893],[38.8205,8.3896],[38.8189,8.3898],[38.8166,8.3907],[38.8144,8.3914],[38.813,8.392],[38.8107,8.3908],[38.8088,8.3893],[38.8073,8.388],[38.8057,8.3854],[38.8045,8.3837],[38.8039,8.3822],[38.8031,8.3787],[38.8009,8.3771],[38.7999,8.375],[38.7993,8.3735],[38.798,8.3721],[38.7958,8.3703],[38.7947,8.37],[38.7919,8.3705],[38.7859,8.3733],[38.7827,8.3751],[38.7808,8.3759],[38.779,8.3778],[38.7779,8.3786],[38.7755,8.3792],[38.7742,8.3798],[38.7728,8.3806],[38.7711,8.3822],[38.7693,8.3832],[38.7668,8.384],[38.7652,8.3847],[38.7644,8.3857],[38.7642,8.387],[38.7636,8.3879],[38.7642,8.3896],[38.7639,8.3907],[38.7643,8.3932],[38.7648,8.3932],[38.7655,8.3934],[38.7659,8.3945],[38.7661,8.396],[38.7664,8.3973],[38.7669,8.3986],[38.7679,8.4017],[38.7674,8.4048],[38.767,8.4067],[38.7666,8.4086],[38.766,8.4104],[38.7653,8.4139],[38.7653,8.4162],[38.7653,8.418],[38.7661,8.4199],[38.7664,8.4228],[38.7658,8.4262],[38.7646,8.4283],[38.7634,8.4298],[38.7638,8.4321],[38.7638,8.4332],[38.7635,8.4338],[38.761,8.4342],[38.76,8.4356],[38.759,8.4372],[38.759,8.438],[38.7606,8.4393],[38.7611,8.4401],[38.7607,8.4421],[38.7602,8.4432],[38.76,8.4446],[38.76,8.4488],[38.7592,8.4499],[38.7577,8.4506],[38.7567,8.4504],[38.7565,8.4482],[38.7556,8.4471],[38.7535,8.4471],[38.7515,8.4484],[38.7501,8.4497],[38.7498,8.4512],[38.7493,8.4543],[38.7491,8.4584],[38.7491,8.4597],[38.7493,8.4637],[38.7491,8.4665],[38.7493,8.4694],[38.7493,8.4719],[38.7487,8.4749],[38.7484,8.477],[38.749,8.4787],[38.7488,8.4814],[38.7486,8.4824],[38.7484,8.483],[38.7483,8.4839],[38.7483,8.4866],[38.7487,8.4884],[38.7489,8.4905],[38.7497,8.4917],[38.7511,8.4929],[38.7525,8.4939],[38.753,8.495],[38.7537,8.4964],[38.7535,8.4984],[38.7532,8.5004],[38.7532,8.5014],[38.7541,8.5043],[38.755,8.5062],[38.7559,8.5088],[38.7566,8.5114],[38.7574,8.5128],[38.7583,8.5137],[38.7598,8.5142],[38.76,8.516],[38.7603,8.5186],[38.7603,8.5205],[38.7607,8.5229],[38.7607,8.5237],[38.7614,8.5249],[38.7614,8.5268],[38.7611,8.5299],[38.7608,8.5314],[38.7607,8.5327],[38.7615,8.5347],[38.7621,8.5369],[38.7622,8.54],[38.7621,8.5422],[38.7627,8.5445],[38.7633,8.5464],[38.7641,8.5476],[38.7666,8.5493],[38.7684,8.5503],[38.7693,8.551],[38.769,8.552],[38.7682,8.5529],[38.7681,8.5545],[38.7684,8.5552],[38.7688,8.5567],[38.7682,8.5585],[38.7682,8.5605],[38.7695,8.5622],[38.7705,8.563],[38.7705,8.5638],[38.7694,8.5661],[38.7689,8.568],[38.7689,8.569],[38.7697,8.5702],[38.7711,8.5711],[38.7725,8.573],[38.7735,8.5738],[38.7763,8.5738],[38.777,8.5743],[38.7774,8.5755],[38.7774,8.5775],[38.7769,8.5788],[38.7766,8.5797],[38.7767,8.58],[38.7778,8.5818],[38.7782,8.5829],[38.7788,8.5846],[38.7792,8.5855],[38.7804,8.5869],[38.7811,8.5875],[38.7819,8.5881],[38.7828,8.588],[38.7833,8.5891],[38.7828,8.5903],[38.7828,8.5908],[38.7834,8.5914],[38.7833,8.5922],[38.7828,8.5935],[38.7834,8.5945],[38.7835,8.5953],[38.7845,8.5967],[38.7858,8.5983],[38.7867,8.5994],[38.788,8.6011],[38.7883,8.602],[38.7887,8.6029],[38.7888,8.6058],[38.7886,8.609],[38.7886,8.6098],[38.7891,8.611],[38.7892,8.6121],[38.7899,8.6126],[38.7898,8.6136],[38.7911,8.6141],[38.7925,8.6145],[38.7937,8.6151],[38.7946,8.6156],[38.7956,8.6162],[38.7959,8.6166],[38.7954,8.6175],[38.7974,8.6193],[38.7979,8.6209],[38.798,8.6219],[38.7985,8.6224],[38.7995,8.6224],[38.8003,8.6228],[38.8006,8.6238],[38.8012,8.6245],[38.8024,8.6253],[38.8027,8.626],[38.8032,8.6266],[38.8037,8.627],[38.8039,8.6278],[38.8048,8.629],[38.8055,8.6295],[38.8061,8.6301],[38.8064,8.6312],[38.8072,8.6329],[38.8085,8.6335],[38.8106,8.6331]]]}},{"type":"Feature","properties":{"id":"LW037","woreda":"Lome (OR)","zone":"East Shewa","region":"Oromia","area_km2":636.8,"lat":8.6075,"lon":39.1837},"geometry":{"type":"Polygon","coordinates":[[[39.0154,8.4084],[39.0157,8.4085],[39.0158,8.41],[39.0159,8.4124],[39.0163,8.4158],[39.0177,8.4165],[39.0184,8.4172],[39.0186,8.4176],[39.0193,8.4183],[39.0204,8.4203],[39.0224,8.4211],[39.0236,8.4217],[39.0235,8.4223],[39.0245,8.4228],[39.0242,8.424],[39.0238,8.4243],[39.0235,8.4251],[39.0237,8.4258],[39.0237,8.4271],[39.0233,8.4279],[39.0233,8.4296],[39.0229,8.4315],[39.0224,8.4327],[39.0219,8.4344],[39.0211,8.4358],[39.021,8.4377],[39.0205,8.4388],[39.02,8.4401],[39.0201,8.4421],[39.0205,8.4435],[39.0216,8.4456],[39.0214,8.4467],[39.0206,8.4483],[39.0207,8.4491],[39.0202,8.4504],[39.0192,8.4512],[39.0183,8.4521],[39.0179,8.453],[39.0182,8.4545],[39.0169,8.4566],[39.0157,8.4586],[39.0143,8.4596],[39.0131,8.4618],[39.013,8.4623],[39.0138,8.4646],[39.0141,8.4662],[39.0145,8.4686],[39.0146,8.4704],[39.0146,8.4719],[39.0142,8.4741],[39.0157,8.4743],[39.0166,8.4748],[39.0175,8.4759],[39.0186,8.4771],[39.0204,8.4781],[39.0208,8.4789],[39.0213,8.4792],[39.0216,8.4799],[39.0222,8.4803],[39.0234,8.4797],[39.0241,8.4801],[39.0245,8.4807],[39.0245,8.481],[39.0249,8.4812],[39.0253,8.4818],[39.0253,8.4824],[39.0258,8.4828],[39.026,8.4833],[39.0267,8.4839],[39.027,8.4851],[39.0289,8.4876],[39.0285,8.4903],[39.0295,8.4923],[39.0295,8.4947],[39.0294,8.4982],[39.0288,8.5002],[39.028,8.5013],[39.0272,8.5019],[39.0268,8.5029],[39.0272,8.5037],[39.0274,8.5038],[39.0277,8.5045],[39.0282,8.5049],[39.0287,8.506],[39.0289,8.5078],[39.0286,8.5087],[39.0286,8.5096],[39.0293,8.5106],[39.0296,8.5108],[39.0302,8.5117],[39.0297,8.5135],[39.0295,8.5151],[39.0298,8.516],[39.0301,8.5163],[39.0318,8.5171],[39.0328,8.5182],[39.033,8.5186],[39.0337,8.5193],[39.0343,8.5207],[39.0347,8.523],[39.0348,8.5235],[39.0361,8.5242],[39.0373,8.5247],[39.0378,8.5256],[39.0381,8.5258],[39.039,8.5258],[39.0399,8.5262],[39.0418,8.5282],[39.0418,8.5285],[39.0427,8.5293],[39.0427,8.5302],[39.0439,8.5314],[39.0453,8.533],[39.0454,8.5332],[39.0462,8.5341],[39.0464,8.5353],[39.0457,8.5364],[39.0453,8.5371],[39.0445,8.5381],[39.0436,8.5391],[39.0408,8.5414],[39.04,8.5426],[39.0416,8.5448],[39.0416,8.5451],[39.0419,8.5454],[39.0427,8.5466],[39.0428,8.5482],[39.0436,8.5481],[39.0454,8.5491],[39.0488,8.5481],[39.0503,8.5497],[39.0511,8.5501],[39.0517,8.5508],[39.0527,8.5515],[39.0533,8.5524],[39.0535,8.5526],[39.0543,8.5537],[39.0547,8.5547],[39.0552,8.5549],[39.0556,8.5555],[39.0557,8.5558],[39.056,8.556],[39.0565,8.5566],[39.0566,8.5575],[39.0569,8.5584],[39.0565,8.5606],[39.0558,8.5617],[39.057,8.5639],[39.059,8.568],[39.0595,8.5692],[39.0595,8.5699],[39.0605,8.571],[39.0606,8.5713],[39.0614,8.5721],[39.0616,8.5734],[39.0622,8.5748],[39.0622,8.5753],[39.0635,8.5759],[39.0642,8.5767],[39.0655,8.5776],[39.0658,8.5783],[39.0663,8.5787],[39.0674,8.5813],[39.0671,8.583],[39.0664,8.5848],[39.0661,8.5861],[39.0662,8.5872],[39.0673,8.5897],[39.0677,8.5914],[39.0674,8.593],[39.0668,8.5956],[39.0662,8.597],[39.0659,8.5981],[39.0661,8.5994],[39.0654,8.6004],[39.0644,8.6017],[39.0623,8.6038],[39.0602,8.6051],[39.0601,8.605],[39.0589,8.6058],[39.0583,8.6069],[39.059,8.6077],[39.0593,8.6086],[39.0601,8.6069],[39.0607,8.6064],[39.0609,8.6069],[39.0607,8.6084],[39.0609,8.608],[39.0615,8.6075],[39.0618,8.608],[39.0614,8.6109],[39.0616,8.6126],[39.0626,8.6145],[39.0646,8.6166],[39.0656,8.6177],[39.0655,8.6178],[39.0664,8.6188],[39.0653,8.6211],[39.0644,8.6241],[39.0634,8.6267],[39.0624,8.6314],[39.062,8.6329],[39.0642,8.6345],[39.0675,8.6374],[39.0686,8.6375],[39.0723,8.6375],[39.0723,8.638],[39.072,8.6385],[39.0731,8.6385],[39.0731,8.6391],[39.0725,8.6404],[39.0708,8.6418],[39.0703,8.6415],[39.0693,8.6422],[39.0697,8.643],[39.0692,8.6444],[39.0697,8.646],[39.0692,8.6469],[39.0692,8.6482],[39.069,8.65],[39.0689,8.6523],[39.0683,8.6555],[39.069,8.6575],[39.0685,8.6588],[39.072,8.66],[39.0765,8.6649],[39.0834,8.6667],[39.0882,8.6698],[39.0889,8.6718],[39.0907,8.672],[39.0928,8.6739],[39.0938,8.6753],[39.0949,8.6765],[39.0943,8.68],[39.0943,8.6804],[39.0946,8.6808],[39.0946,8.6826],[39.0944,8.6838],[39.0931,8.6849],[39.0913,8.6857],[39.0901,8.6865],[39.0901,8.6873],[39.0899,8.6886],[39.0888,8.6905],[39.0877,8.6913],[39.0875,8.6922],[39.0868,8.6936],[39.0857,8.6945],[39.0833,8.6954],[39.0819,8.6972],[39.0803,8.6994],[39.08,8.6999],[39.082,8.7007],[39.0857,8.702],[39.0908,8.7035],[39.091,8.7044],[39.0916,8.7045],[39.0916,8.7047],[39.0922,8.7063],[39.0926,8.7091],[39.0931,8.7115],[39.0938,8.7137],[39.0939,8.715],[39.096,8.7144],[39.0966,8.7134],[39.0995,8.715],[39.0994,8.7155],[39.1004,8.7161],[39.0993,8.7194],[39.0982,8.7227],[39.0977,8.7242],[39.0971,8.7259],[39.096,8.7277],[39.096,8.7286],[39.0961,8.7295],[39.0949,8.7296],[39.095,8.7306],[39.0953,8.7314],[39.0957,8.7319],[39.0967,8.7315],[39.0979,8.7315],[39.099,8.732],[39.1,8.7327],[39.1005,8.7335],[39.1009,8.7339],[39.1019,8.7336],[39.1025,8.734],[39.1028,8.7347],[39.1034,8.7351],[39.1038,8.736],[39.104,8.7362],[39.1053,8.7355],[39.106,8.7354],[39.1069,8.7361],[39.1084,8.7373],[39.109,8.7381],[39.1097,8.7388],[39.1103,8.7397],[39.1106,8.7399],[39.1118,8.7404],[39.1131,8.7404],[39.1144,8.7411],[39.1148,8.7419],[39.1152,8.7421],[39.1157,8.7432],[39.1157,8.7443],[39.1162,8.7446],[39.1179,8.7455],[39.1193,8.7474],[39.1219,8.7471],[39.1238,8.7471],[39.128,8.7466],[39.1295,8.7465],[39.1324,8.7468],[39.1324,8.7478],[39.1332,8.7479],[39.1333,8.7496],[39.133,8.7507],[39.1329,8.752],[39.1325,8.7537],[39.1321,8.7559],[39.1325,8.7561],[39.1335,8.756],[39.1353,8.756],[39.1361,8.7557],[39.138,8.7549],[39.1386,8.7543],[39.1406,8.7524],[39.1438,8.7517],[39.1445,8.7521],[39.1458,8.7512],[39.1515,8.7499],[39.1532,8.7492],[39.1548,8.7487],[39.1572,8.7485],[39.1576,8.7496],[39.1581,8.7495],[39.1585,8.7508],[39.1592,8.7526],[39.1591,8.753],[39.1583,8.7536],[39.1565,8.7558],[39.1548,8.7574],[39.1529,8.7588],[39.1504,8.7603],[39.1498,8.7608],[39.1508,8.7618],[39.1523,8.763],[39.1539,8.7628],[39.1552,8.7633],[39.1558,8.764],[39.1569,8.7639],[39.1561,8.7644],[39.1566,8.765],[39.1577,8.7649],[39.1568,8.7655],[39.1559,8.7667],[39.1538,8.769],[39.1537,8.7703],[39.1541,8.7708],[39.155,8.7711],[39.1553,8.772],[39.1558,8.7722],[39.1562,8.773],[39.1559,8.774],[39.1567,8.7749],[39.1583,8.7756],[39.1593,8.776],[39.16,8.7763],[39.1605,8.7772],[39.1609,8.7774],[39.1618,8.779],[39.1623,8.7805],[39.1641,8.781],[39.1657,8.7816],[39.1694,8.7829],[39.1707,8.7832],[39.172,8.7839],[39.1725,8.7841],[39.1746,8.7846],[39.1761,8.7845],[39.1766,8.7851],[39.177,8.7857],[39.1775,8.7861],[39.1779,8.7869],[39.1781,8.7878],[39.1789,8.7887],[39.1776,8.7897],[39.1745,8.7921],[39.1706,8.795],[39.1664,8.7977],[39.1614,8.8006],[39.1611,8.8013],[39.1612,8.8017],[39.1628,8.8034],[39.163,8.8037],[39.1637,8.8045],[39.1641,8.8054],[39.1654,8.8069],[39.1669,8.8091],[39.1673,8.8101],[39.1688,8.8121],[39.1694,8.8129],[39.1697,8.8143],[39.1717,8.8161],[39.1719,8.8166],[39.1725,8.8171],[39.1728,8.8177],[39.1735,8.8184],[39.1749,8.8194],[39.1761,8.8203],[39.1773,8.821],[39.1782,8.8217],[39.1796,8.8231],[39.1816,8.8249],[39.1831,8.8257],[39.1845,8.8259],[39.185,8.8255],[39.1847,8.8248],[39.1866,8.8219],[39.1869,8.82],[39.1871,8.8169],[39.1871,8.8155],[39.1873,8.8124],[39.188,8.8098],[39.1888,8.808],[39.19,8.8065],[39.1914,8.805],[39.192,8.8042],[39.1928,8.804],[39.1944,8.8041],[39.1955,8.8049],[39.1956,8.8054],[39.1963,8.806],[39.1968,8.8076],[39.1969,8.8088],[39.1964,8.8111],[39.1966,8.8126],[39.1979,8.8139],[39.1991,8.8155],[39.2015,8.8177],[39.202,8.8184],[39.2023,8.8188],[39.2033,8.8201],[39.2045,8.8221],[39.2054,8.823],[39.2065,8.8237],[39.208,8.8243],[39.2105,8.8258],[39.2126,8.8281],[39.2143,8.8294],[39.2165,8.8301],[39.2193,8.8308],[39.221,8.8322],[39.2228,8.8331],[39.2251,8.8336],[39.2277,8.834],[39.2286,8.8346],[39.23,8.8364],[39.2304,8.8367],[39.2314,8.837],[39.2318,8.8372],[39.2327,8.8381],[39.2349,8.8408],[39.2353,8.8413],[39.2361,8.8421],[39.2374,8.8428],[39.2388,8.8425],[39.2397,8.8424],[39.2416,8.8424],[39.2435,8.8422],[39.2444,8.8405],[39.2435,8.8402],[39.243,8.839],[39.2424,8.8371],[39.2421,8.8354],[39.2421,8.833],[39.2422,8.8328],[39.2437,8.8338],[39.2439,8.8338],[39.2439,8.8277],[39.2545,8.8132],[39.259,8.8037],[39.2665,8.7938],[39.272,8.783],[39.273,8.7669],[39.262,8.7469],[39.2704,8.7245],[39.2738,8.7231],[39.272,8.7214],[39.2719,8.7209],[39.2712,8.7203],[39.2707,8.7185],[39.2703,8.7162],[39.2687,8.7147],[39.2663,8.7138],[39.2642,8.7132],[39.2629,8.713],[39.2622,8.712],[39.262,8.712],[39.2612,8.7107],[39.2612,8.7101],[39.2619,8.7074],[39.2639,8.7039],[39.2646,8.7021],[39.2648,8.7007],[39.265,8.6992],[39.2654,8.697],[39.2661,8.6946],[39.2667,8.6935],[39.2655,8.6927],[39.2618,8.6903],[39.2588,8.6886],[39.2583,8.6883],[39.2577,8.6874],[39.2575,8.6872],[39.2564,8.6858],[39.2559,8.6852],[39.2534,8.683],[39.2532,8.6826],[39.2525,8.682],[39.2519,8.6803],[39.2505,8.6797],[39.2498,8.6787],[39.2496,8.6786],[39.2482,8.6767],[39.2481,8.6763],[39.2468,8.6756],[39.2445,8.6759],[39.2422,8.6762],[39.2404,8.6764],[39.2362,8.6763],[39.2341,8.6763],[39.2321,8.6766],[39.2305,8.6768],[39.2288,8.6766],[39.2284,8.6756],[39.2279,8.6756],[39.2276,8.6747],[39.227,8.6728],[39.2264,8.6705],[39.2258,8.6687],[39.2241,8.6652],[39.2233,8.6639],[39.2226,8.663],[39.2212,8.6618],[39.2197,8.6611],[39.219,8.6609],[39.2171,8.6606],[39.2138,8.6606],[39.21,8.6615],[39.2087,8.6612],[39.2073,8.66],[39.2056,8.6579],[39.2053,8.6573],[39.2046,8.6559],[39.2046,8.6552],[39.2048,8.6546],[39.205,8.6529],[39.2047,8.6522],[39.2052,8.6511],[39.2059,8.6507],[39.2063,8.6501],[39.207,8.6463],[39.207,8.6459],[39.207,8.6445],[39.2071,8.6428],[39.2094,8.6424],[39.2104,8.6421],[39.2125,8.6418],[39.2139,8.6412],[39.2153,8.6401],[39.2178,8.6376],[39.2194,8.6362],[39.221,8.6356],[39.2226,8.6355],[39.2243,8.6353],[39.2262,8.6347],[39.2274,8.6341],[39.2282,8.6334],[39.2304,8.6302],[39.2313,8.629],[39.2321,8.6277],[39.2334,8.626],[39.2347,8.6246],[39.2359,8.6232],[39.2375,8.6209],[39.238,8.62],[39.2386,8.6189],[39.2384,8.6183],[39.2391,8.6168],[39.2388,8.6164],[39.2384,8.6167],[39.2374,8.615],[39.2368,8.6142],[39.2347,8.6119],[39.2326,8.6115],[39.2317,8.6112],[39.23,8.6103],[39.2257,8.6048],[39.2245,8.6026],[39.2215,8.6007],[39.2193,8.5998],[39.2163,8.5976],[39.2154,8.5967],[39.2141,8.5962],[39.2131,8.5955],[39.2117,8.5947],[39.2105,8.5935],[39.2093,8.5916],[39.2079,8.5899],[39.2061,8.588],[39.2046,8.5863],[39.2012,8.5829],[39.2001,8.5817],[39.1971,8.5788],[39.1967,8.5781],[39.197,8.5778],[39.1968,8.5774],[39.1981,8.5761],[39.1994,8.575],[39.2007,8.5745],[39.2005,8.5735],[39.2001,8.5719],[39.1988,8.5688],[39.1979,8.5674],[39.1972,8.5662],[39.195,8.5632],[39.194,8.5619],[39.1928,8.5601],[39.1921,8.5588],[39.1914,8.5569],[39.1905,8.5556],[39.1895,8.5536],[39.1893,8.5532],[39.1875,8.5517],[39.1863,8.5515],[39.1861,8.5508],[39.1849,8.5512],[39.1839,8.55],[39.1824,8.5492],[39.182,8.5489],[39.181,8.5483],[39.1803,8.5481],[39.1798,8.5477],[39.179,8.5479],[39.1784,8.5475],[39.1779,8.5477],[39.1772,8.5474],[39.1769,8.5468],[39.1753,8.5454],[39.1748,8.5454],[39.1743,8.5452],[39.1737,8.5442],[39.174,8.5435],[39.1735,8.5427],[39.1731,8.5426],[39.1724,8.5421],[39.1726,8.5416],[39.1722,8.5413],[39.1717,8.5407],[39.1713,8.54],[39.1712,8.5395],[39.1706,8.5389],[39.1707,8.5384],[39.1706,8.5368],[39.1705,8.5367],[39.1699,8.5356],[39.1699,8.5348],[39.1697,8.5347],[39.1693,8.5338],[39.1693,8.5332],[39.1696,8.5324],[39.1694,8.5319],[39.1697,8.5317],[39.1699,8.5309],[39.1695,8.5305],[39.1693,8.53],[39.1693,8.5288],[39.169,8.5279],[39.1685,8.5277],[39.1684,8.5271],[39.1677,8.5271],[39.1673,8.5266],[39.1668,8.5266],[39.1671,8.5263],[39.1664,8.5261],[39.1661,8.5252],[39.1655,8.525],[39.1649,8.5242],[39.1647,8.5234],[39.1645,8.523],[39.1637,8.5229],[39.1638,8.5225],[39.1631,8.5213],[39.163,8.5208],[39.1626,8.5203],[39.1619,8.5204],[39.1618,8.5198],[39.1618,8.5188],[39.1619,8.5185],[39.1615,8.5184],[39.1612,8.5179],[39.1609,8.5178],[39.1606,8.5181],[39.1601,8.5176],[39.1602,8.5173],[39.1596,8.5174],[39.1588,8.5173],[39.1586,8.517],[39.1587,8.5164],[39.1583,8.5157],[39.1583,8.5154],[39.1589,8.5149],[39.1592,8.5143],[39.1588,8.5136],[39.1583,8.5139],[39.1582,8.5131],[39.1581,8.513],[39.1579,8.5124],[39.1575,8.5122],[39.1578,8.5119],[39.1578,8.5114],[39.1573,8.5107],[39.1572,8.5103],[39.1577,8.5102],[39.1575,8.5098],[39.1576,8.5092],[39.1575,8.5086],[39.1577,8.508],[39.1582,8.5074],[39.1583,8.5068],[39.1582,8.5061],[39.1578,8.5055],[39.1578,8.5051],[39.1573,8.5048],[39.1558,8.5043],[39.1552,8.5045],[39.1552,8.5042],[39.1555,8.5038],[39.156,8.5035],[39.1557,8.5032],[39.1549,8.5028],[39.1547,8.5024],[39.1551,8.5018],[39.1548,8.5013],[39.1552,8.5012],[39.1554,8.5006],[39.1563,8.4992],[39.1567,8.4977],[39.1563,8.4976],[39.156,8.4972],[39.1556,8.4973],[39.1554,8.4967],[39.1555,8.4963],[39.1558,8.4962],[39.156,8.4959],[39.1568,8.4948],[39.1567,8.4945],[39.1564,8.4945],[39.1559,8.4949],[39.1559,8.4944],[39.1562,8.4936],[39.1572,8.4932],[39.158,8.4926],[39.1578,8.4921],[39.1581,8.4916],[39.1578,8.4907],[39.1578,8.4898],[39.1584,8.4881],[39.1582,8.4877],[39.1578,8.4874],[39.1575,8.487],[39.1574,8.4865],[39.1581,8.4865],[39.1584,8.4868],[39.1585,8.4862],[39.159,8.4854],[39.159,8.485],[39.1598,8.4842],[39.1599,8.4834],[39.1598,8.4828],[39.1592,8.4825],[39.1589,8.4819],[39.1584,8.4813],[39.1582,8.48],[39.1578,8.4797],[39.1574,8.479],[39.1559,8.4777],[39.1553,8.4769],[39.1548,8.4764],[39.154,8.4746],[39.1536,8.4734],[39.1536,8.4722],[39.1536,8.4702],[39.1382,8.4541],[39.0976,8.4149],[39.0838,8.3976],[39.0592,8.3721],[39.0444,8.3849],[39.0247,8.4022],[39.0238,8.4027],[39.0207,8.4061],[39.0196,8.4073],[39.018,8.408],[39.0168,8.4079],[39.0152,8.4075],[39.0154,8.4084]],[[39.0854,8.6247],[39.0858,8.6249],[39.0868,8.6244],[39.0874,8.6243],[39.088,8.6236],[39.0895,8.6224],[39.0901,8.6221],[39.0906,8.6213],[39.0906,8.6209],[39.0911,8.6204],[39.091,8.6189],[39.0914,8.6176],[39.0921,8.6172],[39.0915,8.6166],[39.0918,8.6158],[39.0918,8.6152],[39.0916,8.6145],[39.092,8.6137],[39.0921,8.6127],[39.0916,8.6115],[39.0918,8.611],[39.0914,8.6098],[39.0914,8.6093],[39.0917,8.6092],[39.0916,8.6085],[39.0918,8.6077],[39.0913,8.6071],[39.0914,8.6066],[39.0921,8.6061],[39.0923,8.6045],[39.0925,8.6043],[39.0923,8.6035],[39.092,8.6031],[39.0897,8.6009],[39.0892,8.5981],[39.1045,8.5758],[39.1039,8.569],[39.1021,8.567],[39.1016,8.5652],[39.098,8.563],[39.0968,8.5607],[39.0952,8.5592],[39.0925,8.5571],[39.0918,8.5564],[39.0922,8.5513],[39.0955,8.5485],[39.0977,8.5462],[39.0981,8.5458],[39.0995,8.5456],[39.1033,8.5462],[39.1077,8.5475],[39.1117,8.548],[39.1203,8.5483],[39.125,8.5579],[39.1403,8.5687],[39.1444,8.567],[39.1494,8.565],[39.1515,8.5642],[39.1545,8.5636],[39.1602,8.5632],[39.1654,8.564],[39.1707,8.5621],[39.1728,8.5619],[39.1739,8.5627],[39.177,8.5659],[39.1772,8.5731],[39.1769,8.5743],[39.1673,8.5833],[39.1637,8.5839],[39.1601,8.5838],[39.1543,8.5896],[39.1555,8.5912],[39.1538,8.5955],[39.1512,8.5983],[39.1415,8.6042],[39.1407,8.6052],[39.1385,8.61],[39.1287,8.6231],[39.1216,8.6265],[39.1154,8.6296],[39.1089,8.6316],[39.0982,8.6322],[39.0958,8.6325],[39.0939,8.6327],[39.0928,8.6328],[39.0918,8.6324],[39.0911,8.632],[39.0899,8.631],[39.089,8.63],[39.0881,8.6296],[39.0864,8.6286],[39.0849,8.6272],[39.0849,8.6256],[39.0851,8.625],[39.0854,8.6247]]]}},{"type":"Feature","properties":{"id":"LW038","woreda":"Dedo","zone":"Jimma","region":"Oromia","area_km2":785.3,"lat":7.4519,"lon":36.8504},"geometry":{"type":"Polygon","coordinates":[[[36.6894,7.3352],[36.6919,7.3357],[36.6931,7.3366],[36.6935,7.3372],[36.6933,7.338],[36.693,7.3403],[36.6943,7.343],[36.6943,7.3439],[36.6939,7.3471],[36.6939,7.3478],[36.6942,7.3489],[36.6951,7.3509],[36.6957,7.3545],[36.6949,7.3563],[36.6937,7.3575],[36.6932,7.3577],[36.6928,7.3583],[36.6926,7.3593],[36.6926,7.3614],[36.6928,7.3639],[36.6933,7.3652],[36.6936,7.3658],[36.6948,7.3665],[36.6954,7.3672],[36.6967,7.369],[36.697,7.3698],[36.698,7.3752],[36.6986,7.3757],[36.6988,7.376],[36.7002,7.3774],[36.7017,7.3785],[36.7027,7.3796],[36.7044,7.3831],[36.7048,7.3835],[36.7047,7.3837],[36.7089,7.3835],[36.711,7.3827],[36.7117,7.3822],[36.7141,7.3812],[36.7157,7.3813],[36.7167,7.3816],[36.7187,7.3829],[36.7197,7.3836],[36.7201,7.3841],[36.7229,7.3873],[36.7237,7.3882],[36.7237,7.3888],[36.7242,7.3895],[36.7242,7.3903],[36.7248,7.392],[36.7253,7.3927],[36.7256,7.3932],[36.7258,7.3948],[36.7264,7.3959],[36.7277,7.3979],[36.7293,7.3991],[36.7311,7.4],[36.7352,7.4],[36.7371,7.4007],[36.7393,7.4006],[36.7395,7.401],[36.74,7.4016],[36.7408,7.4016],[36.7425,7.402],[36.7452,7.4029],[36.7487,7.4046],[36.7501,7.4051],[36.7519,7.4058],[36.7573,7.4077],[36.7598,7.4083],[36.7628,7.4096],[36.7639,7.4106],[36.7637,7.4119],[36.7626,7.4138],[36.7622,7.4147],[36.7619,7.4159],[36.7608,7.4166],[36.7607,7.418],[36.7611,7.4188],[36.7606,7.4195],[36.7608,7.4209],[36.7601,7.4213],[36.7605,7.4218],[36.7602,7.4222],[36.7599,7.4226],[36.7592,7.4235],[36.7589,7.4243],[36.7578,7.4237],[36.7572,7.424],[36.7568,7.4247],[36.7559,7.4247],[36.7554,7.4253],[36.7548,7.4254],[36.7538,7.4251],[36.7533,7.425],[36.7527,7.4248],[36.7523,7.4239],[36.7524,7.4238],[36.752,7.4232],[36.7516,7.4222],[36.7505,7.4227],[36.75,7.4244],[36.749,7.4253],[36.7493,7.4272],[36.7494,7.4302],[36.7487,7.4316],[36.7476,7.4324],[36.7479,7.433],[36.7487,7.433],[36.7494,7.4332],[36.7493,7.4341],[36.7498,7.4344],[36.7489,7.4358],[36.7492,7.436],[36.7502,7.4365],[36.7502,7.4371],[36.7483,7.4375],[36.7483,7.4398],[36.748,7.4421],[36.7487,7.4449],[36.7482,7.4463],[36.7482,7.4485],[36.7488,7.4492],[36.7502,7.4489],[36.7504,7.4492],[36.7493,7.453],[36.7495,7.4537],[36.7506,7.4537],[36.7523,7.4539],[36.7531,7.4541],[36.753,7.4517],[36.7561,7.4513],[36.7578,7.4511],[36.7566,7.4551],[36.7564,7.4568],[36.7575,7.4585],[36.7588,7.4604],[36.7587,7.4632],[36.759,7.4649],[36.759,7.4674],[36.7594,7.4681],[36.7587,7.4695],[36.7575,7.4737],[36.7566,7.4774],[36.7563,7.479],[36.757,7.4807],[36.757,7.4821],[36.7569,7.4856],[36.7571,7.4866],[36.757,7.4885],[36.7576,7.4898],[36.7579,7.4906],[36.7574,7.4914],[36.7568,7.4916],[36.7558,7.4918],[36.755,7.4921],[36.7543,7.4926],[36.7537,7.4937],[36.7537,7.4943],[36.7533,7.4954],[36.7521,7.4964],[36.7488,7.496],[36.7473,7.4967],[36.7463,7.4976],[36.7461,7.4986],[36.7469,7.5002],[36.7473,7.5013],[36.7471,7.5018],[36.7471,7.5027],[36.7474,7.5039],[36.7476,7.5055],[36.7483,7.5071],[36.7483,7.5081],[36.7475,7.5091],[36.7472,7.5102],[36.7472,7.5115],[36.7489,7.5139],[36.7504,7.5159],[36.7528,7.5186],[36.7533,7.519],[36.7539,7.5195],[36.7553,7.5205],[36.7575,7.5202],[36.7576,7.5221],[36.7596,7.5228],[36.7619,7.5249],[36.7626,7.5259],[36.7633,7.5263],[36.7653,7.5258],[36.7656,7.526],[36.7659,7.5268],[36.766,7.5275],[36.7664,7.5278],[36.7676,7.5279],[36.7703,7.5277],[36.7721,7.529],[36.773,7.5307],[36.7744,7.5336],[36.7749,7.5341],[36.7752,7.536],[36.7736,7.5381],[36.7734,7.54],[36.7739,7.54],[36.7751,7.5416],[36.7756,7.5424],[36.7757,7.544],[36.7761,7.5453],[36.7766,7.5457],[36.777,7.547],[36.7769,7.5486],[36.7772,7.5501],[36.7777,7.5514],[36.7781,7.5516],[36.7783,7.5531],[36.7791,7.5544],[36.7796,7.5558],[36.7796,7.558],[36.7806,7.561],[36.7811,7.5612],[36.7825,7.5606],[36.7834,7.5598],[36.7842,7.5609],[36.7859,7.5614],[36.7897,7.563],[36.7903,7.5637],[36.792,7.5644],[36.7917,7.5657],[36.7918,7.5668],[36.7928,7.5701],[36.7929,7.571],[36.7937,7.5724],[36.7928,7.5751],[36.7929,7.5771],[36.7926,7.5809],[36.7922,7.5817],[36.7915,7.5832],[36.7914,7.5874],[36.7921,7.5889],[36.7927,7.5897],[36.7945,7.5896],[36.7953,7.5892],[36.7961,7.5897],[36.798,7.5911],[36.7989,7.5911],[36.7996,7.5905],[36.7998,7.5899],[36.8011,7.5911],[36.8032,7.5927],[36.8044,7.5926],[36.8052,7.5919],[36.8062,7.5915],[36.8062,7.5917],[36.8071,7.592],[36.8078,7.5927],[36.8071,7.5931],[36.8064,7.5937],[36.8059,7.5951],[36.8058,7.5958],[36.8052,7.5969],[36.8055,7.5979],[36.8049,7.5999],[36.8029,7.6017],[36.8016,7.6019],[36.7999,7.6023],[36.798,7.6035],[36.7981,7.604],[36.7995,7.6051],[36.7992,7.6063],[36.8012,7.6076],[36.8048,7.6086],[36.8065,7.6083],[36.808,7.6093],[36.8085,7.6093],[36.8121,7.6107],[36.8141,7.6109],[36.8153,7.6113],[36.8174,7.6111],[36.8186,7.6097],[36.82,7.6106],[36.8214,7.6115],[36.8213,7.6121],[36.8205,7.6121],[36.8202,7.6123],[36.8205,7.6135],[36.8216,7.6145],[36.8215,7.6159],[36.8222,7.6162],[36.8236,7.6164],[36.826,7.6155],[36.8289,7.6136],[36.829,7.6144],[36.8294,7.6156],[36.8294,7.618],[36.8309,7.6184],[36.8333,7.6176],[36.8355,7.6161],[36.8374,7.616],[36.8389,7.6162],[36.8382,7.6169],[36.8379,7.6186],[36.8381,7.6194],[36.8391,7.6194],[36.8399,7.6206],[36.8404,7.6224],[36.8416,7.6225],[36.8427,7.6227],[36.8428,7.6236],[36.8424,7.624],[36.8418,7.6247],[36.8422,7.6257],[36.843,7.6257],[36.8443,7.6256],[36.8472,7.6258],[36.8476,7.6259],[36.8485,7.6259],[36.8491,7.6247],[36.85,7.6248],[36.8501,7.6257],[36.8497,7.6261],[36.8491,7.6268],[36.8495,7.6278],[36.8503,7.6278],[36.8516,7.6276],[36.8545,7.6279],[36.8546,7.6267],[36.8557,7.6265],[36.8571,7.6264],[36.8576,7.6265],[36.8594,7.6277],[36.8598,7.6288],[36.8612,7.6303],[36.8611,7.631],[36.8613,7.6318],[36.8622,7.6318],[36.8628,7.6324],[36.8631,7.633],[36.8637,7.6331],[36.8642,7.6327],[36.8651,7.6326],[36.8657,7.6327],[36.8662,7.6333],[36.8661,7.6343],[36.8657,7.6351],[36.8657,7.6365],[36.8654,7.6376],[36.8653,7.6381],[36.8656,7.6385],[36.866,7.6396],[36.8655,7.64],[36.8643,7.6412],[36.8638,7.642],[36.8661,7.6421],[36.8666,7.6426],[36.8674,7.6427],[36.8696,7.6435],[36.8709,7.6444],[36.8685,7.645],[36.8691,7.6456],[36.8692,7.6461],[36.8689,7.6469],[36.8678,7.6476],[36.8679,7.6483],[36.8687,7.6487],[36.8699,7.65],[36.871,7.6507],[36.8713,7.6512],[36.8715,7.6505],[36.8726,7.6508],[36.8741,7.6509],[36.8739,7.6503],[36.8743,7.6497],[36.8753,7.6497],[36.8766,7.6495],[36.877,7.649],[36.8778,7.6476],[36.8785,7.6466],[36.8792,7.6465],[36.88,7.6468],[36.881,7.6457],[36.8821,7.6448],[36.8829,7.6441],[36.8825,7.6429],[36.8814,7.6421],[36.8803,7.6415],[36.8797,7.64],[36.8795,7.6381],[36.8797,7.6373],[36.8804,7.6369],[36.8828,7.6375],[36.8836,7.6373],[36.8842,7.637],[36.8847,7.6362],[36.8845,7.635],[36.8841,7.6343],[36.8848,7.633],[36.8858,7.6329],[36.8868,7.6312],[36.8868,7.6296],[36.8875,7.6288],[36.8881,7.6287],[36.8884,7.6291],[36.8888,7.63],[36.8893,7.6302],[36.8899,7.6301],[36.8902,7.6296],[36.8912,7.6293],[36.892,7.6279],[36.8919,7.6267],[36.8916,7.6255],[36.8919,7.6251],[36.8934,7.6251],[36.8943,7.6247],[36.8951,7.6234],[36.8953,7.621],[36.8949,7.6193],[36.895,7.6173],[36.8948,7.6164],[36.8938,7.6157],[36.8934,7.6142],[36.8932,7.6128],[36.8934,7.6121],[36.8943,7.6119],[36.8954,7.6113],[36.8962,7.6102],[36.897,7.6098],[36.8969,7.6087],[36.8962,7.6079],[36.8969,7.6069],[36.898,7.606],[36.8986,7.6048],[36.8996,7.6042],[36.9003,7.6031],[36.9008,7.6014],[36.9016,7.6011],[36.9024,7.6012],[36.9032,7.6021],[36.9042,7.6017],[36.9062,7.6008],[36.9066,7.6003],[36.9082,7.5994],[36.9088,7.5992],[36.9102,7.5985],[36.9116,7.598],[36.9125,7.5979],[36.9138,7.5965],[36.915,7.5945],[36.9163,7.593],[36.9173,7.5925],[36.918,7.5919],[36.9191,7.5906],[36.9199,7.5899],[36.9215,7.589],[36.9225,7.5882],[36.9235,7.5873],[36.9247,7.5859],[36.9254,7.5855],[36.9267,7.5851],[36.9289,7.5842],[36.9295,7.5836],[36.9308,7.5833],[36.9318,7.5828],[36.9327,7.5818],[36.9334,7.5801],[36.9346,7.5796],[36.9353,7.5804],[36.9352,7.5812],[36.9357,7.5818],[36.9365,7.5826],[36.9357,7.5836],[36.9357,7.5848],[36.9353,7.5866],[36.9352,7.5879],[36.9348,7.5891],[36.9347,7.5903],[36.934,7.5916],[36.9337,7.5929],[36.933,7.5957],[36.9336,7.5976],[36.9335,7.5986],[36.9345,7.6007],[36.9352,7.6027],[36.9356,7.6038],[36.9363,7.6053],[36.9364,7.6065],[36.9364,7.6079],[36.9362,7.6096],[36.9359,7.6109],[36.9361,7.6124],[36.936,7.6131],[36.9364,7.6136],[36.9385,7.6117],[36.9409,7.6113],[36.9437,7.6105],[36.947,7.6099],[36.949,7.6095],[36.95,7.6095],[36.9508,7.6109],[36.9517,7.6109],[36.9521,7.6099],[36.9535,7.6091],[36.9545,7.6086],[36.9542,7.6066],[36.9532,7.6052],[36.9531,7.6048],[36.9533,7.6041],[36.9526,7.6023],[36.9526,7.6014],[36.9521,7.5995],[36.9515,7.5988],[36.9506,7.5981],[36.9494,7.597],[36.9477,7.5956],[36.9468,7.5953],[36.9451,7.5954],[36.9448,7.5939],[36.9444,7.593],[36.9448,7.5917],[36.9448,7.5901],[36.945,7.5884],[36.9453,7.5876],[36.9455,7.5862],[36.9461,7.5859],[36.9471,7.5855],[36.948,7.5855],[36.9487,7.5858],[36.9493,7.5863],[36.951,7.587],[36.9514,7.5874],[36.9513,7.5872],[36.9518,7.5861],[36.9506,7.5849],[36.9504,7.5834],[36.9513,7.5825],[36.9521,7.5824],[36.9526,7.5821],[36.9531,7.5813],[36.9528,7.5796],[36.9533,7.5791],[36.9532,7.5787],[36.9522,7.5783],[36.9518,7.5773],[36.9521,7.5763],[36.9503,7.5757],[36.949,7.5748],[36.9488,7.5737],[36.9496,7.5722],[36.9476,7.5715],[36.9477,7.5703],[36.9486,7.5697],[36.9479,7.5681],[36.948,7.5677],[36.9476,7.5664],[36.948,7.5648],[36.9486,7.5639],[36.9493,7.5634],[36.9501,7.5633],[36.9504,7.5631],[36.9501,7.5614],[36.9511,7.5607],[36.9511,7.5596],[36.9521,7.5588],[36.9521,7.5578],[36.9514,7.557],[36.9506,7.5562],[36.9499,7.5561],[36.9498,7.5556],[36.9511,7.5542],[36.9505,7.5534],[36.9505,7.5527],[36.9513,7.5518],[36.9512,7.5493],[36.9518,7.5482],[36.9539,7.5459],[36.9557,7.5453],[36.9577,7.5449],[36.9584,7.5435],[36.9586,7.5419],[36.9593,7.5411],[36.961,7.5405],[36.9617,7.5396],[36.9619,7.5397],[36.9619,7.5384],[36.9615,7.5369],[36.9609,7.5357],[36.9607,7.5349],[36.9613,7.5343],[36.9628,7.5336],[36.9633,7.5329],[36.9638,7.5306],[36.964,7.5286],[36.9635,7.5275],[36.9616,7.527],[36.9609,7.527],[36.9609,7.5264],[36.9601,7.5264],[36.959,7.5282],[36.959,7.5297],[36.9586,7.5301],[36.9578,7.5286],[36.9571,7.5294],[36.9553,7.5307],[36.953,7.5314],[36.9521,7.5311],[36.9517,7.5303],[36.951,7.5301],[36.9504,7.5303],[36.9494,7.532],[36.9495,7.536],[36.9493,7.5376],[36.9481,7.5369],[36.9472,7.5355],[36.9468,7.5345],[36.9473,7.5335],[36.9473,7.5327],[36.9467,7.5323],[36.9449,7.5317],[36.944,7.5311],[36.9436,7.5318],[36.9446,7.5329],[36.9431,7.5332],[36.9425,7.5335],[36.9416,7.5334],[36.9415,7.5326],[36.9428,7.5314],[36.9428,7.531],[36.9424,7.5306],[36.9418,7.531],[36.9414,7.5306],[36.941,7.5306],[36.9407,7.5316],[36.9398,7.5327],[36.9392,7.533],[36.9358,7.5297],[36.9362,7.5286],[36.9376,7.5273],[36.9387,7.5262],[36.9377,7.5249],[36.9366,7.5234],[36.935,7.5249],[36.9333,7.5238],[36.9323,7.5238],[36.9325,7.5224],[36.933,7.5218],[36.9332,7.5206],[36.933,7.5195],[36.9335,7.5184],[36.9334,7.5173],[36.9335,7.5161],[36.9328,7.515],[36.933,7.5136],[36.9327,7.5137],[36.9317,7.5129],[36.9314,7.5119],[36.9316,7.51],[36.9311,7.5098],[36.9303,7.5098],[36.9294,7.5092],[36.9295,7.5089],[36.93,7.5088],[36.9307,7.509],[36.9317,7.5089],[36.9326,7.5076],[36.9317,7.5078],[36.9303,7.508],[36.931,7.5071],[36.9324,7.5058],[36.9329,7.5044],[36.9338,7.5041],[36.9346,7.5042],[36.9348,7.5055],[36.9361,7.5057],[36.9373,7.5065],[36.9387,7.5083],[36.9396,7.5085],[36.9409,7.5078],[36.9416,7.5069],[36.9422,7.5059],[36.9436,7.5059],[36.9443,7.5051],[36.9443,7.5045],[36.9437,7.503],[36.9447,7.501],[36.9458,7.4976],[36.9463,7.4963],[36.9466,7.4942],[36.9467,7.4935],[36.9475,7.4925],[36.9478,7.4919],[36.9485,7.4918],[36.9487,7.4913],[36.9495,7.4914],[36.9495,7.4909],[36.9494,7.4903],[36.9504,7.4883],[36.9519,7.4877],[36.9525,7.4858],[36.9518,7.4849],[36.9515,7.485],[36.9513,7.4846],[36.9503,7.4846],[36.9502,7.4842],[36.9509,7.4822],[36.9509,7.4814],[36.9517,7.4802],[36.9519,7.4795],[36.9515,7.4784],[36.9504,7.4778],[36.9489,7.4783],[36.9469,7.4792],[36.9454,7.4799],[36.9444,7.4797],[36.9441,7.4787],[36.9422,7.478],[36.9408,7.4775],[36.9406,7.4764],[36.9406,7.4747],[36.9403,7.4738],[36.94,7.4738],[36.9401,7.4727],[36.9403,7.4727],[36.9398,7.4718],[36.9392,7.4697],[36.94,7.4668],[36.9402,7.4653],[36.9407,7.4638],[36.941,7.4621],[36.9405,7.4616],[36.9383,7.4612],[36.9378,7.4597],[36.9394,7.4587],[36.9405,7.4578],[36.9418,7.4569],[36.9423,7.4555],[36.9423,7.4545],[36.9425,7.4534],[36.9431,7.4524],[36.9433,7.4514],[36.9435,7.4494],[36.9431,7.4479],[36.9426,7.4471],[36.9419,7.4452],[36.9425,7.4441],[36.9433,7.4439],[36.945,7.4436],[36.9478,7.4437],[36.9489,7.4439],[36.9503,7.4455],[36.9515,7.4456],[36.952,7.4447],[36.9521,7.4433],[36.9521,7.4409],[36.9522,7.4406],[36.9515,7.4396],[36.9507,7.4387],[36.9505,7.4374],[36.9501,7.4362],[36.9491,7.4345],[36.949,7.4328],[36.9499,7.4309],[36.9506,7.4303],[36.952,7.4296],[36.9527,7.4289],[36.9546,7.4283],[36.9553,7.4285],[36.9567,7.4308],[36.9577,7.4298],[36.959,7.4296],[36.9599,7.4306],[36.9605,7.4302],[36.9608,7.4295],[36.9614,7.4288],[36.9615,7.4281],[36.9615,7.4261],[36.9622,7.4256],[36.9629,7.4257],[36.9625,7.4252],[36.9612,7.4243],[36.9587,7.4237],[36.9552,7.4217],[36.953,7.4199],[36.9511,7.4181],[36.9503,7.4169],[36.9507,7.4153],[36.9517,7.4134],[36.9531,7.4131],[36.955,7.4124],[36.955,7.4115],[36.9527,7.4105],[36.952,7.4094],[36.9523,7.4074],[36.9523,7.4059],[36.9526,7.4061],[36.9525,7.4056],[36.9513,7.4044],[36.9497,7.4032],[36.9478,7.4024],[36.947,7.4017],[36.9444,7.3994],[36.943,7.3978],[36.9416,7.3971],[36.9394,7.3969],[36.9383,7.3969],[36.937,7.3965],[36.9364,7.3951],[36.9357,7.393],[36.9353,7.3917],[36.9332,7.389],[36.9318,7.3876],[36.9302,7.3855],[36.9274,7.3835],[36.9256,7.3824],[36.9237,7.3808],[36.9219,7.3801],[36.9206,7.3789],[36.9204,7.378],[36.9208,7.3757],[36.9213,7.3737],[36.9215,7.3718],[36.9225,7.3697],[36.9234,7.3681],[36.9247,7.367],[36.9256,7.3655],[36.9263,7.3649],[36.9261,7.3648],[36.9283,7.3596],[36.9297,7.3576],[36.9312,7.3538],[36.9327,7.3506],[36.9329,7.348],[36.9325,7.3454],[36.9326,7.3435],[36.9334,7.3415],[36.9349,7.3403],[36.9352,7.3396],[36.9358,7.3391],[36.9374,7.3383],[36.9386,7.3375],[36.9399,7.3372],[36.9417,7.3349],[36.9431,7.3327],[36.9444,7.3301],[36.9468,7.3276],[36.9494,7.326],[36.9512,7.3246],[36.9532,7.322],[36.9541,7.3198],[36.9547,7.3188],[36.9552,7.3176],[36.9554,7.3164],[36.9556,7.3148],[36.9561,7.313],[36.9563,7.3115],[36.9572,7.3111],[36.9577,7.3087],[36.9577,7.3077],[36.9583,7.3064],[36.9581,7.302],[36.9581,7.3014],[36.9584,7.3008],[36.96,7.2997],[36.96,7.2986],[36.9599,7.2972],[36.9595,7.2965],[36.9589,7.2956],[36.959,7.2937],[36.9595,7.2935],[36.9596,7.2924],[36.9597,7.2907],[36.9592,7.2892],[36.9583,7.2884],[36.9583,7.2874],[36.9577,7.2857],[36.9568,7.2835],[36.956,7.282],[36.9547,7.2798],[36.9542,7.279],[36.944,7.271],[36.9141,7.2982],[36.8792,7.3297],[36.8409,7.326],[36.8035,7.2693],[36.7911,7.2523],[36.7842,7.2553],[36.7625,7.2659],[36.7394,7.2847],[36.7199,7.2985],[36.7142,7.3021],[36.6941,7.3131],[36.6769,7.325],[36.6894,7.3352]]]}},{"type":"Feature","properties":{"id":"LW039","woreda":"Kersa (Jimma)","zone":"Jimma","region":"Oromia","area_km2":970.6,"lat":7.7853,"lon":37.0475},"geometry":{"type":"Polygon","coordinates":[[[36.951,7.587],[36.9493,7.5863],[36.9487,7.5858],[36.948,7.5855],[36.9471,7.5855],[36.9461,7.5859],[36.9455,7.5862],[36.9453,7.5876],[36.945,7.5884],[36.9448,7.5901],[36.9448,7.5917],[36.9444,7.593],[36.9448,7.5939],[36.9451,7.5954],[36.9468,7.5953],[36.9477,7.5956],[36.9494,7.597],[36.9506,7.5981],[36.9515,7.5988],[36.9521,7.5995],[36.9526,7.6014],[36.9526,7.6023],[36.9533,7.6041],[36.9531,7.6048],[36.9532,7.6052],[36.9542,7.6066],[36.9545,7.6086],[36.9535,7.6091],[36.9521,7.6099],[36.9517,7.6109],[36.9508,7.6109],[36.95,7.6095],[36.949,7.6095],[36.947,7.6099],[36.9437,7.6105],[36.9409,7.6113],[36.9385,7.6117],[36.9364,7.6136],[36.936,7.6131],[36.9361,7.6124],[36.9359,7.6109],[36.9362,7.6096],[36.9364,7.6079],[36.9364,7.6065],[36.9363,7.6053],[36.9356,7.6038],[36.9352,7.6027],[36.9345,7.6007],[36.9335,7.5986],[36.9336,7.5976],[36.933,7.5957],[36.9337,7.5929],[36.934,7.5916],[36.9347,7.5903],[36.9348,7.5891],[36.9352,7.5879],[36.9353,7.5866],[36.9357,7.5848],[36.9357,7.5836],[36.9365,7.5826],[36.9357,7.5818],[36.9352,7.5812],[36.9353,7.5804],[36.9346,7.5796],[36.9334,7.5801],[36.9327,7.5818],[36.9318,7.5828],[36.9308,7.5833],[36.9295,7.5836],[36.9289,7.5842],[36.9267,7.5851],[36.9254,7.5855],[36.9247,7.5859],[36.9235,7.5873],[36.9225,7.5882],[36.9215,7.589],[36.9199,7.5899],[36.9191,7.5906],[36.918,7.5919],[36.9173,7.5925],[36.9163,7.593],[36.915,7.5945],[36.9138,7.5965],[36.9125,7.5979],[36.9116,7.598],[36.9102,7.5985],[36.9088,7.5992],[36.9082,7.5994],[36.9066,7.6003],[36.9062,7.6008],[36.9042,7.6017],[36.9032,7.6021],[36.9024,7.6012],[36.9016,7.6011],[36.9008,7.6014],[36.9003,7.6031],[36.8996,7.6042],[36.8986,7.6048],[36.898,7.606],[36.8969,7.6069],[36.8962,7.6079],[36.8969,7.6087],[36.897,7.6098],[36.8962,7.6102],[36.8954,7.6113],[36.8943,7.6119],[36.8934,7.6121],[36.8932,7.6128],[36.8934,7.6142],[36.8938,7.6157],[36.8948,7.6164],[36.895,7.6173],[36.8949,7.6193],[36.8953,7.621],[36.8951,7.6234],[36.8943,7.6247],[36.8934,7.6251],[36.8919,7.6251],[36.8916,7.6255],[36.8919,7.6267],[36.892,7.6279],[36.8912,7.6293],[36.8902,7.6296],[36.8899,7.6301],[36.8893,7.6302],[36.8888,7.63],[36.8884,7.6291],[36.8881,7.6287],[36.8875,7.6288],[36.8868,7.6296],[36.8868,7.6312],[36.8858,7.6329],[36.8848,7.633],[36.8841,7.6343],[36.8845,7.635],[36.8847,7.6362],[36.8842,7.637],[36.8836,7.6373],[36.8828,7.6375],[36.8804,7.6369],[36.8797,7.6373],[36.8795,7.6381],[36.8797,7.64],[36.8803,7.6415],[36.8814,7.6421],[36.8825,7.6429],[36.8829,7.6441],[36.8821,7.6448],[36.881,7.6457],[36.88,7.6468],[36.8792,7.6465],[36.8785,7.6466],[36.8778,7.6476],[36.877,7.649],[36.8766,7.6495],[36.8753,7.6497],[36.8743,7.6497],[36.8739,7.6503],[36.8741,7.6509],[36.8726,7.6508],[36.8715,7.6505],[36.8713,7.6512],[36.8711,7.6518],[36.8712,7.6527],[36.871,7.6534],[36.871,7.6543],[36.8717,7.6553],[36.8715,7.6559],[36.8707,7.6566],[36.8683,7.6581],[36.872,7.6622],[36.8714,7.6641],[36.8708,7.6655],[36.8698,7.6667],[36.8684,7.6679],[36.867,7.6687],[36.8649,7.67],[36.8636,7.6705],[36.8629,7.6709],[36.8636,7.6715],[36.8649,7.6724],[36.8672,7.6736],[36.8692,7.6751],[36.8714,7.6765],[36.8737,7.6781],[36.8759,7.6795],[36.8781,7.6809],[36.8806,7.6829],[36.882,7.6835],[36.8833,7.6848],[36.8846,7.6864],[36.8852,7.6883],[36.8863,7.6899],[36.8878,7.6913],[36.888,7.693],[36.8878,7.6944],[36.8882,7.6957],[36.8891,7.6971],[36.8904,7.6985],[36.8908,7.6991],[36.8907,7.6997],[36.8901,7.7002],[36.8885,7.7009],[36.8877,7.7022],[36.8867,7.703],[36.8856,7.7023],[36.8844,7.7014],[36.8837,7.7011],[36.8817,7.7015],[36.8789,7.7003],[36.8778,7.7002],[36.8763,7.7013],[36.8752,7.7026],[36.8744,7.7045],[36.8737,7.7056],[36.8725,7.7074],[36.8718,7.7082],[36.8703,7.7085],[36.8672,7.7095],[36.8658,7.7101],[36.8635,7.709],[36.8621,7.7085],[36.8613,7.7087],[36.8604,7.7078],[36.8592,7.7077],[36.8585,7.7096],[36.8574,7.7111],[36.8556,7.7124],[36.8549,7.7132],[36.854,7.7138],[36.8534,7.7145],[36.8536,7.7149],[36.8547,7.7151],[36.8553,7.7154],[36.8548,7.7167],[36.8542,7.7178],[36.8544,7.7182],[36.8551,7.7183],[36.8567,7.7187],[36.8567,7.7197],[36.8565,7.7205],[36.8561,7.722],[36.8553,7.7233],[36.8549,7.7247],[36.8557,7.7252],[36.8562,7.7261],[36.8571,7.7267],[36.8573,7.7277],[36.8565,7.7281],[36.8561,7.7302],[36.8556,7.7313],[36.8555,7.732],[36.8559,7.7328],[36.8572,7.733],[36.8581,7.7318],[36.8598,7.7298],[36.8596,7.7291],[36.8604,7.7284],[36.8606,7.7291],[36.8612,7.7285],[36.8617,7.7294],[36.8622,7.7304],[36.8627,7.7316],[36.863,7.7324],[36.8646,7.7316],[36.8662,7.7306],[36.8672,7.7306],[36.8678,7.731],[36.8682,7.7321],[36.8682,7.7347],[36.8678,7.7366],[36.8668,7.7378],[36.8653,7.7399],[36.8649,7.741],[36.8641,7.7417],[36.8654,7.7435],[36.8661,7.7447],[36.8672,7.7443],[36.8689,7.7441],[36.8714,7.7441],[36.8719,7.7443],[36.872,7.7474],[36.872,7.749],[36.8723,7.7495],[36.873,7.75],[36.8746,7.7506],[36.8752,7.751],[36.8776,7.7506],[36.8786,7.7512],[36.8787,7.7526],[36.8775,7.7524],[36.8758,7.7526],[36.8728,7.7536],[36.8711,7.7538],[36.87,7.7533],[36.8684,7.7531],[36.867,7.7537],[36.8671,7.7541],[36.8701,7.7554],[36.8712,7.7563],[36.8722,7.7563],[36.873,7.7558],[36.8748,7.7545],[36.8759,7.7553],[36.8763,7.7578],[36.8763,7.7602],[36.8761,7.7621],[36.8759,7.7631],[36.875,7.7635],[36.8743,7.7644],[36.874,7.7653],[36.8734,7.7661],[36.8737,7.7663],[36.8743,7.7665],[36.8748,7.767],[36.8753,7.7677],[36.8768,7.768],[36.8793,7.7684],[36.8805,7.7682],[36.8811,7.7679],[36.882,7.7673],[36.8819,7.7665],[36.8812,7.7656],[36.881,7.7644],[36.8813,7.7631],[36.8825,7.7621],[36.8837,7.7613],[36.8844,7.7612],[36.8848,7.7623],[36.8859,7.7624],[36.8869,7.7632],[36.8885,7.7629],[36.8906,7.7623],[36.8921,7.7617],[36.8929,7.762],[36.8931,7.7659],[36.8928,7.7665],[36.8919,7.7671],[36.8911,7.7673],[36.8905,7.767],[36.8897,7.7677],[36.8882,7.7672],[36.887,7.7664],[36.8844,7.7657],[36.8842,7.765],[36.8833,7.7646],[36.8826,7.7658],[36.8831,7.7669],[36.8838,7.7681],[36.8842,7.7692],[36.8838,7.7698],[36.8823,7.7696],[36.8809,7.771],[36.8803,7.7724],[36.8788,7.7739],[36.8785,7.7743],[36.879,7.7763],[36.8803,7.7775],[36.8813,7.7777],[36.8822,7.7797],[36.8804,7.7827],[36.8794,7.7839],[36.8786,7.785],[36.8776,7.7862],[36.8771,7.7874],[36.8771,7.7893],[36.8767,7.7901],[36.8776,7.7913],[36.8777,7.7923],[36.8764,7.794],[36.8753,7.7954],[36.8747,7.797],[36.8753,7.7983],[36.8753,7.799],[36.8743,7.8003],[36.8733,7.802],[36.8733,7.8026],[36.8738,7.8029],[36.8736,7.8046],[36.8741,7.8064],[36.8744,7.8081],[36.8741,7.8089],[36.8732,7.8094],[36.8729,7.8102],[36.8715,7.8098],[36.8692,7.8103],[36.8684,7.811],[36.8668,7.812],[36.8668,7.8126],[36.8663,7.8139],[36.8659,7.8143],[36.8658,7.815],[36.8669,7.8151],[36.8669,7.8157],[36.8686,7.8155],[36.869,7.8162],[36.8692,7.8171],[36.869,7.8178],[36.8689,7.8186],[36.8685,7.8194],[36.8697,7.8208],[36.868,7.8218],[36.8665,7.8235],[36.8676,7.824],[36.867,7.8243],[36.8676,7.825],[36.8674,7.8256],[36.8666,7.8257],[36.8668,7.8266],[36.8686,7.826],[36.8703,7.8263],[36.873,7.8276],[36.8744,7.8284],[36.8738,7.8293],[36.8776,7.8312],[36.8792,7.8323],[36.8817,7.8338],[36.8851,7.8353],[36.8874,7.8355],[36.8891,7.8349],[36.892,7.8318],[36.8967,7.8338],[36.8995,7.8338],[36.9016,7.8336],[36.9048,7.8316],[36.9086,7.8311],[36.9107,7.8308],[36.9127,7.8303],[36.9131,7.8299],[36.9134,7.828],[36.9137,7.8263],[36.9142,7.8255],[36.9162,7.8239],[36.918,7.8231],[36.9192,7.8223],[36.9199,7.8192],[36.9202,7.8184],[36.9203,7.8151],[36.9207,7.8129],[36.922,7.8123],[36.9253,7.8114],[36.926,7.8116],[36.9266,7.8124],[36.9283,7.8131],[36.9292,7.8137],[36.9298,7.8149],[36.9298,7.8173],[36.9299,7.8185],[36.9295,7.8204],[36.9304,7.8212],[36.9315,7.8214],[36.9343,7.8219],[36.9357,7.8219],[36.9364,7.822],[36.937,7.8213],[36.9385,7.8223],[36.9395,7.8228],[36.9411,7.8245],[36.9432,7.8265],[36.9464,7.8271],[36.948,7.8274],[36.9497,7.8276],[36.9509,7.8281],[36.9518,7.8281],[36.9528,7.8273],[36.9548,7.8269],[36.9589,7.8281],[36.9604,7.8286],[36.9626,7.8299],[36.963,7.8304],[36.9631,7.8311],[36.9643,7.8314],[36.9681,7.832],[36.9712,7.832],[36.9728,7.8317],[36.9744,7.8311],[36.9757,7.8324],[36.9774,7.8337],[36.9787,7.8347],[36.9812,7.8352],[36.9835,7.8393],[36.9833,7.8403],[36.9825,7.8426],[36.9818,7.8452],[36.9809,7.8474],[36.9799,7.8495],[36.9789,7.8516],[36.978,7.8536],[36.9773,7.8544],[36.9777,7.8572],[36.9806,7.8637],[36.9798,7.8647],[36.9783,7.8665],[36.9764,7.8686],[36.9754,7.8699],[36.9746,7.872],[36.9749,7.8731],[36.9777,7.8776],[36.9801,7.8811],[36.9807,7.8828],[36.9823,7.8864],[36.9829,7.8875],[36.9852,7.8876],[36.9874,7.8896],[36.9883,7.8905],[36.9892,7.8905],[36.9891,7.8949],[36.9896,7.8963],[36.9902,7.8991],[36.991,7.9011],[36.9911,7.9024],[36.9897,7.9044],[36.9907,7.9068],[36.9915,7.9091],[36.9924,7.9138],[36.9929,7.9168],[36.993,7.9191],[36.9942,7.9279],[36.9953,7.9294],[36.9963,7.9303],[36.9974,7.9305],[37.0072,7.9233],[37.0097,7.9194],[37.0098,7.9186],[37.0131,7.9184],[37.0174,7.9166],[37.021,7.9154],[37.0282,7.9131],[37.0311,7.912],[37.033,7.9113],[37.0329,7.9118],[37.0335,7.9118],[37.0354,7.9144],[37.0365,7.9161],[37.0379,7.9179],[37.0387,7.9196],[37.0397,7.921],[37.042,7.9232],[37.0405,7.9253],[37.04,7.9265],[37.0391,7.9294],[37.0383,7.9309],[37.0383,7.9314],[37.0365,7.9325],[37.0342,7.9325],[37.0332,7.9331],[37.0309,7.9337],[37.0298,7.9338],[37.0274,7.9344],[37.0248,7.9356],[37.0259,7.9374],[37.026,7.9401],[37.0272,7.9417],[37.0277,7.9461],[37.0291,7.9487],[37.0304,7.9502],[37.0325,7.9543],[37.0313,7.956],[37.0329,7.9566],[37.0332,7.9576],[37.0354,7.9593],[37.0367,7.9607],[37.0381,7.9618],[37.0451,7.9648],[37.0474,7.9655],[37.0494,7.9671],[37.0516,7.9678],[37.0533,7.9681],[37.0549,7.9679],[37.0531,7.9708],[37.0557,7.971],[37.0607,7.9702],[37.0622,7.9704],[37.0641,7.9694],[37.0641,7.9729],[37.0651,7.9733],[37.0646,7.9746],[37.0662,7.9774],[37.0662,7.9805],[37.066,7.9828],[37.0675,7.9891],[37.0683,7.9902],[37.0706,7.9876],[37.0739,7.9814],[37.0772,7.9775],[37.0805,7.9751],[37.0821,7.9755],[37.088,7.9794],[37.0921,7.9817],[37.0944,7.9832],[37.0972,7.9832],[37.1027,7.9813],[37.1056,7.9794],[37.106,7.9786],[37.1075,7.978],[37.108,7.9768],[37.1089,7.9759],[37.1086,7.9755],[37.1075,7.9748],[37.1072,7.9736],[37.1074,7.9716],[37.1091,7.9707],[37.1114,7.9698],[37.1103,7.9683],[37.11,7.9668],[37.11,7.9654],[37.1105,7.9641],[37.1101,7.9624],[37.1109,7.9608],[37.1115,7.9591],[37.1122,7.9582],[37.1132,7.9562],[37.113,7.9549],[37.1121,7.9547],[37.1126,7.9541],[37.1123,7.9538],[37.1116,7.9537],[37.1111,7.9529],[37.1118,7.952],[37.1137,7.952],[37.1162,7.9521],[37.1159,7.9517],[37.116,7.951],[37.1163,7.9507],[37.1172,7.9506],[37.1175,7.9504],[37.1187,7.9501],[37.121,7.95],[37.1211,7.9497],[37.1206,7.9487],[37.1184,7.9475],[37.1172,7.9469],[37.117,7.9454],[37.118,7.9454],[37.1186,7.9456],[37.1198,7.9468],[37.1205,7.9473],[37.1232,7.9493],[37.1242,7.9486],[37.1261,7.9476],[37.1286,7.9469],[37.1312,7.9459],[37.132,7.9451],[37.1311,7.9441],[37.1299,7.9429],[37.1275,7.9417],[37.1272,7.9406],[37.1286,7.9398],[37.1281,7.9394],[37.1279,7.939],[37.13,7.9382],[37.1306,7.9385],[37.131,7.9391],[37.1318,7.9394],[37.1328,7.9389],[37.1336,7.9395],[37.1338,7.9399],[37.1355,7.9407],[37.137,7.9411],[37.1383,7.9418],[37.14,7.9434],[37.1415,7.9445],[37.143,7.9453],[37.1444,7.9444],[37.1449,7.9437],[37.1423,7.9408],[37.1425,7.9391],[37.1434,7.9381],[37.1444,7.9372],[37.1451,7.9358],[37.1466,7.9358],[37.1471,7.936],[37.148,7.9383],[37.1488,7.94],[37.1499,7.9416],[37.1507,7.9418],[37.1514,7.9418],[37.1518,7.9401],[37.1521,7.94],[37.1527,7.9388],[37.1535,7.9383],[37.154,7.9368],[37.1534,7.9349],[37.1514,7.9357],[37.1498,7.9357],[37.1493,7.9349],[37.1497,7.934],[37.1505,7.9343],[37.1513,7.934],[37.1516,7.9334],[37.1514,7.9321],[37.152,7.932],[37.151,7.9288],[37.1503,7.9272],[37.1507,7.924],[37.1507,7.923],[37.1505,7.9222],[37.148,7.9208],[37.1465,7.9197],[37.1458,7.9187],[37.1454,7.9161],[37.1454,7.9147],[37.1463,7.914],[37.1475,7.9112],[37.1479,7.9097],[37.1501,7.9092],[37.1507,7.9085],[37.1524,7.9081],[37.153,7.9077],[37.1528,7.9065],[37.1519,7.9031],[37.1519,7.9002],[37.1528,7.8996],[37.152,7.8984],[37.1511,7.8972],[37.1519,7.8964],[37.1529,7.8963],[37.1535,7.8961],[37.154,7.8951],[37.155,7.8946],[37.1565,7.8942],[37.1586,7.8939],[37.1596,7.8939],[37.1604,7.8925],[37.1608,7.8918],[37.1602,7.8897],[37.1595,7.8886],[37.1586,7.8873],[37.1575,7.8865],[37.1557,7.8855],[37.1542,7.8841],[37.151,7.8812],[37.1495,7.8802],[37.148,7.8792],[37.1477,7.8777],[37.1476,7.8769],[37.147,7.8753],[37.1463,7.8733],[37.1463,7.8728],[37.1469,7.8725],[37.147,7.8708],[37.147,7.8702],[37.1461,7.8698],[37.1457,7.8693],[37.1468,7.868],[37.1469,7.8673],[37.1502,7.8653],[37.1511,7.8651],[37.1541,7.8645],[37.1559,7.8647],[37.1575,7.8642],[37.1579,7.8632],[37.1571,7.8597],[37.1549,7.8548],[37.1549,7.8532],[37.1558,7.8524],[37.1573,7.853],[37.1582,7.8537],[37.1618,7.8547],[37.1636,7.8552],[37.1646,7.8543],[37.1661,7.8539],[37.1666,7.8563],[37.1686,7.8568],[37.1694,7.8566],[37.1699,7.8563],[37.1704,7.8563],[37.1701,7.8583],[37.1711,7.8603],[37.1717,7.8619],[37.1721,7.8628],[37.1728,7.8631],[37.1732,7.8596],[37.1744,7.8575],[37.1764,7.8555],[37.1772,7.8553],[37.1792,7.8538],[37.1794,7.8512],[37.1796,7.8513],[37.1793,7.8503],[37.1797,7.8493],[37.1823,7.8484],[37.1835,7.8485],[37.1849,7.8494],[37.1875,7.8518],[37.1882,7.8521],[37.1905,7.851],[37.192,7.8508],[37.1936,7.8507],[37.1947,7.8497],[37.1959,7.8488],[37.1976,7.8465],[37.1976,7.8459],[37.1966,7.8429],[37.1969,7.8412],[37.1982,7.8405],[37.1979,7.8384],[37.1961,7.8337],[37.1958,7.8308],[37.1962,7.8294],[37.1967,7.8287],[37.1973,7.8286],[37.1992,7.8295],[37.2016,7.831],[37.2034,7.8311],[37.2038,7.8321],[37.2049,7.8314],[37.2062,7.8311],[37.2084,7.8294],[37.2099,7.8282],[37.2115,7.8254],[37.2113,7.8233],[37.2104,7.8206],[37.2108,7.8194],[37.2121,7.8172],[37.2144,7.8154],[37.2157,7.8151],[37.2171,7.8153],[37.2174,7.8143],[37.2163,7.813],[37.2165,7.8126],[37.2176,7.8115],[37.2183,7.8102],[37.2187,7.8094],[37.2194,7.8083],[37.2207,7.8077],[37.222,7.8079],[37.2232,7.8071],[37.2233,7.8062],[37.2247,7.805],[37.2271,7.8035],[37.2283,7.8034],[37.2292,7.803],[37.2291,7.8013],[37.2284,7.7986],[37.2277,7.7972],[37.2267,7.796],[37.2251,7.7942],[37.2239,7.7929],[37.2218,7.7911],[37.2197,7.7892],[37.2175,7.7872],[37.2154,7.7855],[37.2145,7.7844],[37.2141,7.7831],[37.2142,7.7805],[37.2137,7.7794],[37.2129,7.7785],[37.2084,7.7765],[37.2076,7.7754],[37.207,7.7743],[37.2071,7.7732],[37.2076,7.7719],[37.2078,7.7709],[37.2076,7.7693],[37.2082,7.7675],[37.2083,7.7665],[37.2077,7.766],[37.2066,7.7658],[37.2054,7.766],[37.204,7.7659],[37.2019,7.7653],[37.1998,7.7644],[37.1976,7.7628],[37.1963,7.762],[37.1949,7.7593],[37.1937,7.7567],[37.1928,7.7556],[37.1916,7.755],[37.1909,7.7553],[37.1895,7.7549],[37.1886,7.754],[37.1885,7.7527],[37.1889,7.7505],[37.189,7.7487],[37.1889,7.7462],[37.1887,7.7432],[37.1886,7.7422],[37.1882,7.7415],[37.1872,7.7406],[37.1865,7.7402],[37.1851,7.7394],[37.1843,7.7388],[37.1833,7.7377],[37.1831,7.7367],[37.1834,7.7357],[37.1842,7.7346],[37.1854,7.7327],[37.1868,7.7312],[37.1873,7.7308],[37.1879,7.7307],[37.1887,7.7301],[37.1898,7.7297],[37.1905,7.7291],[37.1904,7.728],[37.1899,7.7271],[37.1885,7.7263],[37.1862,7.7255],[37.1852,7.7252],[37.1832,7.7243],[37.1824,7.7235],[37.1813,7.7229],[37.1805,7.7205],[37.1798,7.7187],[37.1787,7.717],[37.1769,7.7158],[37.1753,7.7153],[37.1733,7.7157],[37.1714,7.7163],[37.1706,7.7175],[37.17,7.719],[37.1694,7.721],[37.1686,7.7228],[37.168,7.7233],[37.1673,7.7233],[37.1667,7.7228],[37.1668,7.7214],[37.1674,7.7196],[37.1674,7.7186],[37.1672,7.7172],[37.1663,7.7149],[37.166,7.7137],[37.1659,7.7119],[37.1652,7.7103],[37.1642,7.7087],[37.1628,7.7078],[37.1615,7.7067],[37.1596,7.7052],[37.1575,7.7037],[37.1548,7.7021],[37.1521,7.7004],[37.1502,7.6986],[37.1478,7.6968],[37.1461,7.6951],[37.1451,7.6937],[37.1435,7.6921],[37.1409,7.6906],[37.1394,7.6902],[37.1378,7.69],[37.1359,7.6898],[37.1333,7.6898],[37.1307,7.6898],[37.1256,7.6898],[37.1242,7.6903],[37.1236,7.6911],[37.1232,7.6936],[37.1233,7.6966],[37.1234,7.6985],[37.1236,7.7009],[37.1237,7.7021],[37.1231,7.7029],[37.1222,7.7029],[37.1216,7.702],[37.1209,7.7005],[37.1207,7.6991],[37.1207,7.6976],[37.121,7.6961],[37.1211,7.6939],[37.121,7.6919],[37.1209,7.6905],[37.1198,7.6899],[37.1187,7.6897],[37.1177,7.6904],[37.1169,7.6918],[37.1163,7.6935],[37.116,7.6956],[37.1148,7.6982],[37.114,7.6988],[37.1126,7.699],[37.1108,7.699],[37.109,7.6987],[37.1074,7.6982],[37.106,7.6978],[37.1058,7.6957],[37.1057,7.694],[37.1051,7.6926],[37.104,7.6907],[37.1028,7.6895],[37.1013,7.6877],[37.1007,7.6852],[37.1001,7.6839],[37.0989,7.6829],[37.0984,7.682],[37.0979,7.6816],[37.0967,7.6809],[37.0954,7.6797],[37.0938,7.6782],[37.0921,7.6771],[37.0914,7.6766],[37.0903,7.6762],[37.0893,7.6762],[37.0882,7.6773],[37.088,7.6796],[37.0876,7.6819],[37.0867,7.683],[37.0859,7.6835],[37.0847,7.6841],[37.0834,7.685],[37.0823,7.6858],[37.0807,7.687],[37.0796,7.6876],[37.0787,7.6884],[37.0778,7.6896],[37.0778,7.69],[37.0786,7.692],[37.0792,7.6937],[37.079,7.6949],[37.0785,7.6961],[37.0775,7.6966],[37.0769,7.6971],[37.0767,7.6979],[37.0762,7.6984],[37.0744,7.6972],[37.0726,7.6954],[37.0714,7.694],[37.07,7.6928],[37.0694,7.692],[37.0692,7.6911],[37.0697,7.6896],[37.0703,7.6887],[37.0706,7.6878],[37.0704,7.686],[37.0703,7.6838],[37.07,7.6828],[37.0696,7.6815],[37.0692,7.681],[37.0682,7.681],[37.0673,7.6816],[37.0671,7.6827],[37.0669,7.6841],[37.0666,7.6862],[37.0653,7.6868],[37.0642,7.6868],[37.0634,7.6866],[37.0626,7.6859],[37.0612,7.6856],[37.0599,7.6855],[37.0576,7.6863],[37.0556,7.6871],[37.0538,7.688],[37.0524,7.6889],[37.0516,7.6896],[37.0505,7.6904],[37.0499,7.691],[37.0491,7.6918],[37.0481,7.6927],[37.0482,7.6919],[37.0514,7.6874],[37.0528,7.685],[37.0541,7.6839],[37.055,7.6829],[37.0556,7.681],[37.0554,7.6797],[37.0548,7.6787],[37.0537,7.6779],[37.0523,7.6774],[37.0511,7.6772],[37.0499,7.6772],[37.0486,7.6756],[37.0479,7.675],[37.0468,7.6744],[37.0455,7.6744],[37.0439,7.6751],[37.0428,7.6755],[37.0416,7.677],[37.0411,7.6778],[37.0402,7.6783],[37.0401,7.6779],[37.0382,7.6773],[37.0381,7.6757],[37.0349,7.673],[37.0338,7.6715],[37.0324,7.6696],[37.0314,7.6668],[37.0308,7.6662],[37.0294,7.6652],[37.0281,7.6645],[37.0266,7.6653],[37.0255,7.6654],[37.0244,7.6645],[37.0245,7.6638],[37.0248,7.6636],[37.0253,7.6628],[37.0264,7.6614],[37.0267,7.6606],[37.0259,7.6593],[37.0257,7.6576],[37.0251,7.6566],[37.0238,7.6528],[37.0236,7.6512],[37.0231,7.6506],[37.0227,7.6508],[37.0224,7.6519],[37.0209,7.6549],[37.02,7.6563],[37.0187,7.6568],[37.0174,7.6569],[37.0173,7.6562],[37.0173,7.654],[37.0173,7.6531],[37.0166,7.6527],[37.0155,7.6526],[37.0133,7.6521],[37.0126,7.6515],[37.0125,7.6509],[37.0128,7.6496],[37.0127,7.6486],[37.0121,7.6478],[37.0114,7.6474],[37.0098,7.6457],[37.0089,7.6446],[37.009,7.6438],[37.0088,7.6437],[37.01,7.6408],[37.0098,7.6402],[37.0091,7.6401],[37.0082,7.6409],[37.0069,7.6412],[37.0057,7.6412],[37.0047,7.6406],[37.004,7.6393],[37.0034,7.639],[37.0034,7.6381],[37.0028,7.6369],[37.002,7.635],[37.0022,7.6344],[37.0038,7.6341],[37.0051,7.6338],[37.0051,7.6329],[37.0057,7.6321],[37.0068,7.6315],[37.0096,7.6318],[37.0118,7.6329],[37.0135,7.6327],[37.0149,7.6313],[37.0158,7.6293],[37.0162,7.6271],[37.0156,7.6259],[37.0144,7.6254],[37.0126,7.6255],[37.0112,7.6247],[37.0114,7.6236],[37.0128,7.622],[37.0126,7.6207],[37.0118,7.6199],[37.0123,7.6187],[37.012,7.6183],[37.0111,7.6189],[37.0104,7.6187],[37.0094,7.6203],[37.0085,7.6199],[37.0075,7.6204],[37.0067,7.6202],[37.0064,7.6192],[37.0064,7.6175],[37.0056,7.6166],[37.0041,7.6151],[37.0038,7.6141],[37.0038,7.6131],[37.0046,7.6123],[37.0052,7.6121],[37.0061,7.6124],[37.0072,7.6132],[37.0078,7.6131],[37.0081,7.6128],[37.0077,7.6115],[37.0067,7.6097],[37.0069,7.6085],[37.0077,7.6075],[37.0102,7.6059],[37.01,7.6048],[37.0088,7.6054],[37.0084,7.6057],[37.0068,7.6064],[37.0053,7.6066],[37.0048,7.6065],[37.0039,7.606],[37.0027,7.6028],[37.0016,7.5998],[37.0012,7.5973],[37.0003,7.5963],[37.0002,7.5955],[37.0008,7.5941],[37.0009,7.5932],[37.0015,7.5929],[37.0021,7.5924],[37.0026,7.5907],[37.003,7.5895],[37.0029,7.5866],[37.0039,7.5858],[37.0033,7.5843],[37.0023,7.5836],[37.0007,7.5833],[36.9987,7.5839],[36.9973,7.5851],[36.9968,7.5861],[36.9959,7.5871],[36.996,7.5879],[36.9959,7.5886],[36.9949,7.5889],[36.9938,7.5882],[36.9922,7.5876],[36.9909,7.5874],[36.99,7.5876],[36.9893,7.5887],[36.9894,7.59],[36.9891,7.5907],[36.9891,7.5923],[36.9879,7.5927],[36.9871,7.5931],[36.986,7.5927],[36.9844,7.5923],[36.9837,7.5919],[36.9826,7.5941],[36.9818,7.5941],[36.9807,7.5944],[36.9794,7.5938],[36.9783,7.593],[36.9769,7.5926],[36.9768,7.5921],[36.9764,7.5918],[36.9764,7.5897],[36.9756,7.5898],[36.9748,7.5903],[36.9752,7.592],[36.9753,7.5932],[36.9749,7.5939],[36.9741,7.5941],[36.9731,7.5939],[36.9719,7.5929],[36.9704,7.5923],[36.9688,7.5912],[36.968,7.5909],[36.9671,7.5915],[36.9662,7.5927],[36.9657,7.5932],[36.9647,7.5935],[36.9643,7.5931],[36.9652,7.5928],[36.9662,7.5921],[36.9666,7.5913],[36.9667,7.5905],[36.9661,7.59],[36.9651,7.5895],[36.9633,7.589],[36.9616,7.5893],[36.9605,7.5893],[36.9598,7.5889],[36.9591,7.5878],[36.9581,7.5869],[36.9571,7.5866],[36.9564,7.5867],[36.9558,7.5872],[36.9557,7.588],[36.9556,7.5887],[36.9548,7.5884],[36.9535,7.5881],[36.9521,7.5881],[36.9514,7.5874],[36.951,7.587]]]}},{"type":"Feature","properties":{"id":"LW040","woreda":"Seka Chekorsa","zone":"Jimma","region":"Oromia","area_km2":825.0,"lat":7.5427,"lon":36.7102},"geometry":{"type":"Polygon","coordinates":[[[36.6726,7.328],[36.6517,7.345],[36.6381,7.3712],[36.633,7.3779],[36.6306,7.3851],[36.6291,7.3846],[36.6289,7.3852],[36.6289,7.3864],[36.628,7.3882],[36.6265,7.3901],[36.6255,7.3911],[36.6243,7.3919],[36.6234,7.3936],[36.6231,7.3944],[36.622,7.3964],[36.6204,7.399],[36.6191,7.4007],[36.619,7.4016],[36.6188,7.4024],[36.6186,7.4047],[36.6182,7.4059],[36.6184,7.4094],[36.6183,7.4117],[36.6169,7.4145],[36.6162,7.416],[36.6159,7.4163],[36.6135,7.4165],[36.6081,7.4179],[36.6077,7.4179],[36.6073,7.4185],[36.6067,7.42],[36.6058,7.4219],[36.6048,7.4244],[36.6033,7.4276],[36.6018,7.4315],[36.6002,7.4345],[36.5985,7.4372],[36.5972,7.4397],[36.5941,7.4445],[36.5928,7.4461],[36.5901,7.4499],[36.5865,7.4543],[36.5843,7.4567],[36.5832,7.4585],[36.5825,7.4593],[36.5807,7.4617],[36.5799,7.4632],[36.5816,7.463],[36.5817,7.4664],[36.5796,7.4639],[36.58,7.4742],[36.5802,7.4775],[36.5802,7.4818],[36.5805,7.487],[36.5809,7.4923],[36.5809,7.4935],[36.5809,7.4965],[36.5811,7.498],[36.5818,7.5014],[36.5826,7.5027],[36.5829,7.5037],[36.5836,7.505],[36.5842,7.5069],[36.584,7.5082],[36.584,7.5092],[36.5846,7.5099],[36.5866,7.5108],[36.5886,7.5113],[36.5904,7.512],[36.5917,7.5128],[36.5939,7.5141],[36.5946,7.5127],[36.5952,7.5114],[36.596,7.5098],[36.5967,7.5082],[36.5979,7.5067],[36.5981,7.5057],[36.5991,7.5054],[36.5997,7.5055],[36.6002,7.5066],[36.601,7.5063],[36.6015,7.5056],[36.6022,7.5055],[36.6028,7.5059],[36.6037,7.507],[36.6048,7.5072],[36.6058,7.5079],[36.6059,7.5084],[36.6065,7.509],[36.6067,7.5098],[36.6078,7.5116],[36.6085,7.5117],[36.6093,7.5108],[36.6102,7.5103],[36.6109,7.5112],[36.6111,7.5111],[36.6117,7.5103],[36.6122,7.5103],[36.6139,7.5107],[36.6147,7.5111],[36.6152,7.5111],[36.616,7.5117],[36.6165,7.5118],[36.6168,7.5112],[36.616,7.5104],[36.6171,7.511],[36.6178,7.5115],[36.6184,7.5107],[36.6195,7.5109],[36.6194,7.5114],[36.6188,7.5122],[36.6186,7.5135],[36.6191,7.5136],[36.6194,7.5134],[36.6201,7.514],[36.6205,7.5137],[36.6205,7.513],[36.6215,7.5133],[36.6217,7.5144],[36.6221,7.5146],[36.6228,7.5145],[36.623,7.5141],[36.6229,7.5132],[36.6234,7.5121],[36.6241,7.512],[36.6252,7.5114],[36.6257,7.5102],[36.6272,7.5102],[36.6284,7.5109],[36.6288,7.5115],[36.6293,7.5117],[36.6298,7.5115],[36.6313,7.5117],[36.6327,7.5121],[36.634,7.5123],[36.6352,7.5134],[36.6349,7.5158],[36.6356,7.5184],[36.6357,7.5198],[36.6362,7.5213],[36.6363,7.523],[36.6369,7.5246],[36.6383,7.5249],[36.6398,7.5254],[36.6405,7.5255],[36.6416,7.5258],[36.6428,7.5267],[36.6439,7.5283],[36.6444,7.5292],[36.6444,7.5307],[36.6441,7.5325],[36.6439,7.5332],[36.644,7.5343],[36.644,7.5361],[36.6435,7.5395],[36.6435,7.5406],[36.6468,7.545],[36.6468,7.5463],[36.6467,7.5472],[36.6458,7.5485],[36.646,7.5495],[36.6469,7.5509],[36.6471,7.5531],[36.6469,7.5544],[36.6465,7.5554],[36.6465,7.557],[36.6464,7.5612],[36.6463,7.5623],[36.6452,7.5615],[36.6444,7.5606],[36.6414,7.5598],[36.6402,7.5599],[36.6394,7.5597],[36.6371,7.5599],[36.6362,7.5594],[36.6352,7.5591],[36.6339,7.559],[36.6319,7.5596],[36.631,7.5601],[36.63,7.5611],[36.6284,7.5637],[36.6275,7.5644],[36.6266,7.5648],[36.6269,7.5655],[36.6279,7.5663],[36.6267,7.5677],[36.6249,7.5702],[36.6239,7.5712],[36.6226,7.5712],[36.6219,7.5715],[36.6214,7.5715],[36.6206,7.5721],[36.62,7.5728],[36.6195,7.574],[36.6188,7.5744],[36.6187,7.5754],[36.6207,7.577],[36.6205,7.5774],[36.6198,7.5779],[36.6184,7.5788],[36.6174,7.5788],[36.6149,7.5787],[36.6148,7.5785],[36.6139,7.5784],[36.6101,7.5775],[36.6083,7.5777],[36.6067,7.5775],[36.605,7.5764],[36.6024,7.5757],[36.6007,7.5758],[36.6,7.5756],[36.599,7.5748],[36.5967,7.574],[36.596,7.5739],[36.596,7.5766],[36.5958,7.5792],[36.5956,7.58],[36.5953,7.5801],[36.5942,7.5787],[36.5941,7.5802],[36.5935,7.5798],[36.5921,7.5778],[36.5905,7.5756],[36.5898,7.575],[36.5885,7.5728],[36.587,7.5712],[36.5855,7.5694],[36.585,7.5692],[36.5836,7.5693],[36.58,7.5688],[36.5762,7.5688],[36.5728,7.5682],[36.5725,7.5684],[36.5717,7.5723],[36.5715,7.573],[36.5716,7.575],[36.572,7.5764],[36.5725,7.5787],[36.5737,7.579],[36.5749,7.5786],[36.5764,7.5784],[36.577,7.579],[36.5769,7.5795],[36.5749,7.5816],[36.5739,7.5833],[36.5736,7.5841],[36.5732,7.5846],[36.5732,7.585],[36.5736,7.5858],[36.5749,7.5868],[36.576,7.5876],[36.5768,7.5885],[36.5769,7.5895],[36.5773,7.5909],[36.5781,7.5931],[36.579,7.5945],[36.58,7.5961],[36.5812,7.5973],[36.5818,7.5978],[36.5815,7.599],[36.5819,7.5997],[36.5822,7.5998],[36.5827,7.6006],[36.5842,7.6007],[36.5852,7.6009],[36.5862,7.6013],[36.5866,7.6019],[36.5868,7.6035],[36.5867,7.6045],[36.5869,7.6049],[36.588,7.6052],[36.5891,7.6051],[36.5905,7.6053],[36.5922,7.6065],[36.594,7.6077],[36.595,7.6083],[36.5956,7.6083],[36.596,7.6086],[36.5962,7.6091],[36.596,7.6095],[36.5958,7.6106],[36.5956,7.6134],[36.595,7.6162],[36.5946,7.6174],[36.5945,7.6185],[36.5941,7.62],[36.5935,7.6214],[36.5921,7.6234],[36.5908,7.624],[36.5883,7.6244],[36.5866,7.6243],[36.5855,7.6243],[36.5837,7.623],[36.5826,7.6223],[36.5815,7.6208],[36.5811,7.6205],[36.5808,7.6205],[36.5801,7.6224],[36.5798,7.6227],[36.5786,7.6227],[36.5772,7.6229],[36.5754,7.6231],[36.5742,7.6237],[36.5732,7.6252],[36.572,7.6259],[36.5715,7.6264],[36.5695,7.6271],[36.5687,7.6271],[36.5672,7.628],[36.5667,7.628],[36.566,7.6283],[36.5655,7.629],[36.5636,7.6334],[36.5617,7.6337],[36.5606,7.6337],[36.5601,7.6339],[36.5597,7.6343],[36.5578,7.6352],[36.5554,7.6377],[36.5541,7.6389],[36.5523,7.6398],[36.5494,7.6411],[36.5489,7.6416],[36.5481,7.6415],[36.5474,7.6417],[36.5459,7.6427],[36.5452,7.643],[36.5443,7.6431],[36.5437,7.6434],[36.5431,7.644],[36.5423,7.6451],[36.5418,7.6455],[36.5409,7.6473],[36.5402,7.6475],[36.539,7.6471],[36.5378,7.6462],[36.5371,7.6459],[36.536,7.6444],[36.5354,7.6445],[36.5348,7.645],[36.5343,7.6452],[36.5334,7.6462],[36.5326,7.6478],[36.532,7.6483],[36.5316,7.6493],[36.5316,7.6497],[36.5309,7.6503],[36.5302,7.6506],[36.5275,7.6504],[36.527,7.6496],[36.5273,7.6486],[36.5282,7.6461],[36.5282,7.6457],[36.5273,7.6449],[36.5251,7.6439],[36.5246,7.6435],[36.5239,7.6434],[36.5233,7.6429],[36.5229,7.6427],[36.5221,7.6416],[36.5201,7.6395],[36.5177,7.6378],[36.515,7.6363],[36.5149,7.6366],[36.5133,7.6354],[36.512,7.6346],[36.5087,7.6317],[36.5079,7.6307],[36.5064,7.6275],[36.5045,7.6248],[36.5046,7.6245],[36.5026,7.6229],[36.5012,7.6215],[36.5002,7.6199],[36.4997,7.6195],[36.4986,7.6186],[36.498,7.6183],[36.4965,7.6181],[36.4951,7.6177],[36.4945,7.6174],[36.4941,7.6174],[36.4927,7.6165],[36.4923,7.616],[36.4914,7.6153],[36.4908,7.6153],[36.4897,7.6149],[36.4889,7.6142],[36.4882,7.6134],[36.4876,7.613],[36.4863,7.6136],[36.4855,7.6129],[36.4844,7.6118],[36.4815,7.6106],[36.4802,7.6101],[36.4789,7.6102],[36.476,7.61],[36.4755,7.6093],[36.4751,7.6094],[36.475,7.6097],[36.4745,7.608],[36.4738,7.6076],[36.4726,7.607],[36.4706,7.6071],[36.4694,7.6075],[36.467,7.6074],[36.4664,7.6078],[36.4652,7.6084],[36.4647,7.6091],[36.4644,7.6099],[36.4635,7.6103],[36.4629,7.6108],[36.4622,7.6123],[36.462,7.615],[36.4616,7.6158],[36.4603,7.616],[36.4592,7.6166],[36.4583,7.6163],[36.4573,7.617],[36.4564,7.6171],[36.4542,7.6166],[36.4534,7.616],[36.4528,7.6158],[36.4517,7.6153],[36.4505,7.6156],[36.4498,7.6159],[36.4489,7.6167],[36.4479,7.6173],[36.4468,7.618],[36.4454,7.6185],[36.4446,7.6194],[36.4438,7.62],[36.4431,7.62],[36.4429,7.6195],[36.4424,7.6189],[36.4412,7.6189],[36.4393,7.6196],[36.4387,7.6192],[36.4383,7.6192],[36.437,7.6185],[36.4358,7.6181],[36.433,7.6168],[36.4294,7.6155],[36.4265,7.6147],[36.4259,7.615],[36.4255,7.6158],[36.4259,7.6217],[36.4258,7.6243],[36.4251,7.6258],[36.4239,7.6273],[36.4225,7.6286],[36.421,7.6293],[36.42,7.629],[36.4195,7.6283],[36.4185,7.6284],[36.417,7.6292],[36.4153,7.63],[36.4139,7.6311],[36.4135,7.6319],[36.4126,7.6326],[36.4121,7.6341],[36.4115,7.6346],[36.4102,7.636],[36.4093,7.637],[36.408,7.6368],[36.4065,7.6373],[36.4057,7.6372],[36.4047,7.6374],[36.4039,7.6377],[36.4016,7.6392],[36.4005,7.639],[36.3998,7.639],[36.3991,7.6392],[36.3974,7.641],[36.3968,7.6424],[36.3963,7.6432],[36.397,7.6429],[36.3999,7.6429],[36.4007,7.6431],[36.4016,7.644],[36.4023,7.6448],[36.4041,7.6466],[36.4055,7.6485],[36.4063,7.6493],[36.4073,7.6497],[36.4074,7.6501],[36.4095,7.6503],[36.4168,7.6517],[36.4181,7.652],[36.4192,7.6524],[36.42,7.6529],[36.4212,7.6541],[36.4224,7.6555],[36.4234,7.6564],[36.4252,7.6582],[36.4265,7.6594],[36.4281,7.6608],[36.4307,7.6619],[36.4315,7.6624],[36.4336,7.6624],[36.4345,7.6632],[36.4354,7.6636],[36.4366,7.6635],[36.4375,7.6633],[36.439,7.6632],[36.4402,7.6635],[36.4427,7.6632],[36.4429,7.6637],[36.4444,7.6638],[36.4452,7.6639],[36.4467,7.6648],[36.4492,7.6652],[36.4498,7.6652],[36.4513,7.6656],[36.4525,7.6653],[36.4531,7.6654],[36.4558,7.6654],[36.4565,7.6655],[36.4578,7.6654],[36.4593,7.6647],[36.4596,7.6643],[36.46,7.6643],[36.4604,7.6649],[36.4604,7.6669],[36.4601,7.6679],[36.4605,7.669],[36.461,7.6695],[36.4621,7.67],[36.4624,7.6703],[36.4628,7.6702],[36.4632,7.6697],[36.4643,7.6693],[36.465,7.6685],[36.4669,7.6681],[36.4708,7.6681],[36.4718,7.6683],[36.4726,7.6686],[36.4734,7.6684],[36.4743,7.6675],[36.475,7.6665],[36.476,7.6666],[36.4772,7.667],[36.4796,7.6672],[36.4814,7.6672],[36.4828,7.6671],[36.4818,7.6654],[36.4817,7.6649],[36.4825,7.6642],[36.4836,7.6639],[36.4854,7.6647],[36.4869,7.6647],[36.4882,7.664],[36.4897,7.6639],[36.4906,7.6639],[36.4925,7.6641],[36.495,7.6645],[36.4978,7.6647],[36.5002,7.6653],[36.5022,7.6657],[36.5037,7.6656],[36.5045,7.667],[36.5049,7.668],[36.5042,7.6682],[36.5039,7.6708],[36.5044,7.6704],[36.5053,7.6693],[36.506,7.6693],[36.5064,7.6706],[36.5073,7.6719],[36.508,7.6723],[36.5091,7.6731],[36.5109,7.6751],[36.5118,7.6754],[36.5134,7.6751],[36.5141,7.6749],[36.5147,7.6746],[36.5156,7.6745],[36.5161,7.6748],[36.5163,7.6764],[36.5158,7.6787],[36.5157,7.6818],[36.5156,7.6854],[36.5154,7.686],[36.5145,7.687],[36.514,7.6878],[36.5122,7.69],[36.5123,7.691],[36.5149,7.6933],[36.5149,7.694],[36.5134,7.6971],[36.5132,7.6985],[36.5117,7.7025],[36.5111,7.7043],[36.5111,7.7048],[36.5124,7.7046],[36.5124,7.7049],[36.5108,7.7061],[36.5105,7.7065],[36.5105,7.7069],[36.5111,7.7073],[36.512,7.7072],[36.5129,7.7076],[36.5141,7.7079],[36.515,7.7088],[36.5154,7.7087],[36.5164,7.7083],[36.5175,7.7076],[36.5188,7.7072],[36.5203,7.7074],[36.5212,7.708],[36.5234,7.7076],[36.5257,7.7071],[36.5279,7.7077],[36.5294,7.7079],[36.5303,7.7077],[36.5312,7.7072],[36.5322,7.707],[36.533,7.707],[36.5343,7.7076],[36.5351,7.7085],[36.5367,7.7085],[36.5373,7.7082],[36.5388,7.7082],[36.5398,7.7086],[36.5418,7.7089],[36.5431,7.709],[36.5441,7.7094],[36.5465,7.7096],[36.547,7.7103],[36.5491,7.7115],[36.5515,7.711],[36.5526,7.7113],[36.553,7.7117],[36.5538,7.7113],[36.5541,7.7105],[36.555,7.7101],[36.5557,7.7094],[36.5563,7.7086],[36.557,7.7089],[36.558,7.7096],[36.559,7.7098],[36.5598,7.7106],[36.5618,7.7132],[36.5623,7.7147],[36.5629,7.7158],[36.5627,7.7159],[36.5633,7.7176],[36.5628,7.719],[36.5629,7.7195],[36.5624,7.7204],[36.5623,7.7213],[36.5627,7.7223],[36.5634,7.723],[36.5644,7.7227],[36.5651,7.7233],[36.5652,7.7246],[36.5657,7.7255],[36.5665,7.7262],[36.5675,7.7265],[36.5684,7.7279],[36.5685,7.7289],[36.5691,7.7304],[36.5685,7.7315],[36.5679,7.733],[36.5675,7.7334],[36.5675,7.734],[36.5685,7.7347],[36.5689,7.7348],[36.5698,7.7338],[36.5699,7.7339],[36.5704,7.7319],[36.5712,7.7311],[36.5719,7.7307],[36.573,7.7293],[36.5735,7.7292],[36.5748,7.7304],[36.5763,7.7331],[36.5765,7.7341],[36.5765,7.7352],[36.576,7.7377],[36.5757,7.7389],[36.5772,7.7398],[36.5781,7.7404],[36.5819,7.7427],[36.5834,7.7438],[36.5848,7.7445],[36.5852,7.7451],[36.5857,7.7443],[36.5862,7.7442],[36.5872,7.7446],[36.588,7.7458],[36.5888,7.7462],[36.5892,7.7447],[36.59,7.7428],[36.5912,7.7422],[36.5919,7.7426],[36.5937,7.7419],[36.5939,7.7417],[36.5945,7.7415],[36.5951,7.7412],[36.601,7.7424],[36.6014,7.7428],[36.6012,7.7438],[36.6008,7.7447],[36.6009,7.7459],[36.6004,7.7481],[36.6005,7.7487],[36.6003,7.7507],[36.6,7.7521],[36.5997,7.7541],[36.6007,7.7546],[36.6009,7.7537],[36.6019,7.7544],[36.6038,7.7561],[36.6049,7.7565],[36.6063,7.7564],[36.6067,7.757],[36.6078,7.7589],[36.6088,7.7598],[36.6097,7.7598],[36.6105,7.7579],[36.6126,7.7557],[36.6135,7.7525],[36.6143,7.7524],[36.6168,7.7535],[36.6184,7.7548],[36.6187,7.7566],[36.619,7.7572],[36.6205,7.7577],[36.6221,7.7581],[36.6233,7.757],[36.6234,7.7564],[36.6234,7.7534],[36.6241,7.7512],[36.6252,7.7507],[36.6279,7.7502],[36.629,7.7496],[36.6289,7.7476],[36.6293,7.7461],[36.6287,7.7436],[36.6278,7.7415],[36.6279,7.7399],[36.6283,7.7382],[36.6281,7.7367],[36.6278,7.7358],[36.6294,7.734],[36.63,7.7326],[36.6304,7.7311],[36.6304,7.7301],[36.6308,7.7292],[36.6324,7.7273],[36.6331,7.726],[36.6335,7.7228],[36.6338,7.7227],[36.6354,7.7234],[36.637,7.7245],[36.6372,7.726],[36.6377,7.7265],[36.6381,7.7264],[36.6398,7.7247],[36.6405,7.7226],[36.6416,7.723],[36.6427,7.7231],[36.6438,7.7219],[36.6453,7.7213],[36.6478,7.7212],[36.6487,7.7214],[36.6491,7.7217],[36.6492,7.7223],[36.6499,7.7225],[36.6516,7.7225],[36.6536,7.7228],[36.6559,7.7237],[36.657,7.7238],[36.6587,7.7236],[36.6598,7.7233],[36.6604,7.7233],[36.6611,7.7249],[36.662,7.7258],[36.662,7.7263],[36.6637,7.7277],[36.6655,7.7281],[36.6663,7.7292],[36.6678,7.7304],[36.6683,7.7315],[36.6689,7.7318],[36.6707,7.7311],[36.6718,7.7308],[36.6722,7.7309],[36.6724,7.7315],[36.675,7.7335],[36.6759,7.7341],[36.6777,7.7352],[36.6794,7.7353],[36.6804,7.7351],[36.681,7.7351],[36.6822,7.7355],[36.6835,7.7353],[36.6849,7.7354],[36.6875,7.7366],[36.6883,7.7366],[36.6884,7.7358],[36.6916,7.7363],[36.691,7.7335],[36.6908,7.7327],[36.6917,7.7319],[36.691,7.7311],[36.6904,7.7302],[36.6902,7.7287],[36.6898,7.7272],[36.6899,7.7251],[36.6904,7.7235],[36.6913,7.7226],[36.6925,7.7222],[36.6929,7.7215],[36.694,7.7204],[36.6953,7.72],[36.696,7.7188],[36.6963,7.7184],[36.6999,7.7168],[36.6967,7.7156],[36.694,7.7147],[36.6922,7.714],[36.6915,7.7143],[36.6904,7.7136],[36.6895,7.7137],[36.6879,7.7141],[36.6871,7.7137],[36.6868,7.7128],[36.6867,7.7114],[36.6913,7.712],[36.6912,7.7101],[36.6913,7.7077],[36.6919,7.7071],[36.6924,7.7061],[36.6902,7.7052],[36.6903,7.7051],[36.6922,7.7033],[36.6935,7.7029],[36.6943,7.703],[36.6958,7.7021],[36.697,7.7015],[36.698,7.7002],[36.6982,7.6978],[36.6987,7.6971],[36.6983,7.6961],[36.7014,7.6939],[36.7023,7.6927],[36.7032,7.6923],[36.7044,7.6912],[36.7049,7.6905],[36.7058,7.6899],[36.7055,7.6895],[36.7077,7.6862],[36.7092,7.6859],[36.7103,7.6854],[36.7113,7.6848],[36.7121,7.6843],[36.7136,7.6838],[36.7146,7.683],[36.7166,7.6815],[36.7179,7.6812],[36.7184,7.6794],[36.7195,7.6782],[36.72,7.677],[36.7203,7.6763],[36.7213,7.6754],[36.7221,7.6728],[36.7239,7.6717],[36.7248,7.6712],[36.7261,7.669],[36.7267,7.6689],[36.7265,7.6677],[36.7269,7.6644],[36.7269,7.6636],[36.7278,7.6632],[36.728,7.6622],[36.7288,7.6614],[36.7308,7.6607],[36.7329,7.6591],[36.7342,7.6582],[36.7353,7.6573],[36.7358,7.6568],[36.737,7.6559],[36.738,7.6558],[36.7385,7.6551],[36.7396,7.6544],[36.7417,7.6538],[36.7431,7.653],[36.7431,7.6515],[36.743,7.6505],[36.7434,7.6497],[36.7429,7.649],[36.743,7.648],[36.7438,7.6473],[36.7435,7.6468],[36.7446,7.645],[36.7463,7.6419],[36.7466,7.6401],[36.7474,7.6394],[36.7482,7.6368],[36.7489,7.6359],[36.7506,7.6345],[36.751,7.634],[36.7521,7.6342],[36.7555,7.6359],[36.758,7.6361],[36.7593,7.6362],[36.7614,7.6361],[36.7627,7.6363],[36.7634,7.637],[36.7634,7.6376],[36.7628,7.6383],[36.7615,7.641],[36.7613,7.6425],[36.7613,7.6431],[36.7636,7.6447],[36.7638,7.6452],[36.7634,7.6452],[36.7628,7.6458],[36.7625,7.6467],[36.7642,7.6475],[36.7648,7.6475],[36.7669,7.6468],[36.767,7.6471],[36.768,7.6464],[36.7683,7.6473],[36.7688,7.6476],[36.7697,7.6488],[36.7704,7.6491],[36.7711,7.6486],[36.7721,7.6478],[36.7737,7.6471],[36.7746,7.647],[36.7756,7.647],[36.7767,7.6465],[36.7783,7.6461],[36.7791,7.6457],[36.7794,7.6454],[36.7785,7.643],[36.7784,7.6415],[36.778,7.6389],[36.7783,7.6372],[36.7787,7.6357],[36.7795,7.634],[36.7809,7.6316],[36.7819,7.6302],[36.783,7.6292],[36.7838,7.6283],[36.7853,7.6273],[36.7861,7.6271],[36.7863,7.6269],[36.7886,7.6268],[36.7891,7.6264],[36.7912,7.6254],[36.7921,7.6254],[36.7944,7.6256],[36.7954,7.626],[36.7965,7.6267],[36.7976,7.6272],[36.7993,7.6286],[36.7999,7.6286],[36.8012,7.6288],[36.8031,7.6285],[36.8032,7.6286],[36.8043,7.6255],[36.8047,7.6247],[36.8057,7.6221],[36.8061,7.6215],[36.8068,7.6199],[36.8075,7.6188],[36.8079,7.6175],[36.8079,7.6131],[36.8081,7.6108],[36.808,7.6093],[36.8065,7.6083],[36.8048,7.6086],[36.8012,7.6076],[36.7992,7.6063],[36.7995,7.6051],[36.7981,7.604],[36.798,7.6035],[36.7999,7.6023],[36.8016,7.6019],[36.8029,7.6017],[36.8049,7.5999],[36.8055,7.5979],[36.8052,7.5969],[36.8058,7.5958],[36.8059,7.5951],[36.8064,7.5937],[36.8071,7.5931],[36.8078,7.5927],[36.8071,7.592],[36.8062,7.5917],[36.8062,7.5915],[36.8052,7.5919],[36.8044,7.5926],[36.8032,7.5927],[36.8011,7.5911],[36.7998,7.5899],[36.7996,7.5905],[36.7989,7.5911],[36.798,7.5911],[36.7961,7.5897],[36.7953,7.5892],[36.7945,7.5896],[36.7927,7.5897],[36.7921,7.5889],[36.7914,7.5874],[36.7915,7.5832],[36.7922,7.5817],[36.7926,7.5809],[36.7929,7.5771],[36.7928,7.5751],[36.7937,7.5724],[36.7929,7.571],[36.7928,7.5701],[36.7918,7.5668],[36.7917,7.5657],[36.792,7.5644],[36.7903,7.5637],[36.7897,7.563],[36.7859,7.5614],[36.7842,7.5609],[36.7834,7.5598],[36.7825,7.5606],[36.7811,7.5612],[36.7806,7.561],[36.7796,7.558],[36.7796,7.5558],[36.7791,7.5544],[36.7783,7.5531],[36.7781,7.5516],[36.7777,7.5514],[36.7772,7.5501],[36.7769,7.5486],[36.777,7.547],[36.7766,7.5457],[36.7761,7.5453],[36.7757,7.544],[36.7756,7.5424],[36.7751,7.5416],[36.7739,7.54],[36.7734,7.54],[36.7736,7.5381],[36.7752,7.536],[36.7749,7.5341],[36.7744,7.5336],[36.773,7.5307],[36.7721,7.529],[36.7703,7.5277],[36.7676,7.5279],[36.7664,7.5278],[36.766,7.5275],[36.7659,7.5268],[36.7656,7.526],[36.7653,7.5258],[36.7633,7.5263],[36.7626,7.5259],[36.7619,7.5249],[36.7596,7.5228],[36.7576,7.5221],[36.7575,7.5202],[36.7553,7.5205],[36.7539,7.5195],[36.7533,7.519],[36.7528,7.5186],[36.7504,7.5159],[36.7489,7.5139],[36.7472,7.5115],[36.7472,7.5102],[36.7475,7.5091],[36.7483,7.5081],[36.7483,7.5071],[36.7476,7.5055],[36.7474,7.5039],[36.7471,7.5027],[36.7471,7.5018],[36.7473,7.5013],[36.7469,7.5002],[36.7461,7.4986],[36.7463,7.4976],[36.7473,7.4967],[36.7488,7.496],[36.7521,7.4964],[36.7533,7.4954],[36.7537,7.4943],[36.7537,7.4937],[36.7543,7.4926],[36.755,7.4921],[36.7558,7.4918],[36.7568,7.4916],[36.7574,7.4914],[36.7579,7.4906],[36.7576,7.4898],[36.757,7.4885],[36.7571,7.4866],[36.7569,7.4856],[36.757,7.4821],[36.757,7.4807],[36.7563,7.479],[36.7566,7.4774],[36.7575,7.4737],[36.7587,7.4695],[36.7594,7.4681],[36.759,7.4674],[36.759,7.4649],[36.7587,7.4632],[36.7588,7.4604],[36.7575,7.4585],[36.7564,7.4568],[36.7566,7.4551],[36.7578,7.4511],[36.7561,7.4513],[36.753,7.4517],[36.7531,7.4541],[36.7523,7.4539],[36.7506,7.4537],[36.7495,7.4537],[36.7493,7.453],[36.7504,7.4492],[36.7502,7.4489],[36.7488,7.4492],[36.7482,7.4485],[36.7482,7.4463],[36.7487,7.4449],[36.748,7.4421],[36.7483,7.4398],[36.7483,7.4375],[36.7502,7.4371],[36.7502,7.4365],[36.7492,7.436],[36.7489,7.4358],[36.7498,7.4344],[36.7493,7.4341],[36.7494,7.4332],[36.7487,7.433],[36.7479,7.433],[36.7476,7.4324],[36.7487,7.4316],[36.7494,7.4302],[36.7493,7.4272],[36.749,7.4253],[36.75,7.4244],[36.7505,7.4227],[36.7516,7.4222],[36.752,7.4232],[36.7524,7.4238],[36.7523,7.4239],[36.7527,7.4248],[36.7533,7.425],[36.7538,7.4251],[36.7548,7.4254],[36.7554,7.4253],[36.7559,7.4247],[36.7568,7.4247],[36.7572,7.424],[36.7578,7.4237],[36.7589,7.4243],[36.7592,7.4235],[36.7599,7.4226],[36.7602,7.4222],[36.7605,7.4218],[36.7601,7.4213],[36.7608,7.4209],[36.7606,7.4195],[36.7611,7.4188],[36.7607,7.418],[36.7608,7.4166],[36.7619,7.4159],[36.7622,7.4147],[36.7626,7.4138],[36.7637,7.4119],[36.7639,7.4106],[36.7628,7.4096],[36.7598,7.4083],[36.7573,7.4077],[36.7519,7.4058],[36.7501,7.4051],[36.7487,7.4046],[36.7452,7.4029],[36.7425,7.402],[36.7408,7.4016],[36.74,7.4016],[36.7395,7.401],[36.7393,7.4006],[36.7371,7.4007],[36.7352,7.4],[36.7311,7.4],[36.7293,7.3991],[36.7277,7.3979],[36.7264,7.3959],[36.7258,7.3948],[36.7256,7.3932],[36.7253,7.3927],[36.7248,7.392],[36.7242,7.3903],[36.7242,7.3895],[36.7237,7.3888],[36.7237,7.3882],[36.7229,7.3873],[36.7201,7.3841],[36.7197,7.3836],[36.7187,7.3829],[36.7167,7.3816],[36.7157,7.3813],[36.7141,7.3812],[36.7117,7.3822],[36.711,7.3827],[36.7089,7.3835],[36.7047,7.3837],[36.7048,7.3835],[36.7044,7.3831],[36.7027,7.3796],[36.7017,7.3785],[36.7002,7.3774],[36.6988,7.376],[36.6986,7.3757],[36.698,7.3752],[36.697,7.3698],[36.6967,7.369],[36.6954,7.3672],[36.6948,7.3665],[36.6936,7.3658],[36.6933,7.3652],[36.6928,7.3639],[36.6926,7.3614],[36.6926,7.3593],[36.6928,7.3583],[36.6932,7.3577],[36.6937,7.3575],[36.6949,7.3563],[36.6957,7.3545],[36.6951,7.3509],[36.6942,7.3489],[36.6939,7.3478],[36.6939,7.3471],[36.6943,7.3439],[36.6943,7.343],[36.693,7.3403],[36.6933,7.338],[36.6935,7.3372],[36.6931,7.3366],[36.6919,7.3357],[36.6894,7.3352],[36.6769,7.325],[36.6726,7.328]]]}},{"type":"Feature","properties":{"id":"LW041","woreda":"Tiro Afeta","zone":"Jimma","region":"Oromia","area_km2":743.8,"lat":7.972,"lon":37.2479},"geometry":{"type":"Polygon","coordinates":[[[37.1063,7.9812],[37.1068,7.9816],[37.1076,7.9834],[37.1106,7.9852],[37.1134,7.9882],[37.1143,7.9876],[37.1145,7.9869],[37.1161,7.9855],[37.1181,7.9844],[37.1201,7.9849],[37.1225,7.9864],[37.1251,7.987],[37.127,7.9876],[37.1298,7.9895],[37.1366,7.9915],[37.1375,7.9927],[37.1364,7.9933],[37.1344,7.9952],[37.1347,7.9963],[37.1374,7.9976],[37.1374,7.9989],[37.138,8.0001],[37.1382,8.0049],[37.1379,8.0074],[37.1378,8.0088],[37.1389,8.0114],[37.1395,8.0095],[37.1403,8.0097],[37.14,8.0136],[37.1386,8.0201],[37.1381,8.023],[37.1356,8.0272],[37.1309,8.0322],[37.1313,8.0375],[37.1313,8.0407],[37.1309,8.0487],[37.1302,8.0503],[37.1305,8.052],[37.13,8.0533],[37.1305,8.0549],[37.1352,8.0632],[37.1369,8.0664],[37.1375,8.0683],[37.1407,8.0768],[37.1408,8.0798],[37.1422,8.0799],[37.1433,8.0793],[37.1443,8.0799],[37.1453,8.0835],[37.1448,8.085],[37.1495,8.0896],[37.1519,8.0909],[37.1525,8.0909],[37.1547,8.0915],[37.1558,8.0915],[37.1609,8.0914],[37.1632,8.0912],[37.1637,8.0918],[37.1642,8.092],[37.1662,8.0927],[37.1678,8.0937],[37.1688,8.0972],[37.1692,8.0981],[37.1699,8.1003],[37.1705,8.1016],[37.1729,8.103],[37.1738,8.1035],[37.1749,8.1035],[37.1754,8.1031],[37.1774,8.1004],[37.1785,8.0989],[37.1807,8.0976],[37.1827,8.0967],[37.1844,8.0951],[37.1863,8.0959],[37.1882,8.0959],[37.1911,8.0955],[37.1921,8.0954],[37.1945,8.0951],[37.196,8.0952],[37.1979,8.0947],[37.201,8.0937],[37.2016,8.0911],[37.2048,8.0893],[37.2078,8.088],[37.2115,8.0865],[37.2131,8.0851],[37.2144,8.0847],[37.2169,8.085],[37.2182,8.0862],[37.2191,8.0882],[37.2194,8.0903],[37.2197,8.0925],[37.2204,8.0947],[37.2214,8.0981],[37.2224,8.0998],[37.2253,8.1023],[37.2274,8.1033],[37.2295,8.1032],[37.234,8.103],[37.2364,8.1037],[37.2375,8.1054],[37.2396,8.1068],[37.2405,8.1078],[37.2411,8.1111],[37.251,8.118],[37.2562,8.1218],[37.2582,8.1236],[37.2617,8.1255],[37.2646,8.1277],[37.2684,8.1304],[37.2739,8.1353],[37.2775,8.1379],[37.2848,8.143],[37.2889,8.146],[37.2923,8.1486],[37.2943,8.1499],[37.2961,8.1509],[37.2959,8.1492],[37.2923,8.1453],[37.2953,8.1406],[37.2911,8.1399],[37.295,8.1351],[37.299,8.1318],[37.2999,8.1289],[37.3015,8.1258],[37.3025,8.124],[37.3033,8.1197],[37.3058,8.1154],[37.3053,8.1146],[37.2973,8.1125],[37.2954,8.1088],[37.2925,8.1044],[37.2931,8.1023],[37.2914,8.0956],[37.2928,8.0895],[37.292,8.0852],[37.2963,8.0842],[37.2984,8.0837],[37.2957,8.0824],[37.2974,8.0743],[37.2977,8.0733],[37.2932,8.0695],[37.291,8.0687],[37.2907,8.0672],[37.2911,8.0627],[37.2911,8.0593],[37.2926,8.0574],[37.2957,8.0531],[37.3017,8.0388],[37.3004,8.0376],[37.2989,8.0368],[37.3001,8.0276],[37.3004,8.0246],[37.3036,8.0235],[37.3074,8.0214],[37.31,8.0193],[37.3138,8.0188],[37.3138,8.019],[37.3143,8.0188],[37.3166,8.0153],[37.3203,8.0121],[37.3218,8.0112],[37.3245,8.0098],[37.326,8.0094],[37.3282,8.0089],[37.3303,8.0091],[37.335,8.0098],[37.3377,8.0098],[37.3383,8.0095],[37.3395,8.0095],[37.3441,8.0088],[37.3445,8.009],[37.3455,8.0141],[37.3455,8.0185],[37.3451,8.028],[37.3459,8.0331],[37.3487,8.0379],[37.3509,8.0377],[37.3531,8.0378],[37.3553,8.0384],[37.3566,8.0389],[37.358,8.0396],[37.3591,8.0399],[37.3597,8.0391],[37.3641,8.0348],[37.3657,8.0344],[37.3675,8.035],[37.37,8.0349],[37.3718,8.0342],[37.3746,8.0335],[37.3769,8.0336],[37.379,8.0331],[37.3808,8.0331],[37.3829,8.0338],[37.3847,8.0346],[37.3857,8.0346],[37.3868,8.036],[37.3873,8.0369],[37.3888,8.0374],[37.3896,8.0373],[37.3916,8.0362],[37.3916,8.0357],[37.3914,8.0347],[37.3913,8.0317],[37.3915,8.0298],[37.3925,8.0276],[37.3928,8.027],[37.3936,8.0265],[37.394,8.026],[37.394,8.0253],[37.3932,8.0239],[37.3933,8.0233],[37.3943,8.0206],[37.3953,8.0196],[37.3952,8.0182],[37.3946,8.0171],[37.3946,8.0165],[37.395,8.0159],[37.3951,8.0153],[37.3962,8.0142],[37.3973,8.0129],[37.398,8.012],[37.3975,8.012],[37.3988,8.0113],[37.4014,8.0118],[37.4032,8.0119],[37.4041,8.0115],[37.4049,8.0106],[37.4059,8.0097],[37.4065,8.0089],[37.4067,8.0082],[37.4104,7.9987],[37.4094,7.9983],[37.4041,7.9936],[37.3918,7.9929],[37.3898,7.9847],[37.3877,7.9744],[37.3898,7.962],[37.399,7.954],[37.4038,7.9512],[37.4036,7.9504],[37.4032,7.9496],[37.4021,7.9483],[37.4009,7.9476],[37.4003,7.9459],[37.3985,7.9449],[37.3962,7.944],[37.3958,7.9424],[37.3945,7.9418],[37.394,7.9407],[37.3934,7.9404],[37.3927,7.9405],[37.3911,7.9388],[37.3904,7.9385],[37.3899,7.9375],[37.3892,7.935],[37.3893,7.9325],[37.3892,7.9302],[37.3894,7.9296],[37.3878,7.9259],[37.3857,7.9235],[37.385,7.9218],[37.3845,7.9216],[37.3842,7.9218],[37.3821,7.9208],[37.3808,7.919],[37.38,7.9174],[37.379,7.9166],[37.3775,7.915],[37.3771,7.9128],[37.3762,7.9113],[37.3743,7.9097],[37.3726,7.9073],[37.3718,7.9053],[37.3713,7.903],[37.3701,7.9013],[37.3698,7.8999],[37.3697,7.8983],[37.3694,7.8967],[37.3684,7.896],[37.367,7.8948],[37.3658,7.8947],[37.3643,7.8959],[37.3628,7.8955],[37.3612,7.8941],[37.3591,7.8937],[37.357,7.8925],[37.3542,7.8898],[37.3534,7.888],[37.3522,7.8842],[37.3518,7.883],[37.3519,7.8817],[37.3525,7.8803],[37.3526,7.8795],[37.352,7.8785],[37.3515,7.8772],[37.3513,7.8752],[37.3513,7.8724],[37.3516,7.8705],[37.3516,7.8696],[37.3512,7.8679],[37.3508,7.8656],[37.3504,7.8643],[37.3494,7.8626],[37.3488,7.8611],[37.3503,7.8594],[37.3513,7.8579],[37.3521,7.8573],[37.3523,7.8569],[37.3547,7.8574],[37.3561,7.8576],[37.3563,7.8565],[37.3569,7.8566],[37.3574,7.8564],[37.3578,7.8554],[37.3572,7.8538],[37.3571,7.8529],[37.3571,7.8514],[37.3571,7.8506],[37.3566,7.8495],[37.3564,7.8477],[37.3552,7.8456],[37.3541,7.8439],[37.3529,7.8429],[37.3505,7.8423],[37.3484,7.8408],[37.3476,7.8407],[37.3455,7.841],[37.3441,7.8405],[37.3429,7.8391],[37.3426,7.8383],[37.3426,7.8367],[37.3423,7.8345],[37.3418,7.8343],[37.341,7.8353],[37.3401,7.8373],[37.3392,7.8381],[37.3377,7.8382],[37.3364,7.8373],[37.3349,7.8345],[37.3344,7.8343],[37.3341,7.833],[37.3335,7.8325],[37.332,7.8321],[37.3301,7.8327],[37.3291,7.8329],[37.3276,7.8321],[37.3269,7.832],[37.326,7.8333],[37.3254,7.8338],[37.3238,7.8344],[37.3225,7.8349],[37.3224,7.8359],[37.324,7.8369],[37.3248,7.838],[37.3248,7.8407],[37.3245,7.842],[37.3236,7.8426],[37.3222,7.8428],[37.3206,7.8425],[37.319,7.8413],[37.3181,7.8402],[37.3151,7.8371],[37.3132,7.8364],[37.3118,7.8347],[37.3114,7.8333],[37.3118,7.8319],[37.3131,7.8305],[37.3159,7.8286],[37.3187,7.8268],[37.3194,7.8251],[37.3195,7.8232],[37.3198,7.8218],[37.3202,7.8206],[37.3207,7.8195],[37.3213,7.8194],[37.3223,7.8187],[37.324,7.8186],[37.3249,7.8174],[37.3248,7.8164],[37.3239,7.816],[37.323,7.8144],[37.3217,7.8131],[37.3206,7.8131],[37.3199,7.8139],[37.3195,7.816],[37.3181,7.8183],[37.3168,7.8201],[37.3156,7.821],[37.314,7.8215],[37.3125,7.8222],[37.3106,7.8218],[37.3092,7.8207],[37.3078,7.8197],[37.3054,7.8184],[37.303,7.8173],[37.302,7.8156],[37.3013,7.8152],[37.3013,7.8142],[37.3023,7.8122],[37.304,7.8102],[37.3064,7.807],[37.3074,7.8055],[37.3089,7.8017],[37.3098,7.7987],[37.3104,7.7971],[37.3103,7.7943],[37.3092,7.7944],[37.3074,7.795],[37.3059,7.7963],[37.3039,7.7967],[37.3028,7.7974],[37.3027,7.7989],[37.3018,7.7998],[37.3013,7.8001],[37.2994,7.8004],[37.2973,7.8003],[37.2958,7.799],[37.2952,7.7977],[37.2945,7.7968],[37.293,7.7964],[37.2912,7.7955],[37.291,7.7938],[37.2903,7.7934],[37.2896,7.794],[37.2885,7.7948],[37.2879,7.7953],[37.287,7.7965],[37.2859,7.7977],[37.2855,7.7972],[37.2836,7.7969],[37.2828,7.7963],[37.282,7.7965],[37.281,7.7988],[37.2793,7.7994],[37.2755,7.7992],[37.2719,7.7996],[37.2689,7.8004],[37.2679,7.801],[37.2665,7.8022],[37.2651,7.8031],[37.2643,7.8044],[37.2622,7.8085],[37.2615,7.8091],[37.2597,7.8096],[37.2586,7.8095],[37.2577,7.8082],[37.2574,7.8039],[37.2576,7.8016],[37.2582,7.8001],[37.2584,7.7991],[37.2577,7.7974],[37.2563,7.7967],[37.2544,7.7963],[37.252,7.7963],[37.2509,7.7972],[37.2505,7.7981],[37.2511,7.7997],[37.2514,7.8029],[37.2509,7.8052],[37.2499,7.8062],[37.2484,7.8069],[37.2477,7.8075],[37.2472,7.8084],[37.2482,7.8099],[37.2487,7.8104],[37.2488,7.8124],[37.2471,7.8136],[37.2464,7.8141],[37.2461,7.8147],[37.2452,7.8149],[37.244,7.8134],[37.2424,7.8101],[37.2411,7.8078],[37.2398,7.807],[37.2381,7.8066],[37.2371,7.8067],[37.2363,7.807],[37.2356,7.8078],[37.2345,7.8084],[37.2333,7.8084],[37.2297,7.805],[37.2283,7.8034],[37.2271,7.8035],[37.2247,7.805],[37.2233,7.8062],[37.2232,7.8071],[37.222,7.8079],[37.2207,7.8077],[37.2194,7.8083],[37.2187,7.8094],[37.2183,7.8102],[37.2176,7.8115],[37.2165,7.8126],[37.2163,7.813],[37.2174,7.8143],[37.2171,7.8153],[37.2157,7.8151],[37.2144,7.8154],[37.2121,7.8172],[37.2108,7.8194],[37.2104,7.8206],[37.2113,7.8233],[37.2115,7.8254],[37.2099,7.8282],[37.2084,7.8294],[37.2062,7.8311],[37.2049,7.8314],[37.2038,7.8321],[37.2034,7.8311],[37.2016,7.831],[37.1992,7.8295],[37.1973,7.8286],[37.1967,7.8287],[37.1962,7.8294],[37.1958,7.8308],[37.1961,7.8337],[37.1979,7.8384],[37.1982,7.8405],[37.1969,7.8412],[37.1966,7.8429],[37.1976,7.8459],[37.1976,7.8465],[37.1959,7.8488],[37.1947,7.8497],[37.1936,7.8507],[37.192,7.8508],[37.1905,7.851],[37.1882,7.8521],[37.1875,7.8518],[37.1849,7.8494],[37.1835,7.8485],[37.1823,7.8484],[37.1797,7.8493],[37.1793,7.8503],[37.1796,7.8513],[37.1794,7.8512],[37.1792,7.8538],[37.1772,7.8553],[37.1764,7.8555],[37.1744,7.8575],[37.1732,7.8596],[37.1728,7.8631],[37.1721,7.8628],[37.1717,7.8619],[37.1711,7.8603],[37.1701,7.8583],[37.1704,7.8563],[37.1699,7.8563],[37.1694,7.8566],[37.1686,7.8568],[37.1666,7.8563],[37.1661,7.8539],[37.1646,7.8543],[37.1636,7.8552],[37.1618,7.8547],[37.1582,7.8537],[37.1573,7.853],[37.1558,7.8524],[37.1549,7.8532],[37.1549,7.8548],[37.1571,7.8597],[37.1579,7.8632],[37.1575,7.8642],[37.1559,7.8647],[37.1541,7.8645],[37.1511,7.8651],[37.1502,7.8653],[37.1469,7.8673],[37.1468,7.868],[37.1457,7.8693],[37.1461,7.8698],[37.147,7.8702],[37.147,7.8708],[37.1469,7.8725],[37.1463,7.8728],[37.1463,7.8733],[37.147,7.8753],[37.1476,7.8769],[37.1477,7.8777],[37.148,7.8792],[37.1495,7.8802],[37.151,7.8812],[37.1542,7.8841],[37.1557,7.8855],[37.1575,7.8865],[37.1586,7.8873],[37.1595,7.8886],[37.1602,7.8897],[37.1608,7.8918],[37.1604,7.8925],[37.1596,7.8939],[37.1586,7.8939],[37.1565,7.8942],[37.155,7.8946],[37.154,7.8951],[37.1535,7.8961],[37.1529,7.8963],[37.1519,7.8964],[37.1511,7.8972],[37.152,7.8984],[37.1528,7.8996],[37.1519,7.9002],[37.1519,7.9031],[37.1528,7.9065],[37.153,7.9077],[37.1524,7.9081],[37.1507,7.9085],[37.1501,7.9092],[37.1479,7.9097],[37.1475,7.9112],[37.1463,7.914],[37.1454,7.9147],[37.1454,7.9161],[37.1458,7.9187],[37.1465,7.9197],[37.148,7.9208],[37.1505,7.9222],[37.1507,7.923],[37.1507,7.924],[37.1503,7.9272],[37.151,7.9288],[37.152,7.932],[37.1514,7.9321],[37.1516,7.9334],[37.1513,7.934],[37.1505,7.9343],[37.1497,7.934],[37.1493,7.9349],[37.1498,7.9357],[37.1514,7.9357],[37.1534,7.9349],[37.154,7.9368],[37.1535,7.9383],[37.1527,7.9388],[37.1521,7.94],[37.1518,7.9401],[37.1514,7.9418],[37.1507,7.9418],[37.1499,7.9416],[37.1488,7.94],[37.148,7.9383],[37.1471,7.936],[37.1466,7.9358],[37.1451,7.9358],[37.1444,7.9372],[37.1434,7.9381],[37.1425,7.9391],[37.1423,7.9408],[37.1449,7.9437],[37.1444,7.9444],[37.143,7.9453],[37.1415,7.9445],[37.14,7.9434],[37.1383,7.9418],[37.137,7.9411],[37.1355,7.9407],[37.1338,7.9399],[37.1336,7.9395],[37.1328,7.9389],[37.1318,7.9394],[37.131,7.9391],[37.1306,7.9385],[37.13,7.9382],[37.1279,7.939],[37.1281,7.9394],[37.1286,7.9398],[37.1272,7.9406],[37.1275,7.9417],[37.1299,7.9429],[37.1311,7.9441],[37.132,7.9451],[37.1312,7.9459],[37.1286,7.9469],[37.1261,7.9476],[37.1242,7.9486],[37.1232,7.9493],[37.1205,7.9473],[37.1198,7.9468],[37.1186,7.9456],[37.118,7.9454],[37.117,7.9454],[37.1172,7.9469],[37.1184,7.9475],[37.1206,7.9487],[37.1211,7.9497],[37.121,7.95],[37.1187,7.9501],[37.1175,7.9504],[37.1172,7.9506],[37.1163,7.9507],[37.116,7.951],[37.1159,7.9517],[37.1162,7.9521],[37.1137,7.952],[37.1118,7.952],[37.1111,7.9529],[37.1116,7.9537],[37.1123,7.9538],[37.1126,7.9541],[37.1121,7.9547],[37.113,7.9549],[37.1132,7.9562],[37.1122,7.9582],[37.1115,7.9591],[37.1109,7.9608],[37.1101,7.9624],[37.1105,7.9641],[37.11,7.9654],[37.11,7.9668],[37.1103,7.9683],[37.1114,7.9698],[37.1091,7.9707],[37.1074,7.9716],[37.1072,7.9736],[37.1075,7.9748],[37.1086,7.9755],[37.1089,7.9759],[37.108,7.9768],[37.1075,7.978],[37.106,7.9786],[37.1056,7.9794],[37.1063,7.9812]]]}},{"type":"Feature","properties":{"id":"LW042","woreda":"Abichugna Gne'a","zone":"North Shewa (OR)","region":"Oromia","area_km2":676.0,"lat":9.6088,"lon":39.2493},"geometry":{"type":"Polygon","coordinates":[[[39.0654,9.5704],[39.0669,9.57],[39.0681,9.5697],[39.07,9.5691],[39.0728,9.5695],[39.0736,9.5693],[39.0737,9.5695],[39.075,9.5681],[39.0765,9.567],[39.0782,9.5659],[39.0793,9.5658],[39.0799,9.5652],[39.0807,9.5653],[39.0816,9.566],[39.0824,9.5657],[39.0824,9.5647],[39.082,9.5636],[39.0825,9.563],[39.083,9.5628],[39.0845,9.5627],[39.0856,9.5626],[39.0862,9.5622],[39.0867,9.5615],[39.0875,9.5606],[39.088,9.5591],[39.0888,9.5573],[39.0893,9.5573],[39.0898,9.5584],[39.091,9.5588],[39.0918,9.5599],[39.0924,9.5604],[39.0939,9.5612],[39.0946,9.5615],[39.0955,9.5621],[39.0965,9.563],[39.0965,9.5641],[39.096,9.5651],[39.0956,9.5652],[39.0934,9.567],[39.0919,9.5678],[39.0925,9.5699],[39.0955,9.571],[39.0962,9.5701],[39.0981,9.5683],[39.0989,9.5674],[39.1,9.5659],[39.1012,9.5652],[39.1006,9.5634],[39.1011,9.5614],[39.1017,9.5598],[39.102,9.5582],[39.1024,9.5581],[39.1032,9.5589],[39.1047,9.5609],[39.1049,9.5625],[39.1051,9.563],[39.1049,9.5648],[39.1048,9.5665],[39.1048,9.5682],[39.1047,9.5693],[39.1054,9.5711],[39.1062,9.5723],[39.1088,9.5736],[39.1099,9.575],[39.1107,9.577],[39.1131,9.5795],[39.1135,9.5828],[39.1143,9.5832],[39.1145,9.5841],[39.1144,9.5848],[39.1137,9.5851],[39.1123,9.5846],[39.1114,9.5847],[39.1108,9.5849],[39.1106,9.5857],[39.1116,9.5882],[39.1115,9.5889],[39.1103,9.5889],[39.1098,9.5901],[39.111,9.5919],[39.1116,9.5923],[39.1117,9.5929],[39.109,9.5937],[39.108,9.5941],[39.1075,9.5946],[39.1057,9.5958],[39.1049,9.5957],[39.1035,9.5973],[39.1038,9.5996],[39.1046,9.5997],[39.1054,9.6001],[39.1059,9.6011],[39.1086,9.6037],[39.1099,9.6051],[39.1105,9.6062],[39.112,9.6076],[39.1125,9.6089],[39.1134,9.6089],[39.1139,9.6089],[39.1149,9.6105],[39.1188,9.6136],[39.1197,9.6145],[39.1202,9.6147],[39.1215,9.6148],[39.1216,9.6136],[39.1215,9.6126],[39.1216,9.6122],[39.1226,9.6114],[39.1248,9.612],[39.1269,9.6134],[39.1286,9.6139],[39.1302,9.6142],[39.1319,9.6154],[39.1334,9.6159],[39.1342,9.6159],[39.1351,9.6153],[39.1354,9.6146],[39.1351,9.6141],[39.1361,9.6129],[39.1364,9.6113],[39.1367,9.6093],[39.1374,9.609],[39.1379,9.6096],[39.1389,9.61],[39.1401,9.6112],[39.1411,9.6135],[39.14,9.6144],[39.1384,9.6157],[39.1375,9.6169],[39.1373,9.6181],[39.1363,9.6182],[39.1344,9.6188],[39.1339,9.6194],[39.1335,9.6196],[39.1323,9.6193],[39.1317,9.6194],[39.1313,9.6202],[39.1306,9.6211],[39.1295,9.621],[39.1287,9.6219],[39.1285,9.6229],[39.1283,9.6237],[39.1286,9.6245],[39.1295,9.6252],[39.1291,9.6264],[39.1282,9.6272],[39.1273,9.6281],[39.1269,9.629],[39.1263,9.63],[39.1253,9.6305],[39.1245,9.6302],[39.1237,9.6296],[39.1225,9.6291],[39.1214,9.6293],[39.1207,9.63],[39.1202,9.6322],[39.1204,9.6338],[39.1195,9.6349],[39.1188,9.637],[39.1183,9.6379],[39.1176,9.6385],[39.1169,9.6387],[39.1172,9.6396],[39.118,9.6399],[39.1192,9.6412],[39.1197,9.6423],[39.1203,9.6435],[39.1201,9.6449],[39.1206,9.6462],[39.1215,9.6464],[39.1225,9.6468],[39.1242,9.6474],[39.1253,9.6479],[39.1263,9.6481],[39.1275,9.6489],[39.1282,9.6499],[39.129,9.6521],[39.1296,9.6524],[39.1312,9.6527],[39.1328,9.6529],[39.134,9.6535],[39.1362,9.654],[39.1374,9.6547],[39.1381,9.6553],[39.138,9.6561],[39.1373,9.6573],[39.1369,9.6589],[39.1369,9.6601],[39.1363,9.6605],[39.1356,9.6606],[39.1346,9.6609],[39.1334,9.6627],[39.1331,9.6636],[39.1325,9.6648],[39.1322,9.6658],[39.1324,9.6672],[39.1317,9.6679],[39.131,9.6694],[39.1307,9.6704],[39.1299,9.6701],[39.1289,9.6713],[39.1275,9.6724],[39.1266,9.6729],[39.1265,9.6736],[39.1264,9.6761],[39.1258,9.6762],[39.1246,9.6775],[39.1241,9.6765],[39.1231,9.6767],[39.1225,9.6771],[39.1218,9.677],[39.1206,9.678],[39.1201,9.6779],[39.1194,9.6772],[39.1187,9.6771],[39.1181,9.6776],[39.1172,9.6777],[39.1166,9.6768],[39.1151,9.6771],[39.1142,9.6775],[39.1136,9.6785],[39.1132,9.6789],[39.1126,9.6801],[39.1122,9.6815],[39.1116,9.6819],[39.111,9.683],[39.112,9.6845],[39.1115,9.6848],[39.1108,9.6856],[39.1106,9.686],[39.11,9.6865],[39.1094,9.6874],[39.1093,9.6883],[39.1087,9.6888],[39.1082,9.6898],[39.1082,9.6906],[39.109,9.6929],[39.1087,9.6943],[39.1086,9.6952],[39.1081,9.6964],[39.1071,9.6967],[39.1063,9.6966],[39.1056,9.6972],[39.1044,9.6976],[39.1032,9.6973],[39.1012,9.697],[39.1002,9.6965],[39.0996,9.6968],[39.0986,9.6989],[39.0979,9.6997],[39.0971,9.7005],[39.0971,9.7017],[39.0971,9.7029],[39.0964,9.7031],[39.096,9.7042],[39.0954,9.705],[39.0947,9.7055],[39.0954,9.706],[39.0972,9.7069],[39.0978,9.7085],[39.0986,9.7101],[39.0984,9.7116],[39.0987,9.7128],[39.099,9.7142],[39.0988,9.7152],[39.0992,9.7172],[39.0989,9.7182],[39.0977,9.7184],[39.0959,9.7185],[39.0948,9.7185],[39.0939,9.7194],[39.0916,9.7202],[39.0912,9.7187],[39.0912,9.717],[39.0915,9.7154],[39.0916,9.713],[39.0916,9.712],[39.0903,9.7128],[39.0891,9.7138],[39.0862,9.7153],[39.0856,9.7153],[39.0844,9.7151],[39.0839,9.7144],[39.0834,9.7149],[39.082,9.7168],[39.0815,9.7168],[39.0835,9.7194],[39.0838,9.7209],[39.0843,9.7217],[39.0853,9.7227],[39.0872,9.7227],[39.09,9.7237],[39.0915,9.7245],[39.0929,9.7238],[39.0934,9.7249],[39.0945,9.7237],[39.0956,9.7246],[39.0973,9.7241],[39.0979,9.7234],[39.0991,9.7236],[39.1007,9.7226],[39.1011,9.7218],[39.1018,9.7207],[39.1024,9.7203],[39.1035,9.7205],[39.1048,9.7224],[39.106,9.7224],[39.1063,9.7232],[39.1076,9.7227],[39.1091,9.7225],[39.1103,9.7222],[39.1118,9.7221],[39.113,9.722],[39.1128,9.7233],[39.1119,9.7248],[39.1116,9.7265],[39.1096,9.7275],[39.1091,9.7279],[39.1086,9.7279],[39.1082,9.7289],[39.1075,9.7302],[39.1064,9.7321],[39.1058,9.7332],[39.1096,9.7325],[39.117,9.7333],[39.1227,9.7349],[39.1275,9.7385],[39.1335,9.7414],[39.1393,9.7407],[39.143,9.7353],[39.1449,9.7286],[39.1443,9.7207],[39.1477,9.7154],[39.146,9.7084],[39.1463,9.7002],[39.1454,9.6933],[39.1491,9.6908],[39.1557,9.6887],[39.1618,9.6888],[39.1663,9.6927],[39.1742,9.6948],[39.1786,9.6893],[39.184,9.6858],[39.1843,9.6939],[39.1841,9.7002],[39.1846,9.7067],[39.1835,9.7148],[39.1842,9.7201],[39.1906,9.7184],[39.1974,9.7164],[39.2001,9.7087],[39.2049,9.7066],[39.2086,9.7109],[39.2114,9.7047],[39.2168,9.7084],[39.2235,9.7052],[39.225,9.6989],[39.2281,9.6937],[39.2328,9.6992],[39.239,9.7024],[39.2448,9.7018],[39.2499,9.7049],[39.2523,9.7124],[39.2552,9.7198],[39.2577,9.7246],[39.26,9.7293],[39.2636,9.7352],[39.2681,9.7397],[39.2736,9.7374],[39.2804,9.7332],[39.2876,9.734],[39.2894,9.7388],[39.2917,9.7451],[39.2979,9.748],[39.3031,9.746],[39.3081,9.744],[39.3111,9.7387],[39.3133,9.7314],[39.3205,9.7241],[39.3288,9.7244],[39.3351,9.7258],[39.3418,9.7275],[39.3467,9.7251],[39.3408,9.7171],[39.338,9.7102],[39.3393,9.7039],[39.3445,9.699],[39.3503,9.6999],[39.3577,9.7006],[39.3641,9.7015],[39.3701,9.6994],[39.3697,9.6896],[39.3648,9.6846],[39.361,9.6803],[39.367,9.6753],[39.3713,9.67],[39.3682,9.663],[39.3621,9.6615],[39.3578,9.6569],[39.3572,9.6479],[39.3556,9.6398],[39.3533,9.6341],[39.3527,9.6282],[39.352,9.6221],[39.3544,9.6177],[39.3617,9.6189],[39.366,9.622],[39.371,9.6257],[39.3755,9.6292],[39.3806,9.6305],[39.3859,9.6308],[39.3883,9.6224],[39.3888,9.6157],[39.3853,9.6107],[39.3842,9.6029],[39.3797,9.5963],[39.3734,9.592],[39.3733,9.5829],[39.3779,9.5802],[39.3785,9.5731],[39.3765,9.5673],[39.3726,9.564],[39.3693,9.5578],[39.3658,9.5529],[39.3606,9.5461],[39.3528,9.5492],[39.3477,9.5476],[39.3414,9.5454],[39.3383,9.5413],[39.3342,9.5334],[39.3297,9.5266],[39.3229,9.5257],[39.3181,9.5294],[39.3129,9.5356],[39.3087,9.5308],[39.3021,9.5227],[39.3025,9.512],[39.3052,9.5052],[39.2995,9.5028],[39.2936,9.5006],[39.2937,9.4986],[39.2927,9.4984],[39.2908,9.4983],[39.2893,9.4983],[39.2877,9.4987],[39.2867,9.499],[39.2863,9.4991],[39.2855,9.499],[39.2848,9.4984],[39.2836,9.4983],[39.2834,9.4986],[39.2826,9.4989],[39.282,9.4985],[39.2804,9.4978],[39.2799,9.4972],[39.2791,9.4974],[39.2786,9.4989],[39.2786,9.4991],[39.2781,9.5002],[39.2781,9.5008],[39.278,9.5012],[39.2774,9.5021],[39.2772,9.5023],[39.276,9.5037],[39.2747,9.5045],[39.2741,9.5045],[39.2737,9.5055],[39.2728,9.5056],[39.2721,9.5067],[39.2714,9.5074],[39.2708,9.5077],[39.2702,9.508],[39.2693,9.5077],[39.2695,9.5065],[39.2691,9.5062],[39.2684,9.5063],[39.2661,9.5057],[39.2661,9.5059],[39.2655,9.5071],[39.265,9.5063],[39.264,9.5072],[39.2613,9.5078],[39.2609,9.5072],[39.2602,9.5064],[39.26,9.5058],[39.2587,9.505],[39.2578,9.5038],[39.2571,9.5032],[39.2569,9.5026],[39.2556,9.5017],[39.2542,9.5007],[39.2534,9.5002],[39.253,9.4993],[39.2519,9.4986],[39.2516,9.4975],[39.2515,9.4954],[39.2522,9.4942],[39.252,9.492],[39.2518,9.4897],[39.2518,9.4877],[39.2532,9.487],[39.2536,9.4866],[39.2541,9.4863],[39.2544,9.4859],[39.2544,9.4849],[39.2557,9.4835],[39.2553,9.4817],[39.2543,9.4793],[39.2529,9.4783],[39.2516,9.4787],[39.2511,9.4776],[39.2509,9.4764],[39.2508,9.4753],[39.2502,9.4732],[39.2496,9.4725],[39.2481,9.4723],[39.2476,9.4724],[39.2459,9.4722],[39.2447,9.472],[39.244,9.4702],[39.2434,9.4696],[39.2423,9.4696],[39.2418,9.4699],[39.2413,9.47],[39.2405,9.4706],[39.24,9.4722],[39.2383,9.4752],[39.2374,9.4763],[39.2364,9.4767],[39.2359,9.4773],[39.2361,9.4778],[39.2354,9.4797],[39.2356,9.4809],[39.234,9.4813],[39.2335,9.4809],[39.2318,9.4798],[39.2311,9.4796],[39.2304,9.4799],[39.2296,9.4806],[39.229,9.4807],[39.2282,9.4814],[39.2281,9.4819],[39.2281,9.4832],[39.2275,9.4836],[39.2264,9.4837],[39.2261,9.484],[39.2261,9.4843],[39.2264,9.485],[39.226,9.4857],[39.2259,9.4868],[39.2254,9.4878],[39.2252,9.4884],[39.2248,9.4892],[39.225,9.4913],[39.225,9.492],[39.223,9.4925],[39.222,9.4914],[39.2215,9.4894],[39.2208,9.4883],[39.2203,9.4874],[39.2194,9.4872],[39.2187,9.4872],[39.2176,9.488],[39.2169,9.4889],[39.2156,9.4884],[39.2138,9.4875],[39.2127,9.4865],[39.2114,9.4859],[39.21,9.4846],[39.2099,9.4831],[39.2096,9.4826],[39.2077,9.4816],[39.2072,9.4818],[39.2054,9.4816],[39.2036,9.4815],[39.2028,9.4811],[39.2016,9.4815],[39.2005,9.4824],[39.1994,9.4822],[39.1984,9.4827],[39.1985,9.4832],[39.1968,9.483],[39.1955,9.4825],[39.1947,9.4828],[39.1938,9.483],[39.193,9.4835],[39.1921,9.4834],[39.1924,9.4838],[39.1931,9.4844],[39.1937,9.4849],[39.1946,9.4854],[39.1955,9.4862],[39.196,9.4867],[39.1961,9.4873],[39.1958,9.4877],[39.1948,9.4881],[39.1945,9.4885],[39.1944,9.4893],[39.1952,9.4902],[39.1966,9.491],[39.1963,9.4916],[39.1963,9.4922],[39.1956,9.4929],[39.1952,9.4939],[39.1947,9.4946],[39.1948,9.4959],[39.1958,9.4969],[39.197,9.4989],[39.1972,9.4996],[39.1968,9.5001],[39.1968,9.5007],[39.1965,9.5018],[39.1959,9.5026],[39.1958,9.5035],[39.1951,9.5036],[39.194,9.5046],[39.1939,9.5056],[39.1927,9.5049],[39.1917,9.5041],[39.1903,9.5034],[39.1892,9.5026],[39.188,9.5023],[39.1866,9.5018],[39.1843,9.4997],[39.1822,9.4982],[39.1819,9.4974],[39.1817,9.4961],[39.1817,9.4952],[39.1818,9.4949],[39.1815,9.4942],[39.1816,9.4934],[39.1812,9.493],[39.1809,9.4918],[39.1801,9.4913],[39.18,9.4901],[39.1794,9.4897],[39.1792,9.4889],[39.1792,9.488],[39.1782,9.4877],[39.1765,9.4873],[39.1751,9.4867],[39.1746,9.4867],[39.1738,9.4868],[39.1723,9.4863],[39.1726,9.4855],[39.1725,9.485],[39.1718,9.4845],[39.1709,9.4848],[39.1704,9.4854],[39.17,9.4854],[39.1693,9.485],[39.1676,9.4842],[39.1667,9.4839],[39.1656,9.4837],[39.1638,9.4834],[39.1616,9.4839],[39.1598,9.4853],[39.159,9.4857],[39.1573,9.4858],[39.1564,9.4857],[39.1558,9.4861],[39.1552,9.4866],[39.1547,9.4872],[39.1538,9.4879],[39.1529,9.488],[39.1523,9.4887],[39.1502,9.4902],[39.1492,9.4902],[39.148,9.4906],[39.1471,9.4905],[39.1458,9.4907],[39.1446,9.4903],[39.1436,9.4899],[39.1407,9.4897],[39.1387,9.4898],[39.1377,9.4902],[39.1374,9.4898],[39.1366,9.4895],[39.1359,9.4895],[39.1348,9.4887],[39.1337,9.4884],[39.1323,9.49],[39.1315,9.4908],[39.1312,9.4912],[39.131,9.4928],[39.1306,9.4938],[39.1306,9.4946],[39.1309,9.495],[39.131,9.4961],[39.1314,9.4966],[39.132,9.4971],[39.1331,9.4986],[39.1332,9.4995],[39.1326,9.5],[39.132,9.4998],[39.1294,9.4994],[39.128,9.4997],[39.1282,9.5011],[39.1281,9.5018],[39.1287,9.5033],[39.1281,9.5039],[39.1273,9.5038],[39.1268,9.5039],[39.126,9.5046],[39.126,9.5058],[39.1251,9.507],[39.1253,9.5077],[39.1251,9.5083],[39.1244,9.5092],[39.1238,9.5107],[39.1237,9.5114],[39.1226,9.5118],[39.1222,9.5122],[39.1221,9.5129],[39.1215,9.5133],[39.1215,9.5142],[39.1208,9.515],[39.1206,9.5157],[39.1206,9.5165],[39.1195,9.5193],[39.1179,9.5194],[39.1172,9.5203],[39.1159,9.5218],[39.1151,9.5223],[39.1147,9.522],[39.1161,9.5201],[39.1159,9.5191],[39.1143,9.5187],[39.1135,9.5189],[39.1114,9.5189],[39.1087,9.5193],[39.1079,9.5194],[39.1074,9.5198],[39.1071,9.5215],[39.1064,9.5227],[39.1047,9.5231],[39.1042,9.5238],[39.1016,9.526],[39.101,9.5272],[39.1008,9.528],[39.1002,9.5293],[39.0996,9.53],[39.0989,9.5306],[39.0973,9.531],[39.0961,9.5311],[39.0946,9.5315],[39.0929,9.5305],[39.0913,9.5314],[39.0883,9.5322],[39.0871,9.5317],[39.0861,9.5316],[39.0857,9.5323],[39.0849,9.5341],[39.0845,9.5355],[39.084,9.5367],[39.0836,9.538],[39.0828,9.5385],[39.0809,9.5386],[39.0793,9.5384],[39.0767,9.539],[39.0753,9.54],[39.0748,9.5416],[39.0743,9.5429],[39.0731,9.5441],[39.072,9.5451],[39.0712,9.5452],[39.0708,9.5455],[39.0705,9.5451],[39.0682,9.5457],[39.0688,9.5461],[39.0682,9.5479],[39.0693,9.5486],[39.0695,9.5502],[39.0707,9.5495],[39.0717,9.5505],[39.072,9.5517],[39.0718,9.5526],[39.0712,9.5533],[39.0697,9.5532],[39.069,9.5531],[39.0684,9.5526],[39.0677,9.5531],[39.0681,9.5554],[39.0677,9.5565],[39.0659,9.5585],[39.0661,9.5599],[39.0665,9.5611],[39.0665,9.5617],[39.0662,9.5628],[39.0661,9.564],[39.0658,9.5648],[39.0653,9.5668],[39.0647,9.5677],[39.0645,9.5686],[39.0645,9.5695],[39.065,9.5702],[39.0654,9.5704]]]}},{"type":"Feature","properties":{"id":"LW043","woreda":"Aleltu","zone":"North Shewa (OR)","region":"Oromia","area_km2":424.6,"lat":9.21,"lon":39.121},"geometry":{"type":"Polygon","coordinates":[[[39.2417,9.145],[39.2381,9.1413],[39.2369,9.1398],[39.2362,9.1383],[39.2348,9.1365],[39.2351,9.1361],[39.2326,9.1345],[39.23,9.1328],[39.2272,9.131],[39.2245,9.1294],[39.2221,9.1271],[39.2199,9.1251],[39.218,9.1231],[39.2155,9.1203],[39.2124,9.1173],[39.2102,9.1148],[39.2085,9.1132],[39.2059,9.112],[39.202,9.1119],[39.1988,9.1115],[39.1958,9.1099],[39.1927,9.108],[39.1849,9.1043],[39.1827,9.1025],[39.1799,9.0987],[39.178,9.0962],[39.1764,9.0945],[39.174,9.0923],[39.1714,9.0903],[39.1682,9.0888],[39.1657,9.0873],[39.1636,9.085],[39.162,9.083],[39.1593,9.0829],[39.1585,9.0821],[39.1575,9.0817],[39.1563,9.0818],[39.1553,9.0822],[39.1544,9.0829],[39.1536,9.0837],[39.1527,9.0851],[39.152,9.085],[39.1505,9.0853],[39.149,9.0858],[39.1478,9.0863],[39.145,9.0881],[39.1442,9.0888],[39.1435,9.0898],[39.1433,9.0914],[39.1434,9.0925],[39.142,9.0932],[39.141,9.0941],[39.1405,9.0934],[39.1397,9.0934],[39.1388,9.0936],[39.1376,9.094],[39.1368,9.0946],[39.1361,9.0952],[39.1354,9.0955],[39.1349,9.0954],[39.1345,9.0949],[39.1339,9.0947],[39.1332,9.0949],[39.1329,9.0953],[39.1322,9.0964],[39.132,9.0969],[39.1313,9.0978],[39.1287,9.0985],[39.1282,9.0992],[39.1265,9.0997],[39.1252,9.0993],[39.1249,9.0973],[39.1244,9.0968],[39.1243,9.0959],[39.1243,9.0951],[39.1238,9.0942],[39.1232,9.0938],[39.1219,9.0934],[39.1214,9.0929],[39.1227,9.0913],[39.1222,9.0892],[39.122,9.0888],[39.1215,9.0884],[39.1193,9.088],[39.1185,9.0879],[39.1177,9.0882],[39.1176,9.0894],[39.1173,9.0897],[39.1167,9.0895],[39.1156,9.0886],[39.1149,9.0879],[39.1143,9.0875],[39.1137,9.0869],[39.1125,9.0859],[39.112,9.0864],[39.1112,9.0849],[39.1108,9.0845],[39.1096,9.0836],[39.1088,9.0836],[39.1084,9.0832],[39.1078,9.0832],[39.1067,9.0838],[39.1053,9.0848],[39.1046,9.085],[39.1043,9.0845],[39.1045,9.0837],[39.1041,9.0832],[39.1034,9.0827],[39.1028,9.083],[39.1023,9.0841],[39.1018,9.085],[39.1009,9.0851],[39.1007,9.0858],[39.1002,9.0856],[39.0991,9.0848],[39.0985,9.0844],[39.098,9.086],[39.0984,9.087],[39.0977,9.0874],[39.0974,9.0874],[39.0966,9.0878],[39.096,9.0874],[39.0949,9.0875],[39.0944,9.0878],[39.0938,9.0886],[39.0937,9.0893],[39.0939,9.0897],[39.0937,9.0902],[39.0931,9.0907],[39.0929,9.0919],[39.0925,9.0924],[39.0921,9.0924],[39.0917,9.0931],[39.0912,9.0934],[39.0903,9.0929],[39.0898,9.0931],[39.0892,9.0937],[39.0889,9.0935],[39.0885,9.0939],[39.0887,9.0946],[39.0883,9.0946],[39.0881,9.0942],[39.0873,9.0944],[39.0867,9.0955],[39.0856,9.0952],[39.0856,9.0959],[39.0857,9.0966],[39.0865,9.0974],[39.0869,9.0974],[39.0872,9.0979],[39.0864,9.0979],[39.0857,9.0981],[39.0846,9.0989],[39.0842,9.0996],[39.0828,9.0998],[39.0816,9.0999],[39.0809,9.1005],[39.0794,9.1007],[39.0794,9.1019],[39.0802,9.1032],[39.0814,9.1034],[39.0818,9.1031],[39.0824,9.1037],[39.0827,9.1045],[39.0825,9.1058],[39.082,9.1073],[39.0812,9.1083],[39.0797,9.1082],[39.0789,9.1088],[39.0778,9.1091],[39.077,9.1087],[39.075,9.1093],[39.074,9.1097],[39.0736,9.1092],[39.0727,9.1089],[39.0718,9.1092],[39.0717,9.1098],[39.071,9.1102],[39.0707,9.11],[39.0697,9.1104],[39.0696,9.1112],[39.0693,9.1118],[39.0678,9.1135],[39.0668,9.1141],[39.0661,9.114],[39.0657,9.1148],[39.0647,9.1154],[39.0644,9.1161],[39.0636,9.1169],[39.062,9.1168],[39.0618,9.1164],[39.0612,9.1171],[39.0603,9.1164],[39.0599,9.1169],[39.0588,9.1166],[39.0585,9.1167],[39.0581,9.1161],[39.0577,9.1159],[39.0578,9.1172],[39.058,9.1181],[39.058,9.1189],[39.0603,9.1194],[39.0623,9.1196],[39.0637,9.1201],[39.0683,9.121],[39.0711,9.1214],[39.0734,9.1221],[39.075,9.1225],[39.0763,9.1229],[39.0763,9.1238],[39.0771,9.1246],[39.0768,9.1261],[39.0772,9.1268],[39.0772,9.1277],[39.0778,9.1287],[39.0772,9.1294],[39.0775,9.1302],[39.0771,9.1317],[39.0763,9.1329],[39.0764,9.1342],[39.0772,9.1366],[39.0793,9.1399],[39.0803,9.1416],[39.0814,9.143],[39.0825,9.1443],[39.0832,9.1456],[39.0826,9.1465],[39.0819,9.1469],[39.0819,9.1474],[39.0803,9.15],[39.0797,9.1504],[39.0792,9.1515],[39.0783,9.1537],[39.0781,9.1545],[39.0774,9.1548],[39.0762,9.1562],[39.0816,9.1593],[39.0817,9.165],[39.0816,9.1656],[39.0814,9.1661],[39.0809,9.1664],[39.0809,9.167],[39.081,9.1672],[39.0814,9.167],[39.0817,9.1681],[39.0812,9.1687],[39.0813,9.1692],[39.0807,9.1694],[39.0804,9.1701],[39.08,9.17],[39.0798,9.1709],[39.0799,9.1717],[39.0805,9.1716],[39.0809,9.1723],[39.0809,9.1727],[39.0813,9.1728],[39.0813,9.1731],[39.0808,9.1735],[39.0809,9.1739],[39.0806,9.1746],[39.0805,9.175],[39.0807,9.1822],[39.0809,9.1841],[39.0809,9.1874],[39.0807,9.1902],[39.0797,9.191],[39.0797,9.1926],[39.08,9.1954],[39.0796,9.196],[39.078,9.1963],[39.077,9.198],[39.0761,9.199],[39.0758,9.1997],[39.0749,9.2006],[39.0728,9.1997],[39.0719,9.199],[39.0706,9.1985],[39.0706,9.1987],[39.064,9.2019],[39.0583,9.2017],[39.0516,9.206],[39.0527,9.2107],[39.048,9.215],[39.0367,9.2152],[39.0242,9.217],[39.0145,9.2173],[39.0001,9.2148],[39.0019,9.2169],[39.0028,9.2173],[39.0033,9.218],[39.0044,9.2181],[39.005,9.2189],[39.0079,9.2208],[39.0088,9.2222],[39.0098,9.2223],[39.0109,9.2234],[39.0118,9.2242],[39.0131,9.2256],[39.0145,9.2255],[39.0152,9.2276],[39.0154,9.2284],[39.0159,9.2293],[39.0172,9.2325],[39.019,9.2329],[39.0205,9.2333],[39.0238,9.2339],[39.0259,9.2331],[39.0272,9.2328],[39.0287,9.2331],[39.0284,9.2337],[39.0298,9.234],[39.0309,9.2341],[39.0313,9.2347],[39.0322,9.2354],[39.0326,9.2354],[39.0329,9.2357],[39.0333,9.237],[39.0349,9.2397],[39.0362,9.2405],[39.0379,9.2415],[39.0394,9.243],[39.0394,9.2441],[39.0401,9.247],[39.041,9.2485],[39.0418,9.2508],[39.044,9.2538],[39.045,9.2548],[39.0472,9.258],[39.0418,9.2626],[39.0415,9.2683],[39.0409,9.272],[39.0402,9.2772],[39.0422,9.2791],[39.044,9.2787],[39.0457,9.2806],[39.0479,9.2823],[39.0457,9.2854],[39.046,9.2862],[39.0476,9.2896],[39.047,9.2911],[39.0477,9.293],[39.0471,9.2939],[39.0462,9.2959],[39.0457,9.2983],[39.0453,9.2993],[39.0452,9.3005],[39.044,9.3012],[39.0396,9.3042],[39.036,9.3067],[39.032,9.3085],[39.0268,9.3116],[39.0298,9.3154],[39.0313,9.3173],[39.0334,9.3177],[39.0367,9.3185],[39.0385,9.3198],[39.0402,9.3205],[39.0421,9.3245],[39.042,9.325],[39.0423,9.3273],[39.0434,9.3284],[39.0441,9.3295],[39.0441,9.3305],[39.0441,9.3319],[39.0445,9.3322],[39.0453,9.3318],[39.0455,9.3322],[39.0455,9.3337],[39.0458,9.3351],[39.0467,9.3354],[39.0469,9.336],[39.0467,9.3372],[39.0473,9.3378],[39.0474,9.3384],[39.0486,9.3388],[39.0495,9.3389],[39.0511,9.3372],[39.0515,9.3355],[39.053,9.3347],[39.0556,9.3329],[39.0545,9.3313],[39.0542,9.3312],[39.0541,9.3306],[39.0549,9.3298],[39.0559,9.3291],[39.057,9.3286],[39.0561,9.3265],[39.0562,9.3249],[39.0567,9.3247],[39.058,9.3248],[39.0593,9.3225],[39.0607,9.3223],[39.0613,9.3221],[39.0625,9.3221],[39.064,9.3202],[39.0668,9.3208],[39.0674,9.3211],[39.0664,9.3221],[39.0664,9.3235],[39.0677,9.3232],[39.0685,9.3233],[39.0695,9.3236],[39.0707,9.324],[39.0714,9.325],[39.0719,9.3265],[39.0727,9.3286],[39.0739,9.3302],[39.0744,9.3312],[39.0745,9.3319],[39.0744,9.3329],[39.0744,9.3342],[39.0745,9.3348],[39.0776,9.3347],[39.0796,9.3334],[39.0815,9.3327],[39.083,9.332],[39.0859,9.3317],[39.0873,9.3317],[39.0883,9.3319],[39.0893,9.3318],[39.0902,9.3314],[39.0894,9.3302],[39.0909,9.3301],[39.0943,9.3303],[39.0948,9.3295],[39.0974,9.3281],[39.0979,9.328],[39.1011,9.3276],[39.1024,9.3276],[39.1042,9.3277],[39.1064,9.3279],[39.107,9.3278],[39.1082,9.3274],[39.1098,9.3267],[39.1121,9.3264],[39.114,9.327],[39.1149,9.3274],[39.1162,9.3288],[39.1168,9.3302],[39.117,9.3314],[39.1172,9.3317],[39.1172,9.3323],[39.1173,9.3332],[39.1177,9.3339],[39.1187,9.3335],[39.1206,9.3323],[39.1217,9.3305],[39.1221,9.3297],[39.1225,9.3293],[39.1232,9.3289],[39.1241,9.329],[39.1247,9.3293],[39.1266,9.3294],[39.1273,9.3293],[39.1289,9.3295],[39.1294,9.3296],[39.1297,9.3301],[39.1316,9.3294],[39.1308,9.328],[39.1297,9.3272],[39.1279,9.3254],[39.1269,9.3241],[39.1261,9.322],[39.1247,9.3177],[39.1244,9.3171],[39.1252,9.3163],[39.1265,9.3154],[39.1289,9.3135],[39.1309,9.3147],[39.1315,9.3141],[39.1319,9.3135],[39.1322,9.3127],[39.1331,9.3131],[39.1343,9.314],[39.1353,9.315],[39.1361,9.3156],[39.1367,9.3162],[39.1369,9.3175],[39.137,9.3179],[39.1373,9.3183],[39.138,9.3187],[39.1389,9.32],[39.1378,9.3217],[39.1384,9.3225],[39.1398,9.3247],[39.1406,9.3261],[39.1407,9.3264],[39.14,9.3275],[39.14,9.3291],[39.1439,9.3296],[39.1462,9.3299],[39.1477,9.3296],[39.1477,9.329],[39.1484,9.3276],[39.149,9.327],[39.1494,9.3267],[39.151,9.3252],[39.1524,9.3244],[39.1538,9.3232],[39.1541,9.3219],[39.1549,9.3196],[39.1553,9.3187],[39.1554,9.3171],[39.1564,9.3161],[39.157,9.3158],[39.1581,9.3156],[39.16,9.3148],[39.161,9.3131],[39.1612,9.3122],[39.1608,9.31],[39.1608,9.3094],[39.1611,9.3088],[39.1613,9.3071],[39.1613,9.3063],[39.1609,9.3057],[39.1603,9.3053],[39.1596,9.3046],[39.1591,9.3037],[39.1585,9.3021],[39.158,9.3011],[39.1566,9.3],[39.1559,9.299],[39.1549,9.2973],[39.1528,9.2971],[39.1519,9.2961],[39.1518,9.2953],[39.1516,9.2934],[39.1517,9.2917],[39.1525,9.2908],[39.1528,9.2893],[39.1532,9.288],[39.1546,9.2856],[39.1566,9.2843],[39.1578,9.2836],[39.1589,9.2825],[39.1602,9.284],[39.1621,9.2852],[39.163,9.2846],[39.1641,9.284],[39.1648,9.284],[39.167,9.2863],[39.1678,9.2874],[39.168,9.288],[39.1682,9.2911],[39.1685,9.2918],[39.1697,9.2941],[39.1706,9.2953],[39.172,9.2964],[39.173,9.2969],[39.1742,9.2978],[39.175,9.2981],[39.1761,9.2988],[39.177,9.2992],[39.1778,9.2997],[39.1808,9.3013],[39.183,9.3033],[39.184,9.3049],[39.1849,9.3053],[39.1855,9.3054],[39.1863,9.3057],[39.1869,9.3056],[39.1882,9.3058],[39.1887,9.306],[39.1893,9.3067],[39.1894,9.3072],[39.1888,9.308],[39.1881,9.3087],[39.1871,9.3109],[39.186,9.313],[39.1839,9.3159],[39.1832,9.3168],[39.1835,9.3178],[39.1842,9.3182],[39.1838,9.3198],[39.1838,9.3225],[39.184,9.3235],[39.1844,9.3248],[39.1838,9.3266],[39.1841,9.3277],[39.185,9.3291],[39.1853,9.3302],[39.1854,9.3323],[39.1851,9.3327],[39.1854,9.335],[39.1866,9.3362],[39.1875,9.3373],[39.1884,9.3381],[39.1899,9.3389],[39.1904,9.3394],[39.19,9.337],[39.1916,9.3359],[39.1935,9.3361],[39.1954,9.3358],[39.195,9.3342],[39.1952,9.3324],[39.1961,9.3318],[39.1969,9.3309],[39.1979,9.3303],[39.1991,9.3299],[39.2005,9.3297],[39.2005,9.3292],[39.2,9.3284],[39.1998,9.3275],[39.2016,9.3257],[39.2025,9.325],[39.2038,9.3242],[39.2062,9.3233],[39.2074,9.3233],[39.2088,9.3243],[39.2115,9.3243],[39.2137,9.3241],[39.215,9.3246],[39.2169,9.3247],[39.2203,9.3252],[39.2228,9.3257],[39.2244,9.3257],[39.2267,9.3265],[39.2282,9.3271],[39.2304,9.3283],[39.2327,9.3286],[39.233,9.3278],[39.2332,9.3266],[39.2332,9.3262],[39.2327,9.3255],[39.2303,9.3233],[39.2294,9.3228],[39.2283,9.3233],[39.2285,9.3204],[39.2293,9.3181],[39.23,9.3171],[39.2302,9.3156],[39.2302,9.3146],[39.2299,9.3139],[39.2297,9.3127],[39.2277,9.3122],[39.226,9.3121],[39.2235,9.3122],[39.2228,9.3122],[39.2215,9.312],[39.2204,9.3117],[39.2182,9.3105],[39.2174,9.3095],[39.2173,9.3089],[39.2166,9.306],[39.2154,9.3046],[39.2143,9.303],[39.214,9.3025],[39.2145,9.2987],[39.2143,9.2967],[39.214,9.2961],[39.2136,9.2957],[39.2111,9.2922],[39.2072,9.2919],[39.1777,9.2711],[39.1941,9.2524],[39.1997,9.25],[39.2137,9.2281],[39.1886,9.2093],[39.2016,9.1903],[39.2146,9.1734],[39.2337,9.1579],[39.2397,9.1485],[39.2419,9.1455],[39.2417,9.145]]]}},{"type":"Feature","properties":{"id":"LW044","woreda":"Bereh","zone":"North Shewa (OR)","region":"Oromia","area_km2":318.3,"lat":9.2379,"lon":38.9258},"geometry":{"type":"MultiPolygon","coordinates":[[[[39.0152,9.2276],[39.0145,9.2255],[39.0131,9.2256],[39.0118,9.2242],[39.0109,9.2234],[39.0098,9.2223],[39.0088,9.2222],[39.0079,9.2208],[39.005,9.2189],[39.0044,9.2181],[39.0033,9.218],[39.0028,9.2173],[39.0019,9.2169],[39.0001,9.2148],[38.9992,9.2138],[38.9979,9.2139],[38.9955,9.2135],[38.9943,9.2133],[38.9939,9.2121],[38.9934,9.2099],[38.993,9.2086],[38.9934,9.2075],[38.9932,9.2069],[38.9927,9.2066],[38.9921,9.2054],[38.9907,9.2066],[38.9899,9.2069],[38.9888,9.2055],[38.9906,9.2029],[38.9898,9.1999],[38.991,9.1974],[38.9919,9.1948],[38.9884,9.1954],[38.9852,9.1984],[38.9839,9.1982],[38.9822,9.1984],[38.9793,9.2004],[38.9722,9.1982],[38.9681,9.1972],[38.9635,9.1956],[38.9615,9.1957],[38.9605,9.1961],[38.9597,9.1954],[38.9581,9.1949],[38.9561,9.1941],[38.9561,9.1932],[38.9555,9.1912],[38.955,9.1902],[38.9534,9.1888],[38.9523,9.1881],[38.9522,9.1918],[38.9495,9.1944],[38.9462,9.1994],[38.9372,9.2039],[38.9258,9.2004],[38.9206,9.1982],[38.9178,9.1969],[38.9166,9.1958],[38.9152,9.1952],[38.914,9.1966],[38.9126,9.1981],[38.9096,9.1971],[38.9064,9.1958],[38.9061,9.1957],[38.9043,9.1958],[38.9017,9.1964],[38.9004,9.1933],[38.8952,9.1901],[38.8941,9.1891],[38.8919,9.1887],[38.8652,9.1855],[38.8576,9.1858],[38.849,9.1897],[38.8439,9.1922],[38.8409,9.1932],[38.8372,9.195],[38.8379,9.1954],[38.838,9.196],[38.8388,9.1967],[38.8394,9.1982],[38.8389,9.1987],[38.8385,9.1998],[38.8381,9.2017],[38.8376,9.2025],[38.838,9.2036],[38.8387,9.2038],[38.8395,9.2048],[38.8399,9.2064],[38.8399,9.2077],[38.8391,9.2078],[38.8375,9.2084],[38.8365,9.2091],[38.8357,9.2097],[38.8346,9.2099],[38.8341,9.2102],[38.833,9.2107],[38.8327,9.2109],[38.8338,9.2134],[38.8339,9.2143],[38.8327,9.2153],[38.8333,9.217],[38.8338,9.2182],[38.834,9.2195],[38.834,9.2212],[38.8344,9.2221],[38.8347,9.223],[38.8358,9.2238],[38.8367,9.2255],[38.8379,9.2263],[38.8391,9.227],[38.8396,9.2277],[38.8398,9.2283],[38.8416,9.2303],[38.8417,9.2313],[38.8407,9.2329],[38.84,9.2341],[38.8394,9.2357],[38.8393,9.2371],[38.8389,9.2395],[38.8388,9.2417],[38.839,9.2418],[38.8397,9.2419],[38.8398,9.2424],[38.84,9.2428],[38.8394,9.2455],[38.839,9.2471],[38.8375,9.249],[38.8363,9.2509],[38.8351,9.2519],[38.834,9.2525],[38.8328,9.2537],[38.834,9.2559],[38.8348,9.2577],[38.8362,9.2574],[38.8375,9.258],[38.8387,9.2589],[38.8399,9.2594],[38.8412,9.2603],[38.8403,9.2613],[38.8403,9.2624],[38.8419,9.2638],[38.8433,9.2653],[38.8442,9.2662],[38.8443,9.268],[38.8454,9.2692],[38.8472,9.2717],[38.8494,9.2731],[38.8497,9.2736],[38.851,9.2745],[38.8524,9.2721],[38.8553,9.2696],[38.8566,9.2692],[38.8572,9.2688],[38.8589,9.2679],[38.8604,9.2684],[38.8625,9.2691],[38.8645,9.2699],[38.868,9.2699],[38.8693,9.2699],[38.8705,9.271],[38.8722,9.273],[38.8732,9.2738],[38.8738,9.2742],[38.8742,9.2746],[38.8749,9.2742],[38.8757,9.274],[38.8786,9.2719],[38.8813,9.2704],[38.8815,9.2713],[38.8817,9.274],[38.8825,9.277],[38.8827,9.2779],[38.8847,9.2772],[38.886,9.2769],[38.8882,9.2774],[38.8904,9.2791],[38.8927,9.2801],[38.894,9.2809],[38.8948,9.2821],[38.8959,9.284],[38.8982,9.2841],[38.8996,9.284],[38.9012,9.2857],[38.9025,9.2872],[38.9032,9.2876],[38.9047,9.2877],[38.906,9.2867],[38.9067,9.2867],[38.9089,9.2876],[38.9101,9.2881],[38.9132,9.2891],[38.9151,9.2893],[38.9159,9.2895],[38.9171,9.2897],[38.9204,9.2892],[38.9216,9.2891],[38.9219,9.2881],[38.9223,9.2872],[38.9229,9.2871],[38.9238,9.2873],[38.9248,9.288],[38.9257,9.2875],[38.9274,9.2879],[38.9279,9.2868],[38.9288,9.2873],[38.9296,9.2862],[38.9302,9.2852],[38.9305,9.2849],[38.9311,9.285],[38.9324,9.282],[38.9331,9.2805],[38.9338,9.2805],[38.9371,9.2807],[38.9377,9.2808],[38.9387,9.2799],[38.9397,9.2796],[38.9417,9.2781],[38.9427,9.2771],[38.9439,9.2756],[38.9439,9.2749],[38.9432,9.2741],[38.9427,9.2738],[38.9424,9.273],[38.9422,9.2724],[38.9415,9.2717],[38.9409,9.2708],[38.9413,9.2699],[38.9403,9.2681],[38.9422,9.2687],[38.944,9.2697],[38.9475,9.2713],[38.9497,9.2723],[38.9515,9.2732],[38.9513,9.2721],[38.9505,9.2706],[38.9493,9.268],[38.95,9.2666],[38.9512,9.2645],[38.9519,9.2624],[38.9526,9.2622],[38.9534,9.2632],[38.9542,9.2634],[38.9544,9.2628],[38.9562,9.2634],[38.9562,9.2639],[38.9563,9.2641],[38.9564,9.2647],[38.9572,9.2652],[38.9573,9.2647],[38.9583,9.265],[38.9594,9.266],[38.9597,9.2668],[38.961,9.2672],[38.9618,9.2681],[38.9615,9.2691],[38.9628,9.2696],[38.9642,9.2688],[38.9648,9.2684],[38.9657,9.2672],[38.9662,9.267],[38.9668,9.2673],[38.9669,9.2677],[38.968,9.268],[38.9694,9.2701],[38.97,9.2708],[38.9703,9.2713],[38.9718,9.2709],[38.9723,9.2706],[38.973,9.2706],[38.9732,9.2712],[38.9732,9.2718],[38.9745,9.2728],[38.9787,9.2709],[38.9799,9.2698],[38.9823,9.2672],[38.985,9.2686],[38.986,9.2729],[38.9862,9.275],[38.9857,9.2761],[38.9867,9.2774],[38.9876,9.2793],[38.9889,9.281],[38.9883,9.2812],[38.9884,9.2832],[38.9882,9.284],[38.9884,9.2849],[38.988,9.2851],[38.9879,9.2856],[38.9886,9.2863],[38.9907,9.2866],[38.9912,9.2859],[38.994,9.2858],[38.9984,9.2884],[39.0003,9.2889],[39.0031,9.2871],[39.0014,9.2853],[39.0018,9.284],[39.0009,9.2834],[39.0004,9.2836],[39.0001,9.2808],[39.0004,9.2779],[39.0014,9.2781],[39.0035,9.2783],[39.0044,9.2787],[39.0075,9.2786],[39.0072,9.2765],[39.0048,9.2752],[39.004,9.2748],[39.0012,9.2725],[39.0007,9.2717],[39.001,9.2707],[39.0031,9.2676],[39.0044,9.2658],[39.0051,9.2651],[39.0058,9.2648],[39.0068,9.2641],[39.0065,9.263],[39.0074,9.2621],[39.0085,9.2618],[39.01,9.2612],[39.0116,9.2594],[39.0122,9.2582],[39.0119,9.2568],[39.0137,9.2546],[39.016,9.2545],[39.0171,9.2542],[39.0178,9.253],[39.0186,9.2507],[39.0198,9.2482],[39.0221,9.2431],[39.0196,9.2422],[39.0174,9.2416],[39.0159,9.241],[39.0142,9.2406],[39.0129,9.2401],[39.0122,9.2371],[39.0125,9.2345],[39.0129,9.2327],[39.0142,9.2316],[39.0147,9.2296],[39.0154,9.2285],[39.0152,9.2276]]],[[[39.1002,9.0828],[39.0995,9.0813],[39.0986,9.0792],[39.0975,9.0771],[39.0953,9.0726],[39.0949,9.0705],[39.0951,9.0692],[39.0962,9.0674],[39.0978,9.0656],[39.0988,9.0637],[39.0993,9.0612],[39.0992,9.0588],[39.0988,9.0557],[39.0991,9.0529],[39.0995,9.0509],[39.1009,9.0455],[39.1013,9.0434],[39.1017,9.0406],[39.1019,9.0381],[39.1024,9.0355],[39.1026,9.0336],[39.1027,9.0305],[39.1032,9.0278],[39.104,9.0253],[39.1043,9.0236],[39.1039,9.0219],[39.1023,9.0204],[39.1005,9.0186],[39.0989,9.0167],[39.0968,9.015],[39.0963,9.0147],[39.096,9.014],[39.0947,9.0138],[39.0928,9.0134],[39.0909,9.014],[39.088,9.0141],[39.0853,9.0142],[39.0832,9.0132],[39.0812,9.012],[39.0791,9.0104],[39.0776,9.0102],[39.0763,9.0101],[39.0746,9.0147],[39.0738,9.017],[39.0718,9.0189],[39.0697,9.0196],[39.0678,9.0202],[39.0659,9.0211],[39.0653,9.0208],[39.0643,9.0208],[39.0629,9.0193],[39.0609,9.0176],[39.0591,9.0153],[39.0575,9.014],[39.0546,9.012],[39.0521,9.0108],[39.0508,9.0104],[39.0479,9.01],[39.0453,9.0094],[39.0388,9.0031],[39.0369,9.0018],[39.0363,9.0018],[39.0352,9.0027],[39.0339,9.0033],[39.0327,9.0048],[39.0321,9.0057],[39.0306,9.0073],[39.0287,9.009],[39.0288,9.0094],[39.0289,9.0105],[39.0289,9.012],[39.0291,9.0143],[39.0289,9.016],[39.0287,9.018],[39.0284,9.0187],[39.0264,9.0161],[39.026,9.0156],[39.0251,9.0145],[39.0242,9.0133],[39.0239,9.0126],[39.0232,9.0125],[39.0227,9.0121],[39.0218,9.0108],[39.0197,9.0091],[39.0179,9.007],[39.0173,9.0065],[39.0154,9.0048],[39.0124,9.0017],[39.0128,9.0001],[39.0133,8.9981],[39.0149,8.9948],[39.0161,8.992],[39.0168,8.9906],[39.0171,8.9899],[39.018,8.987],[39.0181,8.9857],[39.0185,8.9847],[39.019,8.9821],[39.0188,8.9802],[39.0189,8.9786],[39.0196,8.9774],[39.0206,8.9777],[39.0214,8.9777],[39.0226,8.9781],[39.0243,8.9795],[39.0247,8.9796],[39.0249,8.9794],[39.0246,8.9771],[39.0245,8.9763],[39.0241,8.9753],[39.0232,8.9746],[39.0223,8.9744],[39.0208,8.9743],[39.0176,8.9735],[39.0168,8.9715],[39.015,8.9697],[39.0141,8.9678],[39.0153,8.9689],[39.0167,8.9702],[39.0176,8.97],[39.0192,8.9696],[39.0203,8.9692],[39.0201,8.9671],[39.0183,8.966],[39.0157,8.9649],[39.0152,8.9645],[39.0137,8.9638],[39.0124,8.9636],[39.0123,8.9631],[39.0123,8.9608],[39.0123,8.9598],[39.0122,8.9576],[39.0118,8.9564],[39.0107,8.9553],[39.0087,8.9534],[39.0065,8.9517],[39.0044,8.9496],[39.0034,8.9481],[39.0024,8.946],[39.0016,8.9449],[39.0008,8.9434],[39.0007,8.9419],[39.0009,8.9409],[39.0017,8.9396],[39.0029,8.9389],[39.0038,8.9385],[39.0051,8.9374],[39.006,8.9364],[39.0067,8.9364],[39.0071,8.9357],[39.0076,8.935],[39.0077,8.9344],[39.0078,8.9332],[39.0082,8.9328],[39.0081,8.9326],[39.0086,8.9322],[39.0091,8.9305],[39.0082,8.93],[39.0061,8.9307],[39.0054,8.9305],[39.0046,8.9303],[39.0039,8.9304],[39.0032,8.9307],[39.0023,8.9303],[39.0017,8.9306],[39.001,8.9305],[39.0004,8.9302],[38.9997,8.9297],[38.9984,8.9287],[38.9986,8.9264],[38.9987,8.9246],[38.9982,8.9234],[38.9963,8.9213],[38.9949,8.9197],[38.9934,8.9187],[38.9914,8.9172],[38.9903,8.916],[38.9896,8.9149],[38.9888,8.9137],[38.9879,8.9129],[38.9868,8.9121],[38.9849,8.912],[38.9832,8.9111],[38.9822,8.9105],[38.9812,8.9089],[38.9809,8.9061],[38.9804,8.9049],[38.9792,8.9031],[38.9783,8.9018],[38.978,8.9005],[38.9769,8.898],[38.9778,8.8961],[38.9782,8.8936],[38.9788,8.8907],[38.9787,8.8893],[38.9735,8.8926],[38.9715,8.8931],[38.9696,8.8939],[38.9673,8.8943],[38.9659,8.8959],[38.9656,8.8957],[38.9663,8.8975],[38.9667,8.8984],[38.9673,8.899],[38.9676,8.8995],[38.9685,8.9003],[38.9691,8.9014],[38.9692,8.9027],[38.9696,8.9046],[38.9698,8.9069],[38.9704,8.9078],[38.9691,8.9094],[38.9697,8.9108],[38.9709,8.913],[38.971,8.9151],[38.9712,8.9173],[38.972,8.9177],[38.9721,8.9184],[38.9741,8.9193],[38.9753,8.9203],[38.9748,8.921],[38.974,8.9211],[38.9728,8.9211],[38.9731,8.9222],[38.9736,8.9224],[38.974,8.9233],[38.9749,8.9236],[38.9754,8.9246],[38.9756,8.9247],[38.9764,8.926],[38.977,8.9269],[38.9773,8.9275],[38.9783,8.929],[38.9786,8.9301],[38.9788,8.9305],[38.9789,8.9317],[38.9791,8.9327],[38.9794,8.9345],[38.9796,8.9353],[38.9792,8.9357],[38.9781,8.9357],[38.9765,8.9352],[38.9752,8.9346],[38.9747,8.9344],[38.9744,8.9331],[38.9737,8.9331],[38.973,8.933],[38.9703,8.9315],[38.9697,8.9313],[38.9694,8.9326],[38.9694,8.9334],[38.9699,8.934],[38.9702,8.9356],[38.9701,8.9366],[38.9696,8.9382],[38.9696,8.9389],[38.9709,8.9399],[38.9717,8.9402],[38.9719,8.9402],[38.9719,8.9407],[38.9723,8.9406],[38.9726,8.9408],[38.9735,8.9408],[38.9737,8.9412],[38.9741,8.9414],[38.9742,8.9416],[38.9747,8.9418],[38.9751,8.9416],[38.9755,8.942],[38.9759,8.942],[38.9763,8.9424],[38.9769,8.9428],[38.9783,8.9427],[38.9786,8.9431],[38.9788,8.9425],[38.9792,8.9431],[38.9795,8.943],[38.9798,8.9436],[38.981,8.9436],[38.9818,8.9434],[38.9824,8.9437],[38.9829,8.9441],[38.9834,8.9443],[38.9838,8.9449],[38.984,8.9458],[38.9844,8.9459],[38.9844,8.9461],[38.9852,8.9481],[38.9856,8.9487],[38.9855,8.9497],[38.9859,8.9502],[38.9865,8.9506],[38.9867,8.9519],[38.9871,8.9527],[38.9874,8.9531],[38.9884,8.9547],[38.9881,8.9558],[38.9883,8.9565],[38.9886,8.9574],[38.9897,8.9581],[38.9903,8.9598],[38.99,8.9616],[38.989,8.963],[38.9886,8.9638],[38.9889,8.9645],[38.989,8.9644],[38.9897,8.9649],[38.9899,8.9654],[38.9896,8.9656],[38.9895,8.9661],[38.9897,8.9668],[38.9902,8.9671],[38.9896,8.9679],[38.9885,8.9668],[38.988,8.9665],[38.9877,8.9672],[38.9878,8.9682],[38.9884,8.9686],[38.9882,8.9693],[38.9871,8.9695],[38.9867,8.9697],[38.9876,8.9709],[38.9873,8.9717],[38.9879,8.9727],[38.9878,8.9731],[38.9886,8.9732],[38.9882,8.9736],[38.9865,8.9738],[38.9855,8.9731],[38.9838,8.9728],[38.9835,8.9738],[38.9829,8.9764],[38.9827,8.9776],[38.9819,8.9792],[38.9798,8.9803],[38.9783,8.9813],[38.9774,8.9824],[38.9776,8.9863],[38.9773,8.9878],[38.9749,8.9907],[38.9743,8.9911],[38.9739,8.9915],[38.9737,8.9915],[38.9726,8.9923],[38.9721,8.9925],[38.9685,8.9923],[38.9684,8.9941],[38.9687,8.9985],[38.9685,9.0013],[38.9678,9.0035],[38.9675,9.0058],[38.9713,9.0031],[38.9717,9.0033],[38.9743,9.0034],[38.9761,9.003],[38.9768,9.0027],[38.9781,9.0031],[38.9798,9.0044],[38.9812,9.006],[38.9817,9.006],[38.9821,9.0068],[38.9832,9.0082],[38.9856,9.0093],[38.9865,9.0093],[38.9873,9.0099],[38.9878,9.0095],[38.9882,9.01],[38.9885,9.0116],[38.9884,9.012],[38.9883,9.014],[38.9885,9.0155],[38.9896,9.0158],[38.9922,9.0165],[38.9937,9.0168],[38.9966,9.0175],[38.9975,9.0176],[38.9979,9.0191],[38.9988,9.0232],[38.9993,9.0263],[38.9995,9.0279],[38.9999,9.0293],[39.0004,9.0323],[39.001,9.0349],[39.002,9.0357],[39.0037,9.038],[39.0033,9.038],[38.9992,9.0414],[38.9974,9.0413],[38.997,9.0415],[38.9987,9.0419],[38.9989,9.043],[38.999,9.0499],[38.9949,9.0568],[38.9902,9.0679],[38.9911,9.0712],[38.9927,9.0732],[38.9954,9.0748],[38.9976,9.0767],[39.0005,9.0771],[38.9992,9.078],[39.0003,9.0803],[39.0016,9.0833],[39.0022,9.0855],[39.0022,9.0873],[39.002,9.0891],[39.0024,9.0897],[39.0026,9.0905],[39.0034,9.0913],[39.0033,9.0918],[39.0037,9.0933],[39.0038,9.0933],[39.0064,9.0913],[39.0071,9.0921],[39.008,9.0921],[39.0096,9.0917],[39.0108,9.0919],[39.0122,9.0908],[39.0123,9.0909],[39.0129,9.0905],[39.0136,9.0905],[39.0139,9.0899],[39.0137,9.0891],[39.0142,9.0886],[39.014,9.0879],[39.0128,9.087],[39.0134,9.0864],[39.0143,9.0864],[39.0145,9.0859],[39.0144,9.0854],[39.0145,9.085],[39.0156,9.0855],[39.0166,9.0851],[39.0172,9.0835],[39.0179,9.083],[39.0185,9.0833],[39.0198,9.0831],[39.0207,9.0845],[39.0219,9.0846],[39.0225,9.0852],[39.0228,9.0854],[39.0228,9.0861],[39.0233,9.0866],[39.024,9.0868],[39.0246,9.0864],[39.0251,9.0872],[39.0253,9.0879],[39.0258,9.0881],[39.026,9.0892],[39.0271,9.0893],[39.0279,9.0897],[39.0286,9.0893],[39.0293,9.0883],[39.0295,9.0881],[39.0299,9.0885],[39.0305,9.0889],[39.0308,9.0903],[39.0314,9.0906],[39.0311,9.0913],[39.0307,9.0922],[39.0307,9.0927],[39.0314,9.0935],[39.0309,9.0951],[39.0315,9.096],[39.0321,9.0967],[39.0327,9.0968],[39.0325,9.0977],[39.0325,9.0984],[39.0331,9.0992],[39.0336,9.1005],[39.0335,9.1013],[39.0339,9.102],[39.0333,9.1024],[39.0336,9.1035],[39.0335,9.1049],[39.0334,9.1072],[39.0332,9.1075],[39.0323,9.1084],[39.0328,9.1107],[39.0337,9.1118],[39.0342,9.1124],[39.0347,9.1125],[39.0352,9.1133],[39.0371,9.1119],[39.0401,9.1092],[39.0437,9.1065],[39.0448,9.1057],[39.0459,9.1065],[39.0461,9.1071],[39.0467,9.1075],[39.0472,9.1085],[39.0496,9.1089],[39.0508,9.1096],[39.0522,9.112],[39.0538,9.1133],[39.0549,9.1133],[39.0557,9.1137],[39.0558,9.1146],[39.0565,9.1147],[39.0571,9.1155],[39.0577,9.1159],[39.0581,9.1161],[39.0585,9.1167],[39.0588,9.1166],[39.0599,9.1169],[39.0603,9.1164],[39.0612,9.1171],[39.0618,9.1164],[39.062,9.1168],[39.0636,9.1169],[39.0644,9.1161],[39.0647,9.1154],[39.0657,9.1148],[39.0661,9.114],[39.0668,9.1141],[39.0678,9.1135],[39.0693,9.1118],[39.0696,9.1112],[39.0697,9.1104],[39.0707,9.11],[39.071,9.1102],[39.0717,9.1098],[39.0718,9.1092],[39.0727,9.1089],[39.0736,9.1092],[39.074,9.1097],[39.075,9.1093],[39.077,9.1087],[39.0778,9.1091],[39.0789,9.1088],[39.0797,9.1082],[39.0812,9.1083],[39.082,9.1073],[39.0825,9.1058],[39.0827,9.1045],[39.0824,9.1037],[39.0818,9.1031],[39.0814,9.1034],[39.0802,9.1032],[39.0794,9.1019],[39.0794,9.1007],[39.0809,9.1005],[39.0816,9.0999],[39.0828,9.0998],[39.0842,9.0996],[39.0846,9.0989],[39.0857,9.0981],[39.0864,9.0979],[39.0872,9.0979],[39.0869,9.0974],[39.0865,9.0974],[39.0857,9.0966],[39.0856,9.0959],[39.0856,9.0952],[39.0867,9.0955],[39.0873,9.0944],[39.0881,9.0942],[39.0883,9.0946],[39.0887,9.0946],[39.0885,9.0939],[39.0889,9.0935],[39.0892,9.0937],[39.0898,9.0931],[39.0903,9.0929],[39.0912,9.0934],[39.0917,9.0931],[39.0921,9.0924],[39.0925,9.0924],[39.0929,9.0919],[39.0931,9.0907],[39.0937,9.0902],[39.0939,9.0897],[39.0937,9.0893],[39.0938,9.0886],[39.0944,9.0878],[39.0949,9.0875],[39.096,9.0874],[39.0966,9.0878],[39.0974,9.0874],[39.0977,9.0874],[39.0984,9.087],[39.098,9.086],[39.0985,9.0844],[39.0991,9.0848],[39.1002,9.0856],[39.1007,9.0858],[39.1009,9.0851],[39.1018,9.085],[39.1023,9.0841],[39.1002,9.0828]]]]}},{"type":"Feature","properties":{"id":"LW045","woreda":"Debre Libanos","zone":"North Shewa (OR)","region":"Oromia","area_km2":282.9,"lat":9.6644,"lon":38.8419},"geometry":{"type":"Polygon","coordinates":[[[38.8403,9.757],[38.846,9.7529],[38.853,9.7495],[38.8585,9.7449],[38.8626,9.7399],[38.8665,9.7336],[38.872,9.7296],[38.8796,9.7256],[38.8859,9.7211],[38.8918,9.7182],[38.8967,9.7143],[38.9044,9.7103],[38.9093,9.7087],[38.9178,9.7115],[38.9231,9.718],[38.9282,9.7251],[38.9347,9.7279],[38.9403,9.7252],[38.9447,9.7212],[38.9498,9.7171],[38.9538,9.7138],[38.9603,9.7108],[38.9596,9.7153],[38.9612,9.7152],[38.9626,9.7145],[38.9619,9.7109],[38.9619,9.7093],[38.9601,9.7095],[38.9578,9.7095],[38.9555,9.7098],[38.9545,9.7101],[38.953,9.7094],[38.9508,9.7106],[38.9494,9.7097],[38.9475,9.7103],[38.9453,9.7102],[38.9436,9.7094],[38.9423,9.7079],[38.9409,9.7066],[38.9381,9.7063],[38.9347,9.707],[38.9323,9.708],[38.9325,9.7066],[38.9321,9.705],[38.9316,9.703],[38.9298,9.7015],[38.931,9.7005],[38.9316,9.6994],[38.9321,9.6988],[38.9324,9.6975],[38.9321,9.6961],[38.9326,9.6946],[38.9345,9.6944],[38.9357,9.6947],[38.9367,9.6939],[38.9376,9.6928],[38.9379,9.6915],[38.9394,9.6907],[38.9401,9.689],[38.9408,9.6875],[38.9399,9.686],[38.9375,9.6844],[38.9371,9.6827],[38.9378,9.6811],[38.9398,9.6781],[38.9405,9.676],[38.9409,9.6752],[38.942,9.6749],[38.9436,9.6746],[38.9451,9.674],[38.9459,9.6735],[38.946,9.6718],[38.9464,9.6708],[38.9469,9.6708],[38.9466,9.6701],[38.9474,9.6686],[38.9484,9.668],[38.9498,9.6681],[38.9511,9.6676],[38.9529,9.6647],[38.9552,9.6631],[38.9569,9.6629],[38.9593,9.6619],[38.961,9.6606],[38.9622,9.6586],[38.9637,9.6582],[38.9656,9.6581],[38.9667,9.6584],[38.9674,9.6577],[38.9683,9.6557],[38.9689,9.6547],[38.9695,9.6541],[38.9698,9.6535],[38.9707,9.6531],[38.9717,9.6532],[38.9739,9.6505],[38.975,9.6495],[38.9766,9.6486],[38.9773,9.6484],[38.9777,9.6493],[38.9788,9.6485],[38.9791,9.6488],[38.9793,9.6485],[38.9791,9.6478],[38.9799,9.646],[38.9809,9.6447],[38.9813,9.6428],[38.9804,9.6419],[38.9795,9.6405],[38.9773,9.6377],[38.9756,9.6365],[38.974,9.6359],[38.9719,9.6353],[38.969,9.6358],[38.9663,9.6362],[38.965,9.6361],[38.9637,9.636],[38.963,9.636],[38.9613,9.6358],[38.9595,9.6355],[38.9588,9.6347],[38.9578,9.6332],[38.9566,9.6333],[38.9561,9.6343],[38.955,9.6359],[38.9537,9.6365],[38.9523,9.6364],[38.9506,9.6367],[38.9494,9.635],[38.9483,9.6345],[38.9475,9.6336],[38.9463,9.6341],[38.9447,9.6359],[38.9443,9.6377],[38.9438,9.638],[38.9426,9.6375],[38.9411,9.6369],[38.9391,9.6372],[38.9376,9.6373],[38.9356,9.638],[38.9353,9.6383],[38.9339,9.637],[38.9325,9.6353],[38.9321,9.634],[38.9316,9.6322],[38.9305,9.6307],[38.9293,9.6288],[38.9282,9.6275],[38.9273,9.6282],[38.9265,9.6265],[38.9267,9.626],[38.9271,9.6254],[38.9275,9.6245],[38.9285,9.623],[38.9293,9.6217],[38.9298,9.62],[38.9292,9.6181],[38.9297,9.6179],[38.9314,9.6169],[38.9344,9.615],[38.9356,9.6138],[38.9366,9.6127],[38.938,9.6119],[38.9388,9.6113],[38.9405,9.6102],[38.9408,9.6092],[38.9398,9.6077],[38.9359,9.6016],[38.9347,9.6001],[38.9346,9.5984],[38.9353,9.5983],[38.9358,9.5976],[38.9353,9.5967],[38.9353,9.596],[38.9355,9.5947],[38.9357,9.593],[38.936,9.5917],[38.936,9.5893],[38.9363,9.5859],[38.9367,9.5842],[38.9361,9.584],[38.9348,9.584],[38.9327,9.5842],[38.9309,9.5837],[38.9284,9.5839],[38.925,9.5845],[38.9244,9.5855],[38.9229,9.5854],[38.9209,9.5845],[38.9165,9.5824],[38.9137,9.5809],[38.9121,9.5796],[38.9098,9.5785],[38.9096,9.578],[38.911,9.5772],[38.9123,9.5756],[38.9131,9.5748],[38.9139,9.5738],[38.9148,9.5733],[38.9144,9.5723],[38.9128,9.5711],[38.9105,9.569],[38.9093,9.5693],[38.9081,9.5701],[38.9081,9.5723],[38.9083,9.5743],[38.9077,9.5758],[38.9061,9.5776],[38.9044,9.5787],[38.9045,9.5796],[38.9038,9.5806],[38.9028,9.581],[38.9002,9.5815],[38.9005,9.5836],[38.9009,9.5851],[38.9016,9.588],[38.902,9.5906],[38.9014,9.5924],[38.9015,9.5952],[38.9017,9.5964],[38.9011,9.5963],[38.9006,9.5983],[38.8994,9.6031],[38.8978,9.603],[38.8959,9.6037],[38.8947,9.6048],[38.8935,9.6054],[38.8921,9.6062],[38.8899,9.6074],[38.888,9.6095],[38.8869,9.61],[38.8853,9.6104],[38.8851,9.6107],[38.8843,9.6108],[38.8839,9.6101],[38.8815,9.6106],[38.88,9.6112],[38.8798,9.6105],[38.8807,9.6096],[38.8816,9.6091],[38.8813,9.6077],[38.8805,9.6065],[38.8788,9.6059],[38.8786,9.6038],[38.8781,9.6012],[38.8774,9.6001],[38.8771,9.6002],[38.8764,9.6014],[38.8751,9.6019],[38.8735,9.602],[38.873,9.6039],[38.8719,9.6035],[38.8713,9.6041],[38.8709,9.6054],[38.8693,9.6084],[38.8679,9.6111],[38.8693,9.6121],[38.8701,9.6128],[38.8698,9.6152],[38.8697,9.6181],[38.8685,9.6201],[38.8682,9.6212],[38.8684,9.6237],[38.8678,9.624],[38.868,9.6247],[38.8679,9.6255],[38.8676,9.6266],[38.8685,9.6277],[38.8676,9.629],[38.8671,9.6293],[38.8661,9.6283],[38.8647,9.6278],[38.8642,9.6277],[38.8639,9.6271],[38.8622,9.6278],[38.8606,9.6264],[38.8587,9.6244],[38.8572,9.6224],[38.8542,9.6188],[38.8528,9.6169],[38.8538,9.6167],[38.8556,9.6149],[38.8571,9.6149],[38.8563,9.6128],[38.8565,9.6124],[38.8548,9.6113],[38.8538,9.6101],[38.8528,9.6079],[38.8516,9.6063],[38.8513,9.6045],[38.8516,9.6026],[38.8503,9.6019],[38.85,9.6007],[38.8486,9.6002],[38.8466,9.5999],[38.8446,9.5998],[38.8431,9.5997],[38.8408,9.5995],[38.8378,9.599],[38.8355,9.5987],[38.8331,9.5985],[38.8308,9.5987],[38.8288,9.599],[38.8263,9.5985],[38.8238,9.5975],[38.8219,9.596],[38.82,9.5946],[38.819,9.594],[38.8177,9.5941],[38.816,9.5945],[38.8133,9.594],[38.8114,9.5931],[38.8098,9.5938],[38.8082,9.594],[38.8069,9.5948],[38.8049,9.5953],[38.8021,9.5958],[38.7996,9.596],[38.7979,9.5962],[38.7969,9.5971],[38.7944,9.5987],[38.7932,9.5993],[38.7924,9.6002],[38.7918,9.6016],[38.7906,9.6019],[38.7889,9.6026],[38.7881,9.6032],[38.7868,9.6036],[38.7857,9.6042],[38.7847,9.605],[38.7831,9.6072],[38.7821,9.6084],[38.7803,9.6104],[38.7796,9.6118],[38.7787,9.6133],[38.7778,9.6144],[38.7768,9.6151],[38.7761,9.6152],[38.7759,9.616],[38.7748,9.6163],[38.7744,9.6171],[38.7742,9.618],[38.7733,9.6184],[38.773,9.6194],[38.7725,9.6197],[38.7719,9.6204],[38.7716,9.6215],[38.7715,9.6241],[38.7699,9.6231],[38.7688,9.6221],[38.7671,9.6201],[38.7665,9.6193],[38.7658,9.619],[38.7635,9.6201],[38.7623,9.6211],[38.7612,9.6219],[38.7597,9.6219],[38.7581,9.6215],[38.7569,9.621],[38.7564,9.6217],[38.756,9.6217],[38.7549,9.6214],[38.7531,9.6269],[38.7445,9.6239],[38.7431,9.6241],[38.7413,9.6243],[38.7409,9.6247],[38.74,9.6261],[38.7378,9.6275],[38.7359,9.6284],[38.7337,9.6299],[38.7319,9.6311],[38.7306,9.6321],[38.7292,9.6332],[38.728,9.6337],[38.7274,9.6342],[38.7267,9.6354],[38.7265,9.6371],[38.7268,9.6383],[38.7263,9.6393],[38.7267,9.6403],[38.7259,9.6419],[38.7258,9.6429],[38.725,9.6446],[38.7244,9.645],[38.7245,9.6454],[38.7245,9.647],[38.7233,9.6472],[38.7226,9.6475],[38.7227,9.6491],[38.7246,9.6495],[38.7252,9.6499],[38.7251,9.6508],[38.725,9.651],[38.7256,9.6524],[38.7271,9.6544],[38.7255,9.655],[38.7265,9.6565],[38.7262,9.6571],[38.7271,9.6592],[38.7288,9.6588],[38.729,9.66],[38.7277,9.6625],[38.729,9.663],[38.7302,9.664],[38.7313,9.6654],[38.7324,9.6675],[38.7348,9.6683],[38.7356,9.67],[38.7372,9.6711],[38.7379,9.672],[38.7387,9.6732],[38.7391,9.6747],[38.7394,9.6761],[38.7402,9.6768],[38.742,9.6788],[38.7436,9.6788],[38.7445,9.6778],[38.7459,9.6773],[38.7474,9.6777],[38.7501,9.6785],[38.7506,9.6794],[38.7522,9.6802],[38.7559,9.6817],[38.7563,9.682],[38.7577,9.6826],[38.7571,9.6851],[38.7579,9.6858],[38.7586,9.6867],[38.7596,9.6874],[38.7606,9.6873],[38.7616,9.6881],[38.7626,9.6878],[38.7634,9.6879],[38.7662,9.688],[38.7687,9.6876],[38.7696,9.6876],[38.7709,9.6888],[38.7715,9.6893],[38.7718,9.6893],[38.7729,9.6873],[38.7732,9.6862],[38.774,9.6849],[38.7752,9.6833],[38.7758,9.6821],[38.7762,9.6818],[38.7766,9.6824],[38.777,9.6824],[38.7774,9.6838],[38.7771,9.6853],[38.7774,9.6859],[38.7781,9.6878],[38.7784,9.6887],[38.7784,9.6896],[38.7786,9.69],[38.7793,9.6904],[38.7798,9.6915],[38.7801,9.692],[38.7815,9.6929],[38.784,9.6939],[38.7843,9.6951],[38.7856,9.6956],[38.7866,9.6957],[38.7874,9.6963],[38.7878,9.6973],[38.7879,9.6981],[38.7876,9.6992],[38.7872,9.7004],[38.7875,9.7012],[38.7877,9.7026],[38.7879,9.7032],[38.789,9.7038],[38.7895,9.704],[38.791,9.7023],[38.7921,9.7031],[38.7926,9.7027],[38.7933,9.7008],[38.7937,9.7003],[38.7943,9.6999],[38.7954,9.7005],[38.7943,9.7022],[38.7937,9.7034],[38.7935,9.7041],[38.7927,9.7049],[38.7924,9.706],[38.7934,9.7053],[38.7942,9.7054],[38.7949,9.7051],[38.7951,9.7047],[38.797,9.7046],[38.7973,9.7038],[38.7994,9.7035],[38.8002,9.7035],[38.8008,9.7029],[38.8008,9.7015],[38.8005,9.7013],[38.8004,9.7007],[38.8012,9.7001],[38.8007,9.6987],[38.8003,9.698],[38.8003,9.6973],[38.8003,9.6953],[38.8006,9.6939],[38.8009,9.6934],[38.8022,9.6931],[38.8026,9.6926],[38.8034,9.6924],[38.8045,9.6927],[38.8051,9.6921],[38.8063,9.6918],[38.8074,9.6925],[38.8088,9.693],[38.811,9.6941],[38.8121,9.6947],[38.8137,9.6956],[38.8155,9.696],[38.8177,9.6955],[38.8194,9.6968],[38.8198,9.6964],[38.8199,9.6951],[38.8205,9.6952],[38.8218,9.6959],[38.8222,9.6959],[38.8226,9.6968],[38.8241,9.6974],[38.8256,9.6984],[38.8263,9.6993],[38.8274,9.7003],[38.8274,9.702],[38.8275,9.7033],[38.8279,9.7053],[38.8286,9.7054],[38.8291,9.7058],[38.8294,9.7073],[38.8306,9.7089],[38.831,9.7092],[38.8315,9.7099],[38.8324,9.7109],[38.8332,9.711],[38.8338,9.7117],[38.8347,9.7127],[38.8333,9.7143],[38.8308,9.7172],[38.8302,9.7177],[38.8304,9.7197],[38.831,9.7209],[38.8295,9.7218],[38.8273,9.7234],[38.8263,9.7243],[38.8266,9.7251],[38.8269,9.7263],[38.8271,9.7265],[38.824,9.7281],[38.8227,9.7287],[38.8221,9.7289],[38.8212,9.7296],[38.8178,9.7311],[38.816,9.7322],[38.815,9.7327],[38.8134,9.7338],[38.8142,9.7351],[38.8155,9.7364],[38.8165,9.7371],[38.817,9.7387],[38.8175,9.739],[38.818,9.7399],[38.8186,9.7401],[38.8195,9.7407],[38.8204,9.7417],[38.8212,9.7423],[38.822,9.7426],[38.8239,9.7434],[38.8255,9.7448],[38.8261,9.7452],[38.8269,9.7462],[38.8276,9.7469],[38.8284,9.7472],[38.8293,9.7472],[38.8308,9.7475],[38.8319,9.7482],[38.8325,9.7493],[38.8335,9.7519],[38.834,9.7529],[38.8341,9.7536],[38.8347,9.7547],[38.8354,9.7554],[38.8362,9.7559],[38.8368,9.7561],[38.8372,9.757],[38.8379,9.7572],[38.8383,9.758],[38.8383,9.7586],[38.8385,9.7593],[38.8403,9.757]]]}},{"type":"Feature","properties":{"id":"LW046","woreda":"Wuchale","zone":"North Shewa (OR)","region":"Oromia","area_km2":893.1,"lat":9.5977,"lon":39.0196},"geometry":{"type":"Polygon","coordinates":[[[39.1064,9.7321],[39.1075,9.7302],[39.1082,9.7289],[39.1086,9.7279],[39.1091,9.7279],[39.1096,9.7275],[39.1116,9.7265],[39.1119,9.7248],[39.1128,9.7233],[39.113,9.722],[39.1118,9.7221],[39.1103,9.7222],[39.1091,9.7225],[39.1076,9.7227],[39.1063,9.7232],[39.106,9.7224],[39.1048,9.7224],[39.1035,9.7205],[39.1024,9.7203],[39.1018,9.7207],[39.1011,9.7218],[39.1007,9.7226],[39.0991,9.7236],[39.0979,9.7234],[39.0973,9.7241],[39.0956,9.7246],[39.0945,9.7237],[39.0934,9.7249],[39.0929,9.7238],[39.0915,9.7245],[39.09,9.7237],[39.0872,9.7227],[39.0853,9.7227],[39.0843,9.7217],[39.0838,9.7209],[39.0835,9.7194],[39.0815,9.7168],[39.082,9.7168],[39.0834,9.7149],[39.0839,9.7144],[39.0844,9.7151],[39.0856,9.7153],[39.0862,9.7153],[39.0891,9.7138],[39.0903,9.7128],[39.0916,9.712],[39.0916,9.713],[39.0915,9.7154],[39.0912,9.717],[39.0912,9.7187],[39.0916,9.7202],[39.0939,9.7194],[39.0948,9.7185],[39.0959,9.7185],[39.0977,9.7184],[39.0989,9.7182],[39.0992,9.7172],[39.0988,9.7152],[39.099,9.7142],[39.0987,9.7128],[39.0984,9.7116],[39.0986,9.7101],[39.0978,9.7085],[39.0972,9.7069],[39.0954,9.706],[39.0947,9.7055],[39.0954,9.705],[39.096,9.7042],[39.0964,9.7031],[39.0971,9.7029],[39.0971,9.7017],[39.0971,9.7005],[39.0979,9.6997],[39.0986,9.6989],[39.0996,9.6968],[39.1002,9.6965],[39.1012,9.697],[39.1032,9.6973],[39.1044,9.6976],[39.1056,9.6972],[39.1063,9.6966],[39.1071,9.6967],[39.1081,9.6964],[39.1086,9.6952],[39.1087,9.6943],[39.109,9.6929],[39.1082,9.6906],[39.1082,9.6898],[39.1087,9.6888],[39.1093,9.6883],[39.1094,9.6874],[39.11,9.6865],[39.1106,9.686],[39.1108,9.6856],[39.1115,9.6848],[39.112,9.6845],[39.111,9.683],[39.1116,9.6819],[39.1122,9.6815],[39.1126,9.6801],[39.1132,9.6789],[39.1136,9.6785],[39.1142,9.6775],[39.1151,9.6771],[39.1166,9.6768],[39.1172,9.6777],[39.1181,9.6776],[39.1187,9.6771],[39.1194,9.6772],[39.1201,9.6779],[39.1206,9.678],[39.1218,9.677],[39.1225,9.6771],[39.1231,9.6767],[39.1241,9.6765],[39.1246,9.6775],[39.1258,9.6762],[39.1264,9.6761],[39.1265,9.6736],[39.1266,9.6729],[39.1275,9.6724],[39.1289,9.6713],[39.1299,9.6701],[39.1307,9.6704],[39.131,9.6694],[39.1317,9.6679],[39.1324,9.6672],[39.1322,9.6658],[39.1325,9.6648],[39.1331,9.6636],[39.1334,9.6627],[39.1346,9.6609],[39.1356,9.6606],[39.1363,9.6605],[39.1369,9.6601],[39.1369,9.6589],[39.1373,9.6573],[39.138,9.6561],[39.1381,9.6553],[39.1374,9.6547],[39.1362,9.654],[39.134,9.6535],[39.1328,9.6529],[39.1312,9.6527],[39.1296,9.6524],[39.129,9.6521],[39.1282,9.6499],[39.1275,9.6489],[39.1263,9.6481],[39.1253,9.6479],[39.1242,9.6474],[39.1225,9.6468],[39.1215,9.6464],[39.1206,9.6462],[39.1201,9.6449],[39.1203,9.6435],[39.1197,9.6423],[39.1192,9.6412],[39.118,9.6399],[39.1172,9.6396],[39.1169,9.6387],[39.1176,9.6385],[39.1183,9.6379],[39.1188,9.637],[39.1195,9.6349],[39.1204,9.6338],[39.1202,9.6322],[39.1207,9.63],[39.1214,9.6293],[39.1225,9.6291],[39.1237,9.6296],[39.1245,9.6302],[39.1253,9.6305],[39.1263,9.63],[39.1269,9.629],[39.1273,9.6281],[39.1282,9.6272],[39.1291,9.6264],[39.1295,9.6252],[39.1286,9.6245],[39.1283,9.6237],[39.1285,9.6229],[39.1287,9.6219],[39.1295,9.621],[39.1306,9.6211],[39.1313,9.6202],[39.1317,9.6194],[39.1323,9.6193],[39.1335,9.6196],[39.1339,9.6194],[39.1344,9.6188],[39.1363,9.6182],[39.1373,9.6181],[39.1375,9.6169],[39.1384,9.6157],[39.14,9.6144],[39.1411,9.6135],[39.1401,9.6112],[39.1389,9.61],[39.1379,9.6096],[39.1374,9.609],[39.1367,9.6093],[39.1364,9.6113],[39.1361,9.6129],[39.1351,9.6141],[39.1354,9.6146],[39.1351,9.6153],[39.1342,9.6159],[39.1334,9.6159],[39.1319,9.6154],[39.1302,9.6142],[39.1286,9.6139],[39.1269,9.6134],[39.1248,9.612],[39.1226,9.6114],[39.1216,9.6122],[39.1215,9.6126],[39.1216,9.6136],[39.1215,9.6148],[39.1202,9.6147],[39.1197,9.6145],[39.1188,9.6136],[39.1149,9.6105],[39.1139,9.6089],[39.1134,9.6089],[39.1125,9.6089],[39.112,9.6076],[39.1105,9.6062],[39.1099,9.6051],[39.1086,9.6037],[39.1059,9.6011],[39.1054,9.6001],[39.1046,9.5997],[39.1038,9.5996],[39.1035,9.5973],[39.1049,9.5957],[39.1057,9.5958],[39.1075,9.5946],[39.108,9.5941],[39.109,9.5937],[39.1117,9.5929],[39.1116,9.5923],[39.111,9.5919],[39.1098,9.5901],[39.1103,9.5889],[39.1115,9.5889],[39.1116,9.5882],[39.1106,9.5857],[39.1108,9.5849],[39.1114,9.5847],[39.1123,9.5846],[39.1137,9.5851],[39.1144,9.5848],[39.1145,9.5841],[39.1143,9.5832],[39.1135,9.5828],[39.1131,9.5795],[39.1107,9.577],[39.1099,9.575],[39.1088,9.5736],[39.1062,9.5723],[39.1054,9.5711],[39.1047,9.5693],[39.1048,9.5682],[39.1048,9.5665],[39.1049,9.5648],[39.1051,9.563],[39.1049,9.5625],[39.1047,9.5609],[39.1032,9.5589],[39.1024,9.5581],[39.102,9.5582],[39.1017,9.5598],[39.1011,9.5614],[39.1006,9.5634],[39.1012,9.5652],[39.1,9.5659],[39.0989,9.5674],[39.0981,9.5683],[39.0962,9.5701],[39.0955,9.571],[39.0925,9.5699],[39.0919,9.5678],[39.0934,9.567],[39.0956,9.5652],[39.096,9.5651],[39.0965,9.5641],[39.0965,9.563],[39.0955,9.5621],[39.0946,9.5615],[39.0939,9.5612],[39.0924,9.5604],[39.0918,9.5599],[39.091,9.5588],[39.0898,9.5584],[39.0893,9.5573],[39.0888,9.5573],[39.088,9.5591],[39.0875,9.5606],[39.0867,9.5615],[39.0862,9.5622],[39.0856,9.5626],[39.0845,9.5627],[39.083,9.5628],[39.0825,9.563],[39.082,9.5636],[39.0824,9.5647],[39.0824,9.5657],[39.0816,9.566],[39.0807,9.5653],[39.0799,9.5652],[39.0793,9.5658],[39.0782,9.5659],[39.0765,9.567],[39.075,9.5681],[39.0737,9.5695],[39.0736,9.5693],[39.0728,9.5695],[39.07,9.5691],[39.0681,9.5697],[39.0669,9.57],[39.0654,9.5704],[39.065,9.5702],[39.0648,9.5709],[39.0643,9.5729],[39.0633,9.5745],[39.0619,9.5754],[39.0605,9.5757],[39.059,9.5764],[39.0574,9.5772],[39.0562,9.5787],[39.0546,9.5791],[39.0538,9.5797],[39.0537,9.5793],[39.0525,9.5795],[39.0516,9.5797],[39.0502,9.5815],[39.0493,9.5835],[39.0472,9.5846],[39.0453,9.5846],[39.0444,9.5843],[39.0434,9.5839],[39.0414,9.5833],[39.0395,9.5827],[39.038,9.5829],[39.0373,9.5824],[39.0359,9.5819],[39.0347,9.5811],[39.0337,9.5811],[39.0326,9.5812],[39.0315,9.5811],[39.0314,9.5799],[39.0307,9.5788],[39.0308,9.5774],[39.0298,9.5768],[39.0285,9.5761],[39.0281,9.5753],[39.0277,9.5761],[39.0275,9.5761],[39.0265,9.5749],[39.0258,9.5743],[39.0245,9.5736],[39.0237,9.574],[39.0231,9.5739],[39.0209,9.573],[39.0204,9.5726],[39.0195,9.5722],[39.018,9.572],[39.0162,9.5714],[39.0149,9.5714],[39.0143,9.5707],[39.0133,9.5694],[39.0125,9.5685],[39.0113,9.569],[39.011,9.569],[39.0099,9.5681],[39.0091,9.5687],[39.008,9.5695],[39.0072,9.5685],[39.0063,9.5666],[39.0063,9.5658],[39.0073,9.5652],[39.0073,9.5645],[39.0063,9.5638],[39.0056,9.5639],[39.0048,9.5646],[39.0042,9.5648],[39.0034,9.5632],[39.0021,9.5615],[39.0013,9.5608],[39.0017,9.5602],[39.0037,9.5595],[39.0051,9.5588],[39.0061,9.5576],[39.0066,9.5565],[39.0065,9.5536],[39.0069,9.5514],[39.0073,9.5461],[39.0076,9.5444],[39.0084,9.5435],[39.0093,9.5434],[39.0105,9.544],[39.0108,9.5458],[39.0105,9.5468],[39.0111,9.5477],[39.0111,9.5497],[39.012,9.5502],[39.0132,9.5512],[39.0146,9.5518],[39.016,9.5515],[39.0176,9.5514],[39.0185,9.5506],[39.0194,9.549],[39.0205,9.5474],[39.0213,9.5463],[39.0222,9.5451],[39.0228,9.5441],[39.0223,9.5425],[39.0227,9.5421],[39.0221,9.5421],[39.0212,9.5417],[39.0205,9.5408],[39.0191,9.54],[39.0168,9.539],[39.0149,9.5377],[39.0149,9.537],[39.0154,9.5362],[39.0154,9.5356],[39.0158,9.5345],[39.0179,9.5315],[39.0188,9.5307],[39.0198,9.53],[39.0217,9.5276],[39.0222,9.5268],[39.0222,9.5258],[39.0212,9.5255],[39.0208,9.5248],[39.0199,9.5242],[39.018,9.5236],[39.017,9.5224],[39.0148,9.5223],[39.0141,9.5217],[39.013,9.5213],[39.0119,9.5211],[39.0104,9.521],[39.0094,9.521],[39.0088,9.5205],[39.009,9.5203],[39.0088,9.5198],[39.0111,9.5183],[39.0113,9.5177],[39.0101,9.517],[39.0097,9.5156],[39.0099,9.514],[39.0102,9.5135],[39.0116,9.5123],[39.0134,9.512],[39.015,9.5122],[39.0167,9.5122],[39.0167,9.5115],[39.0157,9.5108],[39.0145,9.5098],[39.0134,9.508],[39.0124,9.5071],[39.0114,9.5066],[39.0108,9.5053],[39.0099,9.5046],[39.0091,9.5049],[39.0074,9.5052],[39.0061,9.5046],[39.0032,9.5025],[39.0016,9.5017],[39.0001,9.5009],[39.0001,9.5005],[38.999,9.4988],[38.9979,9.4957],[38.9964,9.4937],[38.995,9.4925],[38.995,9.492],[38.9944,9.491],[38.9941,9.4895],[38.9937,9.4888],[38.9929,9.4887],[38.9926,9.4891],[38.992,9.4886],[38.9922,9.4882],[38.9936,9.4874],[38.9942,9.4865],[38.9947,9.4853],[38.9942,9.4841],[38.9929,9.4837],[38.992,9.4839],[38.9911,9.4836],[38.9902,9.4841],[38.9884,9.4849],[38.9873,9.4852],[38.9861,9.4831],[38.9857,9.481],[38.985,9.4796],[38.9844,9.4788],[38.9827,9.4783],[38.982,9.4776],[38.9805,9.4768],[38.9789,9.4758],[38.9777,9.4748],[38.9784,9.4742],[38.9799,9.4733],[38.9806,9.4724],[38.9813,9.4706],[38.9816,9.4682],[38.9803,9.4666],[38.979,9.466],[38.977,9.4647],[38.9749,9.4631],[38.9736,9.4621],[38.973,9.4624],[38.9723,9.4627],[38.9714,9.4634],[38.9705,9.4631],[38.9694,9.4631],[38.968,9.4635],[38.9667,9.4642],[38.9658,9.4637],[38.9649,9.4639],[38.9642,9.4632],[38.963,9.4629],[38.961,9.4619],[38.9589,9.4619],[38.9573,9.4631],[38.9555,9.4626],[38.9547,9.4628],[38.9549,9.4639],[38.9546,9.4639],[38.9527,9.4635],[38.9513,9.4643],[38.949,9.466],[38.9474,9.4672],[38.9465,9.4677],[38.9446,9.4677],[38.944,9.4683],[38.9434,9.4702],[38.9435,9.4716],[38.9436,9.4725],[38.9424,9.4735],[38.942,9.4753],[38.9401,9.4752],[38.9385,9.4729],[38.9376,9.472],[38.9369,9.4718],[38.9352,9.4718],[38.9336,9.4721],[38.9321,9.4723],[38.931,9.4727],[38.9305,9.4739],[38.9314,9.4755],[38.9326,9.4763],[38.9335,9.4768],[38.9338,9.4774],[38.9337,9.4784],[38.9341,9.4787],[38.9344,9.4793],[38.9315,9.4809],[38.9301,9.4807],[38.9296,9.4809],[38.9266,9.4804],[38.9249,9.4804],[38.9239,9.4806],[38.9221,9.4807],[38.9215,9.4797],[38.9207,9.4795],[38.9193,9.4801],[38.9189,9.4797],[38.9179,9.4778],[38.9169,9.4761],[38.9164,9.4746],[38.9147,9.4739],[38.9119,9.4728],[38.9109,9.4704],[38.9108,9.4696],[38.9101,9.4689],[38.9091,9.4681],[38.9089,9.4675],[38.908,9.4671],[38.9072,9.4674],[38.9055,9.4683],[38.9044,9.468],[38.9033,9.469],[38.9028,9.4684],[38.9019,9.4675],[38.9007,9.4677],[38.8992,9.468],[38.8985,9.4692],[38.8984,9.4706],[38.8973,9.4717],[38.8957,9.4727],[38.8957,9.4738],[38.896,9.4747],[38.896,9.4749],[38.8951,9.4751],[38.8936,9.4749],[38.8934,9.474],[38.8927,9.4725],[38.8919,9.4723],[38.8908,9.4722],[38.8877,9.4727],[38.8869,9.4732],[38.8867,9.4726],[38.8864,9.4721],[38.8867,9.4714],[38.8869,9.47],[38.886,9.4696],[38.8848,9.4696],[38.885,9.4689],[38.8854,9.4685],[38.8854,9.4677],[38.8848,9.4665],[38.8837,9.4662],[38.8824,9.466],[38.8822,9.4663],[38.8808,9.466],[38.8798,9.4649],[38.8789,9.462],[38.8782,9.4609],[38.8782,9.4598],[38.8787,9.4579],[38.8794,9.4562],[38.8804,9.4557],[38.88,9.4549],[38.8795,9.4544],[38.8786,9.4544],[38.8777,9.4534],[38.8769,9.453],[38.8755,9.4529],[38.8748,9.4534],[38.8739,9.4533],[38.8731,9.4537],[38.8717,9.4564],[38.871,9.4571],[38.8699,9.4569],[38.8687,9.4569],[38.8671,9.4566],[38.8663,9.4569],[38.865,9.4575],[38.8633,9.4575],[38.8612,9.4574],[38.8601,9.4575],[38.8601,9.456],[38.8597,9.4547],[38.8585,9.453],[38.8578,9.4515],[38.8558,9.451],[38.8553,9.4497],[38.8548,9.4478],[38.8542,9.4477],[38.8532,9.4483],[38.8522,9.4491],[38.8514,9.4502],[38.8505,9.4497],[38.8504,9.4481],[38.8499,9.4471],[38.8489,9.447],[38.8479,9.4477],[38.8472,9.4492],[38.8467,9.4503],[38.846,9.4506],[38.8446,9.4503],[38.8432,9.4491],[38.8423,9.4487],[38.8414,9.4489],[38.8403,9.449],[38.8389,9.4488],[38.8373,9.4489],[38.8363,9.4485],[38.8347,9.4485],[38.8335,9.4489],[38.8316,9.4486],[38.8308,9.4496],[38.8295,9.4515],[38.8276,9.4546],[38.8264,9.4562],[38.8251,9.4562],[38.8246,9.4564],[38.8244,9.4579],[38.8248,9.4585],[38.826,9.4592],[38.8274,9.4598],[38.8287,9.4604],[38.83,9.4615],[38.8302,9.4624],[38.8299,9.4632],[38.8288,9.4632],[38.826,9.4633],[38.8246,9.4623],[38.8238,9.4613],[38.8229,9.4596],[38.8226,9.4585],[38.8222,9.4576],[38.821,9.4573],[38.8193,9.4559],[38.8181,9.4554],[38.8164,9.4551],[38.815,9.4539],[38.8145,9.454],[38.8138,9.455],[38.8134,9.4564],[38.8129,9.4574],[38.8115,9.4574],[38.8092,9.4565],[38.8082,9.4559],[38.8078,9.4561],[38.8075,9.4541],[38.8093,9.4532],[38.8105,9.4527],[38.8116,9.451],[38.8114,9.4503],[38.8126,9.4489],[38.8116,9.4483],[38.8093,9.4475],[38.8083,9.4464],[38.8069,9.4455],[38.8055,9.4448],[38.8044,9.4451],[38.8031,9.445],[38.8027,9.4434],[38.8023,9.4424],[38.8016,9.4416],[38.8003,9.4413],[38.7996,9.4414],[38.7983,9.4417],[38.7976,9.4418],[38.7958,9.4428],[38.7952,9.4433],[38.7936,9.4445],[38.7926,9.4459],[38.7918,9.4454],[38.7919,9.4448],[38.7914,9.4438],[38.7907,9.4437],[38.7891,9.4442],[38.7882,9.4435],[38.7887,9.4424],[38.789,9.4409],[38.789,9.4397],[38.7881,9.4384],[38.7878,9.4371],[38.7864,9.435],[38.7853,9.4333],[38.7845,9.4329],[38.7832,9.4327],[38.782,9.4331],[38.78,9.4335],[38.7781,9.4338],[38.7771,9.4331],[38.7757,9.4323],[38.7744,9.4327],[38.7736,9.4328],[38.771,9.4354],[38.7694,9.4354],[38.7674,9.4349],[38.7662,9.4346],[38.7641,9.436],[38.7618,9.4368],[38.7595,9.4369],[38.7577,9.4378],[38.7542,9.4403],[38.7526,9.4417],[38.7514,9.4436],[38.7501,9.4449],[38.7491,9.4452],[38.7465,9.4453],[38.7418,9.4459],[38.7408,9.4455],[38.7387,9.4453],[38.7379,9.4457],[38.7369,9.4467],[38.7353,9.4488],[38.734,9.45],[38.7323,9.4514],[38.7303,9.4516],[38.7288,9.4523],[38.7272,9.4533],[38.7258,9.4536],[38.7247,9.4543],[38.7234,9.4544],[38.7215,9.4546],[38.7207,9.4557],[38.7197,9.4583],[38.7188,9.4618],[38.7193,9.464],[38.7195,9.4664],[38.7201,9.4677],[38.7203,9.4687],[38.7201,9.4701],[38.7192,9.4733],[38.7179,9.4766],[38.7182,9.4781],[38.7177,9.4794],[38.7179,9.4808],[38.7178,9.4816],[38.7175,9.4831],[38.7168,9.4849],[38.7157,9.4858],[38.7148,9.4866],[38.7142,9.4893],[38.7129,9.4905],[38.7112,9.4914],[38.7096,9.4909],[38.7083,9.4902],[38.7069,9.4907],[38.7071,9.4882],[38.7062,9.4876],[38.7051,9.4862],[38.7037,9.4856],[38.7015,9.4856],[38.7002,9.4854],[38.6989,9.4842],[38.6976,9.484],[38.6953,9.4841],[38.6941,9.4834],[38.6926,9.4829],[38.6911,9.4832],[38.6899,9.4839],[38.6886,9.4853],[38.6877,9.4873],[38.6864,9.4884],[38.685,9.4894],[38.6839,9.4908],[38.6834,9.493],[38.6839,9.4946],[38.6836,9.4957],[38.6806,9.4974],[38.6786,9.4992],[38.6769,9.501],[38.676,9.5031],[38.675,9.5049],[38.6732,9.5067],[38.6715,9.5074],[38.6698,9.5085],[38.6662,9.5096],[38.6647,9.5095],[38.663,9.5099],[38.6618,9.51],[38.6605,9.5111],[38.6581,9.5118],[38.6554,9.511],[38.6539,9.5115],[38.653,9.5119],[38.6534,9.5123],[38.6543,9.5136],[38.657,9.517],[38.6578,9.5183],[38.6582,9.5189],[38.6588,9.5197],[38.6598,9.5206],[38.6604,9.5215],[38.6607,9.522],[38.6614,9.5231],[38.6622,9.5247],[38.663,9.5256],[38.6648,9.5275],[38.6665,9.5287],[38.6678,9.5296],[38.6682,9.5297],[38.6705,9.5314],[38.6725,9.5327],[38.6739,9.5338],[38.6758,9.535],[38.6769,9.5364],[38.6775,9.5383],[38.6783,9.5401],[38.6792,9.5414],[38.6801,9.5421],[38.6816,9.5425],[38.6833,9.5428],[38.6844,9.5433],[38.6858,9.5442],[38.6866,9.5449],[38.6882,9.5467],[38.6883,9.5469],[38.6881,9.5477],[38.6875,9.5486],[38.6875,9.5495],[38.6878,9.55],[38.6889,9.5504],[38.6924,9.5512],[38.6939,9.5515],[38.6949,9.5512],[38.6981,9.5512],[38.7001,9.5503],[38.7017,9.5497],[38.7043,9.5494],[38.7049,9.5491],[38.705,9.5486],[38.7048,9.5475],[38.7052,9.546],[38.7061,9.5453],[38.7061,9.5455],[38.7059,9.5466],[38.7059,9.5478],[38.7057,9.549],[38.706,9.5507],[38.7058,9.5523],[38.7056,9.5536],[38.7055,9.5549],[38.7052,9.5567],[38.7052,9.5578],[38.7051,9.5588],[38.7053,9.5598],[38.7054,9.5611],[38.705,9.5624],[38.705,9.5636],[38.7052,9.5643],[38.7056,9.5646],[38.7056,9.5649],[38.7049,9.5654],[38.7044,9.5651],[38.7048,9.5659],[38.7042,9.5664],[38.704,9.5663],[38.7034,9.5663],[38.7028,9.568],[38.703,9.5684],[38.7035,9.569],[38.7033,9.5698],[38.7029,9.5705],[38.7026,9.5722],[38.7027,9.573],[38.7028,9.5732],[38.7026,9.5741],[38.7021,9.5753],[38.7018,9.5751],[38.7015,9.5747],[38.7009,9.5742],[38.7003,9.5742],[38.6983,9.5742],[38.6971,9.5741],[38.6966,9.5751],[38.6964,9.5759],[38.697,9.5767],[38.6968,9.5777],[38.696,9.5785],[38.6961,9.5792],[38.696,9.5798],[38.6961,9.5803],[38.696,9.5818],[38.6962,9.5823],[38.6959,9.5832],[38.6962,9.5838],[38.6962,9.5845],[38.6958,9.5849],[38.6956,9.5856],[38.6958,9.5864],[38.6956,9.5881],[38.6957,9.5888],[38.695,9.5894],[38.6941,9.5896],[38.6929,9.5895],[38.692,9.5892],[38.6904,9.5892],[38.6895,9.589],[38.6888,9.5896],[38.6873,9.5907],[38.6872,9.5911],[38.6868,9.5918],[38.6869,9.5922],[38.6876,9.5933],[38.687,9.5939],[38.6858,9.5942],[38.685,9.5939],[38.6851,9.5936],[38.683,9.5934],[38.6824,9.5935],[38.6817,9.5932],[38.6808,9.5931],[38.6808,9.5942],[38.6826,9.5945],[38.6832,9.5949],[38.6837,9.5954],[38.6843,9.5967],[38.685,9.5969],[38.6854,9.5974],[38.6866,9.598],[38.6877,9.5984],[38.689,9.5986],[38.689,9.6],[38.6884,9.6009],[38.6885,9.6016],[38.689,9.6023],[38.6894,9.6025],[38.69,9.6023],[38.6902,9.602],[38.6913,9.6015],[38.6921,9.6014],[38.6928,9.6019],[38.6929,9.6027],[38.6926,9.6039],[38.6926,9.6042],[38.6932,9.6048],[38.6941,9.6052],[38.6952,9.6054],[38.6957,9.6057],[38.6956,9.6061],[38.6947,9.6071],[38.6957,9.608],[38.6964,9.6082],[38.6969,9.608],[38.6987,9.6088],[38.6992,9.6093],[38.7004,9.6101],[38.7005,9.61],[38.7021,9.6095],[38.7052,9.6095],[38.7072,9.6104],[38.7088,9.6109],[38.7102,9.6094],[38.7107,9.6086],[38.7112,9.6063],[38.7088,9.6058],[38.7078,9.6053],[38.7072,9.6048],[38.7062,9.6036],[38.7062,9.603],[38.7063,9.6013],[38.7066,9.601],[38.7075,9.6004],[38.7087,9.5989],[38.7085,9.5977],[38.7085,9.5973],[38.709,9.5961],[38.7099,9.5953],[38.709,9.5928],[38.7107,9.5894],[38.7122,9.5899],[38.7163,9.5906],[38.7242,9.5959],[38.7314,9.597],[38.7345,9.6024],[38.741,9.6077],[38.7479,9.6116],[38.7562,9.6176],[38.7549,9.6214],[38.756,9.6217],[38.7564,9.6217],[38.7569,9.621],[38.7581,9.6215],[38.7597,9.6219],[38.7612,9.6219],[38.7623,9.6211],[38.7635,9.6201],[38.7658,9.619],[38.7665,9.6193],[38.7671,9.6201],[38.7688,9.6221],[38.7699,9.6231],[38.7715,9.6241],[38.7716,9.6215],[38.7719,9.6204],[38.7725,9.6197],[38.773,9.6194],[38.7733,9.6184],[38.7742,9.618],[38.7744,9.6171],[38.7748,9.6163],[38.7759,9.616],[38.7761,9.6152],[38.7768,9.6151],[38.7778,9.6144],[38.7787,9.6133],[38.7796,9.6118],[38.7803,9.6104],[38.7821,9.6084],[38.7831,9.6072],[38.7847,9.605],[38.7857,9.6042],[38.7868,9.6036],[38.7881,9.6032],[38.7889,9.6026],[38.7906,9.6019],[38.7918,9.6016],[38.7924,9.6002],[38.7932,9.5993],[38.7944,9.5987],[38.7969,9.5971],[38.7979,9.5962],[38.7996,9.596],[38.8021,9.5958],[38.8049,9.5953],[38.8069,9.5948],[38.8082,9.594],[38.8098,9.5938],[38.8114,9.5931],[38.8133,9.594],[38.816,9.5945],[38.8177,9.5941],[38.819,9.594],[38.82,9.5946],[38.8219,9.596],[38.8238,9.5975],[38.8263,9.5985],[38.8288,9.599],[38.8308,9.5987],[38.8331,9.5985],[38.8355,9.5987],[38.8378,9.599],[38.8408,9.5995],[38.8431,9.5997],[38.8446,9.5998],[38.8466,9.5999],[38.8486,9.6002],[38.85,9.6007],[38.8503,9.6019],[38.8516,9.6026],[38.8513,9.6045],[38.8516,9.6063],[38.8528,9.6079],[38.8538,9.6101],[38.8548,9.6113],[38.8565,9.6124],[38.8563,9.6128],[38.8571,9.6149],[38.8556,9.6149],[38.8538,9.6167],[38.8528,9.6169],[38.8542,9.6188],[38.8572,9.6224],[38.8587,9.6244],[38.8606,9.6264],[38.8622,9.6278],[38.8639,9.6271],[38.8642,9.6277],[38.8647,9.6278],[38.8661,9.6283],[38.8671,9.6293],[38.8676,9.629],[38.8685,9.6277],[38.8676,9.6266],[38.8679,9.6255],[38.868,9.6247],[38.8678,9.624],[38.8684,9.6237],[38.8682,9.6212],[38.8685,9.6201],[38.8697,9.6181],[38.8698,9.6152],[38.8701,9.6128],[38.8693,9.6121],[38.8679,9.6111],[38.8693,9.6084],[38.8709,9.6054],[38.8713,9.6041],[38.8719,9.6035],[38.873,9.6039],[38.8735,9.602],[38.8751,9.6019],[38.8764,9.6014],[38.8771,9.6002],[38.8774,9.6001],[38.8781,9.6012],[38.8786,9.6038],[38.8788,9.6059],[38.8805,9.6065],[38.8813,9.6077],[38.8816,9.6091],[38.8807,9.6096],[38.8798,9.6105],[38.88,9.6112],[38.8815,9.6106],[38.8839,9.6101],[38.8843,9.6108],[38.8851,9.6107],[38.8853,9.6104],[38.8869,9.61],[38.888,9.6095],[38.8899,9.6074],[38.8921,9.6062],[38.8935,9.6054],[38.8947,9.6048],[38.8959,9.6037],[38.8978,9.603],[38.8994,9.6031],[38.9006,9.5983],[38.9011,9.5963],[38.9017,9.5964],[38.9015,9.5952],[38.9014,9.5924],[38.902,9.5906],[38.9016,9.588],[38.9009,9.5851],[38.9005,9.5836],[38.9002,9.5815],[38.9028,9.581],[38.9038,9.5806],[38.9045,9.5796],[38.9044,9.5787],[38.9061,9.5776],[38.9077,9.5758],[38.9083,9.5743],[38.9081,9.5723],[38.9081,9.5701],[38.9093,9.5693],[38.9105,9.569],[38.9128,9.5711],[38.9144,9.5723],[38.9148,9.5733],[38.9139,9.5738],[38.9131,9.5748],[38.9123,9.5756],[38.911,9.5772],[38.9096,9.578],[38.9098,9.5785],[38.9121,9.5796],[38.9137,9.5809],[38.9165,9.5824],[38.9209,9.5845],[38.9229,9.5854],[38.9244,9.5855],[38.925,9.5845],[38.9284,9.5839],[38.9309,9.5837],[38.9327,9.5842],[38.9348,9.584],[38.9361,9.584],[38.9367,9.5842],[38.9363,9.5859],[38.936,9.5893],[38.936,9.5917],[38.9357,9.593],[38.9355,9.5947],[38.9353,9.596],[38.9353,9.5967],[38.9358,9.5976],[38.9353,9.5983],[38.9346,9.5984],[38.9347,9.6001],[38.9359,9.6016],[38.9398,9.6077],[38.9408,9.6092],[38.9405,9.6102],[38.9388,9.6113],[38.938,9.6119],[38.9366,9.6127],[38.9356,9.6138],[38.9344,9.615],[38.9314,9.6169],[38.9297,9.6179],[38.9292,9.6181],[38.9298,9.62],[38.9293,9.6217],[38.9285,9.623],[38.9275,9.6245],[38.9271,9.6254],[38.9267,9.626],[38.9265,9.6265],[38.9273,9.6282],[38.9282,9.6275],[38.9293,9.6288],[38.9305,9.6307],[38.9316,9.6322],[38.9321,9.634],[38.9325,9.6353],[38.9339,9.637],[38.9353,9.6383],[38.9356,9.638],[38.9376,9.6373],[38.9391,9.6372],[38.9411,9.6369],[38.9426,9.6375],[38.9438,9.638],[38.9443,9.6377],[38.9447,9.6359],[38.9463,9.6341],[38.9475,9.6336],[38.9483,9.6345],[38.9494,9.635],[38.9506,9.6367],[38.9523,9.6364],[38.9537,9.6365],[38.955,9.6359],[38.9561,9.6343],[38.9566,9.6333],[38.9578,9.6332],[38.9588,9.6347],[38.9595,9.6355],[38.9613,9.6358],[38.963,9.636],[38.9637,9.636],[38.965,9.6361],[38.9663,9.6362],[38.969,9.6358],[38.9719,9.6353],[38.974,9.6359],[38.9756,9.6365],[38.9773,9.6377],[38.9795,9.6405],[38.9804,9.6419],[38.9813,9.6428],[38.9809,9.6447],[38.9799,9.646],[38.9791,9.6478],[38.9793,9.6485],[38.9791,9.6488],[38.9788,9.6485],[38.9777,9.6493],[38.9773,9.6484],[38.9766,9.6486],[38.975,9.6495],[38.9739,9.6505],[38.9717,9.6532],[38.9707,9.6531],[38.9698,9.6535],[38.9695,9.6541],[38.9689,9.6547],[38.9683,9.6557],[38.9674,9.6577],[38.9667,9.6584],[38.9656,9.6581],[38.9637,9.6582],[38.9622,9.6586],[38.961,9.6606],[38.9593,9.6619],[38.9569,9.6629],[38.9552,9.6631],[38.9529,9.6647],[38.9511,9.6676],[38.9498,9.6681],[38.9484,9.668],[38.9474,9.6686],[38.9466,9.6701],[38.9469,9.6708],[38.9464,9.6708],[38.946,9.6718],[38.9459,9.6735],[38.9451,9.674],[38.9436,9.6746],[38.942,9.6749],[38.9409,9.6752],[38.9405,9.676],[38.9398,9.6781],[38.9378,9.6811],[38.9371,9.6827],[38.9375,9.6844],[38.9399,9.686],[38.9408,9.6875],[38.9401,9.689],[38.9394,9.6907],[38.9379,9.6915],[38.9376,9.6928],[38.9367,9.6939],[38.9357,9.6947],[38.9345,9.6944],[38.9326,9.6946],[38.9321,9.6961],[38.9324,9.6975],[38.9321,9.6988],[38.9316,9.6994],[38.931,9.7005],[38.9298,9.7015],[38.9316,9.703],[38.9321,9.705],[38.9325,9.7066],[38.9323,9.708],[38.9347,9.707],[38.9381,9.7063],[38.9409,9.7066],[38.9423,9.7079],[38.9436,9.7094],[38.9453,9.7102],[38.9475,9.7103],[38.9494,9.7097],[38.9508,9.7106],[38.953,9.7094],[38.9545,9.7101],[38.9555,9.7098],[38.9578,9.7095],[38.9601,9.7095],[38.9619,9.7093],[38.9619,9.7109],[38.9626,9.7145],[38.9612,9.7152],[38.9596,9.7153],[38.9591,9.7185],[38.9552,9.7262],[38.9527,9.7327],[38.9521,9.7387],[38.9577,9.7437],[38.9641,9.7491],[38.9679,9.7562],[38.9744,9.7611],[38.9777,9.7563],[38.9808,9.752],[38.9859,9.749],[38.9901,9.746],[38.9971,9.748],[39.0045,9.7506],[39.0122,9.7522],[39.0166,9.7577],[39.0236,9.7579],[39.0306,9.7555],[39.035,9.7528],[39.036,9.747],[39.043,9.7508],[39.0505,9.7534],[39.0588,9.7535],[39.0689,9.753],[39.0765,9.7546],[39.0821,9.757],[39.0871,9.7615],[39.0922,9.7631],[39.0974,9.7582],[39.1018,9.7551],[39.1045,9.7486],[39.0974,9.7438],[39.0977,9.7354],[39.1029,9.7337],[39.1058,9.7332],[39.1064,9.7321]]]}},{"type":"Feature","properties":{"id":"LW047","woreda":"Galan","zone":"Shager City","region":"Oromia","area_km2":123.7,"lat":8.8233,"lon":38.7862},"geometry":{"type":"Polygon","coordinates":[[[38.7058,8.7738],[38.7064,8.776],[38.7077,8.7785],[38.7078,8.7822],[38.7068,8.784],[38.7055,8.7848],[38.7043,8.7841],[38.7035,8.7837],[38.7021,8.7838],[38.7011,8.7835],[38.6991,8.7828],[38.6977,8.7828],[38.697,8.7836],[38.6964,8.7848],[38.6963,8.7859],[38.6965,8.7889],[38.6979,8.7917],[38.698,8.7928],[38.6976,8.7932],[38.6961,8.7931],[38.6936,8.798],[38.6939,8.7986],[38.6951,8.7995],[38.6951,8.8006],[38.6967,8.8018],[38.6961,8.8024],[38.696,8.8031],[38.6967,8.8036],[38.6971,8.8049],[38.6977,8.8056],[38.6994,8.8059],[38.7014,8.8054],[38.7019,8.8057],[38.7015,8.8068],[38.6992,8.8112],[38.699,8.8137],[38.6995,8.8145],[38.6991,8.8166],[38.6997,8.8184],[38.6988,8.8218],[38.6974,8.8233],[38.6969,8.8245],[38.6967,8.8253],[38.697,8.8261],[38.6962,8.8272],[38.6961,8.8278],[38.6969,8.8281],[38.6968,8.8292],[38.6977,8.8294],[38.6992,8.8304],[38.7002,8.8319],[38.7015,8.8336],[38.7026,8.8346],[38.7028,8.8349],[38.7032,8.8361],[38.7054,8.8378],[38.707,8.8388],[38.7084,8.8395],[38.7118,8.8404],[38.7137,8.8432],[38.7195,8.8457],[38.7215,8.847],[38.722,8.848],[38.7236,8.8497],[38.7248,8.8499],[38.7254,8.8505],[38.7264,8.8509],[38.728,8.8518],[38.7296,8.8531],[38.7297,8.8533],[38.7319,8.8555],[38.7324,8.8569],[38.7332,8.8581],[38.7337,8.8594],[38.734,8.86],[38.7344,8.8602],[38.7349,8.8611],[38.7352,8.8613],[38.7356,8.8621],[38.7352,8.8639],[38.7355,8.8646],[38.7361,8.8647],[38.7361,8.8649],[38.7363,8.8657],[38.7385,8.8659],[38.7399,8.8667],[38.7405,8.8675],[38.7421,8.8675],[38.7427,8.8676],[38.743,8.868],[38.7427,8.8683],[38.7429,8.8687],[38.743,8.8698],[38.7441,8.8713],[38.7441,8.8716],[38.7439,8.8726],[38.7439,8.8736],[38.7443,8.8745],[38.7447,8.8757],[38.7443,8.8768],[38.7443,8.878],[38.7444,8.8794],[38.7473,8.8772],[38.7452,8.8695],[38.7455,8.8634],[38.7541,8.8586],[38.7565,8.8532],[38.7616,8.8536],[38.773,8.8575],[38.7775,8.8524],[38.7784,8.8418],[38.7806,8.8359],[38.7867,8.8353],[38.792,8.8358],[38.7976,8.8335],[38.8055,8.8372],[38.8125,8.84],[38.8175,8.8393],[38.8244,8.8413],[38.8238,8.8464],[38.8239,8.8528],[38.8263,8.8576],[38.8269,8.8624],[38.8279,8.8622],[38.8294,8.862],[38.8444,8.8555],[38.8511,8.8521],[38.8521,8.8508],[38.8509,8.8495],[38.8505,8.8493],[38.85,8.8483],[38.8483,8.8442],[38.8473,8.8424],[38.8479,8.8414],[38.8493,8.8399],[38.8511,8.839],[38.8525,8.8382],[38.8529,8.8375],[38.8541,8.8363],[38.8557,8.8359],[38.8566,8.8354],[38.8576,8.836],[38.8576,8.8375],[38.8583,8.8386],[38.86,8.8399],[38.8612,8.8403],[38.8621,8.8403],[38.863,8.8407],[38.8641,8.8411],[38.8653,8.8421],[38.8666,8.8424],[38.8683,8.842],[38.8722,8.8396],[38.8768,8.8363],[38.8797,8.8348],[38.8812,8.8346],[38.8809,8.8342],[38.8804,8.8343],[38.8789,8.8301],[38.8757,8.8257],[38.8755,8.8249],[38.8753,8.8247],[38.8754,8.8241],[38.8747,8.8235],[38.8749,8.8228],[38.8752,8.8225],[38.8753,8.822],[38.8748,8.8213],[38.8742,8.8211],[38.8736,8.8206],[38.8735,8.8202],[38.8723,8.8206],[38.8714,8.8208],[38.8699,8.8203],[38.8683,8.8199],[38.8681,8.8197],[38.8666,8.8167],[38.8657,8.8145],[38.8653,8.8138],[38.8644,8.8117],[38.864,8.8107],[38.8633,8.8094],[38.8624,8.8083],[38.8617,8.808],[38.8588,8.8066],[38.855,8.8043],[38.8543,8.804],[38.8515,8.8033],[38.8458,8.803],[38.8449,8.8025],[38.8412,8.8006],[38.8369,8.7987],[38.8325,8.7965],[38.8308,8.7956],[38.8304,8.7949],[38.8294,8.7931],[38.8286,8.792],[38.8287,8.7918],[38.8277,8.7911],[38.8258,8.7893],[38.8234,8.7881],[38.8198,8.7879],[38.8169,8.7878],[38.8159,8.788],[38.8154,8.789],[38.8147,8.7893],[38.8132,8.7893],[38.8123,8.7895],[38.8123,8.7894],[38.8096,8.7891],[38.8074,8.7891],[38.8044,8.7896],[38.8026,8.7909],[38.7999,8.7915],[38.7989,8.7924],[38.7976,8.7933],[38.7973,8.7933],[38.7968,8.7917],[38.7964,8.7905],[38.7954,8.7885],[38.7939,8.7866],[38.7933,8.7859],[38.7914,8.7841],[38.791,8.7839],[38.7902,8.7825],[38.7893,8.7805],[38.789,8.7799],[38.7885,8.7789],[38.7867,8.7771],[38.7857,8.7774],[38.7842,8.778],[38.7833,8.7784],[38.7831,8.7791],[38.7826,8.7801],[38.7803,8.7803],[38.7798,8.7807],[38.7794,8.7808],[38.7788,8.7805],[38.7776,8.7808],[38.7764,8.7808],[38.7755,8.7809],[38.7749,8.7818],[38.7741,8.7839],[38.7715,8.7857],[38.7698,8.7869],[38.7661,8.7889],[38.7635,8.7899],[38.7627,8.7907],[38.7618,8.7908],[38.7605,8.7919],[38.7562,8.7911],[38.754,8.7918],[38.7514,8.7912],[38.7508,8.7903],[38.7495,8.7899],[38.7487,8.7884],[38.7476,8.7885],[38.7464,8.7876],[38.7457,8.7879],[38.744,8.7879],[38.7425,8.7885],[38.7393,8.7868],[38.7393,8.7864],[38.7386,8.7859],[38.7375,8.7848],[38.7365,8.784],[38.7357,8.7817],[38.7359,8.7811],[38.7345,8.7804],[38.7321,8.7806],[38.7295,8.781],[38.7276,8.7815],[38.7263,8.782],[38.7242,8.7819],[38.7193,8.7796],[38.717,8.7764],[38.7161,8.7743],[38.7128,8.7722],[38.7131,8.7703],[38.711,8.7671],[38.7108,8.7672],[38.71,8.768],[38.7096,8.7689],[38.7088,8.7694],[38.7082,8.7696],[38.708,8.7701],[38.7077,8.7705],[38.7063,8.7713],[38.7058,8.7738]]]}},{"type":"Feature","properties":{"id":"LW048","woreda":"Galan Gudo","zone":"Shager City","region":"Oromia","area_km2":151.2,"lat":8.8565,"lon":38.6824},"geometry":{"type":"Polygon","coordinates":[[[38.6315,8.8065],[38.6318,8.8079],[38.6318,8.8094],[38.6327,8.8123],[38.6327,8.814],[38.6331,8.8161],[38.6332,8.8177],[38.6335,8.819],[38.6338,8.8226],[38.6337,8.824],[38.6333,8.8257],[38.6334,8.8265],[38.6346,8.8278],[38.635,8.8291],[38.6351,8.8299],[38.6357,8.8311],[38.6362,8.8313],[38.6356,8.8329],[38.6359,8.8349],[38.6362,8.8356],[38.6359,8.8362],[38.6357,8.8368],[38.6347,8.8388],[38.6342,8.8405],[38.6343,8.8421],[38.6346,8.8422],[38.6344,8.8427],[38.6346,8.8427],[38.6318,8.8498],[38.6314,8.8524],[38.6323,8.856],[38.633,8.8604],[38.6312,8.8614],[38.6327,8.8651],[38.6366,8.8685],[38.6408,8.8737],[38.6435,8.871],[38.6467,8.8756],[38.6467,8.8758],[38.6485,8.8768],[38.6476,8.8776],[38.6453,8.8809],[38.6438,8.8829],[38.6424,8.8852],[38.6421,8.8858],[38.6424,8.8875],[38.6417,8.888],[38.641,8.8883],[38.6401,8.8883],[38.6395,8.889],[38.6394,8.8896],[38.639,8.8904],[38.6378,8.8925],[38.6373,8.895],[38.6367,8.8961],[38.6364,8.8991],[38.6345,8.902],[38.6329,8.9041],[38.6306,8.9067],[38.6313,8.9071],[38.6334,8.9075],[38.6342,8.908],[38.6352,8.9079],[38.6358,8.9085],[38.637,8.9091],[38.637,8.9095],[38.6379,8.9114],[38.6382,8.9117],[38.6368,8.9134],[38.6368,8.9147],[38.6368,8.9156],[38.6373,8.9155],[38.6376,8.9174],[38.6382,8.919],[38.6372,8.9194],[38.6361,8.92],[38.6358,8.9212],[38.6347,8.9223],[38.6334,8.9218],[38.6328,8.9222],[38.632,8.9212],[38.6322,8.9197],[38.6319,8.9184],[38.6315,8.9176],[38.631,8.9162],[38.6303,8.9164],[38.6295,8.9185],[38.6278,8.9206],[38.6276,8.9213],[38.6282,8.9216],[38.6282,8.9221],[38.6277,8.9244],[38.6264,8.9255],[38.6258,8.9266],[38.6278,8.9302],[38.6247,8.9401],[38.6289,8.9434],[38.637,8.9486],[38.6358,8.951],[38.6365,8.9513],[38.638,8.9505],[38.6389,8.95],[38.6411,8.95],[38.6423,8.9499],[38.6439,8.9503],[38.6442,8.9506],[38.6455,8.9525],[38.6456,8.9521],[38.6476,8.9485],[38.6481,8.9469],[38.6488,8.9459],[38.6487,8.9452],[38.6491,8.9447],[38.6493,8.9441],[38.6501,8.9434],[38.6496,8.9427],[38.6488,8.9422],[38.6475,8.9416],[38.6504,8.9395],[38.6573,8.9342],[38.6596,8.9327],[38.6617,8.931],[38.6615,8.9307],[38.6617,8.9291],[38.6617,8.9265],[38.6617,8.9245],[38.6616,8.9183],[38.6626,8.9175],[38.6645,8.9159],[38.6662,8.9142],[38.6673,8.9123],[38.6681,8.9103],[38.6692,8.909],[38.6704,8.9079],[38.6732,8.9071],[38.6758,8.9068],[38.6759,8.9073],[38.6758,8.909],[38.676,8.9121],[38.6773,8.9119],[38.6788,8.9112],[38.6796,8.9101],[38.6797,8.9096],[38.6806,8.9117],[38.6828,8.9129],[38.684,8.9135],[38.6854,8.915],[38.6862,8.9154],[38.6881,8.9154],[38.691,8.9164],[38.6954,8.9182],[38.7002,8.921],[38.7009,8.9218],[38.7017,8.923],[38.7026,8.924],[38.7029,8.9249],[38.7084,8.9209],[38.7138,8.9203],[38.715,8.9181],[38.7172,8.9128],[38.7173,8.9089],[38.7155,8.9042],[38.7156,8.9011],[38.7182,8.897],[38.7202,8.8941],[38.7205,8.8922],[38.7206,8.8905],[38.7215,8.8901],[38.7235,8.8891],[38.7239,8.8861],[38.7273,8.8853],[38.7287,8.8848],[38.7291,8.8835],[38.7304,8.8824],[38.7315,8.8812],[38.7327,8.8805],[38.7332,8.8797],[38.7343,8.8794],[38.7358,8.8789],[38.7371,8.8772],[38.7387,8.8736],[38.7401,8.8726],[38.7407,8.8724],[38.7414,8.8711],[38.7417,8.8676],[38.7421,8.8675],[38.7405,8.8675],[38.7399,8.8667],[38.7385,8.8659],[38.7363,8.8657],[38.7361,8.8649],[38.7361,8.8647],[38.7355,8.8646],[38.7352,8.8639],[38.7356,8.8621],[38.7352,8.8613],[38.7349,8.8611],[38.7344,8.8602],[38.734,8.86],[38.7337,8.8594],[38.7332,8.8581],[38.7324,8.8569],[38.7319,8.8555],[38.7297,8.8533],[38.7296,8.8531],[38.728,8.8518],[38.7264,8.8509],[38.7254,8.8505],[38.7248,8.8499],[38.7236,8.8497],[38.722,8.848],[38.7215,8.847],[38.7195,8.8457],[38.7137,8.8432],[38.7118,8.8404],[38.7084,8.8395],[38.707,8.8388],[38.7054,8.8378],[38.7032,8.8361],[38.7028,8.8349],[38.7026,8.8346],[38.7015,8.8336],[38.7002,8.8319],[38.6992,8.8304],[38.6977,8.8294],[38.6968,8.8292],[38.6969,8.8281],[38.6961,8.8278],[38.6962,8.8272],[38.697,8.8261],[38.6967,8.8253],[38.6969,8.8245],[38.6974,8.8233],[38.6988,8.8218],[38.6997,8.8184],[38.6991,8.8166],[38.6995,8.8145],[38.699,8.8137],[38.6992,8.8112],[38.7015,8.8068],[38.7019,8.8057],[38.7014,8.8054],[38.6994,8.8059],[38.6977,8.8056],[38.6971,8.8049],[38.6967,8.8036],[38.696,8.8031],[38.6961,8.8024],[38.6967,8.8018],[38.6951,8.8006],[38.6951,8.7995],[38.6939,8.7986],[38.6936,8.798],[38.6961,8.7931],[38.6976,8.7932],[38.698,8.7928],[38.6979,8.7917],[38.6965,8.7889],[38.6963,8.7859],[38.6964,8.7848],[38.697,8.7836],[38.6977,8.7828],[38.6991,8.7828],[38.7011,8.7835],[38.7021,8.7838],[38.7035,8.7837],[38.7043,8.7841],[38.7055,8.7848],[38.7068,8.784],[38.7078,8.7822],[38.7077,8.7785],[38.7064,8.776],[38.7058,8.7738],[38.7063,8.7713],[38.7063,8.7712],[38.7041,8.7716],[38.7011,8.7705],[38.698,8.7681],[38.6951,8.7659],[38.6904,8.7659],[38.6898,8.7648],[38.6867,8.7644],[38.6838,8.7646],[38.6804,8.7642],[38.6792,8.764],[38.6765,8.7623],[38.6751,8.7616],[38.6733,8.7606],[38.6698,8.7607],[38.6672,8.7629],[38.6652,8.7637],[38.6636,8.7641],[38.6595,8.7649],[38.6584,8.7648],[38.6568,8.767],[38.6554,8.7671],[38.6536,8.7666],[38.653,8.7664],[38.6512,8.7663],[38.6512,8.7672],[38.649,8.7691],[38.6475,8.7703],[38.6459,8.7706],[38.6435,8.7708],[38.643,8.7728],[38.6436,8.7738],[38.6422,8.7751],[38.6408,8.7752],[38.6399,8.7757],[38.6399,8.7769],[38.6394,8.7789],[38.6395,8.7803],[38.6393,8.7808],[38.6393,8.7815],[38.6397,8.783],[38.6395,8.7831],[38.6393,8.7837],[38.6396,8.7848],[38.6387,8.7865],[38.6374,8.7899],[38.6373,8.7902],[38.6367,8.7915],[38.6373,8.7922],[38.6374,8.7933],[38.6373,8.7942],[38.6375,8.7961],[38.6364,8.7977],[38.6355,8.7987],[38.6345,8.8009],[38.6345,8.8018],[38.6348,8.8023],[38.6349,8.8033],[38.6348,8.8048],[38.6331,8.8047],[38.6325,8.8047],[38.6313,8.805],[38.6313,8.8054],[38.6315,8.8065]]]}},{"type":"Feature","properties":{"id":"LW049","woreda":"Kura Jida","zone":"Shager City","region":"Oromia","area_km2":245.2,"lat":9.0696,"lon":38.9565},"geometry":{"type":"Polygon","coordinates":[[[38.9525,9.184],[38.9517,9.1828],[38.9512,9.1841],[38.9508,9.1842],[38.9506,9.1836],[38.9504,9.1832],[38.95,9.1819],[38.9505,9.1813],[38.9504,9.1806],[38.9499,9.1792],[38.9497,9.1783],[38.9492,9.1777],[38.947,9.1748],[38.946,9.1717],[38.9461,9.1715],[38.9452,9.1714],[38.9455,9.1711],[38.9455,9.1707],[38.9457,9.1703],[38.9457,9.1698],[38.9454,9.1694],[38.9456,9.1691],[38.9453,9.169],[38.9459,9.1683],[38.9454,9.1681],[38.9449,9.1677],[38.945,9.1672],[38.9447,9.1669],[38.9455,9.1661],[38.946,9.1652],[38.9469,9.1641],[38.9482,9.1631],[38.9491,9.1633],[38.9516,9.1609],[38.9521,9.1607],[38.9525,9.1608],[38.9525,9.1601],[38.9532,9.1598],[38.9535,9.1594],[38.9539,9.1591],[38.9541,9.1594],[38.9548,9.1588],[38.9558,9.1583],[38.9563,9.1579],[38.9571,9.1572],[38.9575,9.157],[38.9583,9.1569],[38.9596,9.1554],[38.9606,9.1549],[38.961,9.1537],[38.9614,9.1527],[38.9621,9.1517],[38.9631,9.1515],[38.9632,9.151],[38.9635,9.1508],[38.9636,9.1496],[38.9627,9.1489],[38.9621,9.1478],[38.9626,9.1459],[38.9628,9.1448],[38.9633,9.1439],[38.9655,9.1428],[38.9676,9.1421],[38.9699,9.1399],[38.9711,9.1392],[38.9715,9.1388],[38.9714,9.138],[38.9707,9.1353],[38.9715,9.1344],[38.9727,9.1344],[38.9739,9.1343],[38.9748,9.1337],[38.9748,9.1331],[38.9755,9.1323],[38.9763,9.1318],[38.9773,9.1303],[38.978,9.1276],[38.9793,9.1266],[38.9799,9.1257],[38.9812,9.1252],[38.9818,9.1239],[38.9819,9.1231],[38.9818,9.1221],[38.9827,9.1221],[38.9834,9.1215],[38.9842,9.1196],[38.9847,9.1186],[38.9861,9.1179],[38.9872,9.1174],[38.9886,9.1171],[38.9889,9.1173],[38.9901,9.1168],[38.9912,9.1157],[38.9919,9.1145],[38.9919,9.1136],[38.9932,9.1144],[38.9936,9.1144],[38.9937,9.1138],[38.9941,9.1135],[38.9947,9.1117],[38.9948,9.1106],[38.9937,9.1099],[38.9949,9.1095],[38.9949,9.1085],[38.9953,9.1073],[38.9948,9.1061],[38.9954,9.1054],[38.9976,9.1057],[38.9969,9.1043],[38.997,9.1041],[38.998,9.1038],[38.9982,9.1027],[38.9991,9.1019],[38.9999,9.1015],[38.9999,9.1009],[38.9997,9.0997],[38.999,9.0985],[38.9986,9.095],[39.0004,9.094],[39.0024,9.0931],[39.0037,9.0933],[39.0033,9.0918],[39.0034,9.0913],[39.0026,9.0905],[39.0024,9.0897],[39.002,9.0891],[39.0022,9.0873],[39.0022,9.0855],[39.0016,9.0833],[39.0003,9.0803],[38.9992,9.078],[39.0005,9.0771],[38.9976,9.0767],[38.9954,9.0748],[38.9927,9.0732],[38.9911,9.0712],[38.9902,9.0679],[38.9949,9.0568],[38.999,9.0499],[38.9989,9.043],[38.9987,9.0419],[38.997,9.0415],[38.9974,9.0413],[38.9992,9.0414],[39.0033,9.038],[39.0037,9.038],[39.002,9.0357],[39.001,9.0349],[39.0004,9.0323],[38.9999,9.0293],[38.9995,9.0279],[38.9993,9.0263],[38.9988,9.0232],[38.9979,9.0191],[38.9975,9.0176],[38.9966,9.0175],[38.9937,9.0168],[38.9922,9.0165],[38.9896,9.0158],[38.9885,9.0155],[38.9883,9.014],[38.9884,9.012],[38.9885,9.0116],[38.9882,9.01],[38.9878,9.0095],[38.9873,9.0099],[38.9865,9.0093],[38.9856,9.0093],[38.9832,9.0082],[38.9821,9.0068],[38.9817,9.006],[38.9812,9.006],[38.9798,9.0044],[38.9781,9.0031],[38.9768,9.0027],[38.9761,9.003],[38.9743,9.0034],[38.9717,9.0033],[38.9713,9.0031],[38.9675,9.0058],[38.9678,9.0035],[38.9685,9.0013],[38.9687,8.9985],[38.9684,8.9941],[38.9685,8.9923],[38.9721,8.9925],[38.9726,8.9923],[38.9737,8.9915],[38.9739,8.9915],[38.9743,8.9911],[38.9749,8.9907],[38.9773,8.9878],[38.9776,8.9863],[38.9774,8.9824],[38.9783,8.9813],[38.9798,8.9803],[38.9819,8.9792],[38.9827,8.9776],[38.9829,8.9764],[38.9835,8.9738],[38.9838,8.9728],[38.9855,8.9731],[38.9865,8.9738],[38.9882,8.9736],[38.9886,8.9732],[38.9878,8.9731],[38.9879,8.9727],[38.9873,8.9717],[38.9876,8.9709],[38.9867,8.9697],[38.9871,8.9695],[38.9882,8.9693],[38.9884,8.9686],[38.9878,8.9682],[38.9877,8.9672],[38.988,8.9665],[38.9885,8.9668],[38.9896,8.9679],[38.9902,8.9671],[38.9897,8.9668],[38.9895,8.9661],[38.9896,8.9656],[38.9899,8.9654],[38.9897,8.9649],[38.989,8.9644],[38.9889,8.9645],[38.9886,8.9638],[38.989,8.963],[38.99,8.9616],[38.9903,8.9598],[38.9897,8.9581],[38.9886,8.9574],[38.9883,8.9565],[38.9881,8.9558],[38.9884,8.9547],[38.9874,8.9531],[38.9871,8.9527],[38.9867,8.9519],[38.9865,8.9506],[38.9859,8.9502],[38.9855,8.9497],[38.9856,8.9487],[38.9852,8.9481],[38.9844,8.9461],[38.9844,8.9459],[38.984,8.9458],[38.9838,8.9449],[38.9834,8.9443],[38.9829,8.9441],[38.9824,8.9437],[38.9818,8.9434],[38.981,8.9436],[38.9798,8.9436],[38.9795,8.943],[38.9792,8.9431],[38.9788,8.9425],[38.9786,8.9431],[38.9783,8.9427],[38.9769,8.9428],[38.9763,8.9424],[38.9759,8.942],[38.9755,8.942],[38.9751,8.9416],[38.9747,8.9418],[38.9742,8.9416],[38.9741,8.9414],[38.9737,8.9412],[38.9735,8.9408],[38.9726,8.9408],[38.9723,8.9406],[38.9719,8.9407],[38.9719,8.9402],[38.9717,8.9402],[38.9709,8.9399],[38.9696,8.9389],[38.9691,8.9386],[38.9678,8.9383],[38.9668,8.9383],[38.9665,8.9391],[38.9656,8.9388],[38.9655,8.9395],[38.9647,8.9394],[38.9624,8.9385],[38.9617,8.9381],[38.9608,8.9381],[38.9604,8.9377],[38.9599,8.937],[38.9589,8.9367],[38.9564,8.9361],[38.9556,8.9364],[38.9548,8.936],[38.9542,8.9353],[38.9537,8.9354],[38.9534,8.9359],[38.9538,8.94],[38.9543,8.9424],[38.9547,8.9442],[38.9525,8.9454],[38.9518,8.9467],[38.9519,8.9469],[38.9492,8.9476],[38.9483,8.9471],[38.9478,8.9469],[38.9464,8.9471],[38.9461,8.9467],[38.9457,8.9469],[38.9458,8.9478],[38.9453,8.9497],[38.9446,8.9508],[38.9447,8.9514],[38.9438,8.9513],[38.9422,8.9514],[38.9396,8.9518],[38.9392,8.952],[38.9413,8.9523],[38.9432,8.9527],[38.9439,8.9527],[38.9418,8.9545],[38.9418,8.9547],[38.943,8.9546],[38.9429,8.9553],[38.9434,8.9556],[38.9443,8.9546],[38.9451,8.9548],[38.9452,8.9549],[38.9437,8.9561],[38.9419,8.9578],[38.9394,8.9605],[38.9389,8.9612],[38.9374,8.9622],[38.9371,8.9625],[38.9366,8.9646],[38.9368,8.9649],[38.9384,8.9651],[38.9394,8.9651],[38.9406,8.965],[38.941,8.9652],[38.9409,8.966],[38.9407,8.9666],[38.9392,8.9679],[38.938,8.9683],[38.9377,8.9672],[38.9372,8.9673],[38.9362,8.9677],[38.9353,8.9687],[38.935,8.9694],[38.9352,8.9701],[38.9348,8.9701],[38.9327,8.9687],[38.9319,8.9684],[38.9319,8.9663],[38.9318,8.9649],[38.9314,8.9643],[38.9307,8.9637],[38.9297,8.9644],[38.9284,8.9646],[38.9234,8.9664],[38.9229,8.9665],[38.9218,8.9663],[38.9202,8.9662],[38.9191,8.9664],[38.9186,8.9667],[38.917,8.9678],[38.9165,8.968],[38.9156,8.9676],[38.9136,8.967],[38.9124,8.9666],[38.91,8.9661],[38.9093,8.966],[38.9079,8.9663],[38.9072,8.9663],[38.9068,8.9672],[38.9037,8.9676],[38.9041,8.9695],[38.9062,8.9774],[38.9049,8.9841],[38.9043,8.9922],[38.9061,8.9975],[38.9051,9.0086],[38.906,9.0096],[38.9059,9.0101],[38.9065,9.0107],[38.9077,9.0108],[38.9084,9.0112],[38.9092,9.0127],[38.9098,9.014],[38.9096,9.0145],[38.9096,9.0149],[38.9107,9.0156],[38.9106,9.0166],[38.9103,9.0175],[38.9103,9.0194],[38.9101,9.021],[38.9098,9.0221],[38.91,9.0233],[38.9098,9.0239],[38.9086,9.0244],[38.9084,9.0249],[38.9084,9.0256],[38.9077,9.0267],[38.9075,9.0271],[38.9076,9.028],[38.9077,9.0286],[38.9077,9.0294],[38.9071,9.0304],[38.9064,9.0307],[38.9059,9.0307],[38.9049,9.0311],[38.9044,9.0314],[38.9042,9.0319],[38.9055,9.0335],[38.9063,9.0339],[38.9065,9.0342],[38.9074,9.0345],[38.908,9.0348],[38.9082,9.0354],[38.908,9.0361],[38.9076,9.0369],[38.9066,9.0378],[38.9065,9.0382],[38.9067,9.0388],[38.9074,9.0399],[38.9083,9.0419],[38.9083,9.043],[38.9082,9.0437],[38.9079,9.0446],[38.9084,9.0461],[38.9089,9.0466],[38.9094,9.048],[38.9099,9.049],[38.9103,9.0491],[38.9109,9.0496],[38.9112,9.0501],[38.9114,9.0507],[38.9113,9.052],[38.9133,9.0522],[38.9141,9.0528],[38.9146,9.0535],[38.915,9.0534],[38.9147,9.0538],[38.9151,9.0538],[38.916,9.0534],[38.9162,9.053],[38.9171,9.0528],[38.9193,9.0527],[38.9199,9.0528],[38.9209,9.0526],[38.9221,9.0529],[38.9225,9.0539],[38.9222,9.0553],[38.9217,9.0563],[38.9217,9.0567],[38.9224,9.0574],[38.9232,9.0578],[38.9237,9.0583],[38.9237,9.0591],[38.9235,9.0596],[38.9226,9.061],[38.9227,9.0614],[38.9233,9.062],[38.9238,9.0632],[38.9237,9.0646],[38.9234,9.0657],[38.9233,9.066],[38.9229,9.0661],[38.9231,9.0666],[38.9237,9.067],[38.9239,9.0676],[38.9237,9.068],[38.923,9.0684],[38.9224,9.0681],[38.9221,9.0677],[38.922,9.0679],[38.9222,9.0687],[38.9223,9.0697],[38.9221,9.0703],[38.9226,9.0712],[38.9227,9.0717],[38.9226,9.0721],[38.9223,9.0726],[38.9224,9.0731],[38.9228,9.0742],[38.9228,9.0753],[38.9229,9.0759],[38.9236,9.077],[38.9243,9.0779],[38.9263,9.0791],[38.9264,9.0793],[38.9265,9.0801],[38.9259,9.0817],[38.9249,9.0825],[38.9249,9.0827],[38.9259,9.0827],[38.9263,9.0828],[38.9267,9.0832],[38.9265,9.0842],[38.9266,9.0851],[38.9272,9.0845],[38.9279,9.0844],[38.9285,9.0848],[38.929,9.0859],[38.9295,9.0866],[38.93,9.0877],[38.9303,9.0882],[38.9302,9.0885],[38.9294,9.0896],[38.9292,9.09],[38.9291,9.0911],[38.9292,9.0917],[38.93,9.0923],[38.9301,9.0937],[38.9302,9.0942],[38.9306,9.0947],[38.9307,9.0955],[38.9307,9.0961],[38.9312,9.0972],[38.9315,9.0972],[38.932,9.0975],[38.9324,9.0988],[38.9332,9.1008],[38.9338,9.1015],[38.9342,9.1017],[38.9339,9.1026],[38.9344,9.1031],[38.9344,9.1036],[38.9334,9.1044],[38.9334,9.1047],[38.9338,9.1053],[38.9337,9.1065],[38.9339,9.1073],[38.9338,9.1079],[38.9333,9.1084],[38.9339,9.1087],[38.934,9.1091],[38.933,9.1105],[38.9325,9.1108],[38.9334,9.1117],[38.9334,9.1118],[38.9344,9.1129],[38.9346,9.1141],[38.9343,9.1145],[38.9339,9.1146],[38.9334,9.1143],[38.9328,9.1154],[38.9325,9.1156],[38.9319,9.1157],[38.9319,9.1168],[38.9316,9.1175],[38.9308,9.1179],[38.9306,9.1182],[38.9303,9.1192],[38.9307,9.1195],[38.9308,9.1201],[38.9304,9.1207],[38.9305,9.1216],[38.9304,9.1219],[38.9307,9.1235],[38.9306,9.124],[38.9297,9.1245],[38.9294,9.1248],[38.9295,9.1253],[38.9297,9.1254],[38.9299,9.1261],[38.9296,9.1266],[38.9289,9.1273],[38.9281,9.1274],[38.9277,9.1286],[38.9271,9.1293],[38.9267,9.1302],[38.927,9.1317],[38.9266,9.1319],[38.926,9.1316],[38.925,9.1315],[38.9247,9.1319],[38.9242,9.1328],[38.9234,9.1336],[38.9228,9.1335],[38.9223,9.1338],[38.9218,9.1346],[38.9212,9.1344],[38.9207,9.1344],[38.9196,9.1353],[38.919,9.1353],[38.919,9.136],[38.9182,9.1367],[38.9175,9.1368],[38.9168,9.137],[38.9167,9.1372],[38.917,9.1377],[38.9166,9.1384],[38.9159,9.1384],[38.9148,9.1377],[38.9145,9.1377],[38.9144,9.1382],[38.9146,9.1386],[38.9149,9.139],[38.9142,9.1398],[38.9137,9.14],[38.9131,9.1398],[38.9114,9.1395],[38.9097,9.139],[38.909,9.1389],[38.9078,9.1421],[38.9054,9.141],[38.9016,9.1392],[38.898,9.1376],[38.8964,9.1397],[38.8929,9.1436],[38.8891,9.1475],[38.8886,9.1459],[38.8875,9.1417],[38.8867,9.1392],[38.8862,9.1388],[38.8862,9.1404],[38.8857,9.1467],[38.8853,9.1466],[38.8805,9.1458],[38.8747,9.1446],[38.8724,9.1442],[38.8721,9.1436],[38.8718,9.1419],[38.8714,9.1407],[38.87,9.1367],[38.868,9.1356],[38.8653,9.1342],[38.8627,9.1325],[38.8617,9.134],[38.8595,9.1379],[38.8596,9.1384],[38.8611,9.1393],[38.8612,9.1395],[38.8591,9.1409],[38.856,9.1431],[38.8537,9.143],[38.851,9.1417],[38.85,9.1416],[38.8493,9.141],[38.8478,9.1403],[38.8466,9.1404],[38.8466,9.1396],[38.8461,9.1392],[38.8457,9.1391],[38.8457,9.1386],[38.8453,9.1381],[38.8437,9.1378],[38.8431,9.1384],[38.8417,9.1391],[38.841,9.1382],[38.8399,9.1375],[38.8389,9.1373],[38.8375,9.1373],[38.8368,9.1375],[38.834,9.1373],[38.8327,9.1385],[38.8332,9.139],[38.8327,9.141],[38.832,9.1414],[38.8313,9.142],[38.8311,9.1427],[38.8307,9.1427],[38.83,9.143],[38.8294,9.143],[38.8284,9.1435],[38.8282,9.1437],[38.8278,9.1449],[38.8281,9.1462],[38.8287,9.151],[38.8289,9.1538],[38.8295,9.1577],[38.8308,9.1629],[38.8313,9.1651],[38.8316,9.1661],[38.8323,9.1677],[38.8332,9.1703],[38.8344,9.1729],[38.8335,9.1744],[38.8333,9.1761],[38.8329,9.1772],[38.8323,9.1785],[38.8316,9.1785],[38.8308,9.1791],[38.8306,9.1799],[38.8307,9.1813],[38.8299,9.1819],[38.8332,9.1843],[38.8352,9.1862],[38.836,9.1869],[38.8361,9.1891],[38.8362,9.1904],[38.8359,9.1912],[38.835,9.1925],[38.8342,9.1934],[38.8352,9.1946],[38.837,9.1944],[38.8372,9.195],[38.8409,9.1932],[38.8439,9.1922],[38.849,9.1897],[38.8576,9.1858],[38.8652,9.1855],[38.8919,9.1887],[38.8941,9.1891],[38.8952,9.1901],[38.9004,9.1933],[38.9017,9.1964],[38.9043,9.1958],[38.9061,9.1957],[38.9064,9.1958],[38.9096,9.1971],[38.9126,9.1981],[38.914,9.1966],[38.9152,9.1952],[38.9166,9.1958],[38.9178,9.1969],[38.9206,9.1982],[38.9258,9.2004],[38.9372,9.2039],[38.9462,9.1994],[38.9495,9.1944],[38.9522,9.1918],[38.9523,9.1881],[38.9525,9.184]]]}},{"type":"Feature","properties":{"id":"LW050","woreda":"Sebeta","zone":"Shager City","region":"Oromia","area_km2":215.0,"lat":8.9082,"lon":38.5821},"geometry":{"type":"Polygon","coordinates":[[[38.5158,8.8605],[38.5173,8.8611],[38.5182,8.8613],[38.5182,8.8631],[38.5191,8.8653],[38.5195,8.8668],[38.5201,8.869],[38.5205,8.8712],[38.5217,8.8749],[38.5217,8.8756],[38.5235,8.8814],[38.5252,8.8847],[38.5255,8.8867],[38.5262,8.8903],[38.5266,8.8921],[38.5269,8.895],[38.5272,8.8958],[38.5279,8.897],[38.5274,8.898],[38.5275,8.8989],[38.528,8.8997],[38.5283,8.9011],[38.5289,8.9027],[38.5299,8.9043],[38.5295,8.9047],[38.5286,8.9054],[38.5288,8.9099],[38.5291,8.9118],[38.5291,8.913],[38.5296,8.9148],[38.5296,8.9155],[38.5294,8.9163],[38.5304,8.9164],[38.5303,8.917],[38.5306,8.9182],[38.5308,8.9187],[38.5323,8.9188],[38.5335,8.9185],[38.5345,8.9182],[38.5351,8.9179],[38.536,8.9181],[38.5364,8.9188],[38.5365,8.9194],[38.537,8.92],[38.537,8.9215],[38.5372,8.9228],[38.5379,8.9239],[38.538,8.9257],[38.5382,8.9267],[38.5382,8.9282],[38.5382,8.93],[38.5383,8.9307],[38.5398,8.9331],[38.5407,8.9344],[38.5417,8.9351],[38.5433,8.9369],[38.5442,8.9377],[38.5456,8.9386],[38.5385,8.9389],[38.5375,8.9393],[38.5362,8.9395],[38.5358,8.9398],[38.5355,8.9404],[38.5359,8.942],[38.5346,8.9424],[38.5337,8.942],[38.5304,8.9428],[38.5323,8.9456],[38.529,8.948],[38.5252,8.9488],[38.5241,8.9507],[38.5231,8.9527],[38.5216,8.9552],[38.5215,8.9558],[38.5216,8.9589],[38.5224,8.9596],[38.5232,8.9616],[38.5235,8.9621],[38.5251,8.9663],[38.5231,8.9685],[38.5231,8.9718],[38.5232,8.9725],[38.5232,8.9736],[38.5242,8.9813],[38.5234,8.9843],[38.5257,8.9867],[38.53,8.9879],[38.5316,8.9901],[38.538,8.9966],[38.5416,9.0001],[38.5422,9.002],[38.5438,9.0039],[38.5455,9.0054],[38.5486,9.0074],[38.549,9.008],[38.5495,9.0096],[38.5508,9.0116],[38.5518,9.011],[38.5525,9.01],[38.5531,9.0081],[38.5543,9.0077],[38.5552,9.0074],[38.5576,9.0066],[38.5622,9.0054],[38.5644,9.0054],[38.5671,9.0053],[38.5692,9.0055],[38.5728,9.0057],[38.5745,9.0052],[38.5754,9.004],[38.5775,9.0021],[38.5797,9.0011],[38.5818,8.9986],[38.5823,8.9967],[38.5813,8.993],[38.58,8.9921],[38.5784,8.9924],[38.5769,8.9949],[38.5756,8.9966],[38.574,8.9967],[38.5734,8.9953],[38.5728,8.9931],[38.5745,8.9921],[38.5739,8.9909],[38.5719,8.9903],[38.5722,8.9888],[38.5714,8.9882],[38.5686,8.9862],[38.5672,8.9852],[38.5647,8.9826],[38.5636,8.9813],[38.5626,8.9788],[38.5634,8.9792],[38.564,8.9792],[38.5663,8.9786],[38.5678,8.9781],[38.5685,8.9771],[38.5684,8.9766],[38.5688,8.9753],[38.5681,8.9734],[38.5679,8.9711],[38.5683,8.969],[38.5704,8.9677],[38.5718,8.9673],[38.5721,8.967],[38.5733,8.9645],[38.5736,8.9631],[38.5768,8.9624],[38.5786,8.9606],[38.5793,8.9605],[38.5811,8.961],[38.5834,8.9618],[38.5855,8.9647],[38.5912,8.9749],[38.5927,8.9751],[38.5944,8.9749],[38.5952,8.9747],[38.5963,8.9747],[38.5967,8.975],[38.5987,8.975],[38.5994,8.9748],[38.602,8.9749],[38.609,8.9741],[38.6088,8.9723],[38.6122,8.9672],[38.6137,8.9679],[38.6157,8.9667],[38.6361,8.9586],[38.6402,8.9557],[38.6439,8.9503],[38.6423,8.9499],[38.6411,8.95],[38.6389,8.95],[38.638,8.9505],[38.6365,8.9513],[38.6358,8.951],[38.637,8.9486],[38.6289,8.9434],[38.6247,8.9401],[38.6278,8.9302],[38.6258,8.9266],[38.6264,8.9255],[38.6277,8.9244],[38.6282,8.9221],[38.6282,8.9216],[38.6276,8.9213],[38.6278,8.9206],[38.6295,8.9185],[38.6303,8.9164],[38.631,8.9162],[38.6315,8.9176],[38.6319,8.9184],[38.6322,8.9197],[38.632,8.9212],[38.6328,8.9222],[38.6334,8.9218],[38.6347,8.9223],[38.6358,8.9212],[38.6361,8.92],[38.6372,8.9194],[38.6382,8.919],[38.6376,8.9174],[38.6373,8.9155],[38.6368,8.9156],[38.6368,8.9147],[38.6368,8.9134],[38.6382,8.9117],[38.6379,8.9114],[38.637,8.9095],[38.637,8.9091],[38.6358,8.9085],[38.6352,8.9079],[38.6342,8.908],[38.6334,8.9075],[38.6313,8.9071],[38.6306,8.9067],[38.6329,8.9041],[38.6345,8.902],[38.6364,8.8991],[38.6367,8.8961],[38.6373,8.895],[38.6378,8.8925],[38.639,8.8904],[38.6394,8.8896],[38.6395,8.889],[38.6401,8.8883],[38.641,8.8883],[38.6417,8.888],[38.6424,8.8875],[38.6421,8.8858],[38.6424,8.8852],[38.6438,8.8829],[38.6453,8.8809],[38.6476,8.8776],[38.6485,8.8768],[38.6467,8.8758],[38.6467,8.8756],[38.6435,8.871],[38.6408,8.8737],[38.6366,8.8685],[38.6327,8.8651],[38.6312,8.8614],[38.633,8.8604],[38.6323,8.856],[38.6314,8.8524],[38.6318,8.8498],[38.6346,8.8427],[38.6344,8.8427],[38.6346,8.8422],[38.6343,8.8421],[38.6342,8.8405],[38.6347,8.8388],[38.6357,8.8368],[38.6359,8.8362],[38.6362,8.8356],[38.6359,8.8349],[38.6356,8.8329],[38.6362,8.8313],[38.6357,8.8311],[38.6351,8.8299],[38.635,8.8291],[38.6346,8.8278],[38.6334,8.8265],[38.6333,8.8257],[38.6337,8.824],[38.6338,8.8226],[38.6335,8.819],[38.6332,8.8177],[38.6331,8.8161],[38.6327,8.814],[38.6327,8.8123],[38.6318,8.8094],[38.6318,8.8079],[38.6315,8.8065],[38.6313,8.8054],[38.6306,8.8055],[38.6289,8.8055],[38.6285,8.8056],[38.6283,8.8062],[38.6284,8.8067],[38.6284,8.8074],[38.6289,8.8089],[38.6289,8.8113],[38.6288,8.812],[38.6283,8.8121],[38.6277,8.8121],[38.627,8.8117],[38.6268,8.8115],[38.627,8.8084],[38.6254,8.8079],[38.6237,8.8078],[38.6219,8.8075],[38.6202,8.8076],[38.6192,8.8073],[38.6164,8.8066],[38.6147,8.8065],[38.6129,8.806],[38.6121,8.806],[38.6116,8.8058],[38.6082,8.8052],[38.6041,8.8066],[38.6024,8.807],[38.6013,8.8074],[38.6011,8.8084],[38.6013,8.8099],[38.6014,8.8112],[38.6013,8.8119],[38.6007,8.8122],[38.599,8.812],[38.598,8.812],[38.5961,8.8123],[38.5959,8.8125],[38.5959,8.8134],[38.5952,8.8145],[38.5948,8.8147],[38.594,8.8148],[38.593,8.8158],[38.5928,8.8161],[38.5932,8.8179],[38.5767,8.8184],[38.5759,8.8186],[38.5742,8.8189],[38.5708,8.8197],[38.5695,8.8201],[38.5684,8.8203],[38.5678,8.8205],[38.5644,8.8215],[38.5502,8.827],[38.5473,8.8287],[38.5454,8.8291],[38.541,8.8313],[38.5388,8.8327],[38.5373,8.8333],[38.5367,8.8334],[38.535,8.8344],[38.5341,8.8351],[38.535,8.8367],[38.5358,8.8384],[38.5355,8.8383],[38.5339,8.8384],[38.5319,8.8397],[38.5306,8.8404],[38.5286,8.8414],[38.5273,8.8424],[38.5264,8.8429],[38.5242,8.8446],[38.5228,8.8454],[38.5213,8.8467],[38.5203,8.8474],[38.5187,8.8484],[38.5167,8.8499],[38.5159,8.8504],[38.5158,8.8509],[38.5149,8.8535],[38.5139,8.8565],[38.5134,8.8582],[38.5138,8.8584],[38.5146,8.8599],[38.5158,8.8605]]]}},{"type":"Feature","properties":{"id":"LW051","woreda":"Goro (SW Shewa)","zone":"South West Shewa","region":"Oromia","area_km2":430.0,"lat":8.4331,"lon":37.8694},"geometry":{"type":"Polygon","coordinates":[[[37.6766,8.3808],[37.676,8.3822],[37.6784,8.3828],[37.6805,8.3836],[37.6816,8.3845],[37.6827,8.3855],[37.684,8.3856],[37.6863,8.3862],[37.6869,8.387],[37.6891,8.388],[37.6902,8.3886],[37.691,8.3896],[37.6947,8.3916],[37.6953,8.3921],[37.6961,8.3924],[37.6978,8.3929],[37.699,8.3927],[37.7018,8.3929],[37.7043,8.3927],[37.7055,8.3924],[37.7068,8.3923],[37.7085,8.3917],[37.7103,8.3912],[37.7122,8.3905],[37.7136,8.3898],[37.7147,8.3894],[37.7163,8.3899],[37.7187,8.3924],[37.7216,8.394],[37.7222,8.394],[37.7236,8.3942],[37.7246,8.3943],[37.7261,8.3952],[37.7274,8.3958],[37.7284,8.396],[37.7309,8.3967],[37.7338,8.3966],[37.7355,8.3968],[37.7362,8.3973],[37.7371,8.3987],[37.738,8.3994],[37.7392,8.3993],[37.7397,8.3996],[37.7398,8.4019],[37.7418,8.4036],[37.7428,8.405],[37.7444,8.4066],[37.7453,8.4095],[37.7447,8.4117],[37.7442,8.4126],[37.7444,8.4133],[37.7458,8.4129],[37.7459,8.4137],[37.7467,8.4149],[37.7493,8.4153],[37.7498,8.4152],[37.7504,8.4174],[37.7519,8.4175],[37.753,8.4184],[37.7536,8.4194],[37.7543,8.4207],[37.7572,8.4212],[37.7575,8.4231],[37.7589,8.4233],[37.7597,8.4235],[37.7613,8.4243],[37.763,8.4259],[37.7628,8.4281],[37.7627,8.4293],[37.7624,8.43],[37.7621,8.432],[37.7625,8.433],[37.7633,8.4332],[37.7655,8.4323],[37.7663,8.4336],[37.7671,8.4353],[37.7686,8.4369],[37.7697,8.4375],[37.7704,8.4381],[37.7713,8.4392],[37.7721,8.4405],[37.7725,8.4409],[37.7727,8.4419],[37.7717,8.4441],[37.7725,8.4463],[37.773,8.4479],[37.7728,8.449],[37.7732,8.45],[37.7752,8.4521],[37.776,8.4536],[37.7771,8.4546],[37.7781,8.4557],[37.7788,8.457],[37.7787,8.459],[37.7795,8.4602],[37.7799,8.4606],[37.7798,8.4627],[37.7805,8.4642],[37.7812,8.4654],[37.7812,8.467],[37.7826,8.4688],[37.7826,8.4704],[37.7833,8.4711],[37.7839,8.4727],[37.7843,8.4733],[37.7848,8.4744],[37.7858,8.4753],[37.7867,8.4775],[37.7875,8.4781],[37.7887,8.4785],[37.7899,8.4792],[37.7911,8.4805],[37.7914,8.4814],[37.7916,8.4823],[37.7931,8.484],[37.794,8.4847],[37.7962,8.4864],[37.7961,8.4869],[37.7957,8.4877],[37.7963,8.4883],[37.7978,8.4889],[37.7988,8.4892],[37.8002,8.4897],[37.8007,8.49],[37.801,8.4907],[37.8011,8.4914],[37.8009,8.492],[37.8009,8.4926],[37.8007,8.4934],[37.8008,8.4943],[37.8011,8.4957],[37.8011,8.4965],[37.8014,8.4979],[37.8018,8.4993],[37.8027,8.501],[37.8036,8.5019],[37.8043,8.5035],[37.8045,8.5043],[37.8048,8.5062],[37.8048,8.5067],[37.8043,8.5076],[37.8044,8.5093],[37.8051,8.5099],[37.8054,8.5104],[37.8055,8.5117],[37.8056,8.5122],[37.8061,8.5133],[37.8065,8.515],[37.8067,8.5155],[37.8068,8.5172],[37.8066,8.5177],[37.8062,8.5182],[37.806,8.519],[37.8073,8.5204],[37.8127,8.5162],[37.8131,8.5148],[37.8153,8.5137],[37.8158,8.5131],[37.8184,8.5115],[37.8201,8.5138],[37.8213,8.5152],[37.8225,8.5169],[37.8234,8.5194],[37.8244,8.5204],[37.8254,8.5203],[37.8262,8.5205],[37.8268,8.5212],[37.8272,8.522],[37.8284,8.5229],[37.8294,8.5238],[37.8295,8.5246],[37.8311,8.5255],[37.83,8.5271],[37.832,8.5276],[37.8359,8.5312],[37.8382,8.5337],[37.8392,8.5335],[37.8404,8.5331],[37.8409,8.5328],[37.8421,8.5322],[37.8434,8.5316],[37.8456,8.5309],[37.8478,8.5304],[37.85,8.5294],[37.8502,8.5287],[37.8498,8.5276],[37.851,8.5263],[37.8485,8.5236],[37.848,8.5199],[37.8491,8.5183],[37.8491,8.5172],[37.8485,8.515],[37.8475,8.5122],[37.8475,8.5111],[37.8468,8.5108],[37.8444,8.5113],[37.843,8.5112],[37.8425,8.5108],[37.8423,8.51],[37.8427,8.509],[37.8453,8.5066],[37.8465,8.5042],[37.8468,8.5018],[37.8475,8.5002],[37.8481,8.4993],[37.85,8.4991],[37.8508,8.4961],[37.8511,8.4946],[37.8515,8.4937],[37.8523,8.4938],[37.8528,8.4932],[37.8534,8.4925],[37.854,8.4919],[37.8555,8.4917],[37.8567,8.4918],[37.857,8.491],[37.8577,8.4909],[37.8585,8.4914],[37.8594,8.491],[37.8601,8.4903],[37.8613,8.4902],[37.8623,8.4899],[37.8631,8.4892],[37.8645,8.4884],[37.8659,8.4881],[37.8669,8.4872],[37.8697,8.4861],[37.8713,8.4863],[37.8721,8.4864],[37.8733,8.4867],[37.874,8.4875],[37.8748,8.4882],[37.8765,8.489],[37.8786,8.4895],[37.8799,8.4894],[37.8811,8.4893],[37.8821,8.4891],[37.8837,8.4892],[37.885,8.49],[37.8865,8.4907],[37.8872,8.4916],[37.8875,8.492],[37.8888,8.4907],[37.8899,8.4902],[37.891,8.4898],[37.8913,8.4887],[37.8924,8.4868],[37.8937,8.4854],[37.8942,8.4844],[37.8947,8.4841],[37.8965,8.4845],[37.8975,8.4854],[37.898,8.4861],[37.8984,8.4865],[37.8997,8.4863],[37.9014,8.4857],[37.903,8.4854],[37.9049,8.484],[37.9062,8.4832],[37.907,8.483],[37.9073,8.4834],[37.9085,8.4824],[37.9104,8.4818],[37.9113,8.4813],[37.9124,8.4805],[37.9134,8.4806],[37.9146,8.4811],[37.9158,8.4826],[37.9167,8.484],[37.9174,8.4859],[37.9179,8.4873],[37.9191,8.4898],[37.9207,8.4918],[37.9217,8.4928],[37.9246,8.4928],[37.9257,8.4929],[37.9266,8.4926],[37.9279,8.4929],[37.9287,8.4941],[37.9292,8.4945],[37.9295,8.4945],[37.9296,8.4936],[37.9297,8.4923],[37.9301,8.4918],[37.9331,8.4918],[37.934,8.4919],[37.9344,8.4912],[37.9346,8.489],[37.9346,8.4873],[37.9343,8.4862],[37.9327,8.4847],[37.9319,8.4837],[37.9313,8.4824],[37.9309,8.4804],[37.93,8.4796],[37.9296,8.479],[37.9288,8.4758],[37.9285,8.474],[37.9282,8.4732],[37.9286,8.4731],[37.9284,8.4725],[37.9278,8.4722],[37.9265,8.4694],[37.9263,8.4681],[37.9259,8.4669],[37.9251,8.4647],[37.9245,8.4638],[37.9248,8.4632],[37.9256,8.4637],[37.9269,8.4655],[37.9277,8.4682],[37.9291,8.4683],[37.9307,8.4679],[37.9326,8.4677],[37.934,8.4666],[37.9357,8.464],[37.9374,8.4616],[37.9379,8.4606],[37.9377,8.4601],[37.9373,8.4595],[37.9386,8.4587],[37.9399,8.4577],[37.9404,8.4582],[37.9411,8.4562],[37.9432,8.4539],[37.9461,8.4525],[37.9483,8.4513],[37.9507,8.4504],[37.9522,8.4487],[37.9543,8.4476],[37.956,8.4473],[37.9577,8.446],[37.9591,8.4453],[37.9604,8.4444],[37.961,8.4445],[37.9609,8.4439],[37.9604,8.4434],[37.9607,8.4428],[37.9607,8.4422],[37.9616,8.4415],[37.9614,8.4406],[37.9615,8.4403],[37.9624,8.4398],[37.9644,8.439],[37.9658,8.4382],[37.9676,8.437],[37.9686,8.4365],[37.9692,8.4357],[37.9707,8.4345],[37.9734,8.4331],[37.9756,8.4326],[37.9768,8.4328],[37.9785,8.4327],[37.9783,8.4323],[37.9795,8.4324],[37.9822,8.4312],[37.984,8.4309],[37.9854,8.4304],[37.9865,8.4298],[37.9876,8.4295],[37.9891,8.4283],[37.9902,8.4259],[37.9914,8.4243],[37.9925,8.4235],[37.9936,8.4232],[37.9955,8.4228],[37.9973,8.422],[37.9994,8.4203],[38.0009,8.4197],[38.0039,8.4201],[38.006,8.4205],[38.0084,8.4204],[38.0116,8.4204],[38.0138,8.4206],[38.0149,8.4208],[38.0149,8.4211],[38.0157,8.4208],[38.0193,8.4225],[38.0202,8.4231],[38.0213,8.4234],[38.0225,8.4227],[38.0229,8.4212],[38.0243,8.4197],[38.0254,8.4181],[38.026,8.4176],[38.0262,8.4166],[38.0268,8.4154],[38.0274,8.4126],[38.0281,8.4116],[38.0286,8.4111],[38.0285,8.4082],[38.0279,8.4068],[38.027,8.4062],[38.0262,8.4052],[38.0253,8.4039],[38.0243,8.4031],[38.0243,8.4029],[38.0221,8.4],[38.0219,8.3997],[38.0214,8.3988],[38.0206,8.3985],[38.02,8.3969],[38.0196,8.3962],[38.0221,8.385],[38.0082,8.3725],[37.9882,8.3595],[37.9734,8.3629],[37.9484,8.3674],[37.928,8.3782],[37.91,8.3705],[37.8876,8.3499],[37.8629,8.3357],[37.8391,8.3321],[37.8163,8.3318],[37.7966,8.3347],[37.779,8.3397],[37.7665,8.3465],[37.7655,8.3471],[37.748,8.3518],[37.7309,8.3432],[37.717,8.3341],[37.7045,8.337],[37.6922,8.3536],[37.6836,8.3693],[37.6787,8.3777],[37.6763,8.3788],[37.6766,8.3808]]]}},{"type":"Feature","properties":{"id":"LW052","woreda":"Seden Sodo","zone":"South West Shewa","region":"Oromia","area_km2":559.4,"lat":8.4266,"lon":38.2599},"geometry":{"type":"Polygon","coordinates":[[[38.4302,8.2988],[38.4216,8.289],[38.4009,8.2795],[38.3824,8.2735],[38.3755,8.2659],[38.367,8.2628],[38.3666,8.2627],[38.3473,8.2542],[38.3332,8.2586],[38.3262,8.267],[38.3219,8.2723],[38.307,8.2997],[38.3079,8.3299],[38.3122,8.3524],[38.3115,8.3699],[38.3008,8.3764],[38.2893,8.3807],[38.282,8.3996],[38.2663,8.4066],[38.2383,8.4093],[38.2175,8.4088],[38.1984,8.4013],[38.18,8.3929],[38.1642,8.4081],[38.1568,8.4092],[38.139,8.4094],[38.1301,8.4079],[38.1306,8.4282],[38.1307,8.4385],[38.131,8.4394],[38.1315,8.4406],[38.131,8.4416],[38.1314,8.4433],[38.1329,8.444],[38.1348,8.446],[38.136,8.4476],[38.1369,8.4487],[38.1372,8.4496],[38.1369,8.4514],[38.1384,8.4519],[38.1391,8.4525],[38.1403,8.4546],[38.1405,8.4561],[38.1409,8.457],[38.1408,8.458],[38.1412,8.4584],[38.1418,8.4594],[38.1435,8.4594],[38.145,8.4589],[38.1477,8.4593],[38.1491,8.4598],[38.1502,8.4605],[38.1511,8.4609],[38.1514,8.4612],[38.151,8.4613],[38.1514,8.462],[38.1515,8.4633],[38.1522,8.4647],[38.1529,8.4653],[38.1532,8.466],[38.1528,8.4659],[38.1531,8.4664],[38.1531,8.4676],[38.1525,8.47],[38.1511,8.471],[38.1513,8.4719],[38.1517,8.4727],[38.1522,8.4741],[38.1523,8.4757],[38.153,8.4779],[38.1542,8.4799],[38.1546,8.4819],[38.1541,8.484],[38.1547,8.4877],[38.1545,8.4908],[38.1541,8.4927],[38.1533,8.4946],[38.1525,8.496],[38.1519,8.4978],[38.1517,8.4989],[38.1529,8.4991],[38.1552,8.4997],[38.1564,8.5001],[38.1576,8.5013],[38.1585,8.5018],[38.1596,8.5022],[38.1607,8.5025],[38.1618,8.5026],[38.1631,8.5025],[38.1653,8.4985],[38.1673,8.4982],[38.1682,8.4978],[38.1703,8.4972],[38.1723,8.4967],[38.175,8.4969],[38.1739,8.5001],[38.1727,8.5044],[38.1717,8.5067],[38.1715,8.5081],[38.1707,8.5088],[38.1706,8.5094],[38.1702,8.5103],[38.1695,8.5125],[38.1693,8.5132],[38.1681,8.5166],[38.1677,8.5171],[38.1675,8.518],[38.1672,8.5185],[38.1654,8.5202],[38.1637,8.5229],[38.1622,8.5241],[38.1618,8.5249],[38.1614,8.5257],[38.1611,8.5255],[38.1606,8.5247],[38.1601,8.525],[38.1597,8.5266],[38.1589,8.5298],[38.1585,8.5306],[38.1585,8.531],[38.1575,8.5315],[38.156,8.532],[38.1547,8.532],[38.1536,8.5326],[38.1518,8.5341],[38.1512,8.535],[38.151,8.5371],[38.1507,8.5387],[38.1503,8.5393],[38.1499,8.5403],[38.1488,8.5419],[38.1477,8.5434],[38.1512,8.5424],[38.1544,8.5413],[38.1579,8.5394],[38.1578,8.5379],[38.158,8.5349],[38.1592,8.5319],[38.1611,8.5341],[38.1622,8.5349],[38.1632,8.5344],[38.1637,8.5348],[38.1636,8.5355],[38.1658,8.5362],[38.1664,8.5367],[38.1672,8.5371],[38.1671,8.5384],[38.1677,8.5387],[38.1678,8.5394],[38.1682,8.5402],[38.1682,8.542],[38.1733,8.542],[38.1791,8.5422],[38.1796,8.5421],[38.1793,8.5382],[38.1794,8.5376],[38.1815,8.5365],[38.183,8.5353],[38.1867,8.5323],[38.188,8.5341],[38.1895,8.5337],[38.1904,8.534],[38.1911,8.5348],[38.1923,8.5354],[38.1944,8.5357],[38.1955,8.5361],[38.196,8.5364],[38.1962,8.537],[38.1976,8.5376],[38.1984,8.5408],[38.1996,8.5418],[38.204,8.5431],[38.2069,8.5441],[38.2105,8.5448],[38.2115,8.545],[38.2151,8.5456],[38.2182,8.5464],[38.2202,8.5467],[38.2217,8.5478],[38.2237,8.5484],[38.2263,8.5482],[38.2281,8.5487],[38.2324,8.5496],[38.235,8.5502],[38.2368,8.5525],[38.2353,8.5536],[38.2347,8.5547],[38.2347,8.5564],[38.2343,8.5575],[38.2332,8.5585],[38.2324,8.559],[38.232,8.5606],[38.232,8.5617],[38.2335,8.5637],[38.2357,8.5654],[38.2363,8.5662],[38.2371,8.5669],[38.2368,8.5686],[38.2368,8.569],[38.2372,8.57],[38.237,8.5717],[38.2364,8.5723],[38.2364,8.573],[38.2367,8.5734],[38.2372,8.5738],[38.2372,8.574],[38.2363,8.5744],[38.2362,8.5752],[38.2375,8.5765],[38.2382,8.5778],[38.2403,8.5785],[38.2412,8.5791],[38.2433,8.5807],[38.2441,8.5815],[38.246,8.5822],[38.2475,8.5829],[38.2484,8.584],[38.2507,8.585],[38.2526,8.5854],[38.254,8.5863],[38.2549,8.5878],[38.2584,8.5903],[38.2595,8.5909],[38.26,8.5917],[38.2615,8.5914],[38.2641,8.5928],[38.2655,8.593],[38.2679,8.5937],[38.2699,8.5942],[38.2711,8.5946],[38.2728,8.5967],[38.2734,8.5974],[38.2762,8.5985],[38.2776,8.5982],[38.2788,8.5986],[38.2796,8.5993],[38.282,8.5998],[38.2826,8.5996],[38.2825,8.5983],[38.2823,8.5976],[38.2814,8.5969],[38.2814,8.5958],[38.2796,8.5943],[38.2794,8.593],[38.2784,8.5919],[38.2776,8.5899],[38.278,8.5876],[38.2776,8.5864],[38.2761,8.5848],[38.2765,8.582],[38.2765,8.5808],[38.2767,8.5794],[38.2757,8.5773],[38.2744,8.5745],[38.2747,8.5724],[38.2758,8.5717],[38.2766,8.5706],[38.2764,8.5671],[38.2793,8.5656],[38.2832,8.5699],[38.2867,8.5711],[38.2898,8.572],[38.2921,8.5685],[38.2941,8.5651],[38.2942,8.5636],[38.2918,8.5624],[38.2891,8.5614],[38.2905,8.5601],[38.2917,8.5576],[38.292,8.5549],[38.2933,8.5544],[38.2943,8.5537],[38.2948,8.5529],[38.2966,8.5522],[38.2973,8.5521],[38.2977,8.5499],[38.2977,8.5487],[38.2988,8.5467],[38.2995,8.5462],[38.3,8.5451],[38.2993,8.5444],[38.2986,8.544],[38.2991,8.5421],[38.2991,8.5407],[38.2988,8.5397],[38.2977,8.5391],[38.2966,8.5374],[38.2966,8.5352],[38.2953,8.5327],[38.2952,8.5318],[38.2951,8.5274],[38.2955,8.5261],[38.295,8.5219],[38.2951,8.5202],[38.2949,8.5187],[38.296,8.5189],[38.2991,8.5199],[38.3037,8.5214],[38.3057,8.5221],[38.3074,8.5229],[38.3083,8.5229],[38.3093,8.5222],[38.3103,8.5206],[38.3113,8.5176],[38.312,8.517],[38.3139,8.5158],[38.3136,8.5147],[38.3128,8.5127],[38.3122,8.5125],[38.3117,8.5127],[38.3111,8.5122],[38.3097,8.509],[38.3093,8.5073],[38.3089,8.5067],[38.3077,8.5061],[38.3069,8.5052],[38.3065,8.5041],[38.3073,8.5028],[38.3073,8.5014],[38.3101,8.5018],[38.3105,8.5016],[38.3124,8.4995],[38.3135,8.4994],[38.314,8.4988],[38.3145,8.4988],[38.3158,8.4983],[38.3176,8.4975],[38.3183,8.4976],[38.3192,8.4981],[38.3219,8.499],[38.3226,8.4993],[38.3243,8.5007],[38.3261,8.5028],[38.328,8.5055],[38.3305,8.5076],[38.3328,8.5067],[38.3331,8.5062],[38.3333,8.5052],[38.334,8.5046],[38.3376,8.5022],[38.3383,8.5019],[38.3403,8.5029],[38.3434,8.5045],[38.3429,8.5077],[38.3418,8.5091],[38.3424,8.5109],[38.348,8.5111],[38.3495,8.5125],[38.3497,8.5109],[38.3512,8.5091],[38.3514,8.5069],[38.3524,8.5053],[38.3539,8.5043],[38.3539,8.5037],[38.3569,8.5031],[38.3594,8.5017],[38.3601,8.5012],[38.3606,8.4993],[38.3594,8.4982],[38.355,8.498],[38.3535,8.498],[38.3539,8.4941],[38.3542,8.49],[38.3545,8.4863],[38.3548,8.483],[38.3551,8.4799],[38.3551,8.4757],[38.3559,8.4712],[38.3566,8.4679],[38.3569,8.4663],[38.3566,8.466],[38.356,8.4658],[38.3591,8.4644],[38.3606,8.4635],[38.3623,8.4632],[38.3644,8.4639],[38.3671,8.463],[38.366,8.4602],[38.366,8.4594],[38.3682,8.4585],[38.3687,8.4581],[38.3704,8.4547],[38.37,8.4526],[38.3717,8.4505],[38.3742,8.4485],[38.3766,8.4462],[38.3802,8.4423],[38.3809,8.4412],[38.3843,8.4392],[38.3866,8.4372],[38.3886,8.4339],[38.3881,8.4308],[38.3895,8.4293],[38.3892,8.4249],[38.3915,8.4194],[38.3889,8.4185],[38.3912,8.416],[38.3926,8.4132],[38.3942,8.4091],[38.3989,8.4044],[38.397,8.4032],[38.3983,8.3995],[38.3995,8.3974],[38.4006,8.3938],[38.4019,8.3892],[38.4011,8.3884],[38.4015,8.3872],[38.4029,8.3861],[38.4035,8.3859],[38.404,8.3848],[38.4043,8.3846],[38.4042,8.3835],[38.4046,8.382],[38.4055,8.3802],[38.408,8.3765],[38.4086,8.375],[38.4099,8.3735],[38.4106,8.3731],[38.411,8.373],[38.412,8.3725],[38.4108,8.3697],[38.4108,8.3679],[38.4106,8.3663],[38.411,8.3656],[38.4114,8.3634],[38.4118,8.3626],[38.4118,8.3618],[38.4121,8.36],[38.4127,8.3593],[38.4158,8.358],[38.4169,8.358],[38.4178,8.3574],[38.4183,8.3568],[38.4183,8.3557],[38.4187,8.3549],[38.4189,8.3535],[38.4196,8.3503],[38.4197,8.3501],[38.4215,8.3492],[38.4222,8.3487],[38.4238,8.3474],[38.425,8.346],[38.4257,8.3451],[38.4266,8.3446],[38.4278,8.3449],[38.431,8.3444],[38.4317,8.3442],[38.4321,8.3433],[38.4328,8.3424],[38.4333,8.3409],[38.4335,8.3404],[38.4339,8.3401],[38.4344,8.3395],[38.4354,8.3373],[38.436,8.3371],[38.4377,8.3381],[38.4382,8.3381],[38.4385,8.3371],[38.4398,8.3344],[38.4402,8.3337],[38.4325,8.3122],[38.4323,8.3112],[38.4302,8.2988]]]}},{"type":"Feature","properties":{"id":"LW053","woreda":"Waliso","zone":"South West Shewa","region":"Oromia","area_km2":727.7,"lat":8.5502,"lon":38.0666},"geometry":{"type":"Polygon","coordinates":[[[37.9885,8.7191],[37.989,8.7195],[37.9896,8.7204],[37.9908,8.7211],[37.992,8.7217],[37.9934,8.7229],[37.9945,8.7234],[37.9954,8.7242],[37.9974,8.7237],[37.997,8.7231],[37.9967,8.7232],[37.9967,8.7222],[37.9961,8.7194],[37.9956,8.7172],[37.9958,8.7168],[37.9973,8.7168],[37.9981,8.715],[37.9993,8.7159],[38.0013,8.7162],[38.0026,8.716],[38.0055,8.7162],[38.0068,8.7161],[38.0078,8.7147],[38.0087,8.7143],[38.01,8.7146],[38.0109,8.7144],[38.0121,8.7143],[38.0135,8.7146],[38.0145,8.7141],[38.0159,8.7132],[38.0172,8.7128],[38.0186,8.7122],[38.02,8.7115],[38.0216,8.7109],[38.0232,8.7106],[38.0243,8.7101],[38.0254,8.7094],[38.0265,8.7092],[38.028,8.7093],[38.0284,8.709],[38.0301,8.7087],[38.0315,8.7089],[38.0328,8.7087],[38.0354,8.7085],[38.0364,8.7081],[38.0381,8.7081],[38.0395,8.7079],[38.0405,8.7079],[38.0417,8.7077],[38.0428,8.7079],[38.0436,8.7083],[38.0449,8.7082],[38.0459,8.7079],[38.0461,8.7099],[38.0462,8.7108],[38.0462,8.7124],[38.047,8.7125],[38.0477,8.7123],[38.0489,8.7102],[38.0494,8.7086],[38.0504,8.7084],[38.0514,8.7077],[38.053,8.7071],[38.0539,8.707],[38.0555,8.7076],[38.0562,8.7074],[38.0569,8.7081],[38.0579,8.7085],[38.0599,8.708],[38.0611,8.7086],[38.0647,8.708],[38.0667,8.708],[38.0676,8.708],[38.0683,8.7083],[38.0694,8.708],[38.0706,8.7081],[38.0721,8.7083],[38.0736,8.7079],[38.0755,8.7073],[38.0766,8.707],[38.0776,8.7067],[38.0786,8.7064],[38.0797,8.7064],[38.0811,8.7063],[38.0818,8.7068],[38.0826,8.7072],[38.083,8.7073],[38.084,8.7079],[38.0847,8.708],[38.0852,8.709],[38.0861,8.7092],[38.087,8.7103],[38.0873,8.7105],[38.0882,8.7114],[38.089,8.712],[38.0874,8.7147],[38.0879,8.7144],[38.0894,8.7123],[38.0897,8.7125],[38.0906,8.7126],[38.0918,8.7124],[38.0929,8.7123],[38.0938,8.7121],[38.0944,8.7117],[38.0945,8.7115],[38.0952,8.7111],[38.0959,8.7105],[38.0965,8.7102],[38.0969,8.7097],[38.0977,8.7092],[38.098,8.7084],[38.099,8.7079],[38.1001,8.7078],[38.1011,8.7073],[38.1024,8.7067],[38.1039,8.706],[38.1052,8.7057],[38.1059,8.7056],[38.1067,8.706],[38.1075,8.7059],[38.1083,8.7061],[38.1088,8.7068],[38.1096,8.7071],[38.1102,8.7075],[38.1114,8.7076],[38.1121,8.7084],[38.1125,8.7094],[38.1132,8.7106],[38.1137,8.7117],[38.1139,8.7123],[38.1143,8.7128],[38.1147,8.7135],[38.1153,8.7144],[38.1154,8.7154],[38.1157,8.7163],[38.1157,8.7168],[38.1159,8.717],[38.1169,8.716],[38.1177,8.7162],[38.1185,8.7167],[38.1193,8.7187],[38.1201,8.7184],[38.1223,8.7191],[38.1235,8.7194],[38.1244,8.72],[38.1249,8.7209],[38.126,8.721],[38.129,8.7198],[38.1306,8.7194],[38.1318,8.7196],[38.1328,8.7201],[38.1342,8.7199],[38.1353,8.7193],[38.1357,8.7185],[38.1369,8.7187],[38.138,8.7199],[38.1377,8.717],[38.1351,8.713],[38.1347,8.7116],[38.134,8.7101],[38.1336,8.7085],[38.1322,8.7079],[38.1316,8.7074],[38.1312,8.7076],[38.1305,8.7076],[38.1297,8.707],[38.1282,8.7067],[38.1263,8.7053],[38.1245,8.7033],[38.1229,8.7009],[38.1246,8.7007],[38.1252,8.7],[38.1263,8.6988],[38.1269,8.6976],[38.1283,8.6944],[38.1295,8.6922],[38.1301,8.6918],[38.1304,8.6919],[38.1305,8.6916],[38.1311,8.691],[38.1326,8.6901],[38.1328,8.6889],[38.1333,8.6885],[38.1338,8.6891],[38.1343,8.6891],[38.1351,8.6889],[38.1372,8.6894],[38.1385,8.6896],[38.1393,8.6901],[38.1399,8.6895],[38.1408,8.6896],[38.144,8.688],[38.1417,8.6858],[38.1407,8.6835],[38.1403,8.6821],[38.1394,8.6813],[38.1408,8.6793],[38.1411,8.6783],[38.1417,8.6762],[38.1426,8.6743],[38.143,8.673],[38.1427,8.6714],[38.1429,8.67],[38.143,8.6689],[38.1427,8.6684],[38.1405,8.6683],[38.1414,8.665],[38.1397,8.6638],[38.1387,8.6635],[38.1366,8.6621],[38.1336,8.662],[38.1323,8.6621],[38.1316,8.6618],[38.1307,8.6612],[38.1284,8.6605],[38.1289,8.6582],[38.1292,8.6564],[38.1289,8.6536],[38.1294,8.6524],[38.1294,8.6501],[38.1303,8.6466],[38.1307,8.6434],[38.1313,8.6412],[38.1316,8.6394],[38.1317,8.6368],[38.1314,8.635],[38.1308,8.6336],[38.1299,8.6312],[38.1291,8.6297],[38.1291,8.6292],[38.1299,8.6281],[38.1305,8.6268],[38.1315,8.623],[38.1316,8.6218],[38.1321,8.6201],[38.1325,8.618],[38.133,8.6164],[38.1331,8.6147],[38.1331,8.6122],[38.1327,8.6086],[38.1323,8.6066],[38.1324,8.6056],[38.1323,8.6039],[38.132,8.6023],[38.1332,8.5998],[38.1342,8.6003],[38.1352,8.6011],[38.1362,8.6013],[38.1368,8.6019],[38.1382,8.602],[38.139,8.6014],[38.139,8.6007],[38.1388,8.5991],[38.1387,8.5956],[38.1371,8.5902],[38.1364,8.5875],[38.1356,8.5853],[38.1344,8.5824],[38.1341,8.5806],[38.1333,8.5789],[38.1339,8.5787],[38.1347,8.5765],[38.1343,8.577],[38.1343,8.5766],[38.1348,8.575],[38.1351,8.5741],[38.1352,8.5735],[38.1349,8.573],[38.1339,8.5729],[38.1332,8.5717],[38.1324,8.5704],[38.133,8.5689],[38.1319,8.5673],[38.131,8.5663],[38.1306,8.5647],[38.1302,8.5636],[38.1291,8.5621],[38.1286,8.5598],[38.1272,8.5577],[38.1295,8.5576],[38.1309,8.5552],[38.1322,8.5537],[38.133,8.5531],[38.1347,8.5523],[38.1361,8.5518],[38.1365,8.5514],[38.1379,8.5504],[38.1388,8.549],[38.1396,8.547],[38.1407,8.5475],[38.1413,8.5471],[38.1426,8.546],[38.1432,8.5458],[38.1447,8.5445],[38.1458,8.5446],[38.1469,8.5441],[38.1477,8.5434],[38.1488,8.5419],[38.1499,8.5403],[38.1503,8.5393],[38.1507,8.5387],[38.151,8.5371],[38.1512,8.535],[38.1518,8.5341],[38.1536,8.5326],[38.1547,8.532],[38.156,8.532],[38.1575,8.5315],[38.1585,8.531],[38.1585,8.5306],[38.1589,8.5298],[38.1597,8.5266],[38.1601,8.525],[38.1606,8.5247],[38.1611,8.5255],[38.1614,8.5257],[38.1618,8.5249],[38.1622,8.5241],[38.1637,8.5229],[38.1654,8.5202],[38.1672,8.5185],[38.1675,8.518],[38.1677,8.5171],[38.1681,8.5166],[38.1693,8.5132],[38.1695,8.5125],[38.1702,8.5103],[38.1706,8.5094],[38.1707,8.5088],[38.1715,8.5081],[38.1717,8.5067],[38.1727,8.5044],[38.1739,8.5001],[38.175,8.4969],[38.1723,8.4967],[38.1703,8.4972],[38.1682,8.4978],[38.1673,8.4982],[38.1653,8.4985],[38.1631,8.5025],[38.1618,8.5026],[38.1607,8.5025],[38.1596,8.5022],[38.1585,8.5018],[38.1576,8.5013],[38.1564,8.5001],[38.1552,8.4997],[38.1529,8.4991],[38.1517,8.4989],[38.1519,8.4978],[38.1525,8.496],[38.1533,8.4946],[38.1541,8.4927],[38.1545,8.4908],[38.1547,8.4877],[38.1541,8.484],[38.1546,8.4819],[38.1542,8.4799],[38.153,8.4779],[38.1523,8.4757],[38.1522,8.4741],[38.1517,8.4727],[38.1513,8.4719],[38.1511,8.471],[38.1525,8.47],[38.1531,8.4676],[38.1531,8.4664],[38.1528,8.4659],[38.1532,8.466],[38.1529,8.4653],[38.1522,8.4647],[38.1515,8.4633],[38.1514,8.462],[38.151,8.4613],[38.1514,8.4612],[38.1511,8.4609],[38.1502,8.4605],[38.1491,8.4598],[38.1477,8.4593],[38.145,8.4589],[38.1435,8.4594],[38.1418,8.4594],[38.1412,8.4584],[38.1408,8.458],[38.1409,8.457],[38.1405,8.4561],[38.1403,8.4546],[38.1391,8.4525],[38.1384,8.4519],[38.1369,8.4514],[38.1372,8.4496],[38.1369,8.4487],[38.136,8.4476],[38.1348,8.446],[38.1329,8.444],[38.1314,8.4433],[38.131,8.4416],[38.1315,8.4406],[38.131,8.4394],[38.1307,8.4385],[38.1306,8.4282],[38.1301,8.4079],[38.1225,8.4066],[38.1185,8.402],[38.11,8.3904],[38.103,8.389],[38.0865,8.3901],[38.0813,8.3848],[38.0771,8.3806],[38.0667,8.376],[38.0525,8.3824],[38.0389,8.3892],[38.028,8.3903],[38.0221,8.385],[38.0196,8.3962],[38.02,8.3969],[38.0206,8.3985],[38.0214,8.3988],[38.0219,8.3997],[38.0221,8.4],[38.0243,8.4029],[38.0243,8.4031],[38.0253,8.4039],[38.0262,8.4052],[38.027,8.4062],[38.0279,8.4068],[38.0285,8.4082],[38.0286,8.4111],[38.0281,8.4116],[38.0274,8.4126],[38.0268,8.4154],[38.0262,8.4166],[38.026,8.4176],[38.0254,8.4181],[38.0243,8.4197],[38.0229,8.4212],[38.0225,8.4227],[38.0213,8.4234],[38.0202,8.4231],[38.0193,8.4225],[38.0157,8.4208],[38.0149,8.4211],[38.0149,8.4208],[38.0138,8.4206],[38.0116,8.4204],[38.0084,8.4204],[38.006,8.4205],[38.0039,8.4201],[38.0009,8.4197],[37.9994,8.4203],[37.9973,8.422],[37.9955,8.4228],[37.9936,8.4232],[37.9925,8.4235],[37.9914,8.4243],[37.9902,8.4259],[37.9891,8.4283],[37.9876,8.4295],[37.9865,8.4298],[37.9854,8.4304],[37.984,8.4309],[37.9822,8.4312],[37.9795,8.4324],[37.9783,8.4323],[37.9785,8.4327],[37.9768,8.4328],[37.9756,8.4326],[37.9734,8.4331],[37.9707,8.4345],[37.9692,8.4357],[37.9686,8.4365],[37.9676,8.437],[37.9658,8.4382],[37.9644,8.439],[37.9624,8.4398],[37.9615,8.4403],[37.9614,8.4406],[37.9616,8.4415],[37.9607,8.4422],[37.9607,8.4428],[37.9604,8.4434],[37.9609,8.4439],[37.961,8.4445],[37.9604,8.4444],[37.9591,8.4453],[37.9577,8.446],[37.956,8.4473],[37.9543,8.4476],[37.9522,8.4487],[37.9507,8.4504],[37.9483,8.4513],[37.9461,8.4525],[37.9432,8.4539],[37.9411,8.4562],[37.9404,8.4582],[37.9399,8.4577],[37.9386,8.4587],[37.9373,8.4595],[37.9377,8.4601],[37.9379,8.4606],[37.9374,8.4616],[37.9357,8.464],[37.934,8.4666],[37.9326,8.4677],[37.9307,8.4679],[37.9291,8.4683],[37.9277,8.4682],[37.9269,8.4655],[37.9256,8.4637],[37.9248,8.4632],[37.9245,8.4638],[37.9251,8.4647],[37.9259,8.4669],[37.9263,8.4681],[37.9265,8.4694],[37.9278,8.4722],[37.9284,8.4725],[37.9286,8.4731],[37.9282,8.4732],[37.9285,8.474],[37.9288,8.4758],[37.9296,8.479],[37.93,8.4796],[37.9309,8.4804],[37.9313,8.4824],[37.9319,8.4837],[37.9327,8.4847],[37.9343,8.4862],[37.9346,8.4873],[37.9346,8.489],[37.9344,8.4912],[37.934,8.4919],[37.9331,8.4918],[37.9301,8.4918],[37.9297,8.4923],[37.9296,8.4936],[37.9295,8.4945],[37.9292,8.4945],[37.9287,8.4941],[37.9279,8.4929],[37.9266,8.4926],[37.9257,8.4929],[37.9246,8.4928],[37.9217,8.4928],[37.9207,8.4918],[37.9191,8.4898],[37.9179,8.4873],[37.9174,8.4859],[37.9167,8.484],[37.9158,8.4826],[37.9146,8.4811],[37.9134,8.4806],[37.9124,8.4805],[37.9113,8.4813],[37.9104,8.4818],[37.9085,8.4824],[37.9073,8.4834],[37.907,8.483],[37.9062,8.4832],[37.9049,8.484],[37.903,8.4854],[37.9014,8.4857],[37.8997,8.4863],[37.8984,8.4865],[37.898,8.4861],[37.8975,8.4854],[37.8965,8.4845],[37.8947,8.4841],[37.8942,8.4844],[37.8937,8.4854],[37.8924,8.4868],[37.8913,8.4887],[37.891,8.4898],[37.8899,8.4902],[37.8888,8.4907],[37.8875,8.492],[37.8872,8.4916],[37.8865,8.4907],[37.885,8.49],[37.8837,8.4892],[37.8821,8.4891],[37.8811,8.4893],[37.8799,8.4894],[37.8786,8.4895],[37.8765,8.489],[37.8748,8.4882],[37.874,8.4875],[37.8733,8.4867],[37.8721,8.4864],[37.8713,8.4863],[37.8697,8.4861],[37.8669,8.4872],[37.8659,8.4881],[37.8645,8.4884],[37.8631,8.4892],[37.8623,8.4899],[37.8613,8.4902],[37.8601,8.4903],[37.8594,8.491],[37.8585,8.4914],[37.8577,8.4909],[37.857,8.491],[37.8567,8.4918],[37.8555,8.4917],[37.854,8.4919],[37.8534,8.4925],[37.8528,8.4932],[37.8523,8.4938],[37.8523,8.4946],[37.8549,8.497],[37.8553,8.4978],[37.8564,8.5],[37.8557,8.5019],[37.8557,8.5033],[37.8561,8.5056],[37.8571,8.5075],[37.8602,8.5103],[37.864,8.5138],[37.867,8.5156],[37.8688,8.5178],[37.8698,8.5192],[37.8693,8.5211],[37.869,8.5237],[37.8691,8.5247],[37.8709,8.5241],[37.8702,8.5256],[37.8699,8.5266],[37.8714,8.528],[37.8746,8.5306],[37.8757,8.5313],[37.8766,8.5314],[37.8774,8.5316],[37.8773,8.5327],[37.8772,8.5342],[37.8775,8.5358],[37.8782,8.5372],[37.8786,8.5381],[37.8779,8.5388],[37.878,8.5391],[37.8786,8.5395],[37.8795,8.5398],[37.881,8.5395],[37.8815,8.5397],[37.8828,8.541],[37.8839,8.5417],[37.8858,8.5427],[37.8877,8.5436],[37.8899,8.545],[37.8926,8.5469],[37.8957,8.5495],[37.8971,8.5501],[37.9002,8.5499],[37.9007,8.5503],[37.9024,8.5532],[37.9034,8.5546],[37.9037,8.5547],[37.9052,8.5544],[37.9061,8.5545],[37.9074,8.5554],[37.908,8.5565],[37.9081,8.557],[37.9087,8.5577],[37.9091,8.5577],[37.9095,8.5574],[37.9114,8.5567],[37.912,8.5563],[37.9149,8.5569],[37.9199,8.5577],[37.9221,8.5572],[37.9265,8.5537],[37.9269,8.5511],[37.9292,8.5504],[37.9297,8.5504],[37.9305,8.5499],[37.9325,8.5498],[37.9333,8.5493],[37.9341,8.5489],[37.9342,8.5483],[37.9338,8.5472],[37.9338,8.5467],[37.9341,8.5461],[37.934,8.5451],[37.9346,8.5449],[37.9339,8.5434],[37.9353,8.5435],[37.9367,8.5445],[37.9384,8.5452],[37.9388,8.5452],[37.9393,8.547],[37.9402,8.5479],[37.9422,8.5516],[37.9434,8.5551],[37.9437,8.5589],[37.9439,8.5605],[37.9417,8.563],[37.9423,8.5651],[37.9425,8.5664],[37.9423,8.5677],[37.943,8.5689],[37.9437,8.5704],[37.9441,8.5714],[37.945,8.5728],[37.9462,8.5738],[37.9491,8.5761],[37.9494,8.5769],[37.95,8.5783],[37.9512,8.5818],[37.9516,8.5836],[37.9522,8.5853],[37.9521,8.5875],[37.9524,8.5896],[37.953,8.5914],[37.9537,8.5939],[37.9543,8.5953],[37.9552,8.5974],[37.9553,8.5986],[37.9544,8.6007],[37.9544,8.6021],[37.9547,8.6036],[37.9548,8.605],[37.9544,8.6067],[37.9545,8.6078],[37.9541,8.6087],[37.9542,8.6096],[37.9541,8.6108],[37.9537,8.6128],[37.9544,8.6135],[37.9558,8.614],[37.9583,8.6147],[37.9594,8.6163],[37.9601,8.6161],[37.9614,8.616],[37.9622,8.6157],[37.9634,8.6156],[37.9638,8.6158],[37.9652,8.6159],[37.9657,8.6162],[37.9674,8.6161],[37.9676,8.6163],[37.9672,8.617],[37.9663,8.6177],[37.9652,8.619],[37.9646,8.6201],[37.9638,8.6208],[37.963,8.6224],[37.9637,8.6239],[37.9643,8.6245],[37.9647,8.6253],[37.9654,8.6258],[37.9661,8.6264],[37.9667,8.628],[37.9667,8.6289],[37.9662,8.6297],[37.965,8.6306],[37.9645,8.6315],[37.9646,8.6344],[37.9654,8.6357],[37.9662,8.6368],[37.9671,8.6381],[37.9677,8.6385],[37.9682,8.6396],[37.9695,8.641],[37.9702,8.642],[37.971,8.6445],[37.9705,8.6461],[37.9697,8.6493],[37.9702,8.6501],[37.971,8.6518],[37.9712,8.653],[37.9712,8.654],[37.9716,8.6553],[37.9721,8.6564],[37.9728,8.6574],[37.9736,8.6585],[37.9744,8.6591],[37.9755,8.6601],[37.9766,8.6605],[37.977,8.6616],[37.9777,8.6633],[37.9775,8.6654],[37.9769,8.667],[37.9764,8.6684],[37.9738,8.673],[37.972,8.6753],[37.9702,8.6788],[37.9714,8.6825],[37.972,8.685],[37.9726,8.6864],[37.9735,8.689],[37.974,8.691],[37.9758,8.6925],[37.9782,8.6949],[37.981,8.6969],[37.9839,8.7001],[37.9851,8.7017],[37.9863,8.704],[37.9854,8.7083],[37.9831,8.7093],[37.9825,8.7104],[37.9829,8.7123],[37.9839,8.7145],[37.9843,8.715],[37.9844,8.7154],[37.9851,8.7163],[37.9853,8.717],[37.9854,8.7183],[37.987,8.7183],[37.9882,8.7192],[37.9885,8.7191]],[[37.9608,8.5185],[37.9658,8.5121],[37.9665,8.5088],[37.9753,8.5089],[37.9762,8.5128],[37.9792,8.5195],[37.982,8.5198],[37.9907,8.5187],[37.9961,8.5238],[37.9973,8.525],[37.9987,8.5316],[37.9964,8.5417],[37.9949,8.5494],[37.9979,8.554],[38.0015,8.5616],[37.999,8.5733],[37.9938,8.5755],[37.9874,8.5732],[37.9872,8.5731],[37.9817,8.5662],[37.9808,8.5658],[37.9778,8.5654],[37.9764,8.5653],[37.9774,8.5643],[37.9667,8.5596],[37.9606,8.556],[37.959,8.557],[37.9584,8.5564],[37.957,8.5554],[37.9558,8.5532],[37.953,8.5516],[37.9518,8.5398],[37.9554,8.5361],[37.9608,8.5185]]]}},{"type":"Feature","properties":{"id":"LW054","woreda":"Wenchi","zone":"South West Shewa","region":"Oromia","area_km2":465.4,"lat":8.6586,"lon":37.8997},"geometry":{"type":"Polygon","coordinates":[[[37.987,8.7183],[37.9854,8.7183],[37.9853,8.717],[37.9851,8.7163],[37.9844,8.7154],[37.9843,8.715],[37.9839,8.7145],[37.9829,8.7123],[37.9825,8.7104],[37.9831,8.7093],[37.9854,8.7083],[37.9863,8.704],[37.9851,8.7017],[37.9839,8.7001],[37.981,8.6969],[37.9782,8.6949],[37.9758,8.6925],[37.974,8.691],[37.9735,8.689],[37.9726,8.6864],[37.972,8.685],[37.9714,8.6825],[37.9702,8.6788],[37.972,8.6753],[37.9738,8.673],[37.9764,8.6684],[37.9769,8.667],[37.9775,8.6654],[37.9777,8.6633],[37.977,8.6616],[37.9766,8.6605],[37.9755,8.6601],[37.9744,8.6591],[37.9736,8.6585],[37.9728,8.6574],[37.9721,8.6564],[37.9716,8.6553],[37.9712,8.654],[37.9712,8.653],[37.971,8.6518],[37.9702,8.6501],[37.9697,8.6493],[37.9705,8.6461],[37.971,8.6445],[37.9702,8.642],[37.9695,8.641],[37.9682,8.6396],[37.9677,8.6385],[37.9671,8.6381],[37.9662,8.6368],[37.9654,8.6357],[37.9646,8.6344],[37.9645,8.6315],[37.965,8.6306],[37.9662,8.6297],[37.9667,8.6289],[37.9667,8.628],[37.9661,8.6264],[37.9654,8.6258],[37.9647,8.6253],[37.9643,8.6245],[37.9637,8.6239],[37.963,8.6224],[37.9638,8.6208],[37.9646,8.6201],[37.9652,8.619],[37.9663,8.6177],[37.9672,8.617],[37.9676,8.6163],[37.9674,8.6161],[37.9657,8.6162],[37.9652,8.6159],[37.9638,8.6158],[37.9634,8.6156],[37.9622,8.6157],[37.9614,8.616],[37.9601,8.6161],[37.9594,8.6163],[37.9583,8.6147],[37.9558,8.614],[37.9544,8.6135],[37.9537,8.6128],[37.9541,8.6108],[37.9542,8.6096],[37.9541,8.6087],[37.9545,8.6078],[37.9544,8.6067],[37.9548,8.605],[37.9547,8.6036],[37.9544,8.6021],[37.9544,8.6007],[37.9553,8.5986],[37.9552,8.5974],[37.9543,8.5953],[37.9537,8.5939],[37.953,8.5914],[37.9524,8.5896],[37.9521,8.5875],[37.9522,8.5853],[37.9516,8.5836],[37.9512,8.5818],[37.95,8.5783],[37.9494,8.5769],[37.9491,8.5761],[37.9462,8.5738],[37.945,8.5728],[37.9441,8.5714],[37.9437,8.5704],[37.943,8.5689],[37.9423,8.5677],[37.9425,8.5664],[37.9423,8.5651],[37.9417,8.563],[37.9439,8.5605],[37.9437,8.5589],[37.9434,8.5551],[37.9422,8.5516],[37.9402,8.5479],[37.9393,8.547],[37.9388,8.5452],[37.9384,8.5452],[37.9367,8.5445],[37.9353,8.5435],[37.9339,8.5434],[37.9346,8.5449],[37.934,8.5451],[37.9341,8.5461],[37.9338,8.5467],[37.9338,8.5472],[37.9342,8.5483],[37.9341,8.5489],[37.9333,8.5493],[37.9325,8.5498],[37.9305,8.5499],[37.9297,8.5504],[37.9292,8.5504],[37.9269,8.5511],[37.9265,8.5537],[37.9221,8.5572],[37.9199,8.5577],[37.9149,8.5569],[37.912,8.5563],[37.9114,8.5567],[37.9095,8.5574],[37.9091,8.5577],[37.9087,8.5577],[37.9081,8.557],[37.908,8.5565],[37.9074,8.5554],[37.9061,8.5545],[37.9052,8.5544],[37.9037,8.5547],[37.9034,8.5546],[37.9024,8.5532],[37.9007,8.5503],[37.9002,8.5499],[37.8971,8.5501],[37.8957,8.5495],[37.8926,8.5469],[37.8899,8.545],[37.8877,8.5436],[37.8858,8.5427],[37.8839,8.5417],[37.8828,8.541],[37.8815,8.5397],[37.881,8.5395],[37.8795,8.5398],[37.8786,8.5395],[37.878,8.5391],[37.8779,8.5388],[37.8786,8.5381],[37.8782,8.5372],[37.8775,8.5358],[37.8772,8.5342],[37.8773,8.5327],[37.8774,8.5316],[37.8766,8.5314],[37.8757,8.5313],[37.8746,8.5306],[37.8714,8.528],[37.8699,8.5266],[37.8702,8.5256],[37.8709,8.5241],[37.8691,8.5247],[37.869,8.5237],[37.8693,8.5211],[37.8698,8.5192],[37.8688,8.5178],[37.867,8.5156],[37.864,8.5138],[37.8602,8.5103],[37.8571,8.5075],[37.8561,8.5056],[37.8557,8.5033],[37.8557,8.5019],[37.8564,8.5],[37.8553,8.4978],[37.8549,8.497],[37.8523,8.4946],[37.8523,8.4938],[37.8515,8.4937],[37.8511,8.4946],[37.8508,8.4961],[37.85,8.4991],[37.8481,8.4993],[37.8475,8.5002],[37.8468,8.5018],[37.8465,8.5042],[37.8453,8.5066],[37.8427,8.509],[37.8423,8.51],[37.8425,8.5108],[37.843,8.5112],[37.8444,8.5113],[37.8468,8.5108],[37.8475,8.5111],[37.8475,8.5122],[37.8485,8.515],[37.8491,8.5172],[37.8491,8.5183],[37.848,8.5199],[37.8485,8.5236],[37.851,8.5263],[37.8498,8.5276],[37.8502,8.5287],[37.85,8.5294],[37.8478,8.5304],[37.8456,8.5309],[37.8434,8.5316],[37.8421,8.5322],[37.8409,8.5328],[37.8404,8.5331],[37.8392,8.5335],[37.8382,8.5337],[37.8359,8.5312],[37.832,8.5276],[37.83,8.5271],[37.8311,8.5255],[37.8295,8.5246],[37.8294,8.5238],[37.8284,8.5229],[37.8272,8.522],[37.8268,8.5212],[37.8262,8.5205],[37.8254,8.5203],[37.8244,8.5204],[37.8234,8.5194],[37.8225,8.5169],[37.8213,8.5152],[37.8201,8.5138],[37.8184,8.5115],[37.8158,8.5131],[37.8153,8.5137],[37.8131,8.5148],[37.8127,8.5162],[37.8129,8.5187],[37.8144,8.5201],[37.8133,8.5208],[37.8133,8.522],[37.814,8.5232],[37.8139,8.525],[37.814,8.5282],[37.8142,8.5293],[37.815,8.5311],[37.8157,8.5318],[37.8166,8.5329],[37.8174,8.5347],[37.818,8.5359],[37.8177,8.5383],[37.8157,8.54],[37.8074,8.5404],[37.8129,8.5426],[37.813,8.5418],[37.8134,8.5428],[37.8167,8.5442],[37.8178,8.5484],[37.8186,8.5522],[37.8194,8.5543],[37.8209,8.5592],[37.8227,8.5621],[37.8244,8.5639],[37.8262,8.5664],[37.8254,8.5691],[37.8242,8.5706],[37.8244,8.5721],[37.8245,8.5725],[37.8241,8.5732],[37.8234,8.5754],[37.8234,8.5762],[37.8228,8.5775],[37.8221,8.5784],[37.8213,8.5797],[37.8211,8.5809],[37.8211,8.5823],[37.8218,8.5842],[37.8217,8.5851],[37.8213,8.5857],[37.8211,8.5863],[37.8207,8.5864],[37.82,8.5863],[37.8194,8.5869],[37.8195,8.5891],[37.8189,8.5904],[37.8185,8.5907],[37.8185,8.5915],[37.8187,8.5923],[37.8181,8.5936],[37.8183,8.5944],[37.8183,8.595],[37.8175,8.5967],[37.8167,8.5978],[37.816,8.5984],[37.8161,8.5997],[37.8161,8.6007],[37.8158,8.6008],[37.8158,8.6013],[37.8149,8.6034],[37.8141,8.6048],[37.8132,8.6063],[37.8125,8.6077],[37.8122,8.6096],[37.8119,8.61],[37.8114,8.6103],[37.8105,8.6106],[37.8101,8.611],[37.8103,8.6117],[37.8101,8.6129],[37.8096,8.6136],[37.809,8.6149],[37.8092,8.616],[37.8096,8.6167],[37.811,8.6174],[37.8122,8.6179],[37.8133,8.6185],[37.8139,8.6191],[37.8146,8.6213],[37.815,8.6242],[37.818,8.6277],[37.8198,8.6287],[37.8228,8.6313],[37.8251,8.6345],[37.8254,8.6355],[37.826,8.6371],[37.8264,8.6401],[37.8263,8.6409],[37.8271,8.6415],[37.8271,8.6424],[37.8269,8.6433],[37.8267,8.6442],[37.8269,8.6451],[37.8274,8.6464],[37.8274,8.6471],[37.8277,8.6484],[37.8276,8.65],[37.8265,8.6516],[37.8273,8.6525],[37.8276,8.6549],[37.8258,8.6558],[37.8253,8.6569],[37.8255,8.659],[37.8239,8.6609],[37.8214,8.6636],[37.8207,8.6643],[37.8186,8.6681],[37.8131,8.6699],[37.8134,8.6705],[37.8137,8.6715],[37.8137,8.6721],[37.8142,8.6745],[37.8143,8.676],[37.8145,8.6772],[37.8129,8.6773],[37.8145,8.6814],[37.8142,8.6825],[37.8147,8.6837],[37.815,8.6841],[37.8149,8.6872],[37.8133,8.6896],[37.8128,8.6905],[37.8129,8.6928],[37.8135,8.6942],[37.8149,8.6976],[37.8134,8.7016],[37.8134,8.7022],[37.8141,8.7038],[37.8158,8.7069],[37.8167,8.7088],[37.8184,8.7097],[37.8199,8.7104],[37.821,8.7126],[37.8225,8.7153],[37.8228,8.7159],[37.8219,8.7189],[37.8205,8.7205],[37.8216,8.7217],[37.8229,8.7232],[37.8248,8.7256],[37.8259,8.7273],[37.8273,8.7292],[37.8285,8.731],[37.83,8.733],[37.8296,8.7339],[37.8254,8.7354],[37.8245,8.7359],[37.8234,8.7359],[37.823,8.7363],[37.8223,8.7366],[37.8221,8.737],[37.8221,8.7374],[37.8243,8.7382],[37.8242,8.7405],[37.8255,8.7428],[37.8265,8.745],[37.8277,8.7467],[37.8291,8.7487],[37.8304,8.7518],[37.8302,8.7536],[37.8285,8.7545],[37.8261,8.7564],[37.8268,8.7604],[37.8242,8.7624],[37.8256,8.7645],[37.8256,8.7655],[37.826,8.7668],[37.8272,8.7684],[37.8291,8.7691],[37.8301,8.7697],[37.8298,8.7703],[37.8298,8.7709],[37.8303,8.772],[37.831,8.7731],[37.831,8.7737],[37.8308,8.7745],[37.8292,8.7749],[37.8286,8.7752],[37.8281,8.7754],[37.8279,8.7757],[37.8284,8.7765],[37.8284,8.7772],[37.8277,8.7773],[37.827,8.7772],[37.8259,8.776],[37.8244,8.775],[37.8229,8.7742],[37.8224,8.7742],[37.821,8.7753],[37.8191,8.7765],[37.8208,8.7773],[37.8203,8.7798],[37.8222,8.7812],[37.8232,8.7835],[37.8232,8.785],[37.8222,8.7871],[37.8204,8.7884],[37.8163,8.7889],[37.8149,8.7891],[37.8133,8.7899],[37.8127,8.7906],[37.8097,8.7912],[37.8085,8.7934],[37.8083,8.7946],[37.809,8.7985],[37.8062,8.8001],[37.8042,8.8019],[37.8021,8.8041],[37.8011,8.8057],[37.8003,8.8066],[37.7989,8.8076],[37.7969,8.8096],[37.796,8.81],[37.7955,8.8108],[37.7955,8.8122],[37.795,8.8137],[37.7952,8.8143],[37.7967,8.8136],[37.7976,8.8132],[37.7989,8.812],[37.8019,8.8104],[37.8032,8.8092],[37.8084,8.8084],[37.8118,8.8065],[37.8149,8.8045],[37.8164,8.8027],[37.8198,8.8025],[37.8227,8.8013],[37.8252,8.8009],[37.8292,8.8021],[37.8325,8.8026],[37.8356,8.8027],[37.8386,8.8022],[37.8403,8.8019],[37.84,8.8057],[37.842,8.8127],[37.8426,8.8146],[37.8432,8.8148],[37.8431,8.8157],[37.8438,8.8171],[37.8453,8.8197],[37.8474,8.8206],[37.8512,8.8218],[37.854,8.8226],[37.8546,8.8218],[37.8552,8.8195],[37.8557,8.8186],[37.8562,8.8171],[37.8569,8.8158],[37.8583,8.8147],[37.8593,8.8142],[37.8656,8.8133],[37.8675,8.8124],[37.8697,8.8118],[37.8704,8.812],[37.8712,8.8136],[37.8718,8.8167],[37.8712,8.8178],[37.8714,8.8197],[37.8724,8.8202],[37.8745,8.8208],[37.8819,8.8217],[37.8884,8.8226],[37.8906,8.8226],[37.8905,8.8217],[37.8899,8.8204],[37.8895,8.8192],[37.8891,8.8176],[37.8886,8.8164],[37.8871,8.8152],[37.886,8.8144],[37.8872,8.8145],[37.8882,8.8146],[37.8923,8.8157],[37.8931,8.8166],[37.895,8.818],[37.8957,8.8163],[37.896,8.8143],[37.8967,8.8133],[37.8981,8.8121],[37.8993,8.8111],[37.9001,8.8107],[37.9013,8.8107],[37.902,8.8109],[37.9039,8.8104],[37.9052,8.8111],[37.905,8.8104],[37.9067,8.8088],[37.909,8.8076],[37.9104,8.807],[37.9121,8.8061],[37.914,8.805],[37.9153,8.802],[37.9159,8.8003],[37.9163,8.7979],[37.9163,8.7947],[37.9165,8.7925],[37.9172,8.7912],[37.9184,8.7892],[37.9197,8.7881],[37.9211,8.788],[37.9227,8.7869],[37.9235,8.7852],[37.9246,8.7846],[37.9255,8.7825],[37.927,8.7817],[37.9293,8.7825],[37.9309,8.7822],[37.9325,8.782],[37.9348,8.7814],[37.9365,8.7812],[37.9381,8.7815],[37.9394,8.7804],[37.9409,8.7807],[37.9422,8.7811],[37.9445,8.7808],[37.9466,8.78],[37.9471,8.7796],[37.9474,8.7791],[37.9479,8.7773],[37.9479,8.7755],[37.9472,8.7739],[37.948,8.7724],[37.9516,8.7693],[37.9539,8.7666],[37.955,8.7642],[37.9551,8.7614],[37.9558,8.76],[37.9567,8.7585],[37.9575,8.7568],[37.958,8.7562],[37.9592,8.7544],[37.9598,8.7531],[37.9604,8.7511],[37.9605,8.7489],[37.9609,8.7459],[37.9617,8.7407],[37.9618,8.7391],[37.9616,8.7376],[37.9607,8.7353],[37.9602,8.7331],[37.9608,8.7325],[37.9621,8.7327],[37.9656,8.7331],[37.9674,8.7326],[37.9683,8.7321],[37.9702,8.7342],[37.9715,8.7324],[37.9716,8.731],[37.9728,8.7309],[37.9766,8.7297],[37.979,8.7265],[37.9801,8.7261],[37.9807,8.7256],[37.9836,8.7246],[37.9862,8.7241],[37.9876,8.7239],[37.988,8.7228],[37.9883,8.7205],[37.9882,8.7192],[37.987,8.7183]]]}},{"type":"Feature","properties":{"id":"LW055","woreda":"Dodola","zone":"West Arsi","region":"Oromia","area_km2":1647.3,"lat":6.8976,"lon":39.1226},"geometry":{"type":"Polygon","coordinates":[[[38.9021,6.9371],[38.9023,6.938],[38.9035,6.9383],[38.903,6.9391],[38.9048,6.9391],[38.904,6.9406],[38.9046,6.9411],[38.9058,6.9416],[38.9071,6.9427],[38.9084,6.9438],[38.9098,6.9436],[38.9107,6.9445],[38.9118,6.944],[38.9126,6.9444],[38.9127,6.9464],[38.9131,6.9476],[38.9137,6.9488],[38.9148,6.9492],[38.9166,6.9488],[38.9174,6.9478],[38.9184,6.9477],[38.918,6.9486],[38.9175,6.9492],[38.918,6.9507],[38.9186,6.9514],[38.9192,6.9512],[38.9198,6.9516],[38.9208,6.9512],[38.9214,6.9515],[38.9225,6.9528],[38.9237,6.9536],[38.9249,6.9546],[38.9269,6.955],[38.928,6.9551],[38.9297,6.9549],[38.9305,6.9544],[38.9325,6.9553],[38.9334,6.9563],[38.934,6.9562],[38.9343,6.9566],[38.9341,6.9577],[38.9351,6.9583],[38.9355,6.9579],[38.9365,6.9582],[38.9377,6.9574],[38.9394,6.9566],[38.9414,6.9562],[38.9438,6.9559],[38.9466,6.9553],[38.9488,6.9545],[38.9509,6.9538],[38.9526,6.9544],[38.9547,6.954],[38.9559,6.9528],[38.9563,6.9516],[38.9569,6.951],[38.9577,6.951],[38.9581,6.9521],[38.9582,6.9541],[38.9583,6.9547],[38.96,6.9542],[38.9612,6.9528],[38.9625,6.9512],[38.9631,6.9499],[38.9633,6.9486],[38.964,6.9477],[38.9647,6.9471],[38.9644,6.9485],[38.9643,6.9505],[38.9643,6.9523],[38.9656,6.9534],[38.9668,6.9541],[38.9676,6.9542],[38.9688,6.9547],[38.9698,6.9561],[38.9711,6.9577],[38.9731,6.9591],[38.9738,6.9598],[38.9738,6.9613],[38.9744,6.9621],[38.9767,6.9645],[38.9774,6.9668],[38.9775,6.9685],[38.9786,6.9698],[38.9798,6.9705],[38.9816,6.9711],[38.9827,6.9715],[38.9851,6.9736],[38.9863,6.9748],[38.9877,6.9744],[38.9889,6.9738],[38.9897,6.9744],[38.9904,6.9753],[38.9911,6.9768],[38.9905,6.9779],[38.9882,6.9793],[38.9882,6.9801],[38.9883,6.9811],[38.9894,6.9825],[38.9905,6.9835],[38.9918,6.9838],[38.9933,6.9833],[38.9946,6.9824],[38.9941,6.9839],[38.9946,6.9846],[38.996,6.9847],[38.9967,6.9849],[38.9963,6.9854],[38.9958,6.9855],[38.9944,6.9857],[38.9938,6.987],[38.9931,6.9897],[38.9927,6.9928],[38.9934,6.9947],[38.9956,6.9952],[38.9976,6.9953],[38.9988,6.9958],[38.9995,6.9979],[39.0017,7.0015],[39.0023,7.0042],[39.0031,7.0064],[39.0051,7.0079],[39.0068,7.0083],[39.0082,7.0094],[39.0099,7.0111],[39.0114,7.0122],[39.0145,7.0111],[39.0152,7.0108],[39.0166,7.0114],[39.0177,7.0117],[39.0189,7.0115],[39.0203,7.011],[39.0211,7.0102],[39.0226,7.0099],[39.0244,7.0102],[39.0259,7.011],[39.0275,7.0133],[39.0298,7.0156],[39.0305,7.0174],[39.0318,7.0189],[39.0338,7.0202],[39.0348,7.0199],[39.0353,7.0199],[39.037,7.0215],[39.0388,7.0232],[39.0404,7.025],[39.0419,7.0266],[39.043,7.0271],[39.0443,7.0285],[39.0449,7.0287],[39.0443,7.0301],[39.0444,7.0313],[39.0454,7.032],[39.0464,7.0314],[39.048,7.031],[39.0493,7.0313],[39.0517,7.0317],[39.0541,7.0318],[39.0559,7.0317],[39.0572,7.0317],[39.0586,7.0313],[39.0605,7.0303],[39.0627,7.0299],[39.0645,7.0302],[39.0671,7.0303],[39.0693,7.0301],[39.0708,7.0287],[39.0717,7.028],[39.0728,7.0282],[39.0735,7.029],[39.0735,7.0307],[39.0741,7.0324],[39.075,7.0338],[39.0757,7.0353],[39.078,7.0369],[39.0805,7.0378],[39.0822,7.0376],[39.0852,7.0367],[39.0882,7.0373],[39.0884,7.0376],[39.0913,7.0369],[39.0942,7.0365],[39.0956,7.0359],[39.0966,7.0349],[39.0983,7.0342],[39.1018,7.0323],[39.1027,7.0309],[39.1043,7.0304],[39.1064,7.0297],[39.1061,7.0288],[39.1051,7.0272],[39.1075,7.0266],[39.1085,7.0257],[39.1109,7.0254],[39.1115,7.0268],[39.1123,7.0267],[39.1147,7.0258],[39.118,7.0259],[39.122,7.0263],[39.1257,7.0273],[39.128,7.0261],[39.1287,7.0258],[39.129,7.0263],[39.1294,7.0277],[39.1298,7.0284],[39.1327,7.0284],[39.1367,7.0284],[39.1402,7.0286],[39.1435,7.0299],[39.1461,7.0314],[39.1491,7.0325],[39.1528,7.0344],[39.1542,7.0346],[39.1566,7.0361],[39.1596,7.0369],[39.1616,7.0371],[39.1638,7.0384],[39.1654,7.0399],[39.1688,7.0408],[39.1703,7.0407],[39.1709,7.0386],[39.1713,7.0373],[39.1732,7.0382],[39.1749,7.0401],[39.1772,7.043],[39.1798,7.0448],[39.1825,7.0469],[39.1835,7.0473],[39.1861,7.0483],[39.1886,7.0489],[39.1923,7.0493],[39.1965,7.0496],[39.2004,7.05],[39.202,7.0507],[39.2048,7.0538],[39.2061,7.0549],[39.2075,7.0556],[39.2093,7.057],[39.2106,7.0578],[39.2137,7.0579],[39.2159,7.0571],[39.2177,7.0582],[39.2194,7.0581],[39.2209,7.0577],[39.2218,7.0592],[39.2242,7.0603],[39.2272,7.0605],[39.2313,7.0603],[39.2334,7.0604],[39.2358,7.0609],[39.2369,7.0613],[39.2387,7.0613],[39.2407,7.0622],[39.243,7.0637],[39.2449,7.0644],[39.2485,7.0657],[39.2502,7.0662],[39.2531,7.0669],[39.2561,7.0679],[39.2578,7.0684],[39.2581,7.07],[39.2588,7.071],[39.2605,7.0706],[39.262,7.0709],[39.2632,7.0717],[39.2635,7.075],[39.2646,7.077],[39.2636,7.0775],[39.2619,7.0775],[39.2608,7.0781],[39.2605,7.0789],[39.2611,7.0806],[39.2624,7.0815],[39.2642,7.0817],[39.2656,7.0817],[39.2668,7.0818],[39.2657,7.0825],[39.2647,7.0835],[39.2651,7.0847],[39.2664,7.0853],[39.2682,7.0851],[39.2693,7.0847],[39.27,7.0865],[39.271,7.087],[39.2723,7.0866],[39.2727,7.0859],[39.2724,7.0848],[39.2715,7.0817],[39.2715,7.0811],[39.2726,7.081],[39.2738,7.0819],[39.2745,7.0831],[39.2753,7.0844],[39.2753,7.086],[39.2752,7.0875],[39.2757,7.0888],[39.2744,7.0886],[39.2722,7.0882],[39.2701,7.0883],[39.2689,7.089],[39.2686,7.0909],[39.2701,7.092],[39.2722,7.0933],[39.2745,7.094],[39.2741,7.0951],[39.274,7.0967],[39.2747,7.0983],[39.2759,7.0983],[39.2787,7.0973],[39.2804,7.0976],[39.2821,7.0986],[39.2834,7.0997],[39.2843,7.1013],[39.2845,7.1026],[39.2859,7.1042],[39.2861,7.1052],[39.2864,7.1061],[39.2878,7.107],[39.2888,7.107],[39.2896,7.1058],[39.2902,7.1045],[39.2903,7.1032],[39.29,7.1015],[39.2896,7.1001],[39.2896,7.0992],[39.2902,7.0982],[39.2909,7.0984],[39.2913,7.0994],[39.2914,7.1009],[39.2916,7.1024],[39.2915,7.103],[39.2917,7.1041],[39.2925,7.1044],[39.2939,7.1047],[39.2946,7.1043],[39.2956,7.1042],[39.2964,7.1033],[39.2982,7.1013],[39.2989,7.1011],[39.2989,7.1019],[39.2984,7.1031],[39.2972,7.1037],[39.2965,7.1049],[39.2965,7.1056],[39.2976,7.1064],[39.2992,7.1061],[39.3002,7.1054],[39.3009,7.104],[39.3028,7.1008],[39.3033,7.1002],[39.3049,7.0996],[39.3061,7.0989],[39.3071,7.0988],[39.3069,7.0995],[39.3049,7.1013],[39.3044,7.1016],[39.3041,7.1029],[39.3046,7.1049],[39.3058,7.106],[39.3081,7.1071],[39.3095,7.1072],[39.3105,7.1068],[39.3109,7.1049],[39.3107,7.1032],[39.3115,7.1019],[39.3135,7.1019],[39.3161,7.1017],[39.3173,7.1011],[39.3181,7.1009],[39.3203,7.1017],[39.3217,7.1033],[39.322,7.1046],[39.3236,7.1052],[39.3246,7.1052],[39.325,7.1066],[39.3262,7.1071],[39.3283,7.1066],[39.3294,7.1062],[39.3293,7.1059],[39.3286,7.1059],[39.3286,7.1042],[39.3284,7.102],[39.3267,7.0948],[39.3263,7.0917],[39.3256,7.0883],[39.326,7.087],[39.3271,7.0864],[39.3286,7.0864],[39.3313,7.0857],[39.3329,7.0856],[39.333,7.0845],[39.3327,7.0835],[39.3318,7.0789],[39.3307,7.0756],[39.3303,7.073],[39.3296,7.0706],[39.3296,7.069],[39.3298,7.0681],[39.3309,7.0669],[39.3324,7.0662],[39.3344,7.0654],[39.3359,7.0643],[39.3379,7.0625],[39.34,7.0612],[39.3391,7.06],[39.3395,7.0593],[39.3388,7.0584],[39.3385,7.0579],[39.3388,7.0572],[39.3399,7.0565],[39.3403,7.0557],[39.3407,7.0555],[39.3415,7.0559],[39.3419,7.0559],[39.3421,7.0547],[39.3421,7.0539],[39.3404,7.0541],[39.3396,7.0532],[39.339,7.0522],[39.3395,7.0517],[39.3393,7.0514],[39.3383,7.051],[39.3388,7.0501],[39.3387,7.0496],[39.3382,7.0493],[39.3371,7.0482],[39.336,7.048],[39.3348,7.0477],[39.3342,7.0468],[39.3345,7.0464],[39.3351,7.046],[39.3361,7.0451],[39.337,7.0444],[39.3382,7.0443],[39.3391,7.0451],[39.3396,7.0457],[39.3393,7.0462],[39.3387,7.0466],[39.3391,7.0472],[39.3397,7.0477],[39.3416,7.0475],[39.3424,7.0476],[39.344,7.0485],[39.3475,7.0493],[39.3515,7.05],[39.354,7.0506],[39.3555,7.0505],[39.3554,7.0502],[39.3564,7.0495],[39.3573,7.0494],[39.3581,7.0492],[39.3593,7.0487],[39.3589,7.0475],[39.3591,7.0468],[39.3597,7.0464],[39.3597,7.0456],[39.3612,7.0435],[39.362,7.043],[39.3612,7.0419],[39.3615,7.0414],[39.3609,7.0407],[39.3608,7.0393],[39.3618,7.0392],[39.3624,7.0383],[39.3624,7.038],[39.363,7.0379],[39.3646,7.0376],[39.3647,7.0378],[39.365,7.0375],[39.3648,7.0369],[39.3636,7.0369],[39.3634,7.0365],[39.3633,7.0358],[39.3636,7.0356],[39.3635,7.0351],[39.3638,7.0345],[39.3634,7.0341],[39.3629,7.0332],[39.3629,7.0326],[39.3632,7.0321],[39.3631,7.0314],[39.3624,7.0313],[39.3623,7.031],[39.3617,7.031],[39.3611,7.0308],[39.3614,7.03],[39.3611,7.0291],[39.361,7.0281],[39.3611,7.0277],[39.3615,7.0273],[39.3617,7.0266],[39.3622,7.0266],[39.3627,7.0262],[39.3623,7.0255],[39.3623,7.0247],[39.3629,7.0244],[39.3629,7.0238],[39.3634,7.0232],[39.363,7.0227],[39.3611,7.0232],[39.3606,7.0233],[39.3584,7.0225],[39.3565,7.0221],[39.3551,7.0221],[39.3539,7.0214],[39.3535,7.0216],[39.3533,7.0221],[39.3528,7.0224],[39.3532,7.0229],[39.353,7.0232],[39.3529,7.0244],[39.3527,7.025],[39.352,7.0253],[39.3511,7.0247],[39.35,7.0249],[39.3489,7.0239],[39.3482,7.0239],[39.3465,7.0235],[39.3456,7.0223],[39.3453,7.0208],[39.3458,7.0197],[39.3474,7.0186],[39.3481,7.016],[39.3473,7.0157],[39.3467,7.0153],[39.3457,7.0153],[39.3451,7.0152],[39.3449,7.0147],[39.3452,7.0137],[39.3448,7.0132],[39.3443,7.0136],[39.3436,7.0124],[39.3426,7.0133],[39.3414,7.0135],[39.3411,7.0144],[39.3406,7.0147],[39.34,7.0148],[39.3391,7.014],[39.3379,7.0127],[39.3379,7.0119],[39.3385,7.0112],[39.3378,7.0108],[39.337,7.0108],[39.3362,7.0104],[39.3357,7.01],[39.3355,7.0095],[39.3362,7.0091],[39.3363,7.0084],[39.3353,7.0086],[39.3344,7.0085],[39.3341,7.0079],[39.334,7.0073],[39.3337,7.0069],[39.3327,7.0057],[39.3332,7.005],[39.3336,7.0036],[39.3344,7.0034],[39.3339,7.003],[39.3339,7.0013],[39.3342,7.0002],[39.3361,7.0001],[39.3371,7.0007],[39.3375,6.9994],[39.3383,6.9992],[39.3378,6.9985],[39.3375,6.997],[39.3382,6.9964],[39.3391,6.9964],[39.3405,6.9967],[39.3418,6.9962],[39.3425,6.9966],[39.343,6.997],[39.3431,6.9982],[39.3438,6.9996],[39.3443,6.9995],[39.3449,6.9985],[39.3464,6.9975],[39.3474,6.9972],[39.3481,6.9965],[39.3483,6.9952],[39.3484,6.9942],[39.3492,6.9926],[39.3497,6.9913],[39.35,6.9895],[39.3499,6.9865],[39.35,6.9838],[39.3488,6.9826],[39.3482,6.9805],[39.3489,6.9795],[39.3491,6.9784],[39.349,6.9753],[39.3499,6.9748],[39.3506,6.9745],[39.3514,6.9737],[39.3524,6.9729],[39.3532,6.9724],[39.3547,6.9725],[39.3548,6.9728],[39.3551,6.9726],[39.3568,6.9722],[39.3571,6.9715],[39.3568,6.9703],[39.3556,6.9689],[39.3561,6.9677],[39.3561,6.966],[39.357,6.9651],[39.3567,6.9633],[39.3575,6.9614],[39.3591,6.9605],[39.3603,6.9614],[39.3615,6.9616],[39.3627,6.962],[39.3632,6.961],[39.3644,6.9601],[39.3647,6.9591],[39.3651,6.9583],[39.365,6.9575],[39.3651,6.9573],[39.3648,6.9569],[39.3648,6.9562],[39.3651,6.9556],[39.3656,6.9556],[39.3661,6.9551],[39.3662,6.953],[39.3672,6.953],[39.3687,6.9529],[39.3698,6.9523],[39.37,6.9505],[39.3693,6.9488],[39.3694,6.9467],[39.3687,6.9463],[39.3682,6.9455],[39.3675,6.9447],[39.3666,6.9431],[39.3651,6.9402],[39.3637,6.9386],[39.3633,6.9367],[39.3616,6.9356],[39.3609,6.9343],[39.3601,6.9316],[39.3609,6.9302],[39.3614,6.9293],[39.363,6.9283],[39.363,6.9275],[39.3631,6.925],[39.3636,6.9233],[39.3626,6.9231],[39.362,6.9216],[39.3621,6.9205],[39.3603,6.919],[39.3593,6.9193],[39.3585,6.9188],[39.3578,6.918],[39.3579,6.9166],[39.3584,6.9163],[39.3581,6.9154],[39.3584,6.9142],[39.3579,6.9138],[39.3585,6.912],[39.3585,6.9114],[39.3591,6.9099],[39.3597,6.9088],[39.3606,6.9081],[39.3598,6.9053],[39.3601,6.9033],[39.3609,6.9033],[39.3616,6.9027],[39.3621,6.9016],[39.3621,6.8995],[39.3625,6.8995],[39.3636,6.8983],[39.3634,6.8971],[39.3629,6.8962],[39.3622,6.8957],[39.3628,6.8941],[39.3628,6.892],[39.3629,6.8911],[39.3632,6.891],[39.3637,6.8903],[39.364,6.8896],[39.3648,6.8892],[39.3643,6.8881],[39.363,6.8883],[39.3625,6.888],[39.3625,6.8864],[39.3619,6.8855],[39.3608,6.8849],[39.3599,6.8836],[39.3595,6.8819],[39.36,6.8813],[39.3597,6.88],[39.3595,6.8797],[39.3599,6.8791],[39.3587,6.8763],[39.3588,6.8752],[39.3602,6.8724],[39.3603,6.8724],[39.3603,6.8716],[39.3607,6.8703],[39.3603,6.8692],[39.3602,6.8684],[39.3605,6.8675],[39.3613,6.8669],[39.3628,6.8674],[39.3624,6.8658],[39.3615,6.8647],[39.3609,6.8641],[39.3603,6.8633],[39.3611,6.8617],[39.3602,6.8603],[39.3601,6.8574],[39.3611,6.8562],[39.3607,6.8543],[39.3604,6.8532],[39.3609,6.8511],[39.3633,6.8482],[39.3653,6.8457],[39.3678,6.8408],[39.3677,6.84],[39.3673,6.8365],[39.3669,6.8321],[39.3663,6.8277],[39.3658,6.8178],[39.3652,6.812],[39.3637,6.7977],[39.3625,6.7958],[39.363,6.7959],[39.3624,6.7955],[39.3621,6.7948],[39.3611,6.7936],[39.3611,6.7924],[39.3606,6.792],[39.3603,6.792],[39.3587,6.7902],[39.3575,6.7873],[39.3582,6.7861],[39.3582,6.7855],[39.357,6.7843],[39.3561,6.7822],[39.3563,6.7813],[39.356,6.7801],[39.3553,6.7791],[39.3546,6.7777],[39.3544,6.7756],[39.3545,6.7738],[39.3543,6.7729],[39.3543,6.7706],[39.355,6.7683],[39.3547,6.7671],[39.355,6.766],[39.3554,6.7657],[39.355,6.7648],[39.3555,6.7641],[39.3563,6.7634],[39.3568,6.7624],[39.3568,6.7595],[39.3575,6.759],[39.3577,6.7594],[39.3602,6.7594],[39.364,6.7598],[39.3676,6.7596],[39.3714,6.7599],[39.3717,6.7585],[39.3714,6.7546],[39.3708,6.7476],[39.3722,6.7461],[39.3737,6.7442],[39.3749,6.7426],[39.3767,6.741],[39.3775,6.7394],[39.3777,6.7378],[39.3781,6.7375],[39.3813,6.7338],[39.3829,6.7313],[39.3799,6.725],[39.3775,6.7193],[39.3762,6.7185],[39.3761,6.7177],[39.3763,6.7177],[39.375,6.7169],[39.3753,6.7154],[39.3741,6.7146],[39.3745,6.7132],[39.3746,6.7121],[39.3746,6.711],[39.3756,6.71],[39.3767,6.7104],[39.3769,6.7095],[39.3776,6.7086],[39.3784,6.7065],[39.3773,6.7053],[39.3771,6.7045],[39.377,6.7025],[39.3769,6.7005],[39.3763,6.6981],[39.3707,6.6963],[39.3669,6.6946],[39.363,6.693],[39.357,6.6909],[39.3548,6.6903],[39.3527,6.6895],[39.3486,6.6886],[39.3467,6.6871],[39.3467,6.6873],[39.3436,6.6883],[39.3409,6.6889],[39.3389,6.6891],[39.3364,6.6899],[39.3328,6.6908],[39.3284,6.6917],[39.3261,6.6924],[39.3231,6.6929],[39.3195,6.6941],[39.3153,6.6949],[39.3128,6.6955],[39.3121,6.6959],[39.3135,6.6978],[39.3125,6.699],[39.31,6.7036],[39.3075,6.7079],[39.3057,6.7107],[39.3043,6.7122],[39.3023,6.7133],[39.2996,6.7146],[39.2966,6.716],[39.295,6.7168],[39.2905,6.7166],[39.2874,6.7179],[39.2891,6.7198],[39.2883,6.7217],[39.2879,6.7233],[39.2872,6.7257],[39.2864,6.7277],[39.2856,6.7291],[39.284,6.7283],[39.2829,6.7282],[39.281,6.7293],[39.2794,6.7305],[39.2785,6.7308],[39.2768,6.7307],[39.276,6.7298],[39.2753,6.7296],[39.2741,6.7289],[39.2737,6.7285],[39.273,6.7283],[39.2655,6.7274],[39.2626,6.7268],[39.2573,6.7262],[39.2516,6.7258],[39.244,6.7253],[39.2417,6.7251],[39.2398,6.7252],[39.2385,6.7258],[39.2368,6.728],[39.2359,6.7291],[39.2354,6.7311],[39.2352,6.7327],[39.2339,6.7355],[39.2344,6.7369],[39.2343,6.7386],[39.2357,6.7408],[39.2362,6.7418],[39.2369,6.7419],[39.2352,6.7436],[39.2338,6.7449],[39.2329,6.7461],[39.2327,6.7493],[39.2326,6.7534],[39.2309,6.7563],[39.2295,6.7585],[39.2268,6.764],[39.2259,6.7647],[39.2239,6.7652],[39.2218,6.7637],[39.2203,6.7631],[39.219,6.7627],[39.2168,6.763],[39.215,6.763],[39.2123,6.7631],[39.2113,6.763],[39.2098,6.7624],[39.2094,6.7622],[39.209,6.7627],[39.2072,6.7627],[39.2048,6.7623],[39.2035,6.762],[39.2022,6.7619],[39.2013,6.7613],[39.2002,6.7591],[39.1996,6.7584],[39.1971,6.758],[39.1946,6.7573],[39.1943,6.7564],[39.1933,6.7558],[39.1914,6.7554],[39.1902,6.7541],[39.1893,6.7528],[39.1884,6.7509],[39.1885,6.7502],[39.1881,6.7491],[39.1855,6.7483],[39.1839,6.748],[39.183,6.747],[39.1834,6.7461],[39.1824,6.7447],[39.1828,6.7435],[39.1837,6.7431],[39.184,6.742],[39.184,6.7406],[39.1844,6.7397],[39.1838,6.7388],[39.1835,6.7387],[39.1826,6.7386],[39.1815,6.7392],[39.1797,6.7378],[39.1781,6.7352],[39.1773,6.7336],[39.1771,6.7322],[39.1767,6.731],[39.176,6.73],[39.1755,6.7289],[39.1755,6.7286],[39.1762,6.7283],[39.179,6.7278],[39.1802,6.7273],[39.1806,6.7263],[39.1801,6.7247],[39.1786,6.7238],[39.1778,6.7227],[39.1767,6.7219],[39.176,6.7197],[39.1752,6.7185],[39.1739,6.7169],[39.1736,6.7133],[39.1733,6.7127],[39.1731,6.7111],[39.1726,6.709],[39.1727,6.7085],[39.1724,6.7085],[39.1717,6.7061],[39.17,6.7038],[39.17,6.703],[39.1685,6.7024],[39.1675,6.7015],[39.166,6.7008],[39.166,6.6998],[39.1651,6.6991],[39.1644,6.6981],[39.1626,6.697],[39.1621,6.6958],[39.1607,6.694],[39.1589,6.6908],[39.158,6.6901],[39.1573,6.6883],[39.157,6.689],[39.1559,6.6905],[39.1555,6.6916],[39.1538,6.6938],[39.1527,6.6955],[39.1519,6.6968],[39.1518,6.6985],[39.1516,6.699],[39.1505,6.6993],[39.1505,6.7001],[39.1509,6.7015],[39.1504,6.7033],[39.1504,6.7047],[39.1507,6.7059],[39.1502,6.7067],[39.1498,6.7071],[39.1497,6.7076],[39.1495,6.7089],[39.1495,6.7101],[39.1496,6.711],[39.1495,6.7121],[39.1491,6.7137],[39.1489,6.7153],[39.1493,6.7173],[39.1497,6.7181],[39.1491,6.7194],[39.1499,6.7203],[39.1499,6.7207],[39.1495,6.7221],[39.1504,6.7229],[39.1509,6.7246],[39.1514,6.7253],[39.1515,6.7258],[39.1514,6.7265],[39.1512,6.7269],[39.151,6.728],[39.1503,6.7295],[39.1501,6.7306],[39.1492,6.7319],[39.1483,6.7325],[39.1474,6.7337],[39.1467,6.7345],[39.1464,6.735],[39.1464,6.7374],[39.1459,6.7385],[39.1451,6.7398],[39.1446,6.7413],[39.1439,6.7423],[39.1434,6.744],[39.1434,6.7456],[39.143,6.7473],[39.1423,6.7489],[39.1416,6.7499],[39.1416,6.7525],[39.1411,6.7534],[39.141,6.7543],[39.1415,6.7552],[39.1415,6.7566],[39.1409,6.7571],[39.1404,6.758],[39.1397,6.7592],[39.1392,6.76],[39.1388,6.7607],[39.1379,6.7615],[39.1362,6.7623],[39.1354,6.763],[39.134,6.7633],[39.1338,6.7641],[39.1332,6.7649],[39.1321,6.7657],[39.1314,6.7663],[39.1298,6.768],[39.1286,6.7686],[39.1277,6.7689],[39.1251,6.7678],[39.1241,6.7706],[39.1227,6.7703],[39.1208,6.7701],[39.1183,6.7702],[39.1166,6.7702],[39.1142,6.7702],[39.1116,6.7721],[39.1083,6.7738],[39.1077,6.7752],[39.1072,6.7767],[39.1065,6.7793],[39.106,6.7814],[39.1042,6.7829],[39.1036,6.7849],[39.1028,6.7853],[39.1021,6.7869],[39.1012,6.788],[39.1002,6.7899],[39.099,6.7899],[39.0973,6.7902],[39.095,6.7912],[39.0932,6.7917],[39.0914,6.791],[39.0893,6.7897],[39.0881,6.7895],[39.0866,6.7928],[39.0856,6.7938],[39.0831,6.794],[39.082,6.7926],[39.0814,6.7925],[39.0796,6.7909],[39.0774,6.7893],[39.0766,6.7885],[39.0755,6.7885],[39.0751,6.7877],[39.0747,6.7864],[39.0734,6.7863],[39.0718,6.7852],[39.0708,6.7842],[39.0697,6.7829],[39.0689,6.7817],[39.0678,6.7807],[39.0661,6.7797],[39.0634,6.7781],[39.0623,6.7784],[39.0605,6.7783],[39.0587,6.7776],[39.0582,6.778],[39.0575,6.7768],[39.0561,6.7763],[39.055,6.7754],[39.0529,6.774],[39.0523,6.7725],[39.0508,6.7703],[39.0505,6.7701],[39.0505,6.7694],[39.0503,6.7687],[39.0491,6.7672],[39.0501,6.7666],[39.0511,6.7663],[39.0511,6.7656],[39.0503,6.764],[39.0505,6.7626],[39.0508,6.7622],[39.0503,6.761],[39.0486,6.7593],[39.0475,6.7584],[39.0459,6.7579],[39.0456,6.7575],[39.0455,6.7566],[39.0443,6.7551],[39.0439,6.7547],[39.0427,6.7539],[39.0417,6.7527],[39.0417,6.7516],[39.0396,6.7508],[39.0373,6.7508],[39.0349,6.7507],[39.0309,6.7506],[39.0274,6.7503],[39.0241,6.7505],[39.0208,6.7506],[39.0179,6.7505],[39.0157,6.7506],[39.014,6.7507],[39.0118,6.7503],[39.011,6.7498],[39.0101,6.749],[39.0077,6.7481],[39.0054,6.7475],[39.0027,6.7471],[39.0007,6.7472],[38.9967,6.7488],[38.9941,6.7501],[38.9927,6.7494],[38.9914,6.7494],[38.99,6.7491],[38.9887,6.7486],[38.9872,6.7485],[38.9858,6.7503],[38.9848,6.7516],[38.9848,6.7528],[38.9837,6.7521],[38.9829,6.7523],[38.9817,6.7524],[38.9803,6.752],[38.9796,6.7514],[38.979,6.7509],[38.978,6.7506],[38.9771,6.751],[38.9767,6.7508],[38.9747,6.7512],[38.9726,6.7504],[38.9715,6.7504],[38.9703,6.7505],[38.9696,6.7501],[38.9691,6.7495],[38.9683,6.749],[38.9674,6.7485],[38.9666,6.7479],[38.9656,6.7476],[38.9649,6.748],[38.9642,6.7487],[38.9636,6.7497],[38.9627,6.7503],[38.9612,6.7508],[38.9603,6.7513],[38.9594,6.7518],[38.9584,6.752],[38.9576,6.7523],[38.9571,6.7527],[38.9568,6.7534],[38.956,6.754],[38.9553,6.7543],[38.9542,6.7546],[38.9533,6.7546],[38.9511,6.7546],[38.9488,6.7544],[38.9479,6.7541],[38.9476,6.7539],[38.947,6.7529],[38.9464,6.7528],[38.9451,6.7526],[38.9436,6.7519],[38.9422,6.7519],[38.9413,6.7523],[38.9418,6.7536],[38.943,6.7549],[38.9438,6.7555],[38.9444,6.7564],[38.9446,6.7572],[38.9453,6.758],[38.9449,6.7591],[38.9461,6.7627],[38.9465,6.7658],[38.9449,6.7654],[38.9443,6.7661],[38.9435,6.7668],[38.9431,6.7673],[38.9425,6.7678],[38.9423,6.7683],[38.9394,6.7722],[38.9389,6.7726],[38.9387,6.7733],[38.9391,6.774],[38.938,6.7763],[38.9374,6.7772],[38.9356,6.7775],[38.9332,6.7774],[38.9315,6.7781],[38.9299,6.779],[38.9287,6.7802],[38.9274,6.7795],[38.9267,6.7795],[38.9259,6.7793],[38.925,6.7796],[38.9242,6.7797],[38.9231,6.7801],[38.925,6.7817],[38.9247,6.7831],[38.9237,6.7894],[38.9227,6.7916],[38.9221,6.793],[38.9219,6.7944],[38.9208,6.7963],[38.9196,6.7975],[38.918,6.7982],[38.9167,6.798],[38.9151,6.7972],[38.9138,6.7973],[38.9119,6.7982],[38.9108,6.7985],[38.9103,6.7979],[38.9092,6.7983],[38.9076,6.7961],[38.9067,6.7956],[38.9054,6.7953],[38.9048,6.7958],[38.9032,6.7965],[38.9026,6.7965],[38.9013,6.796],[38.8999,6.7953],[38.8995,6.7949],[38.8989,6.7946],[38.8984,6.7948],[38.8977,6.7954],[38.8973,6.7953],[38.8969,6.796],[38.8964,6.7964],[38.8957,6.7977],[38.8955,6.7988],[38.8958,6.801],[38.8965,6.8022],[38.8968,6.8035],[38.8966,6.8057],[38.8966,6.8097],[38.8966,6.8105],[38.8968,6.8131],[38.8968,6.8138],[38.8965,6.8148],[38.8955,6.8154],[38.8949,6.8163],[38.8919,6.8179],[38.8909,6.819],[38.8902,6.8197],[38.889,6.8211],[38.8879,6.8231],[38.8865,6.8256],[38.8861,6.826],[38.8851,6.8263],[38.8847,6.8269],[38.8841,6.8274],[38.8831,6.8279],[38.8822,6.8281],[38.8772,6.8277],[38.8762,6.8272],[38.8757,6.8262],[38.8751,6.8255],[38.8733,6.8253],[38.8724,6.8252],[38.8703,6.8251],[38.8687,6.8249],[38.8678,6.8266],[38.8657,6.826],[38.8644,6.8258],[38.8617,6.8254],[38.8598,6.8256],[38.8585,6.8235],[38.8564,6.8234],[38.8545,6.8234],[38.8535,6.8236],[38.8525,6.8234],[38.8519,6.8234],[38.8508,6.8231],[38.8487,6.823],[38.848,6.8229],[38.8469,6.8232],[38.8461,6.8237],[38.8457,6.8237],[38.845,6.8244],[38.8447,6.8248],[38.8445,6.8254],[38.8445,6.8264],[38.8441,6.8273],[38.8435,6.8281],[38.8435,6.8283],[38.8428,6.8285],[38.8425,6.8299],[38.8421,6.8306],[38.8408,6.8314],[38.8404,6.8315],[38.8392,6.8323],[38.8392,6.833],[38.8401,6.8335],[38.8405,6.8341],[38.8407,6.8348],[38.8407,6.8357],[38.8401,6.8374],[38.8398,6.8381],[38.8375,6.8412],[38.835,6.8429],[38.8345,6.843],[38.834,6.8438],[38.8336,6.8448],[38.8342,6.8452],[38.8341,6.8462],[38.8342,6.8477],[38.8352,6.8486],[38.8347,6.8496],[38.8349,6.8516],[38.8353,6.8532],[38.8361,6.8546],[38.8369,6.8555],[38.8374,6.8562],[38.8385,6.8571],[38.8393,6.8576],[38.8404,6.8584],[38.8412,6.8589],[38.8417,6.8596],[38.8426,6.8615],[38.8427,6.8627],[38.8429,6.8636],[38.8431,6.8648],[38.8436,6.866],[38.8442,6.8665],[38.8454,6.8669],[38.8469,6.8678],[38.8478,6.8681],[38.8493,6.8689],[38.8495,6.8694],[38.8498,6.8695],[38.8501,6.8703],[38.8491,6.8717],[38.8475,6.8729],[38.8467,6.8737],[38.8461,6.8737],[38.8452,6.8741],[38.8429,6.8741],[38.842,6.875],[38.8419,6.8755],[38.8424,6.8757],[38.8444,6.8773],[38.8457,6.8784],[38.848,6.8796],[38.8492,6.8799],[38.8519,6.8804],[38.8543,6.8804],[38.8553,6.8805],[38.8565,6.8804],[38.8573,6.8806],[38.8579,6.881],[38.8585,6.8816],[38.859,6.8823],[38.86,6.883],[38.8605,6.8835],[38.8613,6.884],[38.8628,6.8846],[38.8639,6.8851],[38.8647,6.8857],[38.8649,6.886],[38.8674,6.8879],[38.87,6.89],[38.8713,6.8914],[38.8724,6.8919],[38.8731,6.892],[38.8738,6.8924],[38.8753,6.8924],[38.8762,6.8922],[38.8769,6.8925],[38.8772,6.8931],[38.8777,6.8937],[38.8801,6.8954],[38.8809,6.8963],[38.8817,6.8966],[38.8819,6.8972],[38.8818,6.898],[38.8811,6.9002],[38.881,6.9029],[38.8806,6.9052],[38.8804,6.9062],[38.8809,6.9074],[38.8812,6.9079],[38.8815,6.9088],[38.8819,6.9094],[38.8823,6.9097],[38.8827,6.9102],[38.8829,6.9108],[38.8834,6.9113],[38.884,6.9114],[38.8865,6.9112],[38.8882,6.9113],[38.8898,6.9108],[38.8912,6.9106],[38.8919,6.9107],[38.8924,6.911],[38.8924,6.9115],[38.8922,6.9124],[38.8918,6.9132],[38.8917,6.9139],[38.8916,6.9154],[38.8914,6.9164],[38.8917,6.9173],[38.8918,6.918],[38.8922,6.9185],[38.8933,6.9184],[38.894,6.9192],[38.8949,6.92],[38.8956,6.9206],[38.8969,6.9211],[38.8979,6.9212],[38.8995,6.9207],[38.9003,6.9207],[38.9012,6.9207],[38.903,6.9206],[38.9039,6.9204],[38.9054,6.9203],[38.9063,6.9206],[38.9072,6.9223],[38.907,6.9241],[38.9063,6.9247],[38.9057,6.9258],[38.9048,6.927],[38.9041,6.9281],[38.9039,6.9287],[38.9027,6.9307],[38.9024,6.9318],[38.9023,6.9353],[38.9022,6.9365],[38.9021,6.9371]],[[39.1652,6.9804],[39.1667,6.9785],[39.1681,6.9764],[39.169,6.9748],[39.1696,6.9732],[39.1702,6.9718],[39.1711,6.9709],[39.1729,6.9684],[39.1735,6.9671],[39.1756,6.9662],[39.1777,6.9651],[39.1815,6.9646],[39.1822,6.9644],[39.1875,6.962],[39.1879,6.962],[39.1885,6.9617],[39.189,6.9629],[39.1889,6.9643],[39.1894,6.9657],[39.1902,6.967],[39.191,6.9674],[39.1924,6.9688],[39.1921,6.9718],[39.1921,6.9732],[39.1923,6.974],[39.1931,6.9743],[39.194,6.977],[39.1947,6.9793],[39.1952,6.981],[39.1958,6.9822],[39.1957,6.9825],[39.1947,6.9829],[39.1942,6.9838],[39.1948,6.9842],[39.1949,6.9855],[39.194,6.987],[39.1916,6.9887],[39.1902,6.9899],[39.1894,6.9908],[39.1883,6.9918],[39.1871,6.9929],[39.1856,6.9931],[39.1836,6.9928],[39.1814,6.9924],[39.1796,6.9917],[39.1767,6.9913],[39.1739,6.991],[39.1734,6.9907],[39.1694,6.9901],[39.1673,6.9898],[39.1653,6.9894],[39.1645,6.9891],[39.1642,6.9893],[39.164,6.9878],[39.1639,6.9852],[39.1641,6.982],[39.1652,6.9804]]]}},{"type":"Feature","properties":{"id":"LW056","woreda":"Dodola town","zone":"West Arsi","region":"Oromia","area_km2":8.2,"lat":6.9778,"lon":39.1807},"geometry":{"type":"Polygon","coordinates":[[[39.1639,6.9852],[39.164,6.9878],[39.1642,6.9893],[39.1645,6.9891],[39.1653,6.9894],[39.1673,6.9898],[39.1694,6.9901],[39.1734,6.9907],[39.1739,6.991],[39.1767,6.9913],[39.1796,6.9917],[39.1814,6.9924],[39.1836,6.9928],[39.1856,6.9931],[39.1871,6.9929],[39.1883,6.9918],[39.1894,6.9908],[39.1902,6.9899],[39.1916,6.9887],[39.194,6.987],[39.1949,6.9855],[39.1948,6.9842],[39.1942,6.9838],[39.1947,6.9829],[39.1957,6.9825],[39.1958,6.9822],[39.1952,6.981],[39.1947,6.9793],[39.194,6.977],[39.1931,6.9743],[39.1923,6.974],[39.1921,6.9732],[39.1921,6.9718],[39.1924,6.9688],[39.191,6.9674],[39.1902,6.967],[39.1894,6.9657],[39.1889,6.9643],[39.189,6.9629],[39.1885,6.9617],[39.1879,6.962],[39.1875,6.962],[39.1822,6.9644],[39.1815,6.9646],[39.1777,6.9651],[39.1756,6.9662],[39.1735,6.9671],[39.1729,6.9684],[39.1711,6.9709],[39.1702,6.9718],[39.1696,6.9732],[39.169,6.9748],[39.1681,6.9764],[39.1667,6.9785],[39.1652,6.9804],[39.1641,6.982],[39.1639,6.9852]]]}},{"type":"Feature","properties":{"id":"LW057","woreda":"Gedeb Asasa","zone":"West Arsi","region":"Oromia","area_km2":1147.5,"lat":7.1945,"lon":39.1753},"geometry":{"type":"MultiPolygon","coordinates":[[[[39.3286,7.1066],[39.329,7.1068],[39.3294,7.1062],[39.3286,7.1066]]],[[[39.3283,7.1066],[39.3262,7.1071],[39.325,7.1066],[39.3246,7.1052],[39.3236,7.1052],[39.322,7.1046],[39.3217,7.1033],[39.3203,7.1017],[39.3181,7.1009],[39.3173,7.1011],[39.3161,7.1017],[39.3135,7.1019],[39.3115,7.1019],[39.3107,7.1032],[39.3109,7.1049],[39.3105,7.1068],[39.3095,7.1072],[39.3081,7.1071],[39.3058,7.106],[39.3046,7.1049],[39.3041,7.1029],[39.3044,7.1016],[39.3049,7.1013],[39.3069,7.0995],[39.3071,7.0988],[39.3061,7.0989],[39.3049,7.0996],[39.3033,7.1002],[39.3028,7.1008],[39.3009,7.104],[39.3002,7.1054],[39.2992,7.1061],[39.2976,7.1064],[39.2965,7.1056],[39.2965,7.1049],[39.2972,7.1037],[39.2984,7.1031],[39.2989,7.1019],[39.2989,7.1011],[39.2982,7.1013],[39.2964,7.1033],[39.2956,7.1042],[39.2946,7.1043],[39.2939,7.1047],[39.2925,7.1044],[39.2917,7.1041],[39.2915,7.103],[39.2916,7.1024],[39.2914,7.1009],[39.2913,7.0994],[39.2909,7.0984],[39.2902,7.0982],[39.2896,7.0992],[39.2896,7.1001],[39.29,7.1015],[39.2903,7.1032],[39.2902,7.1045],[39.2896,7.1058],[39.2888,7.107],[39.2878,7.107],[39.2864,7.1061],[39.2861,7.1052],[39.2859,7.1042],[39.2845,7.1026],[39.2843,7.1013],[39.2834,7.0997],[39.2821,7.0986],[39.2804,7.0976],[39.2787,7.0973],[39.2759,7.0983],[39.2747,7.0983],[39.274,7.0967],[39.2741,7.0951],[39.2745,7.094],[39.2722,7.0933],[39.2701,7.092],[39.2686,7.0909],[39.2689,7.089],[39.2701,7.0883],[39.2722,7.0882],[39.2744,7.0886],[39.2757,7.0888],[39.2752,7.0875],[39.2753,7.086],[39.2753,7.0844],[39.2745,7.0831],[39.2738,7.0819],[39.2726,7.081],[39.2715,7.0811],[39.2715,7.0817],[39.2724,7.0848],[39.2727,7.0859],[39.2723,7.0866],[39.271,7.087],[39.27,7.0865],[39.2693,7.0847],[39.2682,7.0851],[39.2664,7.0853],[39.2651,7.0847],[39.2647,7.0835],[39.2657,7.0825],[39.2668,7.0818],[39.2656,7.0817],[39.2642,7.0817],[39.2624,7.0815],[39.2611,7.0806],[39.2605,7.0789],[39.2608,7.0781],[39.2619,7.0775],[39.2636,7.0775],[39.2646,7.077],[39.2635,7.075],[39.2632,7.0717],[39.262,7.0709],[39.2605,7.0706],[39.2588,7.071],[39.2581,7.07],[39.2578,7.0684],[39.2561,7.0679],[39.2531,7.0669],[39.2502,7.0662],[39.2485,7.0657],[39.2449,7.0644],[39.243,7.0637],[39.2407,7.0622],[39.2387,7.0613],[39.2369,7.0613],[39.2358,7.0609],[39.2334,7.0604],[39.2313,7.0603],[39.2272,7.0605],[39.2242,7.0603],[39.2218,7.0592],[39.2209,7.0577],[39.2194,7.0581],[39.2177,7.0582],[39.2159,7.0571],[39.2137,7.0579],[39.2106,7.0578],[39.2093,7.057],[39.2075,7.0556],[39.2061,7.0549],[39.2048,7.0538],[39.202,7.0507],[39.2004,7.05],[39.1965,7.0496],[39.1923,7.0493],[39.1886,7.0489],[39.1861,7.0483],[39.1835,7.0473],[39.1825,7.0469],[39.1798,7.0448],[39.1772,7.043],[39.1749,7.0401],[39.1732,7.0382],[39.1713,7.0373],[39.1709,7.0386],[39.1703,7.0407],[39.1688,7.0408],[39.1654,7.0399],[39.1638,7.0384],[39.1616,7.0371],[39.1596,7.0369],[39.1566,7.0361],[39.1542,7.0346],[39.1528,7.0344],[39.1491,7.0325],[39.1461,7.0314],[39.1435,7.0299],[39.1402,7.0286],[39.1367,7.0284],[39.1327,7.0284],[39.1298,7.0284],[39.1294,7.0277],[39.129,7.0263],[39.1287,7.0258],[39.128,7.0261],[39.1257,7.0273],[39.122,7.0263],[39.118,7.0259],[39.1147,7.0258],[39.1123,7.0267],[39.1115,7.0268],[39.1109,7.0254],[39.1085,7.0257],[39.1075,7.0266],[39.1051,7.0272],[39.1061,7.0288],[39.1064,7.0297],[39.1043,7.0304],[39.1027,7.0309],[39.1018,7.0323],[39.0983,7.0342],[39.0966,7.0349],[39.0956,7.0359],[39.0942,7.0365],[39.0913,7.0369],[39.0884,7.0376],[39.0882,7.0373],[39.0852,7.0367],[39.0822,7.0376],[39.0805,7.0378],[39.078,7.0369],[39.0757,7.0353],[39.075,7.0338],[39.0741,7.0324],[39.0735,7.0307],[39.0735,7.029],[39.0728,7.0282],[39.0717,7.028],[39.0708,7.0287],[39.0693,7.0301],[39.0671,7.0303],[39.0645,7.0302],[39.0627,7.0299],[39.0605,7.0303],[39.0586,7.0313],[39.0572,7.0317],[39.0559,7.0317],[39.0563,7.0325],[39.0559,7.0336],[39.0559,7.0375],[39.0549,7.0384],[39.0519,7.0391],[39.0507,7.0397],[39.0498,7.0406],[39.0491,7.0412],[39.0471,7.0417],[39.0453,7.0423],[39.0439,7.0437],[39.0438,7.0461],[39.043,7.0484],[39.0416,7.0487],[39.0402,7.0483],[39.0393,7.0487],[39.0391,7.05],[39.0392,7.0513],[39.0397,7.0523],[39.0393,7.0521],[39.0383,7.0521],[39.0357,7.0542],[39.0338,7.053],[39.0323,7.0525],[39.029,7.0606],[39.0162,7.0686],[39.0061,7.0737],[39.0021,7.0778],[38.9975,7.0853],[38.9901,7.0902],[38.9867,7.0955],[38.9867,7.0966],[38.9865,7.0972],[38.9862,7.1005],[38.9862,7.102],[38.9859,7.1048],[38.9845,7.1063],[38.9847,7.1077],[38.9837,7.1091],[38.9836,7.1095],[38.9838,7.1105],[38.9873,7.1132],[38.9899,7.1113],[38.9912,7.111],[38.9918,7.1104],[38.9936,7.1092],[38.9953,7.1079],[38.9972,7.1075],[38.9986,7.1068],[39.0,7.1054],[39.0016,7.1057],[39.0032,7.107],[39.0042,7.1088],[39.0046,7.1103],[39.0002,7.1113],[38.998,7.1115],[38.9964,7.112],[38.9975,7.1133],[38.9978,7.1144],[39.0016,7.1196],[39.0033,7.1221],[39.0022,7.1227],[38.9978,7.1235],[38.9954,7.1236],[38.9924,7.1232],[38.9883,7.124],[38.9822,7.1258],[38.9836,7.1303],[38.9853,7.1331],[38.987,7.1356],[38.9864,7.1367],[38.9873,7.1382],[38.9922,7.1408],[38.9948,7.1425],[38.9964,7.144],[38.996,7.1444],[38.9937,7.1452],[38.9929,7.1453],[38.989,7.1456],[38.9868,7.1464],[38.9851,7.1462],[38.9832,7.1463],[38.9797,7.1479],[38.9781,7.1518],[38.977,7.1527],[38.9746,7.154],[38.9743,7.159],[38.9754,7.1598],[38.9767,7.1615],[38.9787,7.1636],[38.9792,7.165],[38.9779,7.168],[38.9763,7.17],[38.9746,7.1714],[38.9737,7.1722],[38.972,7.172],[38.9706,7.1709],[38.9686,7.1703],[38.967,7.1706],[38.9669,7.1696],[38.9655,7.1699],[38.9638,7.1706],[38.9622,7.1712],[38.9615,7.1713],[38.9605,7.1724],[38.9621,7.1754],[38.9621,7.1761],[38.9623,7.1788],[38.962,7.1797],[38.9573,7.1808],[38.9553,7.1812],[38.9525,7.1815],[38.9518,7.1823],[38.9526,7.1838],[38.9525,7.1851],[38.9533,7.187],[38.9544,7.1898],[38.9553,7.1905],[38.9579,7.1922],[38.9611,7.195],[38.9632,7.1975],[38.9643,7.2],[38.9648,7.2019],[38.9658,7.2035],[38.9662,7.2042],[38.9653,7.2047],[38.9666,7.2082],[38.9669,7.2115],[38.967,7.2123],[38.9681,7.2118],[38.9699,7.2121],[38.9702,7.2128],[38.9711,7.2131],[38.9714,7.2137],[38.9711,7.2152],[38.9722,7.2158],[38.9741,7.2151],[38.977,7.2138],[38.9796,7.213],[38.9816,7.2124],[38.9847,7.2113],[38.9877,7.2108],[38.9898,7.2104],[38.9899,7.2092],[38.9894,7.2068],[38.989,7.2053],[38.9893,7.2055],[38.9899,7.2048],[38.9944,7.2049],[38.9991,7.2043],[39.0004,7.2046],[39.0024,7.2062],[39.0051,7.208],[39.0072,7.2093],[39.0072,7.211],[39.0081,7.2121],[39.0099,7.2136],[39.0117,7.2146],[39.0134,7.2157],[39.0153,7.2177],[39.0174,7.2198],[39.019,7.2207],[39.0225,7.2204],[39.0252,7.22],[39.0268,7.2203],[39.0287,7.2197],[39.0315,7.2198],[39.0337,7.2192],[39.036,7.2192],[39.0402,7.219],[39.0417,7.2193],[39.0418,7.2198],[39.0417,7.2216],[39.0428,7.2236],[39.0433,7.2247],[39.0442,7.2262],[39.0445,7.2281],[39.0454,7.2296],[39.0465,7.2296],[39.0488,7.23],[39.0503,7.2301],[39.052,7.231],[39.0545,7.232],[39.0565,7.2323],[39.0584,7.2332],[39.0606,7.2337],[39.0623,7.2339],[39.0638,7.2353],[39.0664,7.2352],[39.0681,7.2351],[39.0695,7.236],[39.0706,7.2371],[39.0709,7.2384],[39.0702,7.2389],[39.0698,7.2405],[39.0686,7.2427],[39.0685,7.2443],[39.0689,7.2468],[39.0705,7.2484],[39.0713,7.25],[39.0724,7.2511],[39.0747,7.2513],[39.0764,7.2518],[39.0768,7.2538],[39.0769,7.2554],[39.0758,7.2572],[39.0743,7.2586],[39.0723,7.2586],[39.0712,7.258],[39.0695,7.2569],[39.0683,7.2562],[39.0661,7.2548],[39.0645,7.2542],[39.0628,7.2542],[39.057,7.2538],[39.0544,7.2543],[39.0515,7.2558],[39.0495,7.2557],[39.048,7.2552],[39.0464,7.2527],[39.0453,7.2522],[39.0442,7.2514],[39.0435,7.2497],[39.0428,7.248],[39.042,7.2472],[39.0404,7.2474],[39.0395,7.2467],[39.0387,7.2448],[39.0374,7.2434],[39.0357,7.2413],[39.0346,7.2401],[39.0337,7.2393],[39.0321,7.2392],[39.0297,7.2371],[39.0292,7.2369],[39.0268,7.2377],[39.0246,7.2381],[39.0218,7.2379],[39.0199,7.2379],[39.0187,7.2377],[39.0149,7.238],[39.0127,7.2389],[39.0097,7.2409],[39.0075,7.2425],[39.0053,7.2446],[39.0046,7.2451],[39.0031,7.2447],[39.0026,7.2455],[39.0009,7.2455],[39.0003,7.2452],[39.0003,7.2459],[38.9995,7.2472],[38.9991,7.251],[38.9981,7.2531],[38.9965,7.2556],[38.9974,7.2575],[38.9968,7.2603],[38.9968,7.2614],[38.9978,7.2625],[39.0005,7.2634],[39.001,7.2642],[39.003,7.2651],[39.0053,7.2646],[39.007,7.2645],[39.0085,7.2638],[39.0104,7.2626],[39.0112,7.2627],[39.0126,7.2632],[39.0131,7.264],[39.0139,7.264],[39.0148,7.2649],[39.0157,7.2656],[39.0166,7.2665],[39.0184,7.2672],[39.0199,7.2683],[39.021,7.2689],[39.0222,7.2685],[39.0253,7.2685],[39.0275,7.2689],[39.028,7.2703],[39.0296,7.2704],[39.0303,7.2731],[39.0306,7.2746],[39.0314,7.2756],[39.0318,7.2767],[39.0331,7.2774],[39.0346,7.2771],[39.0356,7.2776],[39.0358,7.2782],[39.0354,7.2812],[39.0352,7.284],[39.0359,7.2868],[39.0368,7.2878],[39.0392,7.2888],[39.0406,7.2895],[39.0422,7.2912],[39.0435,7.2919],[39.0445,7.2938],[39.0455,7.295],[39.0464,7.2954],[39.0476,7.2959],[39.0466,7.2988],[39.0455,7.3039],[39.046,7.3054],[39.0467,7.3059],[39.0467,7.3087],[39.0474,7.3094],[39.0481,7.3119],[39.0489,7.3131],[39.0504,7.3132],[39.0524,7.3132],[39.0534,7.3137],[39.0549,7.3134],[39.0561,7.3131],[39.0571,7.3139],[39.0584,7.3139],[39.0593,7.3135],[39.0599,7.3147],[39.0594,7.3158],[39.0599,7.3164],[39.0601,7.3169],[39.0611,7.317],[39.0618,7.3174],[39.0616,7.32],[39.063,7.3204],[39.0635,7.3214],[39.0647,7.3216],[39.0658,7.3235],[39.0664,7.3238],[39.0679,7.3235],[39.0685,7.3243],[39.0696,7.3261],[39.07,7.3266],[39.0714,7.3266],[39.0719,7.3262],[39.0737,7.3269],[39.0744,7.3273],[39.075,7.3284],[39.0761,7.3294],[39.0771,7.33],[39.0792,7.33],[39.0804,7.3312],[39.0814,7.3316],[39.0825,7.3325],[39.0836,7.3328],[39.0844,7.3342],[39.0857,7.3353],[39.0876,7.3363],[39.089,7.3373],[39.0906,7.3386],[39.0914,7.3402],[39.0923,7.3415],[39.0947,7.3426],[39.0965,7.3436],[39.0978,7.3443],[39.0983,7.3451],[39.0992,7.3475],[39.1,7.349],[39.102,7.3503],[39.1026,7.3507],[39.1051,7.351],[39.1069,7.3515],[39.108,7.3523],[39.109,7.3542],[39.1102,7.3551],[39.1117,7.3555],[39.114,7.356],[39.1152,7.357],[39.1167,7.3576],[39.1183,7.3587],[39.1206,7.3591],[39.1219,7.3598],[39.1242,7.3601],[39.1255,7.3595],[39.1263,7.3592],[39.126,7.3571],[39.1251,7.3548],[39.1234,7.3488],[39.1233,7.3475],[39.1236,7.3474],[39.1278,7.3483],[39.1307,7.3495],[39.1338,7.3504],[39.1348,7.3508],[39.1354,7.3509],[39.136,7.3512],[39.1392,7.3525],[39.142,7.3541],[39.1446,7.3552],[39.148,7.3565],[39.1492,7.3577],[39.1517,7.3588],[39.1541,7.3603],[39.1564,7.361],[39.1616,7.3637],[39.1633,7.3642],[39.1694,7.3623],[39.1708,7.3618],[39.1748,7.3583],[39.1757,7.3576],[39.1781,7.3549],[39.1791,7.3546],[39.181,7.3545],[39.1821,7.3539],[39.1829,7.352],[39.1831,7.3508],[39.1857,7.3492],[39.1895,7.3454],[39.1919,7.3431],[39.1943,7.3411],[39.1959,7.3381],[39.198,7.3347],[39.2005,7.3329],[39.2029,7.3316],[39.2055,7.3315],[39.2075,7.331],[39.2094,7.3289],[39.2099,7.327],[39.2101,7.3247],[39.2104,7.3237],[39.2128,7.3206],[39.2136,7.3192],[39.2134,7.3181],[39.214,7.3168],[39.2131,7.3155],[39.2113,7.3127],[39.21,7.3081],[39.2096,7.3064],[39.2098,7.3017],[39.2093,7.2986],[39.2086,7.2968],[39.2064,7.2893],[39.2059,7.2862],[39.2059,7.2831],[39.2061,7.281],[39.2075,7.2796],[39.2092,7.2782],[39.2104,7.2785],[39.2108,7.2806],[39.2119,7.2824],[39.2134,7.2841],[39.2158,7.2856],[39.2172,7.2874],[39.218,7.2896],[39.2192,7.2924],[39.221,7.2943],[39.2245,7.2945],[39.2253,7.2917],[39.2261,7.2912],[39.2266,7.2906],[39.2285,7.2909],[39.2299,7.2908],[39.2303,7.2905],[39.2313,7.2895],[39.2322,7.2893],[39.2334,7.2885],[39.2362,7.2887],[39.2378,7.2892],[39.2397,7.2898],[39.2414,7.2909],[39.2434,7.2918],[39.2506,7.2955],[39.2528,7.297],[39.2524,7.2989],[39.2521,7.3014],[39.2522,7.3037],[39.2538,7.3041],[39.2584,7.304],[39.2604,7.3037],[39.2609,7.3012],[39.2617,7.3012],[39.2654,7.3024],[39.2667,7.303],[39.2672,7.3035],[39.2689,7.3044],[39.2696,7.3044],[39.2701,7.3047],[39.272,7.3052],[39.2727,7.3027],[39.2728,7.2998],[39.273,7.2963],[39.2735,7.2952],[39.2763,7.297],[39.2783,7.2972],[39.2818,7.2975],[39.2821,7.295],[39.2823,7.2944],[39.2823,7.2937],[39.2824,7.2929],[39.2828,7.2921],[39.2833,7.2921],[39.285,7.2924],[39.2874,7.2925],[39.2893,7.2929],[39.29,7.2911],[39.2903,7.2889],[39.2907,7.288],[39.2909,7.2867],[39.2912,7.2853],[39.2925,7.2814],[39.2938,7.2759],[39.2983,7.2767],[39.3008,7.2764],[39.3015,7.276],[39.3023,7.2759],[39.3044,7.2752],[39.3043,7.2727],[39.3047,7.2701],[39.3052,7.2686],[39.3083,7.2676],[39.3098,7.2675],[39.3107,7.2667],[39.3111,7.2662],[39.3132,7.2663],[39.3154,7.267],[39.3161,7.2677],[39.3168,7.268],[39.316,7.2689],[39.3161,7.2708],[39.3175,7.2721],[39.3207,7.2737],[39.3233,7.2752],[39.3256,7.2755],[39.327,7.2751],[39.3287,7.2745],[39.3305,7.2743],[39.3317,7.2738],[39.3329,7.272],[39.3339,7.2699],[39.3348,7.2681],[39.3351,7.267],[39.3348,7.2664],[39.3359,7.2637],[39.3372,7.2631],[39.338,7.2603],[39.3389,7.2572],[39.339,7.2562],[39.3378,7.2548],[39.3372,7.2536],[39.3375,7.2517],[39.3386,7.2513],[39.3428,7.2522],[39.3461,7.2525],[39.3479,7.2498],[39.3492,7.2477],[39.3505,7.2454],[39.3514,7.2436],[39.3532,7.2403],[39.3542,7.2382],[39.3552,7.2363],[39.356,7.2352],[39.3585,7.2329],[39.3602,7.2306],[39.363,7.2273],[39.3656,7.2245],[39.3676,7.2227],[39.3686,7.2214],[39.3716,7.2175],[39.3735,7.2152],[39.3754,7.2127],[39.3791,7.2081],[39.3813,7.2053],[39.3829,7.2031],[39.3847,7.2008],[39.3859,7.1986],[39.3871,7.1978],[39.3888,7.196],[39.3905,7.1939],[39.3917,7.1927],[39.3972,7.1897],[39.4007,7.1885],[39.4028,7.187],[39.4048,7.1857],[39.4068,7.1835],[39.4089,7.1814],[39.4097,7.1804],[39.4113,7.1777],[39.4125,7.1757],[39.4135,7.1737],[39.415,7.172],[39.4158,7.171],[39.416,7.1702],[39.4144,7.1702],[39.4142,7.1698],[39.4155,7.1687],[39.4153,7.1674],[39.4135,7.1656],[39.4127,7.1624],[39.4157,7.1612],[39.4165,7.1631],[39.418,7.1637],[39.4199,7.1632],[39.4207,7.1614],[39.4205,7.1593],[39.4201,7.1573],[39.4212,7.1558],[39.4206,7.1544],[39.4191,7.1538],[39.4168,7.1556],[39.4149,7.1572],[39.4121,7.1587],[39.41,7.1591],[39.4096,7.1589],[39.4098,7.1562],[39.4108,7.155],[39.412,7.1554],[39.4128,7.1554],[39.4135,7.1553],[39.414,7.1549],[39.4148,7.1546],[39.4165,7.1536],[39.4202,7.1507],[39.4197,7.1492],[39.419,7.1494],[39.4168,7.1496],[39.416,7.1497],[39.4158,7.1481],[39.4166,7.1488],[39.4171,7.1489],[39.4195,7.148],[39.422,7.146],[39.4252,7.1445],[39.4267,7.1443],[39.4272,7.1438],[39.4287,7.1434],[39.4297,7.143],[39.4315,7.1422],[39.4312,7.1414],[39.4308,7.1384],[39.431,7.1363],[39.431,7.1351],[39.4303,7.1339],[39.4303,7.1328],[39.4298,7.132],[39.4286,7.1326],[39.4263,7.1329],[39.424,7.1335],[39.4221,7.1343],[39.4217,7.1323],[39.4214,7.1307],[39.4185,7.1313],[39.4142,7.1324],[39.4137,7.1292],[39.4132,7.1259],[39.4114,7.1188],[39.409,7.1093],[39.4083,7.1058],[39.4069,7.1051],[39.4008,7.1017],[39.3983,7.1005],[39.3959,7.0988],[39.3935,7.0987],[39.3921,7.0977],[39.3913,7.0976],[39.3899,7.0977],[39.3884,7.0987],[39.3862,7.0999],[39.3828,7.1024],[39.3793,7.1048],[39.3791,7.1055],[39.3797,7.1077],[39.3797,7.1086],[39.3789,7.1107],[39.3782,7.1122],[39.3782,7.1134],[39.3811,7.113],[39.3852,7.1135],[39.3906,7.1145],[39.3931,7.1145],[39.3936,7.1149],[39.3942,7.1159],[39.3942,7.1167],[39.3937,7.1178],[39.3957,7.1193],[39.396,7.1207],[39.3958,7.1217],[39.3953,7.1222],[39.3954,7.1225],[39.3949,7.1236],[39.3948,7.1257],[39.3952,7.1263],[39.3962,7.1264],[39.3962,7.1275],[39.3958,7.1288],[39.3958,7.1328],[39.3964,7.1327],[39.3984,7.1311],[39.3999,7.13],[39.406,7.1279],[39.4079,7.1275],[39.4093,7.1267],[39.4112,7.1286],[39.4097,7.1311],[39.4074,7.1368],[39.4065,7.1388],[39.4088,7.1373],[39.4115,7.1417],[39.4123,7.1433],[39.4113,7.1453],[39.4113,7.1462],[39.4118,7.1464],[39.4101,7.1477],[39.4091,7.1497],[39.4088,7.151],[39.4081,7.1508],[39.4061,7.1488],[39.4032,7.1469],[39.401,7.1456],[39.3991,7.1457],[39.398,7.1468],[39.3977,7.1467],[39.3972,7.147],[39.3961,7.1475],[39.3951,7.1478],[39.3945,7.1473],[39.3932,7.1473],[39.392,7.147],[39.391,7.1458],[39.391,7.1453],[39.3921,7.144],[39.3939,7.1428],[39.3942,7.1421],[39.3949,7.1418],[39.3941,7.1404],[39.3932,7.1399],[39.3903,7.1397],[39.3891,7.1393],[39.3879,7.1381],[39.3879,7.1373],[39.3888,7.1359],[39.39,7.1359],[39.391,7.1356],[39.3911,7.135],[39.3917,7.1351],[39.3915,7.1344],[39.3894,7.1301],[39.3887,7.1287],[39.3892,7.1258],[39.3903,7.1239],[39.3917,7.1233],[39.393,7.1237],[39.3936,7.123],[39.3942,7.1208],[39.3941,7.12],[39.3934,7.1195],[39.3927,7.1204],[39.3917,7.1218],[39.3912,7.1219],[39.3894,7.1221],[39.3884,7.1221],[39.3871,7.1211],[39.386,7.1196],[39.3854,7.1177],[39.385,7.1189],[39.3846,7.1198],[39.3844,7.1219],[39.3842,7.1232],[39.3837,7.1232],[39.3829,7.1246],[39.3825,7.1257],[39.3814,7.1261],[39.381,7.1262],[39.3798,7.1272],[39.3789,7.1275],[39.3777,7.1278],[39.3768,7.1282],[39.3757,7.1282],[39.3744,7.128],[39.3743,7.1276],[39.3727,7.1278],[39.3703,7.1269],[39.3694,7.1268],[39.3679,7.1252],[39.3679,7.1225],[39.367,7.1223],[39.3654,7.1223],[39.3645,7.1233],[39.3645,7.1267],[39.3647,7.1277],[39.3644,7.1291],[39.364,7.1304],[39.3633,7.1316],[39.362,7.1327],[39.3607,7.1333],[39.3594,7.1333],[39.3582,7.1322],[39.3566,7.132],[39.3547,7.1306],[39.3538,7.1294],[39.3534,7.1281],[39.3543,7.1279],[39.3538,7.1257],[39.3545,7.1237],[39.3553,7.1233],[39.3565,7.1216],[39.3567,7.1211],[39.3566,7.1208],[39.3551,7.1204],[39.3538,7.1192],[39.3512,7.1178],[39.3505,7.1173],[39.3475,7.1204],[39.3458,7.1216],[39.3444,7.1224],[39.3436,7.123],[39.3429,7.123],[39.3407,7.1218],[39.3402,7.1207],[39.3401,7.1198],[39.3408,7.1185],[39.342,7.1181],[39.3431,7.118],[39.3446,7.1166],[39.345,7.1143],[39.3446,7.1132],[39.3439,7.1131],[39.3437,7.1143],[39.3437,7.1152],[39.3421,7.1159],[39.3405,7.1165],[39.3399,7.117],[39.3391,7.117],[39.339,7.1182],[39.3388,7.1198],[39.3378,7.1206],[39.3373,7.1207],[39.3359,7.1209],[39.3349,7.1209],[39.3341,7.1201],[39.3337,7.1191],[39.3342,7.1176],[39.3345,7.1155],[39.3353,7.1131],[39.3359,7.1123],[39.3362,7.112],[39.3371,7.112],[39.3371,7.1117],[39.3364,7.1103],[39.335,7.1095],[39.3343,7.1095],[39.3343,7.1107],[39.334,7.1117],[39.3338,7.1125],[39.3323,7.115],[39.331,7.116],[39.3296,7.1161],[39.3281,7.1155],[39.3274,7.1147],[39.3269,7.1135],[39.3274,7.1104],[39.3271,7.1089],[39.327,7.1078],[39.3286,7.1066],[39.3283,7.1066]]]]}},{"type":"Feature","properties":{"id":"LW058","woreda":"Kofele","zone":"West Arsi","region":"Oromia","area_km2":648.9,"lat":7.0004,"lon":38.8569},"geometry":{"type":"Polygon","coordinates":[[[39.0541,7.0318],[39.0517,7.0317],[39.0493,7.0313],[39.048,7.031],[39.0464,7.0314],[39.0454,7.032],[39.0444,7.0313],[39.0443,7.0301],[39.0449,7.0287],[39.0443,7.0285],[39.043,7.0271],[39.0419,7.0266],[39.0404,7.025],[39.0388,7.0232],[39.037,7.0215],[39.0353,7.0199],[39.0348,7.0199],[39.0338,7.0202],[39.0318,7.0189],[39.0305,7.0174],[39.0298,7.0156],[39.0275,7.0133],[39.0259,7.011],[39.0244,7.0102],[39.0226,7.0099],[39.0211,7.0102],[39.0203,7.011],[39.0189,7.0115],[39.0177,7.0117],[39.0166,7.0114],[39.0152,7.0108],[39.0145,7.0111],[39.0114,7.0122],[39.0099,7.0111],[39.0082,7.0094],[39.0068,7.0083],[39.0051,7.0079],[39.0031,7.0064],[39.0023,7.0042],[39.0017,7.0015],[38.9995,6.9979],[38.9988,6.9958],[38.9976,6.9953],[38.9956,6.9952],[38.9934,6.9947],[38.9927,6.9928],[38.9931,6.9897],[38.9938,6.987],[38.9944,6.9857],[38.9958,6.9855],[38.9963,6.9854],[38.9967,6.9849],[38.996,6.9847],[38.9946,6.9846],[38.9941,6.9839],[38.9946,6.9824],[38.9933,6.9833],[38.9918,6.9838],[38.9905,6.9835],[38.9894,6.9825],[38.9883,6.9811],[38.9882,6.9801],[38.9882,6.9793],[38.9905,6.9779],[38.9911,6.9768],[38.9904,6.9753],[38.9897,6.9744],[38.9889,6.9738],[38.9877,6.9744],[38.9863,6.9748],[38.9851,6.9736],[38.9827,6.9715],[38.9816,6.9711],[38.9798,6.9705],[38.9786,6.9698],[38.9775,6.9685],[38.9774,6.9668],[38.9767,6.9645],[38.9744,6.9621],[38.9738,6.9613],[38.9738,6.9598],[38.9731,6.9591],[38.9711,6.9577],[38.9698,6.9561],[38.9688,6.9547],[38.9676,6.9542],[38.9668,6.9541],[38.9656,6.9534],[38.9643,6.9523],[38.9643,6.9505],[38.9644,6.9485],[38.9647,6.9471],[38.964,6.9477],[38.9633,6.9486],[38.9631,6.9499],[38.9625,6.9512],[38.9612,6.9528],[38.96,6.9542],[38.9583,6.9547],[38.9582,6.9541],[38.9581,6.9521],[38.9577,6.951],[38.9569,6.951],[38.9563,6.9516],[38.9559,6.9528],[38.9547,6.954],[38.9526,6.9544],[38.9509,6.9538],[38.9488,6.9545],[38.9466,6.9553],[38.9438,6.9559],[38.9414,6.9562],[38.9394,6.9566],[38.9377,6.9574],[38.9365,6.9582],[38.9355,6.9579],[38.9351,6.9583],[38.9341,6.9577],[38.9343,6.9566],[38.934,6.9562],[38.9334,6.9563],[38.9325,6.9553],[38.9305,6.9544],[38.9297,6.9549],[38.928,6.9551],[38.9269,6.955],[38.9249,6.9546],[38.9237,6.9536],[38.9225,6.9528],[38.9214,6.9515],[38.9208,6.9512],[38.9198,6.9516],[38.9192,6.9512],[38.9186,6.9514],[38.918,6.9507],[38.9175,6.9492],[38.918,6.9486],[38.9184,6.9477],[38.9174,6.9478],[38.9166,6.9488],[38.9148,6.9492],[38.9137,6.9488],[38.9131,6.9476],[38.9127,6.9464],[38.9126,6.9444],[38.9118,6.944],[38.9107,6.9445],[38.9098,6.9436],[38.9084,6.9438],[38.9071,6.9427],[38.9058,6.9416],[38.9046,6.9411],[38.904,6.9406],[38.9048,6.9391],[38.903,6.9391],[38.9035,6.9383],[38.9023,6.938],[38.9021,6.9371],[38.9022,6.9365],[38.9015,6.9365],[38.9004,6.9367],[38.8999,6.9369],[38.8993,6.9365],[38.8988,6.9357],[38.8983,6.9344],[38.8962,6.9338],[38.8955,6.9339],[38.8929,6.9339],[38.8923,6.9351],[38.8918,6.9324],[38.8913,6.9318],[38.8907,6.932],[38.8902,6.9319],[38.8898,6.9321],[38.8898,6.9319],[38.889,6.9325],[38.8883,6.9328],[38.8862,6.9329],[38.8845,6.9328],[38.8835,6.9325],[38.8818,6.9339],[38.8803,6.9336],[38.8777,6.9336],[38.8757,6.933],[38.8748,6.9326],[38.8745,6.9315],[38.873,6.9313],[38.872,6.931],[38.8702,6.931],[38.8686,6.9314],[38.8674,6.9307],[38.8666,6.9321],[38.8656,6.9332],[38.8645,6.9333],[38.864,6.9336],[38.8631,6.9326],[38.862,6.9324],[38.8607,6.9331],[38.8599,6.9325],[38.8587,6.9329],[38.8581,6.9328],[38.8569,6.9328],[38.8564,6.9333],[38.8551,6.9334],[38.8547,6.9333],[38.8537,6.9328],[38.8531,6.9331],[38.8503,6.9331],[38.8485,6.9334],[38.8471,6.9342],[38.846,6.9351],[38.8458,6.936],[38.8453,6.937],[38.8449,6.9375],[38.8444,6.9375],[38.8436,6.937],[38.8426,6.9366],[38.8421,6.9375],[38.8421,6.9378],[38.8413,6.938],[38.8408,6.9385],[38.843,6.9419],[38.8398,6.9424],[38.8387,6.9429],[38.8378,6.9435],[38.8346,6.9443],[38.833,6.9443],[38.8327,6.9456],[38.8299,6.9456],[38.8294,6.9455],[38.8299,6.9437],[38.8281,6.943],[38.8268,6.9424],[38.8263,6.9418],[38.826,6.9419],[38.8255,6.9415],[38.8249,6.9418],[38.8224,6.9417],[38.8205,6.9411],[38.8189,6.941],[38.8175,6.9411],[38.8163,6.9416],[38.8152,6.9416],[38.8138,6.9416],[38.8132,6.9413],[38.8128,6.9415],[38.812,6.9421],[38.8112,6.9436],[38.8097,6.9419],[38.8081,6.9406],[38.8068,6.9394],[38.8056,6.9384],[38.8048,6.938],[38.8037,6.9379],[38.8024,6.9373],[38.8011,6.9372],[38.8002,6.9372],[38.7987,6.9368],[38.7976,6.9367],[38.7965,6.9376],[38.7941,6.9375],[38.7899,6.937],[38.7893,6.9371],[38.7882,6.937],[38.7871,6.9374],[38.7855,6.9373],[38.7844,6.937],[38.7839,6.9367],[38.7823,6.9358],[38.7808,6.9355],[38.7795,6.9351],[38.7787,6.9344],[38.7782,6.934],[38.7772,6.9333],[38.7762,6.9322],[38.7755,6.931],[38.7752,6.9297],[38.775,6.9281],[38.7747,6.9275],[38.774,6.9269],[38.7733,6.927],[38.7727,6.9272],[38.772,6.9277],[38.7702,6.9287],[38.7693,6.9292],[38.7684,6.9296],[38.7682,6.9302],[38.7674,6.9304],[38.7656,6.9293],[38.7635,6.9267],[38.7623,6.9259],[38.7608,6.9247],[38.7608,6.9233],[38.7595,6.9219],[38.7588,6.9207],[38.7578,6.9185],[38.7574,6.9168],[38.7574,6.9155],[38.7574,6.9129],[38.7574,6.9113],[38.757,6.9103],[38.757,6.9094],[38.7562,6.9077],[38.7545,6.9061],[38.751,6.9039],[38.7505,6.9034],[38.7491,6.902],[38.7485,6.9008],[38.748,6.8998],[38.7478,6.8985],[38.7475,6.8967],[38.7471,6.8956],[38.7465,6.8948],[38.7454,6.8924],[38.745,6.8906],[38.7445,6.8898],[38.7441,6.8895],[38.7426,6.8879],[38.742,6.8858],[38.7412,6.8837],[38.7397,6.8815],[38.7388,6.8807],[38.7381,6.8796],[38.7372,6.8788],[38.7354,6.8766],[38.7347,6.8754],[38.7333,6.8722],[38.7329,6.8713],[38.7328,6.8702],[38.7323,6.8685],[38.7318,6.8672],[38.7314,6.8657],[38.7311,6.8631],[38.7304,6.8615],[38.7299,6.8607],[38.729,6.8603],[38.7283,6.8601],[38.7265,6.8596],[38.7245,6.8593],[38.7228,6.8589],[38.7207,6.8579],[38.719,6.8566],[38.7178,6.8558],[38.7166,6.8545],[38.7158,6.8534],[38.7149,6.8527],[38.7143,6.852],[38.7131,6.8514],[38.712,6.8506],[38.7113,6.8503],[38.71,6.8498],[38.6995,6.8494],[38.7141,6.8606],[38.711,6.8712],[38.7048,6.8854],[38.6998,6.9033],[38.7019,6.915],[38.7046,6.9306],[38.7012,6.9451],[38.6948,6.9575],[38.7005,6.9686],[38.7112,6.9738],[38.7144,6.9914],[38.7105,7.013],[38.6977,7.0138],[38.6894,7.0009],[38.6774,7.0054],[38.6771,7.0063],[38.6744,7.0165],[38.6781,7.0288],[38.6845,7.034],[38.6809,7.0484],[38.6937,7.0543],[38.694,7.0539],[38.6948,7.0535],[38.6951,7.054],[38.6955,7.0536],[38.7,7.0501],[38.7053,7.0464],[38.7082,7.0435],[38.7095,7.0431],[38.7102,7.0449],[38.7086,7.048],[38.7082,7.0507],[38.7076,7.0545],[38.7079,7.057],[38.7068,7.0595],[38.711,7.0566],[38.7121,7.053],[38.7152,7.049],[38.7175,7.0477],[38.7214,7.048],[38.7218,7.0491],[38.7238,7.048],[38.7244,7.0487],[38.723,7.0499],[38.7222,7.0517],[38.7202,7.0527],[38.7189,7.0527],[38.7192,7.0545],[38.7199,7.0572],[38.7183,7.0598],[38.717,7.0629],[38.7121,7.0677],[38.7107,7.0711],[38.7082,7.0729],[38.7074,7.0755],[38.7058,7.0771],[38.7037,7.0808],[38.6993,7.0839],[38.6975,7.0863],[38.6949,7.0882],[38.6932,7.092],[38.6936,7.0942],[38.6927,7.0992],[38.6899,7.1013],[38.6872,7.1015],[38.6851,7.102],[38.6831,7.1036],[38.6823,7.1067],[38.6827,7.108],[38.6831,7.109],[38.683,7.1097],[38.6827,7.1109],[38.6821,7.1125],[38.6821,7.1136],[38.6823,7.1143],[38.6828,7.115],[38.6833,7.1155],[38.6842,7.1146],[38.686,7.1132],[38.6872,7.1125],[38.688,7.1119],[38.6897,7.1109],[38.6909,7.1098],[38.6923,7.1082],[38.6945,7.1059],[38.6957,7.1052],[38.6963,7.1053],[38.6974,7.104],[38.6975,7.1032],[38.6974,7.1015],[38.698,7.1003],[38.6989,7.0999],[38.6995,7.0989],[38.6999,7.0981],[38.7004,7.0972],[38.7014,7.0961],[38.7023,7.0958],[38.7041,7.0952],[38.7046,7.0948],[38.7055,7.0934],[38.7059,7.093],[38.7072,7.0926],[38.707,7.0912],[38.7069,7.0895],[38.7071,7.089],[38.7078,7.0879],[38.7087,7.0873],[38.7101,7.0865],[38.7113,7.0855],[38.7124,7.0845],[38.7127,7.0848],[38.7132,7.0855],[38.7139,7.0869],[38.7155,7.0893],[38.7163,7.0909],[38.7171,7.093],[38.7175,7.0937],[38.7185,7.0944],[38.7199,7.095],[38.7204,7.0957],[38.7222,7.0974],[38.7245,7.0995],[38.7262,7.101],[38.727,7.1018],[38.7271,7.1017],[38.7288,7.1031],[38.7305,7.1043],[38.7324,7.1051],[38.7332,7.1056],[38.7341,7.1064],[38.7345,7.107],[38.7344,7.1081],[38.7346,7.1091],[38.735,7.1105],[38.7355,7.1118],[38.7358,7.113],[38.7353,7.1142],[38.7346,7.1161],[38.7339,7.1172],[38.7336,7.1178],[38.7328,7.1182],[38.733,7.119],[38.7334,7.1199],[38.7332,7.1214],[38.733,7.1221],[38.7327,7.1231],[38.731,7.1265],[38.7304,7.1275],[38.7311,7.1274],[38.7323,7.1266],[38.7333,7.1257],[38.7352,7.1248],[38.7361,7.1242],[38.7378,7.1236],[38.7391,7.1232],[38.7412,7.1227],[38.7427,7.1218],[38.7442,7.1204],[38.745,7.1198],[38.7459,7.1196],[38.7461,7.1201],[38.7465,7.1208],[38.7477,7.1222],[38.7484,7.1229],[38.7502,7.125],[38.7511,7.126],[38.7515,7.1265],[38.753,7.1274],[38.7548,7.1261],[38.7556,7.1257],[38.758,7.1247],[38.7594,7.1239],[38.7611,7.1215],[38.7622,7.1204],[38.7619,7.1187],[38.7621,7.1177],[38.7623,7.1167],[38.7633,7.1159],[38.7644,7.1154],[38.765,7.1153],[38.7662,7.1155],[38.7673,7.1152],[38.7686,7.1122],[38.7692,7.1114],[38.77,7.1105],[38.7709,7.1098],[38.7722,7.109],[38.7735,7.1081],[38.7745,7.1071],[38.7753,7.1067],[38.7765,7.1063],[38.7778,7.106],[38.7795,7.1053],[38.7805,7.1048],[38.7816,7.1041],[38.7834,7.1027],[38.7843,7.1021],[38.7857,7.1014],[38.7866,7.1015],[38.7878,7.1019],[38.7892,7.1021],[38.7919,7.1028],[38.792,7.1038],[38.792,7.1049],[38.7917,7.1068],[38.7906,7.1085],[38.7897,7.1094],[38.7883,7.1104],[38.7872,7.1113],[38.7865,7.1125],[38.7863,7.1137],[38.7865,7.1141],[38.785,7.1155],[38.7874,7.1149],[38.7897,7.1147],[38.7904,7.1156],[38.7913,7.116],[38.7919,7.116],[38.7942,7.1167],[38.7971,7.1177],[38.8006,7.119],[38.8019,7.1204],[38.8026,7.1212],[38.8031,7.1223],[38.8029,7.1238],[38.8028,7.1246],[38.8027,7.1272],[38.8031,7.128],[38.8035,7.1299],[38.8042,7.1318],[38.8051,7.1331],[38.8055,7.1342],[38.805,7.1347],[38.8054,7.1349],[38.8059,7.1359],[38.806,7.1365],[38.8061,7.1387],[38.806,7.1413],[38.8055,7.1425],[38.8055,7.1443],[38.8056,7.1459],[38.8056,7.1466],[38.8061,7.1476],[38.806,7.1488],[38.8054,7.1502],[38.8068,7.1504],[38.8083,7.1498],[38.8102,7.1505],[38.8119,7.1497],[38.813,7.1479],[38.8146,7.1479],[38.8173,7.1492],[38.8201,7.1494],[38.8224,7.1487],[38.8247,7.1471],[38.8265,7.1468],[38.8268,7.1457],[38.8268,7.141],[38.8257,7.1399],[38.8229,7.1383],[38.8222,7.1377],[38.8219,7.1357],[38.8234,7.134],[38.8248,7.1327],[38.8254,7.1323],[38.828,7.1327],[38.8295,7.1333],[38.8315,7.1347],[38.8338,7.1369],[38.8369,7.1376],[38.8387,7.1384],[38.84,7.1389],[38.8408,7.1404],[38.8429,7.1421],[38.8445,7.1412],[38.8455,7.1403],[38.8455,7.1371],[38.8449,7.1342],[38.8449,7.1334],[38.8469,7.1331],[38.8494,7.1319],[38.8504,7.1313],[38.8504,7.1269],[38.8498,7.1249],[38.8499,7.123],[38.8495,7.121],[38.8495,7.119],[38.8513,7.1192],[38.8535,7.1196],[38.8569,7.1198],[38.858,7.1189],[38.859,7.1174],[38.859,7.1165],[38.8599,7.1149],[38.8602,7.1135],[38.8618,7.1125],[38.8629,7.1127],[38.8637,7.1117],[38.8647,7.1082],[38.8647,7.108],[38.8674,7.1098],[38.8692,7.1096],[38.8691,7.1078],[38.8695,7.1053],[38.8729,7.1053],[38.873,7.1077],[38.8738,7.1097],[38.8761,7.1108],[38.8763,7.114],[38.8763,7.116],[38.878,7.1161],[38.8805,7.1164],[38.8811,7.1159],[38.8807,7.1146],[38.8857,7.1159],[38.8861,7.1145],[38.887,7.1122],[38.8877,7.1074],[38.8872,7.1009],[38.888,7.0976],[38.8889,7.0983],[38.8918,7.0985],[38.8934,7.0959],[38.8951,7.0859],[38.8945,7.0806],[38.8939,7.0794],[38.8961,7.0783],[38.896,7.0759],[38.8982,7.076],[38.9012,7.0776],[38.9051,7.0779],[38.907,7.0743],[38.9095,7.072],[38.9133,7.0702],[38.9178,7.0666],[38.9185,7.0653],[38.9191,7.0656],[38.9193,7.0649],[38.9199,7.0639],[38.9213,7.0623],[38.9229,7.0604],[38.9253,7.0596],[38.9273,7.0596],[38.9289,7.06],[38.9298,7.0601],[38.9301,7.0599],[38.9311,7.0599],[38.9316,7.0604],[38.9335,7.0604],[38.9347,7.0613],[38.9347,7.0624],[38.9341,7.0643],[38.9318,7.0635],[38.9306,7.0656],[38.9298,7.0677],[38.928,7.0699],[38.9281,7.0706],[38.9283,7.0738],[38.9296,7.0746],[38.9326,7.0764],[38.9335,7.0771],[38.9326,7.0781],[38.9335,7.0806],[38.9356,7.084],[38.9374,7.0875],[38.9378,7.0896],[38.9389,7.0892],[38.9395,7.09],[38.9408,7.0893],[38.9432,7.0887],[38.9439,7.09],[38.9479,7.0944],[38.9483,7.0942],[38.9498,7.0931],[38.9503,7.0932],[38.9511,7.0944],[38.9518,7.0948],[38.954,7.0952],[38.9559,7.0963],[38.9558,7.0964],[38.9567,7.0964],[38.9576,7.0975],[38.9591,7.098],[38.9616,7.101],[38.965,7.1035],[38.9683,7.1068],[38.9714,7.1102],[38.9734,7.1116],[38.974,7.1135],[38.9776,7.1126],[38.9809,7.1119],[38.9836,7.1095],[38.9837,7.1091],[38.9847,7.1077],[38.9845,7.1063],[38.9859,7.1048],[38.9862,7.102],[38.9862,7.1005],[38.9865,7.0972],[38.9867,7.0966],[38.9867,7.0955],[38.9901,7.0902],[38.9975,7.0853],[39.0021,7.0778],[39.0061,7.0737],[39.0162,7.0686],[39.029,7.0606],[39.0323,7.0525],[39.0338,7.053],[39.0357,7.0542],[39.0383,7.0521],[39.0393,7.0521],[39.0397,7.0523],[39.0392,7.0513],[39.0391,7.05],[39.0393,7.0487],[39.0402,7.0483],[39.0416,7.0487],[39.043,7.0484],[39.0438,7.0461],[39.0439,7.0437],[39.0453,7.0423],[39.0471,7.0417],[39.0491,7.0412],[39.0498,7.0406],[39.0507,7.0397],[39.0519,7.0391],[39.0549,7.0384],[39.0559,7.0375],[39.0559,7.0336],[39.0563,7.0325],[39.0559,7.0317],[39.0541,7.0318]],[[38.7629,7.0736],[38.7632,7.0698],[38.7648,7.0681],[38.7665,7.067],[38.7718,7.0579],[38.7744,7.0543],[38.7833,7.0529],[38.7845,7.0528],[38.7867,7.051],[38.7871,7.0509],[38.7887,7.0496],[38.7894,7.0489],[38.79,7.0481],[38.7906,7.0485],[38.7911,7.0489],[38.7928,7.0503],[38.7941,7.0516],[38.7962,7.0537],[38.7969,7.0543],[38.7988,7.0565],[38.8032,7.0544],[38.8121,7.0496],[38.8135,7.0526],[38.816,7.0574],[38.8132,7.0607],[38.8091,7.0626],[38.806,7.0638],[38.8065,7.0655],[38.8087,7.0699],[38.8063,7.0717],[38.8055,7.0742],[38.8038,7.0769],[38.8043,7.0789],[38.8042,7.0811],[38.8023,7.083],[38.8023,7.0833],[38.8019,7.0874],[38.7998,7.0934],[38.7989,7.0972],[38.7979,7.0979],[38.7977,7.0979],[38.7955,7.0992],[38.7941,7.1],[38.7934,7.1008],[38.7922,7.101],[38.7901,7.0996],[38.7881,7.0976],[38.787,7.097],[38.786,7.0962],[38.7849,7.0957],[38.7839,7.0955],[38.7837,7.0949],[38.7819,7.0951],[38.7812,7.0945],[38.7803,7.0934],[38.7779,7.0925],[38.7761,7.0917],[38.7748,7.0907],[38.7733,7.0899],[38.7705,7.0903],[38.7668,7.0892],[38.7632,7.0891],[38.7605,7.085],[38.7596,7.0822],[38.7581,7.0756],[38.761,7.0739],[38.7629,7.0736]]]}},{"type":"Feature","properties":{"id":"LW059","woreda":"Kore","zone":"West Arsi","region":"Oromia","area_km2":501.8,"lat":7.2106,"lon":38.9004},"geometry":{"type":"Polygon","coordinates":[[[39.1263,7.3592],[39.1255,7.3595],[39.1242,7.3601],[39.1219,7.3598],[39.1206,7.3591],[39.1183,7.3587],[39.1167,7.3576],[39.1152,7.357],[39.114,7.356],[39.1117,7.3555],[39.1102,7.3551],[39.109,7.3542],[39.108,7.3523],[39.1069,7.3515],[39.1051,7.351],[39.1026,7.3507],[39.102,7.3503],[39.1,7.349],[39.0992,7.3475],[39.0983,7.3451],[39.0978,7.3443],[39.0965,7.3436],[39.0947,7.3426],[39.0923,7.3415],[39.0914,7.3402],[39.0906,7.3386],[39.089,7.3373],[39.0876,7.3363],[39.0857,7.3353],[39.0844,7.3342],[39.0836,7.3328],[39.0825,7.3325],[39.0814,7.3316],[39.0804,7.3312],[39.0792,7.33],[39.0771,7.33],[39.0761,7.3294],[39.075,7.3284],[39.0744,7.3273],[39.0737,7.3269],[39.0719,7.3262],[39.0714,7.3266],[39.07,7.3266],[39.0696,7.3261],[39.0685,7.3243],[39.0679,7.3235],[39.0664,7.3238],[39.0658,7.3235],[39.0647,7.3216],[39.0635,7.3214],[39.063,7.3204],[39.0616,7.32],[39.0618,7.3174],[39.0611,7.317],[39.0601,7.3169],[39.0599,7.3164],[39.0594,7.3158],[39.0599,7.3147],[39.0593,7.3135],[39.0584,7.3139],[39.0571,7.3139],[39.0561,7.3131],[39.0549,7.3134],[39.0534,7.3137],[39.0524,7.3132],[39.0504,7.3132],[39.0489,7.3131],[39.0481,7.3119],[39.0474,7.3094],[39.0467,7.3087],[39.0467,7.3059],[39.046,7.3054],[39.0455,7.3039],[39.0466,7.2988],[39.0476,7.2959],[39.0464,7.2954],[39.0455,7.295],[39.0445,7.2938],[39.0435,7.2919],[39.0422,7.2912],[39.0406,7.2895],[39.0392,7.2888],[39.0368,7.2878],[39.0359,7.2868],[39.0352,7.284],[39.0354,7.2812],[39.0358,7.2782],[39.0356,7.2776],[39.0346,7.2771],[39.0331,7.2774],[39.0318,7.2767],[39.0314,7.2756],[39.0306,7.2746],[39.0303,7.2731],[39.0296,7.2704],[39.028,7.2703],[39.0275,7.2689],[39.0253,7.2685],[39.0222,7.2685],[39.021,7.2689],[39.0199,7.2683],[39.0184,7.2672],[39.0166,7.2665],[39.0157,7.2656],[39.0148,7.2649],[39.0139,7.264],[39.0131,7.264],[39.0126,7.2632],[39.0112,7.2627],[39.0104,7.2626],[39.0085,7.2638],[39.007,7.2645],[39.0053,7.2646],[39.003,7.2651],[39.001,7.2642],[39.0005,7.2634],[38.9978,7.2625],[38.9968,7.2614],[38.9968,7.2603],[38.9974,7.2575],[38.9965,7.2556],[38.9981,7.2531],[38.9991,7.251],[38.9995,7.2472],[39.0003,7.2459],[39.0003,7.2452],[39.0009,7.2455],[39.0026,7.2455],[39.0031,7.2447],[39.0046,7.2451],[39.0053,7.2446],[39.0075,7.2425],[39.0097,7.2409],[39.0127,7.2389],[39.0149,7.238],[39.0187,7.2377],[39.0199,7.2379],[39.0218,7.2379],[39.0246,7.2381],[39.0268,7.2377],[39.0292,7.2369],[39.0297,7.2371],[39.0321,7.2392],[39.0337,7.2393],[39.0346,7.2401],[39.0357,7.2413],[39.0374,7.2434],[39.0387,7.2448],[39.0395,7.2467],[39.0404,7.2474],[39.042,7.2472],[39.0428,7.248],[39.0435,7.2497],[39.0442,7.2514],[39.0453,7.2522],[39.0464,7.2527],[39.048,7.2552],[39.0495,7.2557],[39.0515,7.2558],[39.0544,7.2543],[39.057,7.2538],[39.0628,7.2542],[39.0645,7.2542],[39.0661,7.2548],[39.0683,7.2562],[39.0695,7.2569],[39.0712,7.258],[39.0723,7.2586],[39.0743,7.2586],[39.0758,7.2572],[39.0769,7.2554],[39.0768,7.2538],[39.0764,7.2518],[39.0747,7.2513],[39.0724,7.2511],[39.0713,7.25],[39.0705,7.2484],[39.0689,7.2468],[39.0685,7.2443],[39.0686,7.2427],[39.0698,7.2405],[39.0702,7.2389],[39.0709,7.2384],[39.0706,7.2371],[39.0695,7.236],[39.0681,7.2351],[39.0664,7.2352],[39.0638,7.2353],[39.0623,7.2339],[39.0606,7.2337],[39.0584,7.2332],[39.0565,7.2323],[39.0545,7.232],[39.052,7.231],[39.0503,7.2301],[39.0488,7.23],[39.0465,7.2296],[39.0454,7.2296],[39.0445,7.2281],[39.0442,7.2262],[39.0433,7.2247],[39.0428,7.2236],[39.0417,7.2216],[39.0418,7.2198],[39.0417,7.2193],[39.0402,7.219],[39.036,7.2192],[39.0337,7.2192],[39.0315,7.2198],[39.0287,7.2197],[39.0268,7.2203],[39.0252,7.22],[39.0225,7.2204],[39.019,7.2207],[39.0174,7.2198],[39.0153,7.2177],[39.0134,7.2157],[39.0117,7.2146],[39.0099,7.2136],[39.0081,7.2121],[39.0072,7.211],[39.0072,7.2093],[39.0051,7.208],[39.0024,7.2062],[39.0004,7.2046],[38.9991,7.2043],[38.9944,7.2049],[38.9899,7.2048],[38.9893,7.2055],[38.989,7.2053],[38.9894,7.2068],[38.9899,7.2092],[38.9898,7.2104],[38.9877,7.2108],[38.9847,7.2113],[38.9816,7.2124],[38.9796,7.213],[38.977,7.2138],[38.9741,7.2151],[38.9722,7.2158],[38.9711,7.2152],[38.9714,7.2137],[38.9711,7.2131],[38.9702,7.2128],[38.9699,7.2121],[38.9681,7.2118],[38.967,7.2123],[38.9669,7.2115],[38.9666,7.2082],[38.9653,7.2047],[38.9662,7.2042],[38.9658,7.2035],[38.9648,7.2019],[38.9643,7.2],[38.9632,7.1975],[38.9611,7.195],[38.9579,7.1922],[38.9553,7.1905],[38.9544,7.1898],[38.9533,7.187],[38.9525,7.1851],[38.9526,7.1838],[38.9518,7.1823],[38.9525,7.1815],[38.9553,7.1812],[38.9573,7.1808],[38.962,7.1797],[38.9623,7.1788],[38.9621,7.1761],[38.9621,7.1754],[38.9605,7.1724],[38.9615,7.1713],[38.9622,7.1712],[38.9638,7.1706],[38.9655,7.1699],[38.9669,7.1696],[38.967,7.1706],[38.9686,7.1703],[38.9706,7.1709],[38.972,7.172],[38.9737,7.1722],[38.9746,7.1714],[38.9763,7.17],[38.9779,7.168],[38.9792,7.165],[38.9787,7.1636],[38.9767,7.1615],[38.9754,7.1598],[38.9743,7.159],[38.9746,7.154],[38.977,7.1527],[38.9781,7.1518],[38.9797,7.1479],[38.9832,7.1463],[38.9851,7.1462],[38.9868,7.1464],[38.989,7.1456],[38.9929,7.1453],[38.9937,7.1452],[38.996,7.1444],[38.9964,7.144],[38.9948,7.1425],[38.9922,7.1408],[38.9873,7.1382],[38.9864,7.1367],[38.987,7.1356],[38.9853,7.1331],[38.9836,7.1303],[38.9822,7.1258],[38.9883,7.124],[38.9924,7.1232],[38.9954,7.1236],[38.9978,7.1235],[39.0022,7.1227],[39.0033,7.1221],[39.0016,7.1196],[38.9978,7.1144],[38.9975,7.1133],[38.9964,7.112],[38.998,7.1115],[39.0002,7.1113],[39.0046,7.1103],[39.0042,7.1088],[39.0032,7.107],[39.0016,7.1057],[39.0,7.1054],[38.9986,7.1068],[38.9972,7.1075],[38.9953,7.1079],[38.9936,7.1092],[38.9918,7.1104],[38.9912,7.111],[38.9899,7.1113],[38.9873,7.1132],[38.9838,7.1105],[38.9836,7.1095],[38.9809,7.1119],[38.9776,7.1126],[38.974,7.1135],[38.9734,7.1116],[38.9714,7.1102],[38.9683,7.1068],[38.965,7.1035],[38.9616,7.101],[38.9591,7.098],[38.9576,7.0975],[38.9567,7.0964],[38.9558,7.0964],[38.9559,7.0963],[38.954,7.0952],[38.9518,7.0948],[38.9511,7.0944],[38.9503,7.0932],[38.9498,7.0931],[38.9483,7.0942],[38.9479,7.0944],[38.9439,7.09],[38.9432,7.0887],[38.9408,7.0893],[38.9395,7.09],[38.9389,7.0892],[38.9378,7.0896],[38.9374,7.0875],[38.9356,7.084],[38.9335,7.0806],[38.9326,7.0781],[38.9335,7.0771],[38.9326,7.0764],[38.9296,7.0746],[38.9283,7.0738],[38.9281,7.0706],[38.928,7.0699],[38.9298,7.0677],[38.9306,7.0656],[38.9318,7.0635],[38.9341,7.0643],[38.9347,7.0624],[38.9347,7.0613],[38.9335,7.0604],[38.9316,7.0604],[38.9311,7.0599],[38.9301,7.0599],[38.9298,7.0601],[38.9289,7.06],[38.9273,7.0596],[38.9253,7.0596],[38.9229,7.0604],[38.9213,7.0623],[38.9199,7.0639],[38.9193,7.0649],[38.9191,7.0656],[38.9185,7.0653],[38.9178,7.0666],[38.9133,7.0702],[38.9095,7.072],[38.907,7.0743],[38.9051,7.0779],[38.9012,7.0776],[38.8982,7.076],[38.896,7.0759],[38.8961,7.0783],[38.8939,7.0794],[38.8945,7.0806],[38.8951,7.0859],[38.8934,7.0959],[38.8918,7.0985],[38.8889,7.0983],[38.888,7.0976],[38.8872,7.1009],[38.8877,7.1074],[38.887,7.1122],[38.8861,7.1145],[38.8857,7.1159],[38.8807,7.1146],[38.8811,7.1159],[38.8805,7.1164],[38.878,7.1161],[38.8763,7.116],[38.8763,7.114],[38.8761,7.1108],[38.8738,7.1097],[38.873,7.1077],[38.8729,7.1053],[38.8695,7.1053],[38.8691,7.1078],[38.8692,7.1096],[38.8674,7.1098],[38.8647,7.108],[38.8647,7.1082],[38.8637,7.1117],[38.8629,7.1127],[38.8618,7.1125],[38.8602,7.1135],[38.8599,7.1149],[38.859,7.1165],[38.859,7.1174],[38.858,7.1189],[38.8569,7.1198],[38.8535,7.1196],[38.8513,7.1192],[38.8495,7.119],[38.8495,7.121],[38.8499,7.123],[38.8498,7.1249],[38.8504,7.1269],[38.8504,7.1313],[38.8494,7.1319],[38.8469,7.1331],[38.8449,7.1334],[38.8449,7.1342],[38.8455,7.1371],[38.8455,7.1403],[38.8445,7.1412],[38.8429,7.1421],[38.8408,7.1404],[38.84,7.1389],[38.8387,7.1384],[38.8369,7.1376],[38.8338,7.1369],[38.8315,7.1347],[38.8295,7.1333],[38.828,7.1327],[38.8254,7.1323],[38.8248,7.1327],[38.8234,7.134],[38.8219,7.1357],[38.8222,7.1377],[38.8229,7.1383],[38.8257,7.1399],[38.8268,7.141],[38.8268,7.1457],[38.8265,7.1468],[38.8279,7.1466],[38.8301,7.1457],[38.8346,7.1453],[38.835,7.1475],[38.8379,7.1481],[38.8399,7.1508],[38.8417,7.1503],[38.8418,7.1527],[38.8401,7.1544],[38.8391,7.1552],[38.8371,7.156],[38.8365,7.1568],[38.8354,7.1581],[38.8345,7.1581],[38.8316,7.1564],[38.8309,7.1555],[38.8299,7.1536],[38.829,7.1537],[38.8267,7.1546],[38.8259,7.1571],[38.8245,7.1578],[38.8225,7.1597],[38.8219,7.1623],[38.8213,7.1654],[38.8214,7.1665],[38.8209,7.1662],[38.8206,7.167],[38.8206,7.1685],[38.8187,7.1704],[38.8195,7.1721],[38.8214,7.173],[38.8232,7.1742],[38.8241,7.1769],[38.8251,7.179],[38.8265,7.18],[38.8276,7.1796],[38.8287,7.1789],[38.8316,7.182],[38.8309,7.1839],[38.8313,7.1873],[38.8323,7.1889],[38.8344,7.191],[38.8361,7.1946],[38.8337,7.1992],[38.8354,7.2002],[38.835,7.204],[38.8346,7.2065],[38.8337,7.2095],[38.834,7.2104],[38.8335,7.2122],[38.8337,7.2163],[38.8324,7.2184],[38.8313,7.2184],[38.8298,7.2193],[38.8303,7.2212],[38.8285,7.2242],[38.8269,7.2269],[38.8259,7.2291],[38.8243,7.231],[38.8237,7.2322],[38.8223,7.2342],[38.8233,7.2342],[38.8245,7.2354],[38.8258,7.2362],[38.8268,7.238],[38.8278,7.2407],[38.8295,7.2419],[38.8321,7.244],[38.8338,7.2447],[38.8364,7.2456],[38.8386,7.2481],[38.8408,7.2509],[38.8433,7.2523],[38.8433,7.2521],[38.8444,7.2505],[38.8462,7.2507],[38.8479,7.2507],[38.8486,7.2508],[38.8499,7.2526],[38.8497,7.254],[38.8508,7.2575],[38.8519,7.2596],[38.8506,7.2606],[38.8513,7.2623],[38.8534,7.2645],[38.8541,7.2666],[38.8538,7.2684],[38.8525,7.2698],[38.8511,7.2708],[38.8505,7.2724],[38.8505,7.2746],[38.8505,7.2766],[38.8497,7.2786],[38.8472,7.279],[38.846,7.2798],[38.8454,7.2806],[38.8457,7.2816],[38.8464,7.2831],[38.8446,7.2843],[38.8441,7.2853],[38.843,7.2869],[38.8416,7.2884],[38.8398,7.2891],[38.8389,7.2888],[38.8383,7.2899],[38.8373,7.2906],[38.8364,7.2915],[38.8353,7.294],[38.8333,7.2965],[38.8319,7.298],[38.8306,7.2997],[38.8278,7.3011],[38.8253,7.3021],[38.8222,7.3023],[38.8206,7.3009],[38.8189,7.3009],[38.8157,7.3004],[38.8134,7.3],[38.8128,7.3007],[38.8111,7.3023],[38.8091,7.3027],[38.8075,7.302],[38.8075,7.3021],[38.8082,7.304],[38.8082,7.306],[38.8081,7.3071],[38.8086,7.3092],[38.809,7.3108],[38.8107,7.3131],[38.8116,7.3154],[38.812,7.3177],[38.8132,7.3217],[38.8136,7.3235],[38.8144,7.3263],[38.8145,7.3277],[38.8179,7.3276],[38.8192,7.3279],[38.821,7.327],[38.8238,7.3265],[38.8264,7.3263],[38.8275,7.3292],[38.8286,7.3291],[38.8307,7.3284],[38.8325,7.327],[38.8346,7.3257],[38.8364,7.3239],[38.8378,7.3223],[38.8393,7.3197],[38.8408,7.3177],[38.8421,7.3168],[38.843,7.3157],[38.8458,7.3155],[38.8478,7.3145],[38.8501,7.3129],[38.8512,7.3123],[38.8519,7.3145],[38.853,7.3158],[38.8542,7.3174],[38.855,7.3196],[38.855,7.3225],[38.8553,7.3254],[38.8567,7.3294],[38.8587,7.3319],[38.8588,7.3312],[38.8597,7.3302],[38.8615,7.326],[38.8631,7.3237],[38.8645,7.3227],[38.8662,7.3212],[38.867,7.3221],[38.8704,7.3221],[38.8719,7.3224],[38.8741,7.3226],[38.8757,7.3226],[38.8765,7.3232],[38.8775,7.3243],[38.8779,7.3238],[38.878,7.3228],[38.8795,7.3237],[38.8812,7.3228],[38.8832,7.3227],[38.8848,7.3215],[38.8862,7.3206],[38.8884,7.321],[38.8899,7.3193],[38.8916,7.3175],[38.8936,7.313],[38.8954,7.3106],[38.8989,7.3094],[38.9007,7.31],[38.9031,7.3128],[38.9047,7.3159],[38.9061,7.3191],[38.9066,7.3221],[38.9075,7.3262],[38.9063,7.3266],[38.9069,7.3274],[38.9088,7.3283],[38.9114,7.3276],[38.9143,7.3279],[38.9151,7.3272],[38.9194,7.3274],[38.9223,7.3282],[38.9261,7.3282],[38.9271,7.3286],[38.9274,7.3294],[38.9281,7.3299],[38.9302,7.3306],[38.9305,7.3316],[38.9322,7.3327],[38.9335,7.3339],[38.9362,7.3339],[38.9369,7.3346],[38.9381,7.3354],[38.9398,7.3359],[38.9415,7.3356],[38.943,7.3362],[38.9442,7.3366],[38.9445,7.3362],[38.9458,7.3363],[38.9473,7.3351],[38.9483,7.3341],[38.9489,7.3336],[38.9507,7.332],[38.9507,7.3303],[38.9514,7.3283],[38.9523,7.3281],[38.9535,7.3287],[38.954,7.3282],[38.9548,7.3267],[38.957,7.3256],[38.9594,7.3245],[38.961,7.3246],[38.9629,7.324],[38.9664,7.3232],[38.9678,7.3232],[38.9695,7.3227],[38.9701,7.3213],[38.9713,7.3211],[38.9716,7.3214],[38.9725,7.3219],[38.9732,7.323],[38.9733,7.3244],[38.975,7.3254],[38.9763,7.3265],[38.9775,7.3269],[38.982,7.3278],[38.984,7.3285],[38.9869,7.3285],[38.9881,7.33],[38.9893,7.3308],[38.9906,7.3299],[38.9923,7.3281],[38.9933,7.3276],[38.9945,7.3281],[38.9952,7.3281],[38.9962,7.3286],[38.997,7.3301],[38.9972,7.3315],[38.9972,7.3324],[38.9985,7.3337],[38.9998,7.3332],[39.0016,7.3324],[39.0024,7.3328],[39.0026,7.3334],[39.0033,7.3341],[39.0043,7.3346],[39.0052,7.3344],[39.0063,7.3335],[39.0071,7.3331],[39.0084,7.3337],[39.0093,7.3342],[39.011,7.3336],[39.0123,7.3329],[39.013,7.3309],[39.014,7.33],[39.0172,7.3307],[39.0187,7.3309],[39.0204,7.3309],[39.0216,7.3306],[39.0223,7.3306],[39.0232,7.3302],[39.0238,7.3303],[39.0242,7.3305],[39.0249,7.3306],[39.0254,7.3308],[39.026,7.3302],[39.0266,7.3303],[39.0278,7.331],[39.0291,7.3314],[39.0296,7.332],[39.0296,7.3334],[39.0309,7.3341],[39.0317,7.3347],[39.032,7.3352],[39.0321,7.336],[39.0321,7.3365],[39.0324,7.337],[39.0332,7.3373],[39.0337,7.3378],[39.0343,7.3388],[39.0348,7.3393],[39.036,7.3397],[39.0382,7.3405],[39.0386,7.3411],[39.0387,7.3418],[39.0389,7.3425],[39.0393,7.3432],[39.0406,7.3441],[39.0415,7.3444],[39.0427,7.3451],[39.0432,7.3452],[39.0439,7.3444],[39.0446,7.3439],[39.0454,7.3425],[39.0457,7.3421],[39.0463,7.3416],[39.0469,7.3403],[39.0474,7.3404],[39.0485,7.3412],[39.0498,7.3425],[39.0511,7.3441],[39.052,7.3456],[39.0511,7.3466],[39.0504,7.3469],[39.0496,7.3492],[39.0514,7.3506],[39.0529,7.3512],[39.0538,7.3519],[39.055,7.353],[39.0557,7.3528],[39.0579,7.3529],[39.0583,7.3519],[39.0585,7.3489],[39.0599,7.3492],[39.061,7.3493],[39.0618,7.3496],[39.0628,7.3501],[39.0634,7.3505],[39.0638,7.3512],[39.0648,7.3511],[39.0654,7.3509],[39.066,7.3502],[39.0664,7.3495],[39.0674,7.3484],[39.0687,7.3469],[39.0702,7.3461],[39.0692,7.3457],[39.0684,7.3447],[39.0691,7.3436],[39.0703,7.3444],[39.0715,7.3448],[39.0728,7.3454],[39.0738,7.3457],[39.0761,7.3468],[39.0766,7.3464],[39.0776,7.3461],[39.0786,7.3461],[39.0833,7.3469],[39.0853,7.3473],[39.0862,7.3476],[39.0879,7.3483],[39.0935,7.3502],[39.0943,7.3503],[39.095,7.3506],[39.0968,7.3511],[39.1008,7.3538],[39.104,7.3556],[39.1072,7.3572],[39.1112,7.359],[39.1156,7.3605],[39.1191,7.3616],[39.122,7.3617],[39.1252,7.3617],[39.1266,7.3619],[39.1272,7.3619],[39.1266,7.3583],[39.126,7.3571],[39.1263,7.3592]]]}},{"type":"Feature","properties":{"id":"LW060","woreda":"Shashemene","zone":"West Arsi","region":"Oromia","area_km2":379.7,"lat":7.1741,"lon":38.715},"geometry":{"type":"MultiPolygon","coordinates":[[[[38.6413,7.3036],[38.6409,7.3039],[38.6402,7.3027],[38.6395,7.3017],[38.6357,7.2966],[38.6343,7.2949],[38.6332,7.2939],[38.632,7.2923],[38.6311,7.2907],[38.6308,7.2895],[38.6304,7.2889],[38.6299,7.2863],[38.6303,7.2853],[38.6322,7.2841],[38.6334,7.2825],[38.633,7.282],[38.6328,7.2807],[38.6321,7.2798],[38.6306,7.2793],[38.6287,7.2794],[38.6265,7.2792],[38.6234,7.2791],[38.6234,7.2796],[38.6235,7.2815],[38.6233,7.284],[38.6199,7.2845],[38.6168,7.2849],[38.6153,7.2852],[38.6154,7.2837],[38.6154,7.2819],[38.6144,7.2821],[38.6137,7.2821],[38.6123,7.2824],[38.6108,7.2826],[38.6089,7.2827],[38.6075,7.2828],[38.6045,7.2835],[38.6031,7.2837],[38.6019,7.284],[38.6013,7.2841],[38.5996,7.2845],[38.5993,7.2824],[38.5988,7.2812],[38.5987,7.2811],[38.5983,7.2801],[38.5979,7.2798],[38.5975,7.2793],[38.5966,7.2787],[38.5963,7.2777],[38.5966,7.2761],[38.5968,7.2744],[38.5966,7.2737],[38.5943,7.2742],[38.5919,7.2745],[38.5901,7.2754],[38.5887,7.2755],[38.5879,7.2756],[38.5889,7.2724],[38.587,7.2728],[38.5851,7.2729],[38.5839,7.2728],[38.5832,7.2724],[38.582,7.272],[38.5826,7.2712],[38.5829,7.2707],[38.5834,7.2687],[38.5836,7.2678],[38.5837,7.2666],[38.5844,7.2636],[38.5851,7.2628],[38.5854,7.2624],[38.5846,7.2617],[38.5839,7.2609],[38.5835,7.26],[38.5828,7.2582],[38.5826,7.2571],[38.582,7.2555],[38.5815,7.2547],[38.5818,7.2544],[38.5817,7.2535],[38.5815,7.253],[38.581,7.2525],[38.5782,7.2501],[38.5772,7.2493],[38.5771,7.2488],[38.5772,7.2476],[38.5772,7.2465],[38.5773,7.2459],[38.5763,7.245],[38.5744,7.2441],[38.5735,7.2434],[38.5731,7.2427],[38.5727,7.2431],[38.5717,7.2433],[38.571,7.2434],[38.5711,7.2437],[38.5704,7.2438],[38.57,7.2443],[38.5696,7.2443],[38.5695,7.2447],[38.5691,7.2446],[38.5692,7.2449],[38.5688,7.2455],[38.5663,7.2477],[38.566,7.2479],[38.5648,7.2489],[38.5641,7.249],[38.5638,7.2493],[38.5631,7.2499],[38.5629,7.2504],[38.562,7.2515],[38.5616,7.2523],[38.5613,7.2525],[38.5615,7.2532],[38.5613,7.254],[38.561,7.2542],[38.5612,7.2545],[38.5611,7.2556],[38.5604,7.2561],[38.5601,7.2558],[38.5596,7.2557],[38.5592,7.2558],[38.559,7.2561],[38.5586,7.2563],[38.5578,7.2563],[38.5575,7.256],[38.5566,7.2562],[38.5564,7.2557],[38.5561,7.2557],[38.5558,7.2554],[38.5545,7.2547],[38.5537,7.2545],[38.5527,7.2541],[38.5523,7.2538],[38.5516,7.2535],[38.5508,7.2529],[38.55,7.2527],[38.5487,7.2519],[38.5481,7.2518],[38.5473,7.2519],[38.5473,7.2521],[38.5464,7.2523],[38.5461,7.2526],[38.5448,7.2528],[38.5443,7.2528],[38.5441,7.253],[38.5434,7.2534],[38.5432,7.2538],[38.5427,7.2539],[38.5425,7.2543],[38.542,7.2543],[38.5417,7.2537],[38.5412,7.2536],[38.538,7.2531],[38.5372,7.2529],[38.536,7.2523],[38.5349,7.2516],[38.5343,7.2514],[38.5332,7.2513],[38.5313,7.2514],[38.5305,7.2512],[38.5298,7.2513],[38.5279,7.252],[38.5238,7.2531],[38.5211,7.2534],[38.5192,7.2538],[38.5188,7.2535],[38.5172,7.2533],[38.5169,7.2534],[38.514,7.2535],[38.5113,7.2535],[38.5108,7.252],[38.5099,7.2496],[38.5098,7.2496],[38.509,7.2477],[38.5107,7.2474],[38.5124,7.2469],[38.512,7.2458],[38.5114,7.2447],[38.5114,7.2438],[38.5118,7.2434],[38.5117,7.2429],[38.5093,7.2416],[38.5068,7.2399],[38.5059,7.2423],[38.5019,7.2434],[38.5003,7.2435],[38.4984,7.2434],[38.4969,7.2432],[38.4968,7.242],[38.497,7.2403],[38.4975,7.238],[38.4979,7.2357],[38.4986,7.2338],[38.4986,7.2323],[38.4972,7.2293],[38.4969,7.2271],[38.4956,7.2245],[38.4937,7.2247],[38.4918,7.225],[38.4906,7.225],[38.4879,7.2255],[38.4876,7.2248],[38.4858,7.2217],[38.4851,7.22],[38.4837,7.218],[38.4832,7.2174],[38.4833,7.2164],[38.4857,7.2169],[38.4872,7.2173],[38.4894,7.2173],[38.491,7.2176],[38.4907,7.2164],[38.4899,7.2145],[38.4894,7.2118],[38.489,7.2103],[38.4878,7.2088],[38.487,7.2082],[38.4867,7.2072],[38.489,7.2066],[38.4884,7.2039],[38.4877,7.2018],[38.4875,7.2017],[38.4847,7.2013],[38.4811,7.2003],[38.4797,7.1995],[38.4783,7.1988],[38.4758,7.1973],[38.4736,7.1968],[38.4683,7.195],[38.4642,7.1938],[38.4617,7.1929],[38.4595,7.1925],[38.4537,7.1902],[38.4498,7.189],[38.4433,7.1869],[38.4388,7.1855],[38.4382,7.1853],[38.4382,7.1857],[38.4363,7.1858],[38.4356,7.1859],[38.4344,7.187],[38.4317,7.1894],[38.431,7.1899],[38.4298,7.191],[38.4289,7.192],[38.4271,7.1937],[38.4249,7.1954],[38.4232,7.197],[38.4209,7.1994],[38.4189,7.2012],[38.4171,7.2034],[38.4158,7.2046],[38.4146,7.2063],[38.4129,7.2094],[38.4118,7.2117],[38.4103,7.2146],[38.4088,7.2177],[38.4082,7.2188],[38.4073,7.2204],[38.4071,7.2235],[38.4069,7.2266],[38.407,7.2297],[38.4069,7.2317],[38.4068,7.2337],[38.4068,7.237],[38.4068,7.2378],[38.4069,7.2386],[38.4059,7.2397],[38.4069,7.2407],[38.407,7.2417],[38.4073,7.2428],[38.4059,7.2462],[38.4059,7.2471],[38.4078,7.2527],[38.4119,7.2568],[38.4211,7.2647],[38.4227,7.2656],[38.4287,7.2665],[38.4455,7.2678],[38.4509,7.2677],[38.4536,7.2684],[38.4575,7.269],[38.4581,7.268],[38.4582,7.2666],[38.4605,7.267],[38.4623,7.2672],[38.464,7.2674],[38.4658,7.2675],[38.4682,7.2676],[38.4712,7.268],[38.4726,7.268],[38.4753,7.2678],[38.4766,7.2676],[38.4778,7.2684],[38.4788,7.2671],[38.481,7.2662],[38.4819,7.2661],[38.4841,7.266],[38.4872,7.266],[38.4877,7.2665],[38.4873,7.2677],[38.4859,7.2686],[38.4851,7.2703],[38.4838,7.2725],[38.4832,7.2734],[38.4883,7.2734],[38.4941,7.273],[38.4968,7.2723],[38.4962,7.2745],[38.4976,7.2747],[38.5003,7.2756],[38.5003,7.277],[38.5023,7.2795],[38.5038,7.2836],[38.5046,7.2859],[38.505,7.2885],[38.5051,7.2902],[38.5051,7.2929],[38.5055,7.296],[38.5062,7.3005],[38.5065,7.3025],[38.5066,7.3047],[38.5022,7.3077],[38.5023,7.308],[38.5039,7.3235],[38.5073,7.3211],[38.5075,7.3223],[38.5076,7.3246],[38.5077,7.3259],[38.5082,7.3289],[38.5087,7.3309],[38.509,7.3332],[38.5093,7.3348],[38.5105,7.3345],[38.5118,7.3344],[38.5148,7.3346],[38.516,7.3345],[38.5174,7.334],[38.5192,7.3348],[38.5237,7.3365],[38.5293,7.3385],[38.5294,7.3351],[38.5308,7.336],[38.5339,7.3368],[38.5351,7.3366],[38.5369,7.3368],[38.5384,7.3371],[38.5396,7.3375],[38.5407,7.338],[38.5421,7.3393],[38.5438,7.34],[38.5463,7.3412],[38.5503,7.3431],[38.5514,7.3431],[38.5524,7.3433],[38.5534,7.344],[38.5552,7.3447],[38.5564,7.3451],[38.5582,7.3453],[38.5595,7.3452],[38.5611,7.345],[38.5633,7.3448],[38.5668,7.3447],[38.5688,7.3447],[38.5693,7.3465],[38.565,7.3513],[38.5651,7.3519],[38.5741,7.3506],[38.5825,7.3491],[38.5834,7.3502],[38.5836,7.351],[38.5842,7.354],[38.5834,7.3548],[38.5816,7.3554],[38.5823,7.3573],[38.5832,7.358],[38.5841,7.3588],[38.5841,7.3601],[38.5861,7.3621],[38.5863,7.3628],[38.5879,7.3645],[38.5879,7.3671],[38.5914,7.3683],[38.5944,7.3683],[38.5958,7.3692],[38.5966,7.3702],[38.5973,7.3709],[38.5982,7.3703],[38.5992,7.3699],[38.6016,7.3707],[38.6036,7.37],[38.6049,7.3692],[38.6072,7.3698],[38.6086,7.3707],[38.6092,7.3707],[38.6102,7.3704],[38.611,7.3699],[38.6108,7.3686],[38.6105,7.3672],[38.6078,7.365],[38.6072,7.3643],[38.6074,7.3637],[38.609,7.363],[38.6091,7.3615],[38.609,7.3606],[38.6086,7.3595],[38.6089,7.3573],[38.6091,7.3557],[38.6091,7.3546],[38.6092,7.3527],[38.6091,7.3519],[38.609,7.349],[38.6088,7.3479],[38.6082,7.3466],[38.6073,7.344],[38.6072,7.3434],[38.6077,7.3428],[38.6084,7.342],[38.6083,7.3403],[38.6079,7.3391],[38.6086,7.338],[38.61,7.3378],[38.6108,7.3372],[38.6112,7.3359],[38.6117,7.3352],[38.6127,7.3342],[38.6133,7.3334],[38.6143,7.3325],[38.6151,7.3315],[38.6154,7.3302],[38.6152,7.3286],[38.6154,7.3275],[38.6161,7.3267],[38.6178,7.3256],[38.6194,7.3248],[38.6205,7.3242],[38.6238,7.3225],[38.6247,7.3219],[38.6258,7.3212],[38.6274,7.3207],[38.629,7.3197],[38.629,7.317],[38.6287,7.3157],[38.6286,7.3148],[38.6291,7.3135],[38.6306,7.3114],[38.6315,7.3103],[38.6322,7.31],[38.634,7.3093],[38.6349,7.3085],[38.6357,7.3073],[38.6378,7.3059],[38.6391,7.3052],[38.6406,7.3047],[38.6419,7.3043],[38.6433,7.3029],[38.6413,7.3036]]],[[[38.6805,7.1085],[38.6817,7.1066],[38.6803,7.1061],[38.6798,7.1058],[38.6783,7.1054],[38.6779,7.1032],[38.6738,7.1027],[38.6737,7.1028],[38.6732,7.1046],[38.6709,7.1058],[38.6689,7.1059],[38.6657,7.0994],[38.6655,7.0994],[38.6656,7.0966],[38.6638,7.0957],[38.6629,7.0946],[38.6615,7.0936],[38.6595,7.0913],[38.6577,7.0931],[38.657,7.0929],[38.6557,7.0944],[38.6543,7.0956],[38.6531,7.097],[38.6509,7.0975],[38.6483,7.0995],[38.6475,7.1],[38.6471,7.1011],[38.6465,7.1018],[38.6469,7.1033],[38.6476,7.1051],[38.6476,7.1066],[38.6467,7.1081],[38.6466,7.1089],[38.6465,7.1098],[38.6468,7.1108],[38.6469,7.1121],[38.6468,7.1134],[38.6464,7.1137],[38.6463,7.1145],[38.6455,7.1152],[38.6455,7.1162],[38.645,7.1166],[38.6439,7.117],[38.6403,7.1173],[38.6397,7.1177],[38.6384,7.1184],[38.6376,7.1187],[38.637,7.1193],[38.6366,7.1201],[38.6358,7.1204],[38.6357,7.1214],[38.6353,7.1215],[38.6344,7.1214],[38.6321,7.1222],[38.6309,7.1228],[38.6288,7.1235],[38.6273,7.1232],[38.6259,7.1226],[38.6245,7.1219],[38.624,7.1217],[38.6229,7.1218],[38.622,7.1221],[38.6214,7.1227],[38.6212,7.1231],[38.6203,7.1242],[38.6206,7.1251],[38.6193,7.1249],[38.6184,7.1251],[38.6175,7.1255],[38.6161,7.1254],[38.6148,7.1252],[38.6144,7.1253],[38.6127,7.1249],[38.6114,7.1245],[38.6108,7.1246],[38.6099,7.1243],[38.5892,7.1259],[38.5894,7.1261],[38.5906,7.1289],[38.5899,7.1294],[38.5873,7.1308],[38.585,7.1317],[38.5847,7.1343],[38.5857,7.1386],[38.5918,7.1445],[38.5931,7.1432],[38.5942,7.1424],[38.5959,7.1435],[38.596,7.1436],[38.6008,7.1436],[38.6025,7.1424],[38.6032,7.1431],[38.6033,7.143],[38.6046,7.1442],[38.6064,7.1455],[38.607,7.1465],[38.6067,7.1467],[38.6071,7.1472],[38.6161,7.1538],[38.6211,7.1567],[38.6219,7.1559],[38.6234,7.1547],[38.6261,7.152],[38.6282,7.1505],[38.629,7.1495],[38.6282,7.1475],[38.6282,7.1467],[38.6296,7.1465],[38.6305,7.1459],[38.6337,7.1438],[38.6336,7.1435],[38.6329,7.1426],[38.6322,7.1415],[38.6318,7.141],[38.6314,7.1403],[38.6309,7.1398],[38.6315,7.1391],[38.6326,7.1383],[38.6332,7.1371],[38.6351,7.1357],[38.6371,7.1345],[38.6395,7.1333],[38.6416,7.1324],[38.6426,7.1318],[38.645,7.1337],[38.6462,7.1351],[38.6476,7.1367],[38.6502,7.1399],[38.6514,7.142],[38.6532,7.1437],[38.6544,7.1455],[38.6565,7.1471],[38.6576,7.1484],[38.6596,7.1504],[38.6702,7.1642],[38.6618,7.1702],[38.662,7.171],[38.6627,7.172],[38.6644,7.1735],[38.6661,7.1747],[38.6728,7.1795],[38.6736,7.1815],[38.6738,7.1816],[38.6741,7.184],[38.6772,7.1816],[38.678,7.181],[38.6797,7.1818],[38.6806,7.1823],[38.6821,7.1814],[38.683,7.1816],[38.6847,7.1827],[38.6874,7.1847],[38.6897,7.186],[38.6914,7.1872],[38.6916,7.1875],[38.6908,7.1886],[38.6896,7.1898],[38.6895,7.1907],[38.6889,7.1918],[38.6906,7.1947],[38.6922,7.196],[38.693,7.1967],[38.6945,7.1946],[38.6962,7.1927],[38.6985,7.1941],[38.6998,7.1947],[38.7005,7.1945],[38.7027,7.1961],[38.7032,7.1963],[38.702,7.197],[38.7024,7.1981],[38.7016,7.1991],[38.7006,7.2012],[38.6997,7.2027],[38.7,7.2046],[38.7,7.2054],[38.6981,7.2136],[38.7012,7.2254],[38.6991,7.2274],[38.6977,7.2287],[38.6959,7.2299],[38.6945,7.2317],[38.6926,7.235],[38.6938,7.2363],[38.6946,7.2382],[38.6954,7.2398],[38.6961,7.242],[38.6967,7.2442],[38.695,7.2455],[38.693,7.2466],[38.6909,7.2482],[38.6901,7.2486],[38.6904,7.2493],[38.6916,7.2508],[38.6927,7.2526],[38.6924,7.2536],[38.6913,7.2542],[38.689,7.2549],[38.6877,7.2555],[38.6863,7.2564],[38.6847,7.2569],[38.6834,7.2575],[38.6826,7.2607],[38.6829,7.2634],[38.6852,7.2627],[38.6861,7.2618],[38.6873,7.261],[38.6888,7.261],[38.6896,7.2605],[38.6902,7.2594],[38.6927,7.2584],[38.6945,7.2573],[38.6953,7.256],[38.698,7.2523],[38.6996,7.2507],[38.7006,7.2504],[38.702,7.2504],[38.7039,7.2499],[38.7047,7.2491],[38.706,7.2476],[38.7069,7.2462],[38.7079,7.2455],[38.7106,7.2446],[38.7123,7.2429],[38.7129,7.2417],[38.7145,7.2413],[38.7151,7.2407],[38.7158,7.2391],[38.7166,7.238],[38.7177,7.2368],[38.7188,7.2354],[38.7199,7.2341],[38.7213,7.2326],[38.7232,7.2312],[38.7241,7.2306],[38.7255,7.2291],[38.7271,7.228],[38.7276,7.2268],[38.7294,7.2259],[38.7309,7.2245],[38.7313,7.2235],[38.7311,7.2225],[38.7319,7.2208],[38.7332,7.2197],[38.7341,7.2192],[38.735,7.2183],[38.7353,7.2169],[38.7354,7.2165],[38.7365,7.2147],[38.7372,7.2134],[38.7375,7.2123],[38.7373,7.2114],[38.7374,7.2099],[38.7373,7.2082],[38.7378,7.2073],[38.738,7.2064],[38.7388,7.2054],[38.7393,7.2035],[38.7394,7.2026],[38.7399,7.2009],[38.7406,7.1996],[38.7419,7.1983],[38.7441,7.1972],[38.7452,7.1972],[38.7459,7.197],[38.7465,7.1967],[38.7466,7.1958],[38.7466,7.1953],[38.7472,7.1943],[38.7485,7.1929],[38.7488,7.1927],[38.7484,7.1918],[38.754,7.1884],[38.76,7.177],[38.7729,7.169],[38.7736,7.1717],[38.7739,7.1715],[38.7759,7.1706],[38.7766,7.1702],[38.779,7.1686],[38.7796,7.1681],[38.7812,7.1672],[38.7819,7.166],[38.783,7.1655],[38.785,7.1653],[38.7855,7.1649],[38.7861,7.1645],[38.7874,7.1636],[38.7895,7.1626],[38.791,7.1621],[38.7915,7.1618],[38.7939,7.1615],[38.7951,7.1607],[38.7954,7.1607],[38.797,7.1606],[38.7977,7.1603],[38.7983,7.1598],[38.7993,7.1578],[38.8006,7.1565],[38.8016,7.1561],[38.802,7.1554],[38.8023,7.1549],[38.8024,7.1536],[38.803,7.1527],[38.8043,7.1518],[38.8042,7.151],[38.8052,7.1507],[38.8054,7.1502],[38.806,7.1488],[38.8061,7.1476],[38.8056,7.1466],[38.8056,7.1459],[38.8055,7.1443],[38.8055,7.1425],[38.806,7.1413],[38.8061,7.1387],[38.806,7.1365],[38.8059,7.1359],[38.8054,7.1349],[38.805,7.1347],[38.8055,7.1342],[38.8051,7.1331],[38.8042,7.1318],[38.8035,7.1299],[38.8031,7.128],[38.8027,7.1272],[38.8028,7.1246],[38.8029,7.1238],[38.8031,7.1223],[38.8026,7.1212],[38.8019,7.1204],[38.8006,7.119],[38.7971,7.1177],[38.7942,7.1167],[38.7919,7.116],[38.7913,7.116],[38.7904,7.1156],[38.7897,7.1147],[38.7874,7.1149],[38.785,7.1155],[38.7865,7.1141],[38.7863,7.1137],[38.7865,7.1125],[38.7872,7.1113],[38.7883,7.1104],[38.7897,7.1094],[38.7906,7.1085],[38.7917,7.1068],[38.792,7.1049],[38.792,7.1038],[38.7919,7.1028],[38.7892,7.1021],[38.7878,7.1019],[38.7866,7.1015],[38.7857,7.1014],[38.7843,7.1021],[38.7834,7.1027],[38.7816,7.1041],[38.7805,7.1048],[38.7795,7.1053],[38.7778,7.106],[38.7765,7.1063],[38.7753,7.1067],[38.7745,7.1071],[38.7735,7.1081],[38.7722,7.109],[38.7709,7.1098],[38.77,7.1105],[38.7692,7.1114],[38.7686,7.1122],[38.7673,7.1152],[38.7662,7.1155],[38.765,7.1153],[38.7644,7.1154],[38.7633,7.1159],[38.7623,7.1167],[38.7621,7.1177],[38.7619,7.1187],[38.7622,7.1204],[38.7611,7.1215],[38.7594,7.1239],[38.758,7.1247],[38.7556,7.1257],[38.7548,7.1261],[38.753,7.1274],[38.7515,7.1265],[38.7511,7.126],[38.7502,7.125],[38.7484,7.1229],[38.7477,7.1222],[38.7465,7.1208],[38.7461,7.1201],[38.7459,7.1196],[38.745,7.1198],[38.7442,7.1204],[38.7427,7.1218],[38.7412,7.1227],[38.7391,7.1232],[38.7378,7.1236],[38.7361,7.1242],[38.7352,7.1248],[38.7333,7.1257],[38.7323,7.1266],[38.7311,7.1274],[38.7304,7.1275],[38.731,7.1265],[38.7327,7.1231],[38.733,7.1221],[38.7332,7.1214],[38.7334,7.1199],[38.733,7.119],[38.7328,7.1182],[38.7336,7.1178],[38.7339,7.1172],[38.7346,7.1161],[38.7353,7.1142],[38.7358,7.113],[38.7355,7.1118],[38.735,7.1105],[38.7346,7.1091],[38.7344,7.1081],[38.7345,7.107],[38.7341,7.1064],[38.7332,7.1056],[38.7324,7.1051],[38.7305,7.1043],[38.7288,7.1031],[38.7271,7.1017],[38.727,7.1018],[38.7262,7.101],[38.7245,7.0995],[38.7222,7.0974],[38.7204,7.0957],[38.7199,7.095],[38.7185,7.0944],[38.7175,7.0937],[38.7171,7.093],[38.7163,7.0909],[38.7155,7.0893],[38.7139,7.0869],[38.7132,7.0855],[38.7127,7.0848],[38.7124,7.0845],[38.7113,7.0855],[38.7101,7.0865],[38.7087,7.0873],[38.7078,7.0879],[38.7071,7.089],[38.7069,7.0895],[38.707,7.0912],[38.7072,7.0926],[38.7059,7.093],[38.7055,7.0934],[38.7046,7.0948],[38.7041,7.0952],[38.7023,7.0958],[38.7014,7.0961],[38.7004,7.0972],[38.6999,7.0981],[38.6995,7.0989],[38.6989,7.0999],[38.698,7.1003],[38.6974,7.1015],[38.6975,7.1032],[38.6974,7.104],[38.6963,7.1053],[38.6957,7.1052],[38.6945,7.1059],[38.6923,7.1082],[38.6909,7.1098],[38.6897,7.1109],[38.688,7.1119],[38.6872,7.1125],[38.686,7.1132],[38.6842,7.1146],[38.6833,7.1155],[38.6828,7.115],[38.6823,7.1143],[38.6821,7.1136],[38.6821,7.1125],[38.6827,7.1109],[38.683,7.1097],[38.6831,7.109],[38.6827,7.108],[38.6805,7.1085]]]]}},{"type":"Feature","properties":{"id":"LW061","woreda":"Shashemene town","zone":"West Arsi","region":"Oromia","area_km2":472.9,"lat":7.1958,"lon":38.5813},"geometry":{"type":"Polygon","coordinates":[[[38.6829,7.2634],[38.6826,7.2607],[38.6834,7.2575],[38.6847,7.2569],[38.6863,7.2564],[38.6877,7.2555],[38.689,7.2549],[38.6913,7.2542],[38.6924,7.2536],[38.6927,7.2526],[38.6916,7.2508],[38.6904,7.2493],[38.6901,7.2486],[38.6909,7.2482],[38.693,7.2466],[38.695,7.2455],[38.6967,7.2442],[38.6961,7.242],[38.6954,7.2398],[38.6946,7.2382],[38.6938,7.2363],[38.6926,7.235],[38.6945,7.2317],[38.6959,7.2299],[38.6977,7.2287],[38.6991,7.2274],[38.7012,7.2254],[38.6981,7.2136],[38.7,7.2054],[38.7,7.2046],[38.6997,7.2027],[38.7006,7.2012],[38.7016,7.1991],[38.7024,7.1981],[38.702,7.197],[38.7032,7.1963],[38.7027,7.1961],[38.7005,7.1945],[38.6998,7.1947],[38.6985,7.1941],[38.6962,7.1927],[38.6945,7.1946],[38.693,7.1967],[38.6922,7.196],[38.6906,7.1947],[38.6889,7.1918],[38.6895,7.1907],[38.6896,7.1898],[38.6908,7.1886],[38.6916,7.1875],[38.6914,7.1872],[38.6897,7.186],[38.6874,7.1847],[38.6847,7.1827],[38.683,7.1816],[38.6821,7.1814],[38.6806,7.1823],[38.6797,7.1818],[38.678,7.181],[38.6772,7.1816],[38.6741,7.184],[38.6738,7.1816],[38.6736,7.1815],[38.6728,7.1795],[38.6661,7.1747],[38.6644,7.1735],[38.6627,7.172],[38.662,7.171],[38.6618,7.1702],[38.6702,7.1642],[38.6596,7.1504],[38.6576,7.1484],[38.6565,7.1471],[38.6544,7.1455],[38.6532,7.1437],[38.6514,7.142],[38.6502,7.1399],[38.6476,7.1367],[38.6462,7.1351],[38.645,7.1337],[38.6426,7.1318],[38.6416,7.1324],[38.6395,7.1333],[38.6371,7.1345],[38.6351,7.1357],[38.6332,7.1371],[38.6326,7.1383],[38.6315,7.1391],[38.6309,7.1398],[38.6314,7.1403],[38.6318,7.141],[38.6322,7.1415],[38.6329,7.1426],[38.6336,7.1435],[38.6337,7.1438],[38.6305,7.1459],[38.6296,7.1465],[38.6282,7.1467],[38.6282,7.1475],[38.629,7.1495],[38.6282,7.1505],[38.6261,7.152],[38.6234,7.1547],[38.6219,7.1559],[38.6211,7.1567],[38.6161,7.1538],[38.6071,7.1472],[38.6067,7.1467],[38.607,7.1465],[38.6064,7.1455],[38.6046,7.1442],[38.6033,7.143],[38.6032,7.1431],[38.6025,7.1424],[38.6008,7.1436],[38.596,7.1436],[38.5959,7.1435],[38.5942,7.1424],[38.5931,7.1432],[38.5918,7.1445],[38.5857,7.1386],[38.5847,7.1343],[38.585,7.1317],[38.5873,7.1308],[38.5899,7.1294],[38.5906,7.1289],[38.5894,7.1261],[38.5892,7.1259],[38.5836,7.1263],[38.5664,7.1123],[38.5635,7.1093],[38.5461,7.0909],[38.5281,7.091],[38.5051,7.0878],[38.48,7.0904],[38.4639,7.0998],[38.4602,7.1172],[38.46,7.1182],[38.4425,7.1268],[38.4208,7.1225],[38.4006,7.1215],[38.3781,7.1298],[38.3569,7.1459],[38.3559,7.1472],[38.3562,7.148],[38.3587,7.1527],[38.3595,7.1539],[38.3586,7.1552],[38.3569,7.1577],[38.3549,7.1609],[38.3537,7.1634],[38.3531,7.1652],[38.3519,7.1677],[38.3502,7.1681],[38.3485,7.1692],[38.3473,7.1707],[38.3471,7.1718],[38.3473,7.1731],[38.347,7.1766],[38.3439,7.1805],[38.3432,7.1818],[38.3419,7.1839],[38.3412,7.1853],[38.3396,7.1846],[38.3381,7.1847],[38.3358,7.1859],[38.3354,7.1867],[38.3357,7.189],[38.336,7.1927],[38.3368,7.1965],[38.3379,7.1974],[38.3403,7.199],[38.3424,7.2003],[38.3434,7.201],[38.3455,7.2002],[38.352,7.198],[38.3628,7.1961],[38.367,7.1954],[38.3701,7.1939],[38.3717,7.1934],[38.3793,7.1922],[38.3803,7.192],[38.3881,7.1909],[38.3903,7.191],[38.3964,7.1912],[38.4021,7.1905],[38.4044,7.1895],[38.4079,7.1876],[38.4093,7.1901],[38.4167,7.1897],[38.418,7.1897],[38.4243,7.1905],[38.4273,7.19],[38.4288,7.1895],[38.43,7.1885],[38.4307,7.188],[38.4334,7.1855],[38.4346,7.1845],[38.4353,7.1843],[38.4372,7.1843],[38.4372,7.185],[38.4382,7.1853],[38.4388,7.1855],[38.4433,7.1869],[38.4498,7.189],[38.4537,7.1902],[38.4595,7.1925],[38.4617,7.1929],[38.4642,7.1938],[38.4683,7.195],[38.4736,7.1968],[38.4758,7.1973],[38.4783,7.1988],[38.4797,7.1995],[38.4811,7.2003],[38.4847,7.2013],[38.4875,7.2017],[38.4877,7.2018],[38.4884,7.2039],[38.489,7.2066],[38.4867,7.2072],[38.487,7.2082],[38.4878,7.2088],[38.489,7.2103],[38.4894,7.2118],[38.4899,7.2145],[38.4907,7.2164],[38.491,7.2176],[38.4894,7.2173],[38.4872,7.2173],[38.4857,7.2169],[38.4833,7.2164],[38.4832,7.2174],[38.4837,7.218],[38.4851,7.22],[38.4858,7.2217],[38.4876,7.2248],[38.4879,7.2255],[38.4906,7.225],[38.4918,7.225],[38.4937,7.2247],[38.4956,7.2245],[38.4969,7.2271],[38.4972,7.2293],[38.4986,7.2323],[38.4986,7.2338],[38.4979,7.2357],[38.4975,7.238],[38.497,7.2403],[38.4968,7.242],[38.4969,7.2432],[38.4984,7.2434],[38.5003,7.2435],[38.5019,7.2434],[38.5059,7.2423],[38.5068,7.2399],[38.5093,7.2416],[38.5117,7.2429],[38.5118,7.2434],[38.5114,7.2438],[38.5114,7.2447],[38.512,7.2458],[38.5124,7.2469],[38.5107,7.2474],[38.509,7.2477],[38.5098,7.2496],[38.5099,7.2496],[38.5108,7.252],[38.5113,7.2535],[38.514,7.2535],[38.5169,7.2534],[38.5172,7.2533],[38.5188,7.2535],[38.5192,7.2538],[38.5211,7.2534],[38.5238,7.2531],[38.5279,7.252],[38.5298,7.2513],[38.5305,7.2512],[38.5313,7.2514],[38.5332,7.2513],[38.5343,7.2514],[38.5349,7.2516],[38.536,7.2523],[38.5372,7.2529],[38.538,7.2531],[38.5412,7.2536],[38.5417,7.2537],[38.542,7.2543],[38.5425,7.2543],[38.5427,7.2539],[38.5432,7.2538],[38.5434,7.2534],[38.5441,7.253],[38.5443,7.2528],[38.5448,7.2528],[38.5461,7.2526],[38.5464,7.2523],[38.5473,7.2521],[38.5473,7.2519],[38.5481,7.2518],[38.5487,7.2519],[38.55,7.2527],[38.5508,7.2529],[38.5516,7.2535],[38.5523,7.2538],[38.5527,7.2541],[38.5537,7.2545],[38.5545,7.2547],[38.5558,7.2554],[38.5561,7.2557],[38.5564,7.2557],[38.5566,7.2562],[38.5575,7.256],[38.5578,7.2563],[38.5586,7.2563],[38.559,7.2561],[38.5592,7.2558],[38.5596,7.2557],[38.5601,7.2558],[38.5604,7.2561],[38.5611,7.2556],[38.5612,7.2545],[38.561,7.2542],[38.5613,7.254],[38.5615,7.2532],[38.5613,7.2525],[38.5616,7.2523],[38.562,7.2515],[38.5629,7.2504],[38.5631,7.2499],[38.5638,7.2493],[38.5641,7.249],[38.5648,7.2489],[38.566,7.2479],[38.5663,7.2477],[38.5688,7.2455],[38.5692,7.2449],[38.5691,7.2446],[38.5695,7.2447],[38.5696,7.2443],[38.57,7.2443],[38.5704,7.2438],[38.5711,7.2437],[38.571,7.2434],[38.5717,7.2433],[38.5727,7.2431],[38.5731,7.2427],[38.5735,7.2434],[38.5744,7.2441],[38.5763,7.245],[38.5773,7.2459],[38.5772,7.2465],[38.5772,7.2476],[38.5771,7.2488],[38.5772,7.2493],[38.5782,7.2501],[38.581,7.2525],[38.5815,7.253],[38.5817,7.2535],[38.5818,7.2544],[38.5815,7.2547],[38.582,7.2555],[38.5826,7.2571],[38.5828,7.2582],[38.5835,7.26],[38.5839,7.2609],[38.5846,7.2617],[38.5854,7.2624],[38.5851,7.2628],[38.5844,7.2636],[38.5837,7.2666],[38.5836,7.2678],[38.5834,7.2687],[38.5829,7.2707],[38.5826,7.2712],[38.582,7.272],[38.5832,7.2724],[38.5839,7.2728],[38.5851,7.2729],[38.587,7.2728],[38.5889,7.2724],[38.5879,7.2756],[38.5887,7.2755],[38.5901,7.2754],[38.5919,7.2745],[38.5943,7.2742],[38.5966,7.2737],[38.5968,7.2744],[38.5966,7.2761],[38.5963,7.2777],[38.5966,7.2787],[38.5975,7.2793],[38.5979,7.2798],[38.5983,7.2801],[38.5987,7.2811],[38.5988,7.2812],[38.5993,7.2824],[38.5996,7.2845],[38.6013,7.2841],[38.6019,7.284],[38.6031,7.2837],[38.6045,7.2835],[38.6075,7.2828],[38.6089,7.2827],[38.6108,7.2826],[38.6123,7.2824],[38.6137,7.2821],[38.6144,7.2821],[38.6154,7.2819],[38.6154,7.2837],[38.6153,7.2852],[38.6168,7.2849],[38.6199,7.2845],[38.6233,7.284],[38.6235,7.2815],[38.6234,7.2796],[38.6234,7.2791],[38.6265,7.2792],[38.6287,7.2794],[38.6306,7.2793],[38.6321,7.2798],[38.6328,7.2807],[38.633,7.282],[38.6334,7.2825],[38.6322,7.2841],[38.6303,7.2853],[38.6299,7.2863],[38.6304,7.2889],[38.6308,7.2895],[38.6311,7.2907],[38.632,7.2923],[38.6332,7.2939],[38.6343,7.2949],[38.6357,7.2966],[38.6395,7.3017],[38.6402,7.3027],[38.6409,7.3039],[38.6413,7.3036],[38.6433,7.3029],[38.6446,7.3015],[38.6476,7.2998],[38.6484,7.2996],[38.6507,7.2988],[38.6518,7.298],[38.6536,7.2987],[38.6553,7.2987],[38.6564,7.298],[38.6578,7.2961],[38.6586,7.2952],[38.6596,7.2946],[38.6598,7.2938],[38.6621,7.2939],[38.6639,7.2929],[38.6646,7.2907],[38.6652,7.2895],[38.6674,7.2877],[38.6688,7.2874],[38.6711,7.2872],[38.6723,7.2862],[38.6733,7.285],[38.6739,7.2836],[38.6746,7.2829],[38.6766,7.282],[38.678,7.2811],[38.679,7.2798],[38.6794,7.2785],[38.6794,7.2771],[38.6797,7.2746],[38.6803,7.2726],[38.6805,7.2708],[38.6802,7.2687],[38.6804,7.2677],[38.681,7.2668],[38.6818,7.266],[38.683,7.2654],[38.6836,7.2648],[38.6845,7.2634],[38.6852,7.2627],[38.6829,7.2634]]]}},{"type":"Feature","properties":{"id":"LW062","woreda":"Wondo","zone":"West Arsi","region":"Oromia","area_km2":39.7,"lat":7.0851,"lon":38.6706},"geometry":{"type":"Polygon","coordinates":[[[38.668,7.0599],[38.6535,7.0617],[38.637,7.0661],[38.6404,7.078],[38.6462,7.0955],[38.6303,7.1108],[38.6115,7.1242],[38.6099,7.1243],[38.6108,7.1246],[38.6114,7.1245],[38.6127,7.1249],[38.6144,7.1253],[38.6148,7.1252],[38.6161,7.1254],[38.6175,7.1255],[38.6184,7.1251],[38.6193,7.1249],[38.6206,7.1251],[38.6203,7.1242],[38.6212,7.1231],[38.6214,7.1227],[38.622,7.1221],[38.6229,7.1218],[38.624,7.1217],[38.6245,7.1219],[38.6259,7.1226],[38.6273,7.1232],[38.6288,7.1235],[38.6309,7.1228],[38.6321,7.1222],[38.6344,7.1214],[38.6353,7.1215],[38.6357,7.1214],[38.6358,7.1204],[38.6366,7.1201],[38.637,7.1193],[38.6376,7.1187],[38.6384,7.1184],[38.6397,7.1177],[38.6403,7.1173],[38.6439,7.117],[38.645,7.1166],[38.6455,7.1162],[38.6455,7.1152],[38.6463,7.1145],[38.6464,7.1137],[38.6468,7.1134],[38.6469,7.1121],[38.6468,7.1108],[38.6465,7.1098],[38.6466,7.1089],[38.6467,7.1081],[38.6476,7.1066],[38.6476,7.1051],[38.6469,7.1033],[38.6465,7.1018],[38.6471,7.1011],[38.6475,7.1],[38.6483,7.0995],[38.6509,7.0975],[38.6531,7.097],[38.6543,7.0956],[38.6557,7.0944],[38.657,7.0929],[38.6577,7.0931],[38.6595,7.0913],[38.6615,7.0936],[38.6629,7.0946],[38.6638,7.0957],[38.6656,7.0966],[38.6655,7.0994],[38.6657,7.0994],[38.6689,7.1059],[38.6709,7.1058],[38.6732,7.1046],[38.6737,7.1028],[38.6738,7.1027],[38.6779,7.1032],[38.6783,7.1054],[38.6798,7.1058],[38.6803,7.1061],[38.6817,7.1066],[38.6805,7.1085],[38.6827,7.108],[38.6823,7.1067],[38.6831,7.1036],[38.6851,7.102],[38.6872,7.1015],[38.6899,7.1013],[38.6927,7.0992],[38.6936,7.0942],[38.6932,7.092],[38.6949,7.0882],[38.6975,7.0863],[38.6993,7.0839],[38.7037,7.0808],[38.7058,7.0771],[38.7074,7.0755],[38.7082,7.0729],[38.7107,7.0711],[38.7121,7.0677],[38.717,7.0629],[38.7183,7.0598],[38.7199,7.0572],[38.7192,7.0545],[38.7189,7.0527],[38.7202,7.0527],[38.7222,7.0517],[38.723,7.0499],[38.7244,7.0487],[38.7238,7.048],[38.7218,7.0491],[38.7214,7.048],[38.7175,7.0477],[38.7152,7.049],[38.7121,7.053],[38.711,7.0566],[38.7068,7.0595],[38.7079,7.057],[38.7076,7.0545],[38.7082,7.0507],[38.7086,7.048],[38.7102,7.0449],[38.7095,7.0431],[38.7082,7.0435],[38.7053,7.0464],[38.7,7.0501],[38.6955,7.0536],[38.6951,7.054],[38.6948,7.0535],[38.694,7.0539],[38.6937,7.0543],[38.6809,7.0484],[38.668,7.0599]]]}},{"type":"Feature","properties":{"id":"LW063","woreda":"Ejere /Addis Alem","zone":"West Shewa","region":"Oromia","area_km2":582.2,"lat":9.0506,"lon":38.3923},"geometry":{"type":"Polygon","coordinates":[[[38.4163,9.19],[38.4179,9.1888],[38.418,9.1879],[38.4179,9.1874],[38.4186,9.1863],[38.4192,9.1858],[38.4194,9.1852],[38.4194,9.184],[38.4196,9.1837],[38.4206,9.1835],[38.421,9.1833],[38.4207,9.1826],[38.4207,9.1817],[38.4209,9.1793],[38.42,9.1791],[38.4202,9.1782],[38.4197,9.1753],[38.419,9.1756],[38.4189,9.1752],[38.4193,9.1748],[38.4201,9.1746],[38.4206,9.1743],[38.4209,9.1735],[38.4205,9.1727],[38.4193,9.173],[38.4192,9.1721],[38.4197,9.1716],[38.4194,9.1712],[38.4186,9.1703],[38.4186,9.17],[38.4195,9.1695],[38.4185,9.1675],[38.4183,9.1667],[38.418,9.1667],[38.4171,9.1657],[38.4166,9.1662],[38.4162,9.1661],[38.4159,9.1656],[38.4158,9.165],[38.4149,9.1643],[38.4148,9.1633],[38.4144,9.1624],[38.4131,9.1618],[38.4134,9.1605],[38.4129,9.1598],[38.4131,9.1593],[38.4129,9.1589],[38.4125,9.1587],[38.4128,9.1577],[38.4132,9.157],[38.4136,9.1554],[38.4138,9.155],[38.4141,9.154],[38.4133,9.1536],[38.413,9.1517],[38.4126,9.1517],[38.4119,9.1508],[38.4122,9.1498],[38.4128,9.1492],[38.4136,9.148],[38.4136,9.1471],[38.413,9.1463],[38.413,9.1453],[38.4132,9.1444],[38.4137,9.1436],[38.4144,9.1424],[38.415,9.1417],[38.4163,9.1409],[38.417,9.1401],[38.4172,9.1395],[38.4176,9.1391],[38.4183,9.1386],[38.4178,9.1383],[38.4182,9.1374],[38.4176,9.1372],[38.4174,9.137],[38.4175,9.1356],[38.418,9.1351],[38.4188,9.1347],[38.4201,9.134],[38.4209,9.1336],[38.4218,9.1331],[38.4223,9.1326],[38.4232,9.1311],[38.4234,9.1303],[38.4244,9.128],[38.425,9.1268],[38.4255,9.1258],[38.4256,9.125],[38.4259,9.1244],[38.4275,9.1228],[38.4283,9.1221],[38.4273,9.1207],[38.4259,9.1177],[38.4253,9.117],[38.4247,9.1161],[38.4253,9.1153],[38.4262,9.1148],[38.427,9.114],[38.4281,9.1134],[38.4297,9.1126],[38.4309,9.1121],[38.4316,9.1125],[38.4331,9.113],[38.4336,9.113],[38.4333,9.1123],[38.4333,9.1103],[38.4333,9.1097],[38.4349,9.1092],[38.4361,9.1085],[38.4376,9.1075],[38.4394,9.1066],[38.4409,9.1061],[38.4416,9.1065],[38.4431,9.1071],[38.4447,9.107],[38.4465,9.1072],[38.4493,9.1074],[38.4528,9.1079],[38.455,9.1079],[38.457,9.1078],[38.4584,9.1077],[38.4591,9.1074],[38.4598,9.1061],[38.4599,9.1041],[38.4603,9.1029],[38.4612,9.1012],[38.4627,9.1005],[38.4644,9.1001],[38.4665,9.1002],[38.4692,9.1006],[38.4719,9.1008],[38.4737,9.1006],[38.4758,9.1001],[38.4777,9.0992],[38.4784,9.0977],[38.4792,9.0947],[38.4784,9.0913],[38.478,9.09],[38.4772,9.0896],[38.4689,9.0903],[38.4663,9.0885],[38.4658,9.0881],[38.4651,9.0866],[38.4655,9.0798],[38.4581,9.0735],[38.457,9.0719],[38.4555,9.0704],[38.4545,9.0695],[38.4528,9.0672],[38.4503,9.0653],[38.4487,9.0645],[38.4453,9.061],[38.4447,9.0582],[38.448,9.058],[38.4487,9.0578],[38.4501,9.0567],[38.4546,9.058],[38.4544,9.0562],[38.4558,9.0515],[38.456,9.0492],[38.4561,9.0491],[38.4562,9.0483],[38.4553,9.0462],[38.4535,9.0449],[38.4524,9.0436],[38.4528,9.0418],[38.4528,9.0397],[38.4535,9.0368],[38.4543,9.0362],[38.4549,9.0341],[38.4556,9.0326],[38.4565,9.0311],[38.4569,9.0305],[38.4565,9.0267],[38.4556,9.0252],[38.4559,9.023],[38.4576,9.0192],[38.4582,9.0167],[38.457,9.0127],[38.4568,9.0116],[38.4564,9.0103],[38.4555,9.008],[38.4542,9.0072],[38.4529,9.006],[38.4523,9.0051],[38.4523,9.0023],[38.4527,9.0012],[38.452,8.9986],[38.4513,8.9976],[38.4501,8.9959],[38.4472,8.9953],[38.4457,8.9939],[38.4438,8.9926],[38.4419,8.9909],[38.4401,8.9894],[38.4392,8.9871],[38.4392,8.9843],[38.4395,8.9827],[38.4405,8.9796],[38.4405,8.9788],[38.4419,8.9744],[38.4427,8.9707],[38.442,8.9678],[38.4423,8.9668],[38.4412,8.9657],[38.4387,8.9666],[38.4371,8.9658],[38.4362,8.9671],[38.4359,8.9682],[38.4352,8.9682],[38.4341,8.9677],[38.4317,8.9676],[38.4295,8.968],[38.4292,8.9665],[38.4283,8.9668],[38.4279,8.9667],[38.4284,8.9648],[38.427,8.964],[38.4266,8.964],[38.4258,8.9632],[38.4267,8.9623],[38.4267,8.9598],[38.4259,8.959],[38.4248,8.9582],[38.4244,8.9577],[38.4231,8.9561],[38.422,8.9555],[38.42,8.955],[38.4181,8.9544],[38.4175,8.955],[38.4172,8.9559],[38.4159,8.9556],[38.4148,8.9554],[38.4137,8.9557],[38.4135,8.9543],[38.412,8.9536],[38.4105,8.9531],[38.4096,8.9511],[38.4087,8.9494],[38.4065,8.9484],[38.4052,8.9472],[38.4039,8.9466],[38.4027,8.9461],[38.401,8.9469],[38.4005,8.9461],[38.4018,8.9443],[38.4013,8.9407],[38.4012,8.9388],[38.4008,8.9361],[38.3986,8.9353],[38.3975,8.9356],[38.3962,8.9347],[38.3951,8.9348],[38.3944,8.9365],[38.3936,8.9359],[38.3931,8.9353],[38.3923,8.9352],[38.3922,8.934],[38.3927,8.9335],[38.3928,8.9314],[38.3924,8.9299],[38.3937,8.929],[38.3931,8.928],[38.3921,8.9258],[38.3913,8.9252],[38.3925,8.923],[38.3944,8.9217],[38.3967,8.9208],[38.4005,8.9202],[38.4022,8.9197],[38.4041,8.9189],[38.4064,8.917],[38.408,8.9156],[38.4091,8.9145],[38.4092,8.913],[38.4091,8.9124],[38.4084,8.9117],[38.4087,8.9107],[38.4091,8.91],[38.4089,8.9095],[38.409,8.9084],[38.4082,8.9072],[38.4082,8.9066],[38.4223,8.8957],[38.4224,8.8938],[38.4269,8.8912],[38.4273,8.891],[38.4269,8.8901],[38.4279,8.8892],[38.4274,8.8888],[38.4274,8.888],[38.428,8.8874],[38.4285,8.8873],[38.4283,8.8864],[38.4289,8.8859],[38.4352,8.8827],[38.435,8.882],[38.4358,8.8815],[38.4355,8.88],[38.4364,8.8794],[38.4379,8.8789],[38.4383,8.8778],[38.4388,8.8772],[38.4366,8.876],[38.4357,8.8745],[38.4352,8.8726],[38.4341,8.8717],[38.4339,8.8709],[38.4334,8.8709],[38.4332,8.87],[38.4329,8.869],[38.4323,8.8658],[38.4321,8.8652],[38.4311,8.8623],[38.431,8.8619],[38.4297,8.8624],[38.4279,8.8631],[38.4254,8.8626],[38.4233,8.8624],[38.4224,8.8624],[38.4212,8.8614],[38.4207,8.8607],[38.4199,8.8607],[38.4193,8.861],[38.4164,8.8615],[38.4158,8.8608],[38.4154,8.8593],[38.4151,8.8583],[38.4142,8.8554],[38.4162,8.8526],[38.4124,8.8529],[38.411,8.8526],[38.4099,8.8518],[38.4088,8.8521],[38.4078,8.8526],[38.4067,8.8534],[38.4055,8.8543],[38.4036,8.8572],[38.4019,8.8598],[38.3986,8.8608],[38.3975,8.8615],[38.3946,8.8624],[38.3942,8.8627],[38.3931,8.8637],[38.3916,8.8672],[38.3913,8.8688],[38.3911,8.8717],[38.3912,8.8726],[38.391,8.8743],[38.3901,8.8759],[38.389,8.8766],[38.3879,8.8774],[38.386,8.8786],[38.3844,8.8792],[38.3796,8.8823],[38.3793,8.8837],[38.3791,8.8862],[38.379,8.8882],[38.3782,8.89],[38.3768,8.8909],[38.3753,8.8908],[38.3733,8.8902],[38.3718,8.8896],[38.3702,8.8892],[38.3681,8.8893],[38.3668,8.8902],[38.3658,8.8904],[38.365,8.8902],[38.364,8.891],[38.3623,8.8916],[38.3602,8.8908],[38.3565,8.8908],[38.3552,8.8916],[38.3536,8.8921],[38.352,8.8921],[38.3515,8.8922],[38.3483,8.8929],[38.3468,8.8928],[38.3446,8.895],[38.344,8.8955],[38.3452,8.8996],[38.3458,8.9003],[38.3465,8.9029],[38.3466,8.9056],[38.3463,8.9067],[38.3449,8.9062],[38.344,8.9062],[38.3433,8.907],[38.3443,8.9077],[38.3442,8.9085],[38.3437,8.9095],[38.3421,8.9104],[38.3407,8.9108],[38.3385,8.9105],[38.337,8.9116],[38.3352,8.9134],[38.3346,8.9137],[38.3337,8.9136],[38.3327,8.9129],[38.331,8.9119],[38.3299,8.9116],[38.3284,8.9115],[38.3282,8.9108],[38.3281,8.91],[38.3278,8.9091],[38.3264,8.9086],[38.3247,8.9082],[38.3232,8.9083],[38.3222,8.9073],[38.3216,8.9063],[38.3208,8.9037],[38.3203,8.9034],[38.3185,8.9038],[38.317,8.9042],[38.3164,8.9051],[38.3145,8.9069],[38.3133,8.9094],[38.3127,8.9101],[38.3104,8.9122],[38.3088,8.912],[38.3067,8.9122],[38.3055,8.9134],[38.3051,8.9154],[38.3044,8.9167],[38.3014,8.9203],[38.3005,8.9211],[38.3006,8.9228],[38.2995,8.924],[38.2984,8.925],[38.2967,8.9256],[38.2958,8.9259],[38.2938,8.9251],[38.2925,8.9257],[38.291,8.9256],[38.2877,8.9252],[38.2855,8.9237],[38.2843,8.924],[38.2838,8.9234],[38.2838,8.9229],[38.2829,8.9222],[38.2821,8.9221],[38.2806,8.9248],[38.2801,8.9251],[38.2782,8.9242],[38.2757,8.9246],[38.2713,8.9254],[38.2676,8.9278],[38.2663,8.9296],[38.2649,8.9292],[38.2629,8.9301],[38.2627,8.9304],[38.2619,8.9306],[38.2592,8.9311],[38.2589,8.9314],[38.2583,8.9328],[38.2592,8.9329],[38.2589,8.9342],[38.2578,8.934],[38.2578,8.9332],[38.2573,8.9329],[38.2569,8.9331],[38.2554,8.9343],[38.255,8.9349],[38.2547,8.9357],[38.2553,8.9371],[38.2556,8.9382],[38.2547,8.9389],[38.254,8.939],[38.2527,8.9392],[38.2521,8.94],[38.2518,8.9416],[38.2521,8.9439],[38.2528,8.9442],[38.2577,8.9472],[38.2602,8.9477],[38.2643,8.9487],[38.2675,8.9493],[38.2705,8.95],[38.2706,8.9499],[38.2771,8.9513],[38.2848,8.9531],[38.2889,8.9544],[38.2926,8.9551],[38.2945,8.9579],[38.297,8.9584],[38.298,8.9604],[38.2992,8.9627],[38.3007,8.9678],[38.3015,8.9704],[38.3028,8.9732],[38.3045,8.976],[38.308,8.9752],[38.3122,8.9744],[38.3151,8.9741],[38.3174,8.9738],[38.3176,8.9745],[38.3173,8.9754],[38.3177,8.9779],[38.3181,8.9793],[38.3178,8.9808],[38.3182,8.9819],[38.3182,8.9827],[38.3179,8.9834],[38.3184,8.9856],[38.3179,8.9867],[38.3173,8.9874],[38.3177,8.9895],[38.3182,8.991],[38.3198,8.9924],[38.3206,8.9937],[38.3206,8.9955],[38.3217,8.9958],[38.3218,8.9962],[38.3216,8.9971],[38.322,8.9972],[38.322,8.9981],[38.3228,8.9986],[38.3229,8.9995],[38.3231,9.0],[38.3228,9.0014],[38.3226,9.0041],[38.3228,9.0055],[38.3233,9.0073],[38.3229,9.0081],[38.3229,9.0097],[38.3233,9.0109],[38.3234,9.0117],[38.3233,9.0121],[38.324,9.0129],[38.3243,9.0137],[38.3238,9.016],[38.3246,9.0172],[38.3257,9.0184],[38.3266,9.0192],[38.3266,9.02],[38.3257,9.0204],[38.3258,9.0212],[38.3251,9.022],[38.3263,9.0236],[38.3271,9.0247],[38.3272,9.0258],[38.3271,9.0272],[38.3276,9.0278],[38.3281,9.0287],[38.3282,9.0301],[38.3287,9.0316],[38.3285,9.0353],[38.3284,9.0367],[38.3283,9.0383],[38.3281,9.0388],[38.3283,9.0402],[38.3282,9.0414],[38.3276,9.0425],[38.3281,9.0436],[38.3273,9.0451],[38.3269,9.0462],[38.3272,9.0481],[38.3283,9.05],[38.3293,9.051],[38.3294,9.0518],[38.3308,9.0522],[38.3315,9.0537],[38.3313,9.0558],[38.3312,9.0564],[38.3305,9.0586],[38.3301,9.0602],[38.33,9.0616],[38.3306,9.0632],[38.331,9.0644],[38.3309,9.066],[38.3321,9.0675],[38.3327,9.0681],[38.3328,9.0692],[38.334,9.0709],[38.3344,9.0723],[38.3352,9.0738],[38.3365,9.0756],[38.337,9.0761],[38.3369,9.0775],[38.3394,9.0814],[38.3406,9.0834],[38.3402,9.0841],[38.3388,9.0864],[38.3374,9.0889],[38.3363,9.0902],[38.3355,9.0899],[38.3343,9.0893],[38.3333,9.0886],[38.3331,9.0873],[38.3323,9.0876],[38.3312,9.0866],[38.3312,9.0862],[38.3306,9.0849],[38.3298,9.0845],[38.3288,9.0847],[38.328,9.0842],[38.3272,9.0823],[38.3264,9.0824],[38.3259,9.0817],[38.3258,9.0807],[38.325,9.0808],[38.3246,9.0803],[38.3239,9.0795],[38.3236,9.0774],[38.3232,9.0776],[38.3213,9.0812],[38.3205,9.082],[38.3194,9.0817],[38.317,9.0805],[38.313,9.079],[38.3096,9.0775],[38.3093,9.0764],[38.3085,9.0768],[38.3067,9.0783],[38.3036,9.0795],[38.3026,9.0803],[38.3023,9.0807],[38.3027,9.0807],[38.3014,9.0852],[38.301,9.0875],[38.3002,9.091],[38.3005,9.0921],[38.3001,9.0939],[38.2997,9.0953],[38.2993,9.0969],[38.2993,9.0975],[38.2996,9.0983],[38.3002,9.0995],[38.301,9.1005],[38.3013,9.1017],[38.3019,9.102],[38.3022,9.1025],[38.3022,9.1031],[38.3027,9.1037],[38.3027,9.1046],[38.3032,9.1054],[38.3026,9.1068],[38.3012,9.1096],[38.3004,9.1113],[38.2991,9.1136],[38.2976,9.1171],[38.297,9.1183],[38.2964,9.1187],[38.2954,9.1179],[38.2933,9.1152],[38.2929,9.1144],[38.2917,9.1126],[38.2901,9.1121],[38.2877,9.1122],[38.2871,9.1125],[38.2855,9.1138],[38.2846,9.1162],[38.2843,9.1174],[38.2842,9.1189],[38.2813,9.1223],[38.2794,9.125],[38.2773,9.1273],[38.2759,9.1289],[38.2752,9.13],[38.2744,9.1308],[38.2718,9.1315],[38.2717,9.1316],[38.272,9.1321],[38.2714,9.1341],[38.2694,9.1383],[38.2688,9.1412],[38.2679,9.1422],[38.2676,9.1435],[38.267,9.1436],[38.2664,9.1445],[38.2663,9.1468],[38.2659,9.1479],[38.266,9.1495],[38.2653,9.1514],[38.2625,9.1524],[38.2596,9.1532],[38.2594,9.1535],[38.2598,9.1543],[38.2598,9.1549],[38.2597,9.1565],[38.2588,9.1582],[38.2577,9.1585],[38.258,9.1593],[38.2585,9.1598],[38.2586,9.1608],[38.2583,9.1625],[38.2574,9.1632],[38.2581,9.1651],[38.2572,9.1669],[38.2565,9.1673],[38.2573,9.17],[38.2584,9.1712],[38.2592,9.171],[38.2598,9.1717],[38.2598,9.1723],[38.2606,9.1727],[38.2614,9.1727],[38.2626,9.1729],[38.2627,9.1745],[38.2626,9.1754],[38.2628,9.1769],[38.2631,9.1784],[38.2626,9.1796],[38.2627,9.1805],[38.2625,9.1812],[38.2621,9.1824],[38.2622,9.1828],[38.2622,9.1838],[38.2617,9.1844],[38.261,9.1848],[38.2598,9.186],[38.2594,9.1868],[38.2595,9.1888],[38.2591,9.1896],[38.2585,9.19],[38.2573,9.1917],[38.2543,9.1966],[38.2539,9.1972],[38.2539,9.1978],[38.2537,9.1995],[38.2532,9.2008],[38.2535,9.2018],[38.2533,9.2042],[38.2536,9.205],[38.254,9.2062],[38.2552,9.2068],[38.2554,9.2079],[38.2561,9.2091],[38.2566,9.2107],[38.2565,9.2117],[38.2562,9.2132],[38.2557,9.2144],[38.2546,9.2166],[38.254,9.2168],[38.2524,9.2168],[38.2522,9.217],[38.2517,9.2202],[38.2513,9.2208],[38.2514,9.2208],[38.2513,9.2222],[38.2507,9.2237],[38.2502,9.2246],[38.2497,9.2251],[38.2487,9.2254],[38.2479,9.2259],[38.2473,9.2266],[38.2469,9.2278],[38.2465,9.2285],[38.2479,9.2291],[38.2487,9.2296],[38.2506,9.2308],[38.2525,9.2324],[38.2543,9.2336],[38.2547,9.2329],[38.2546,9.2328],[38.2552,9.233],[38.2557,9.2335],[38.2572,9.2328],[38.2607,9.2317],[38.2637,9.23],[38.2642,9.2301],[38.2642,9.2299],[38.265,9.2302],[38.2658,9.2302],[38.2672,9.2307],[38.2694,9.2321],[38.2714,9.2327],[38.2732,9.233],[38.2753,9.233],[38.2777,9.2326],[38.2806,9.232],[38.2833,9.2316],[38.2854,9.2317],[38.2873,9.2314],[38.2884,9.2307],[38.2895,9.231],[38.29,9.2314],[38.2905,9.2314],[38.2919,9.2311],[38.2921,9.2308],[38.2918,9.228],[38.2928,9.2279],[38.2935,9.2275],[38.2941,9.2269],[38.2937,9.2262],[38.2914,9.2248],[38.2914,9.223],[38.2913,9.221],[38.2912,9.2198],[38.2899,9.2192],[38.2897,9.2177],[38.2901,9.2157],[38.2908,9.2153],[38.293,9.2149],[38.2944,9.2144],[38.2955,9.2149],[38.2964,9.214],[38.297,9.2141],[38.299,9.2148],[38.3016,9.2157],[38.3043,9.2161],[38.3063,9.2165],[38.3063,9.2176],[38.3064,9.2185],[38.306,9.2194],[38.3057,9.2197],[38.3044,9.2204],[38.3038,9.2208],[38.3034,9.2215],[38.3035,9.222],[38.3038,9.2224],[38.3047,9.2229],[38.3056,9.2236],[38.306,9.2244],[38.3062,9.2251],[38.3062,9.2263],[38.3061,9.2282],[38.3065,9.2293],[38.3078,9.2294],[38.3089,9.2301],[38.3098,9.2311],[38.3106,9.2318],[38.3112,9.2321],[38.3128,9.2324],[38.3166,9.233],[38.3182,9.2333],[38.3189,9.2336],[38.3201,9.2337],[38.321,9.2333],[38.3217,9.2334],[38.3234,9.2339],[38.3246,9.2339],[38.327,9.2338],[38.3277,9.234],[38.3293,9.2342],[38.3296,9.2341],[38.3302,9.2332],[38.3305,9.2309],[38.3306,9.2295],[38.3317,9.2284],[38.3324,9.228],[38.3337,9.2271],[38.334,9.2269],[38.3351,9.2267],[38.3374,9.2274],[38.3398,9.2279],[38.3404,9.2279],[38.3439,9.2276],[38.3455,9.2278],[38.3485,9.2285],[38.3508,9.229],[38.3528,9.2293],[38.3546,9.2299],[38.3554,9.2305],[38.357,9.2314],[38.3584,9.2316],[38.3592,9.2316],[38.3608,9.231],[38.3618,9.2322],[38.3619,9.2325],[38.3619,9.2333],[38.3616,9.235],[38.3611,9.2354],[38.3603,9.236],[38.3593,9.2373],[38.3612,9.2381],[38.3619,9.2387],[38.3632,9.2393],[38.3645,9.24],[38.3664,9.2406],[38.3683,9.2416],[38.3703,9.2397],[38.3707,9.2385],[38.3714,9.2373],[38.3722,9.2371],[38.3754,9.2382],[38.3763,9.2386],[38.3763,9.2389],[38.3759,9.2398],[38.3756,9.2406],[38.3749,9.2424],[38.3749,9.2428],[38.3754,9.2435],[38.376,9.2437],[38.377,9.2434],[38.3796,9.2427],[38.3807,9.2426],[38.3812,9.2427],[38.382,9.2425],[38.3835,9.2426],[38.3855,9.2426],[38.3867,9.2427],[38.3881,9.243],[38.3898,9.243],[38.3905,9.2433],[38.3927,9.2435],[38.3939,9.2437],[38.3953,9.2439],[38.3975,9.2442],[38.3976,9.2444],[38.3969,9.2454],[38.3961,9.2459],[38.3948,9.2463],[38.3939,9.2469],[38.3937,9.2476],[38.3938,9.2485],[38.3954,9.2487],[38.3961,9.2489],[38.3972,9.2491],[38.3983,9.2492],[38.4,9.2501],[38.4008,9.2498],[38.4014,9.2478],[38.4019,9.2467],[38.402,9.2459],[38.4028,9.2448],[38.4029,9.2432],[38.4028,9.2428],[38.4029,9.2416],[38.4029,9.238],[38.4027,9.2356],[38.4027,9.2343],[38.4033,9.2336],[38.4033,9.2326],[38.403,9.232],[38.4033,9.2312],[38.4033,9.2305],[38.4037,9.2288],[38.4043,9.2282],[38.4044,9.2275],[38.4038,9.2269],[38.4037,9.2264],[38.4037,9.2253],[38.4036,9.2238],[38.4037,9.2233],[38.4036,9.2231],[38.4038,9.222],[38.4043,9.2204],[38.4047,9.2193],[38.4052,9.2189],[38.4052,9.2181],[38.4057,9.2168],[38.406,9.2158],[38.4058,9.2146],[38.4061,9.2141],[38.4067,9.2139],[38.4074,9.2134],[38.4077,9.2129],[38.4077,9.2125],[38.4089,9.2118],[38.4094,9.2109],[38.41,9.2103],[38.4102,9.2085],[38.4109,9.2085],[38.4111,9.2081],[38.4112,9.2071],[38.4116,9.2063],[38.4117,9.2056],[38.4118,9.2046],[38.4119,9.2036],[38.4125,9.2025],[38.4121,9.2],[38.4121,9.1994],[38.412,9.1981],[38.4121,9.1978],[38.4126,9.1975],[38.413,9.1969],[38.4139,9.1959],[38.4144,9.1947],[38.4149,9.1944],[38.4155,9.1944],[38.4153,9.1932],[38.4149,9.1922],[38.4152,9.191],[38.4157,9.1905],[38.4163,9.19]]]}},{"type":"Feature","properties":{"id":"LW064","woreda":"Welmera","zone":"West Shewa","region":"Oromia","area_km2":437.0,"lat":9.1561,"lon":38.5136},"geometry":{"type":"MultiPolygon","coordinates":[[[[38.4168,9.1911],[38.4187,9.1915],[38.4214,9.1927],[38.4237,9.1934],[38.4243,9.1938],[38.4248,9.1939],[38.4256,9.1942],[38.4281,9.1957],[38.4312,9.1954],[38.4303,9.1968],[38.4298,9.1967],[38.4276,9.1978],[38.4255,9.1985],[38.4234,9.1995],[38.4232,9.2002],[38.425,9.2002],[38.4267,9.2001],[38.4277,9.2002],[38.4291,9.2002],[38.4332,9.2005],[38.4392,9.2007],[38.4392,9.2026],[38.439,9.2049],[38.441,9.2091],[38.4418,9.2082],[38.4427,9.2074],[38.4451,9.2057],[38.4467,9.2046],[38.4483,9.2038],[38.4487,9.2041],[38.4493,9.2056],[38.4498,9.2056],[38.4501,9.2066],[38.4516,9.2095],[38.4525,9.2099],[38.453,9.2113],[38.4542,9.2131],[38.4554,9.2143],[38.4564,9.2149],[38.457,9.2159],[38.4581,9.2169],[38.4585,9.2181],[38.458,9.2195],[38.4561,9.2205],[38.4546,9.2205],[38.4541,9.2203],[38.4529,9.2209],[38.4516,9.222],[38.4503,9.2242],[38.4491,9.2254],[38.4478,9.2265],[38.4469,9.2266],[38.4449,9.2273],[38.4447,9.2271],[38.4439,9.2241],[38.4437,9.2234],[38.4435,9.2219],[38.4423,9.2226],[38.4417,9.2253],[38.4418,9.2273],[38.4418,9.2288],[38.4419,9.2301],[38.4419,9.2308],[38.4422,9.232],[38.4425,9.233],[38.4432,9.2346],[38.444,9.2357],[38.4443,9.2366],[38.4448,9.2367],[38.4495,9.2354],[38.4508,9.2348],[38.4545,9.2336],[38.4556,9.233],[38.4568,9.2324],[38.4577,9.2319],[38.4589,9.2318],[38.4599,9.2315],[38.4615,9.2311],[38.4634,9.2313],[38.4638,9.2331],[38.464,9.2342],[38.4628,9.2346],[38.4618,9.2355],[38.4618,9.236],[38.4631,9.2375],[38.464,9.2381],[38.4648,9.2397],[38.4653,9.2403],[38.466,9.2403],[38.4665,9.24],[38.4669,9.2401],[38.4677,9.2394],[38.4688,9.239],[38.4695,9.238],[38.4694,9.2378],[38.4697,9.2365],[38.4701,9.2357],[38.4703,9.2352],[38.4718,9.2328],[38.4725,9.232],[38.4734,9.2304],[38.4736,9.2301],[38.474,9.2291],[38.4745,9.2285],[38.4756,9.2276],[38.4774,9.2267],[38.479,9.2268],[38.4818,9.2273],[38.4833,9.2278],[38.4846,9.2285],[38.4879,9.2289],[38.5005,9.2327],[38.5033,9.231],[38.5058,9.2295],[38.5058,9.2275],[38.5064,9.2247],[38.5066,9.2228],[38.5066,9.2217],[38.5073,9.2204],[38.5058,9.2186],[38.5066,9.2156],[38.5071,9.2124],[38.5075,9.2111],[38.5074,9.2098],[38.5077,9.2087],[38.5081,9.2062],[38.5083,9.2044],[38.5084,9.2028],[38.5089,9.2009],[38.5099,9.2004],[38.5108,9.2005],[38.5118,9.1999],[38.5125,9.1999],[38.5128,9.1994],[38.514,9.1995],[38.515,9.2],[38.5157,9.2006],[38.5159,9.201],[38.5169,9.2002],[38.5182,9.1993],[38.5186,9.1992],[38.5188,9.1997],[38.52,9.2034],[38.5202,9.2044],[38.521,9.205],[38.5229,9.2055],[38.5246,9.2063],[38.5258,9.2071],[38.5273,9.2086],[38.5279,9.2094],[38.5289,9.2109],[38.5301,9.2123],[38.5305,9.2127],[38.5304,9.2112],[38.5308,9.2096],[38.531,9.2082],[38.5309,9.2059],[38.5307,9.204],[38.5315,9.2041],[38.5326,9.2048],[38.5342,9.2054],[38.5346,9.2058],[38.5358,9.2076],[38.5368,9.2084],[38.5371,9.2092],[38.5369,9.2099],[38.5369,9.2108],[38.5367,9.2124],[38.5367,9.2132],[38.5359,9.2147],[38.5378,9.2143],[38.5404,9.2136],[38.5424,9.2127],[38.544,9.2115],[38.5446,9.2108],[38.547,9.2096],[38.5487,9.2088],[38.5475,9.2068],[38.5462,9.2047],[38.5468,9.204],[38.5483,9.2028],[38.5487,9.2022],[38.5478,9.2024],[38.5464,9.2034],[38.5445,9.2041],[38.5422,9.205],[38.5413,9.2051],[38.5386,9.2046],[38.5368,9.2037],[38.5346,9.2022],[38.5352,9.2],[38.5357,9.1986],[38.5365,9.1967],[38.5383,9.1927],[38.5387,9.1911],[38.5408,9.1904],[38.5439,9.19],[38.5446,9.1896],[38.5452,9.1887],[38.5456,9.1877],[38.5462,9.1873],[38.5515,9.1854],[38.5522,9.1852],[38.5523,9.1738],[38.5537,9.1723],[38.5548,9.1721],[38.5554,9.1718],[38.5596,9.1741],[38.5623,9.1698],[38.5636,9.1685],[38.5641,9.1686],[38.5644,9.169],[38.5648,9.1684],[38.574,9.179],[38.5748,9.1778],[38.5761,9.1747],[38.5786,9.1727],[38.58,9.1728],[38.5807,9.1735],[38.5815,9.1744],[38.5836,9.1744],[38.5847,9.1741],[38.5857,9.1741],[38.5882,9.1758],[38.5886,9.1763],[38.5979,9.1805],[38.6048,9.1792],[38.6057,9.1797],[38.6063,9.1798],[38.6078,9.1806],[38.6114,9.1817],[38.6118,9.1798],[38.6125,9.178],[38.6133,9.1791],[38.6136,9.1805],[38.6131,9.182],[38.6133,9.1829],[38.6138,9.1842],[38.6139,9.1859],[38.6135,9.1872],[38.6133,9.189],[38.6139,9.1901],[38.6143,9.1918],[38.6153,9.192],[38.6163,9.1927],[38.6174,9.1933],[38.6191,9.1931],[38.6215,9.193],[38.6221,9.1927],[38.6226,9.1918],[38.6227,9.1906],[38.6233,9.1897],[38.6242,9.1887],[38.6256,9.1876],[38.6279,9.1857],[38.6293,9.1849],[38.631,9.185],[38.6325,9.1854],[38.6335,9.1861],[38.6344,9.187],[38.6351,9.187],[38.6357,9.1868],[38.6367,9.1859],[38.6377,9.185],[38.6388,9.1846],[38.6396,9.1851],[38.6418,9.1859],[38.644,9.1866],[38.6492,9.1868],[38.6506,9.1854],[38.6514,9.1841],[38.6526,9.1827],[38.6523,9.182],[38.6516,9.1807],[38.6513,9.179],[38.6518,9.1786],[38.6522,9.1777],[38.6533,9.177],[38.6542,9.1763],[38.655,9.1762],[38.6562,9.1748],[38.6567,9.1744],[38.6577,9.1731],[38.6594,9.173],[38.6609,9.1737],[38.6624,9.1745],[38.6635,9.1753],[38.6643,9.1743],[38.6664,9.1724],[38.6672,9.1721],[38.6681,9.1723],[38.67,9.1715],[38.671,9.1719],[38.6713,9.1731],[38.672,9.1737],[38.6722,9.1738],[38.6716,9.1711],[38.6725,9.1676],[38.6737,9.1645],[38.6719,9.1596],[38.6694,9.1568],[38.6652,9.1516],[38.6606,9.1495],[38.6526,9.1508],[38.6446,9.1537],[38.6362,9.1574],[38.6361,9.1579],[38.6327,9.1602],[38.6251,9.1576],[38.6199,9.1614],[38.6155,9.1581],[38.612,9.1543],[38.6042,9.1452],[38.5931,9.1384],[38.5834,9.1364],[38.5755,9.135],[38.5708,9.1357],[38.5648,9.1312],[38.5638,9.1287],[38.5629,9.1291],[38.5592,9.1296],[38.5546,9.1309],[38.553,9.1253],[38.5523,9.1231],[38.5489,9.1184],[38.5442,9.1157],[38.5432,9.1124],[38.5422,9.1079],[38.5428,9.1063],[38.5422,9.1043],[38.542,9.1008],[38.5432,9.1001],[38.5442,9.0995],[38.5443,9.096],[38.5425,9.0931],[38.5417,9.0878],[38.5449,9.0792],[38.5474,9.0731],[38.5468,9.0717],[38.5465,9.0719],[38.5416,9.073],[38.5418,9.0738],[38.5414,9.0741],[38.5409,9.0742],[38.5387,9.0743],[38.5374,9.0751],[38.5354,9.0777],[38.5351,9.0787],[38.5344,9.0799],[38.5333,9.0818],[38.5321,9.083],[38.5305,9.0837],[38.5295,9.0842],[38.5292,9.0849],[38.5295,9.0854],[38.5308,9.0867],[38.531,9.0874],[38.532,9.0879],[38.5322,9.0878],[38.5327,9.0879],[38.5328,9.0888],[38.5332,9.0894],[38.5331,9.0899],[38.5337,9.0905],[38.5335,9.0922],[38.5335,9.0926],[38.533,9.0933],[38.5303,9.0937],[38.5296,9.0938],[38.5292,9.0946],[38.5292,9.0955],[38.5287,9.0952],[38.5281,9.0962],[38.5279,9.097],[38.5285,9.0977],[38.5285,9.0978],[38.5272,9.098],[38.5268,9.0979],[38.5261,9.0976],[38.526,9.0987],[38.5258,9.0997],[38.5257,9.0998],[38.5245,9.1008],[38.5218,9.1035],[38.5176,9.1008],[38.5163,9.1004],[38.5139,9.0983],[38.5091,9.0959],[38.5016,9.094],[38.4974,9.0925],[38.4957,9.0931],[38.4943,9.0932],[38.4937,9.094],[38.492,9.0945],[38.4895,9.094],[38.4865,9.0936],[38.4837,9.091],[38.4805,9.091],[38.478,9.09],[38.4784,9.0913],[38.4792,9.0947],[38.4784,9.0977],[38.4777,9.0992],[38.4758,9.1001],[38.4737,9.1006],[38.4719,9.1008],[38.4692,9.1006],[38.4665,9.1002],[38.4644,9.1001],[38.4627,9.1005],[38.4612,9.1012],[38.4603,9.1029],[38.4599,9.1041],[38.4598,9.1061],[38.4591,9.1074],[38.4584,9.1077],[38.457,9.1078],[38.455,9.1079],[38.4528,9.1079],[38.4493,9.1074],[38.4465,9.1072],[38.4447,9.107],[38.4431,9.1071],[38.4416,9.1065],[38.4409,9.1061],[38.4394,9.1066],[38.4376,9.1075],[38.4361,9.1085],[38.4349,9.1092],[38.4333,9.1097],[38.4333,9.1103],[38.4333,9.1123],[38.4336,9.113],[38.4331,9.113],[38.4316,9.1125],[38.4309,9.1121],[38.4297,9.1126],[38.4281,9.1134],[38.427,9.114],[38.4262,9.1148],[38.4253,9.1153],[38.4247,9.1161],[38.4253,9.117],[38.4259,9.1177],[38.4273,9.1207],[38.4283,9.1221],[38.4275,9.1228],[38.4259,9.1244],[38.4256,9.125],[38.4255,9.1258],[38.425,9.1268],[38.4244,9.128],[38.4234,9.1303],[38.4232,9.1311],[38.4223,9.1326],[38.4218,9.1331],[38.4209,9.1336],[38.4201,9.134],[38.4188,9.1347],[38.418,9.1351],[38.4175,9.1356],[38.4174,9.137],[38.4176,9.1372],[38.4182,9.1374],[38.4178,9.1383],[38.4183,9.1386],[38.4176,9.1391],[38.4172,9.1395],[38.417,9.1401],[38.4163,9.1409],[38.415,9.1417],[38.4144,9.1424],[38.4137,9.1436],[38.4132,9.1444],[38.413,9.1453],[38.413,9.1463],[38.4136,9.1471],[38.4136,9.148],[38.4128,9.1492],[38.4122,9.1498],[38.4119,9.1508],[38.4126,9.1517],[38.413,9.1517],[38.4133,9.1536],[38.4141,9.154],[38.4138,9.155],[38.4136,9.1554],[38.4132,9.157],[38.4128,9.1577],[38.4125,9.1587],[38.4129,9.1589],[38.4131,9.1593],[38.4129,9.1598],[38.4134,9.1605],[38.4131,9.1618],[38.4144,9.1624],[38.4148,9.1633],[38.4149,9.1643],[38.4158,9.165],[38.4159,9.1656],[38.4162,9.1661],[38.4166,9.1662],[38.4171,9.1657],[38.418,9.1667],[38.4183,9.1667],[38.4185,9.1675],[38.4195,9.1695],[38.4186,9.17],[38.4186,9.1703],[38.4194,9.1712],[38.4197,9.1716],[38.4192,9.1721],[38.4193,9.173],[38.4205,9.1727],[38.4209,9.1735],[38.4206,9.1743],[38.4201,9.1746],[38.4193,9.1748],[38.4189,9.1752],[38.419,9.1756],[38.4197,9.1753],[38.4202,9.1782],[38.42,9.1791],[38.4209,9.1793],[38.4207,9.1817],[38.4207,9.1826],[38.421,9.1833],[38.4206,9.1835],[38.4196,9.1837],[38.4194,9.184],[38.4194,9.1852],[38.4192,9.1858],[38.4186,9.1863],[38.4179,9.1874],[38.418,9.1879],[38.4179,9.1888],[38.4163,9.19],[38.4157,9.1905],[38.4168,9.1911]]],[[[38.4569,9.0486],[38.4594,9.0482],[38.4633,9.0476],[38.466,9.046],[38.4672,9.0447],[38.4683,9.0432],[38.4704,9.0419],[38.4761,9.0348],[38.4805,9.0349],[38.4832,9.0352],[38.4848,9.0334],[38.4867,9.0325],[38.4871,9.0306],[38.4895,9.0285],[38.4903,9.028],[38.4916,9.0278],[38.4922,9.0278],[38.4931,9.028],[38.4937,9.0279],[38.4938,9.0272],[38.4944,9.0267],[38.4956,9.0265],[38.4959,9.0262],[38.4958,9.0232],[38.4965,9.0215],[38.4989,9.0179],[38.5026,9.0194],[38.5032,9.0202],[38.5059,9.0252],[38.5077,9.0241],[38.5086,9.0246],[38.5091,9.0258],[38.5092,9.0266],[38.5103,9.0271],[38.5113,9.0289],[38.5132,9.0305],[38.5145,9.0311],[38.5208,9.034],[38.5247,9.036],[38.527,9.0359],[38.527,9.0358],[38.5284,9.0343],[38.5312,9.0328],[38.5333,9.0327],[38.5338,9.0321],[38.5334,9.0293],[38.5326,9.0279],[38.5319,9.0276],[38.5317,9.0251],[38.5324,9.0232],[38.5336,9.0212],[38.5345,9.0205],[38.5367,9.0195],[38.5387,9.0191],[38.5398,9.0196],[38.5412,9.0197],[38.5433,9.0185],[38.5447,9.0176],[38.5465,9.0177],[38.5484,9.0169],[38.5487,9.0169],[38.5496,9.0163],[38.5501,9.0163],[38.5506,9.0159],[38.5505,9.015],[38.5522,9.0134],[38.5508,9.0116],[38.5495,9.0096],[38.549,9.008],[38.5486,9.0074],[38.5455,9.0054],[38.5438,9.0039],[38.5422,9.002],[38.5416,9.0001],[38.538,8.9966],[38.5316,8.9901],[38.53,8.9879],[38.5257,8.9867],[38.5234,8.9843],[38.5242,8.9813],[38.5232,8.9736],[38.5232,8.9725],[38.5231,8.9718],[38.5231,8.9685],[38.5251,8.9663],[38.5235,8.9621],[38.5232,8.9616],[38.5224,8.9596],[38.5216,8.9589],[38.5215,8.9558],[38.5216,8.9552],[38.5231,8.9527],[38.5241,8.9507],[38.5252,8.9488],[38.529,8.948],[38.5323,8.9456],[38.5304,8.9428],[38.5337,8.942],[38.5346,8.9424],[38.5359,8.942],[38.5355,8.9404],[38.5358,8.9398],[38.5362,8.9395],[38.5375,8.9393],[38.5385,8.9389],[38.5456,8.9386],[38.5442,8.9377],[38.5433,8.9369],[38.5417,8.9351],[38.5407,8.9344],[38.5398,8.9331],[38.5383,8.9307],[38.5382,8.93],[38.5382,8.9282],[38.5382,8.9267],[38.538,8.9257],[38.5379,8.9239],[38.5372,8.9228],[38.537,8.9215],[38.537,8.92],[38.5365,8.9194],[38.5364,8.9188],[38.536,8.9181],[38.5351,8.9179],[38.5345,8.9182],[38.5335,8.9185],[38.5323,8.9188],[38.5308,8.9187],[38.5306,8.9182],[38.5303,8.917],[38.5304,8.9164],[38.5294,8.9163],[38.5296,8.9155],[38.5296,8.9148],[38.5291,8.913],[38.5291,8.9118],[38.5288,8.9099],[38.5286,8.9054],[38.5295,8.9047],[38.5299,8.9043],[38.5289,8.9027],[38.5283,8.9011],[38.528,8.8997],[38.5275,8.8989],[38.5274,8.898],[38.5279,8.897],[38.5272,8.8958],[38.5269,8.895],[38.5266,8.8921],[38.5262,8.8903],[38.5255,8.8867],[38.5252,8.8847],[38.5235,8.8814],[38.5217,8.8756],[38.5217,8.8749],[38.5205,8.8712],[38.5201,8.869],[38.5195,8.8668],[38.5191,8.8653],[38.5182,8.8631],[38.5182,8.8613],[38.5173,8.8611],[38.5158,8.8605],[38.5146,8.8599],[38.5023,8.8584],[38.5016,8.859],[38.5009,8.8591],[38.5005,8.8596],[38.4866,8.8661],[38.4833,8.8683],[38.4825,8.8685],[38.4811,8.8688],[38.48,8.8692],[38.4605,8.8787],[38.4605,8.8789],[38.4557,8.879],[38.444,8.8795],[38.4388,8.8772],[38.4383,8.8778],[38.4379,8.8789],[38.4364,8.8794],[38.4355,8.88],[38.4358,8.8815],[38.435,8.882],[38.4352,8.8827],[38.4289,8.8859],[38.4283,8.8864],[38.4285,8.8873],[38.428,8.8874],[38.4274,8.888],[38.4274,8.8888],[38.4279,8.8892],[38.4269,8.8901],[38.4273,8.891],[38.4269,8.8912],[38.4224,8.8938],[38.4223,8.8957],[38.4082,8.9066],[38.4082,8.9072],[38.409,8.9084],[38.4089,8.9095],[38.4091,8.91],[38.4087,8.9107],[38.4084,8.9117],[38.4091,8.9124],[38.4092,8.913],[38.4091,8.9145],[38.408,8.9156],[38.4064,8.917],[38.4041,8.9189],[38.4022,8.9197],[38.4005,8.9202],[38.3967,8.9208],[38.3944,8.9217],[38.3925,8.923],[38.3913,8.9252],[38.3921,8.9258],[38.3931,8.928],[38.3937,8.929],[38.3924,8.9299],[38.3928,8.9314],[38.3927,8.9335],[38.3922,8.934],[38.3923,8.9352],[38.3931,8.9353],[38.3936,8.9359],[38.3944,8.9365],[38.3951,8.9348],[38.3962,8.9347],[38.3975,8.9356],[38.3986,8.9353],[38.4008,8.9361],[38.4012,8.9388],[38.4013,8.9407],[38.4018,8.9443],[38.4005,8.9461],[38.401,8.9469],[38.4027,8.9461],[38.4039,8.9466],[38.4052,8.9472],[38.4065,8.9484],[38.4087,8.9494],[38.4096,8.9511],[38.4105,8.9531],[38.412,8.9536],[38.4135,8.9543],[38.4137,8.9557],[38.4148,8.9554],[38.4159,8.9556],[38.4172,8.9559],[38.4175,8.955],[38.4181,8.9544],[38.42,8.955],[38.422,8.9555],[38.4231,8.9561],[38.4244,8.9577],[38.4248,8.9582],[38.4259,8.959],[38.4267,8.9598],[38.4267,8.9623],[38.4258,8.9632],[38.4266,8.964],[38.427,8.964],[38.4284,8.9648],[38.4279,8.9667],[38.4283,8.9668],[38.4292,8.9665],[38.4295,8.968],[38.4317,8.9676],[38.4341,8.9677],[38.4352,8.9682],[38.4359,8.9682],[38.4362,8.9671],[38.4371,8.9658],[38.4387,8.9666],[38.4412,8.9657],[38.4423,8.9668],[38.442,8.9678],[38.4427,8.9707],[38.4419,8.9744],[38.4405,8.9788],[38.4405,8.9796],[38.4395,8.9827],[38.4392,8.9843],[38.4392,8.9871],[38.4401,8.9894],[38.4419,8.9909],[38.4438,8.9926],[38.4457,8.9939],[38.4472,8.9953],[38.4501,8.9959],[38.4513,8.9976],[38.452,8.9986],[38.4527,9.0012],[38.4523,9.0023],[38.4523,9.0051],[38.4529,9.006],[38.4542,9.0072],[38.4555,9.008],[38.4564,9.0103],[38.4568,9.0116],[38.457,9.0127],[38.4582,9.0167],[38.4576,9.0192],[38.4559,9.023],[38.4556,9.0252],[38.4565,9.0267],[38.4569,9.0305],[38.4565,9.0311],[38.4556,9.0326],[38.4549,9.0341],[38.4543,9.0362],[38.4535,9.0368],[38.4528,9.0397],[38.4528,9.0418],[38.4524,9.0436],[38.4535,9.0449],[38.4553,9.0462],[38.4562,9.0483],[38.4561,9.0491],[38.4569,9.0486]]]]}},{"type":"Feature","properties":{"id":"LW065","woreda":"Gorche","zone":"Northern","region":"Sidama","area_km2":169.5,"lat":6.8154,"lon":38.6001},"geometry":{"type":"Polygon","coordinates":[[[38.5446,6.8053],[38.5442,6.8063],[38.5435,6.8058],[38.5428,6.8071],[38.5422,6.8091],[38.5422,6.8101],[38.5428,6.8109],[38.5447,6.8108],[38.5454,6.811],[38.5461,6.8107],[38.5469,6.8112],[38.5477,6.8122],[38.5483,6.8122],[38.5493,6.8113],[38.5503,6.8113],[38.5519,6.8111],[38.5517,6.8097],[38.5518,6.8093],[38.552,6.8094],[38.553,6.8094],[38.5544,6.8097],[38.555,6.8106],[38.5549,6.8113],[38.5537,6.8139],[38.5539,6.814],[38.5551,6.8142],[38.5555,6.8145],[38.5572,6.8162],[38.5577,6.8174],[38.5573,6.8182],[38.5563,6.8184],[38.5549,6.819],[38.5548,6.8197],[38.5542,6.8201],[38.5537,6.8206],[38.554,6.821],[38.5542,6.8219],[38.5545,6.8224],[38.5557,6.8234],[38.555,6.824],[38.5545,6.824],[38.5539,6.8244],[38.5539,6.8251],[38.5533,6.8253],[38.5532,6.8262],[38.5542,6.8262],[38.5542,6.8269],[38.5535,6.8277],[38.5521,6.8291],[38.5522,6.8302],[38.5506,6.8316],[38.5497,6.8328],[38.5501,6.8332],[38.5513,6.8337],[38.5518,6.8341],[38.5509,6.8354],[38.5515,6.8363],[38.552,6.8373],[38.5518,6.8376],[38.5512,6.8375],[38.5506,6.8376],[38.5501,6.8371],[38.5491,6.8367],[38.5483,6.8375],[38.5467,6.8376],[38.5461,6.8372],[38.5456,6.8373],[38.5456,6.8386],[38.545,6.8398],[38.5458,6.8405],[38.5447,6.8407],[38.5445,6.8418],[38.5445,6.8424],[38.5457,6.8423],[38.548,6.8424],[38.5491,6.8453],[38.5507,6.8445],[38.5514,6.8457],[38.5508,6.8478],[38.5513,6.8488],[38.551,6.8497],[38.5516,6.8508],[38.5518,6.8507],[38.5531,6.8511],[38.5537,6.8523],[38.5541,6.8541],[38.5528,6.8558],[38.5514,6.8584],[38.5503,6.8596],[38.5484,6.8598],[38.5466,6.8602],[38.5459,6.8605],[38.5439,6.8601],[38.5428,6.861],[38.5419,6.8613],[38.5399,6.8612],[38.539,6.8619],[38.5381,6.8619],[38.5376,6.8617],[38.5372,6.862],[38.5386,6.8635],[38.5372,6.865],[38.537,6.8651],[38.5349,6.8645],[38.5325,6.8639],[38.5311,6.8638],[38.5302,6.8637],[38.5302,6.8647],[38.5291,6.8645],[38.5285,6.8648],[38.5277,6.8651],[38.5284,6.8654],[38.5311,6.8671],[38.5312,6.8674],[38.5289,6.8703],[38.528,6.8698],[38.5272,6.8706],[38.5258,6.8714],[38.5255,6.8714],[38.5248,6.8702],[38.5238,6.8707],[38.5243,6.8732],[38.5243,6.8739],[38.5227,6.8737],[38.5223,6.8747],[38.5206,6.8741],[38.5196,6.8738],[38.5191,6.8744],[38.5187,6.8755],[38.5181,6.8753],[38.5172,6.8748],[38.5164,6.8749],[38.5164,6.8753],[38.5167,6.8799],[38.5173,6.881],[38.5189,6.8807],[38.5199,6.8811],[38.5206,6.8814],[38.5216,6.8814],[38.5216,6.8823],[38.5215,6.8825],[38.5233,6.8827],[38.524,6.8812],[38.5247,6.8813],[38.5255,6.8823],[38.5267,6.8866],[38.5271,6.8874],[38.5276,6.8873],[38.5285,6.8868],[38.5289,6.8863],[38.5292,6.8864],[38.5304,6.8873],[38.5313,6.8876],[38.5322,6.8885],[38.5333,6.8892],[38.5355,6.8892],[38.536,6.8894],[38.5377,6.8894],[38.5379,6.8896],[38.5379,6.8899],[38.5384,6.891],[38.5379,6.8923],[38.5375,6.8931],[38.5386,6.8968],[38.5388,6.897],[38.54,6.8969],[38.5449,6.8957],[38.5449,6.8956],[38.5462,6.8956],[38.5505,6.8948],[38.5516,6.8948],[38.5521,6.8947],[38.553,6.8948],[38.5549,6.8943],[38.556,6.894],[38.5569,6.8924],[38.5578,6.8909],[38.5591,6.89],[38.5591,6.8901],[38.5609,6.8895],[38.5616,6.8895],[38.5629,6.8901],[38.564,6.8907],[38.5647,6.8908],[38.5652,6.8905],[38.5659,6.8898],[38.5678,6.8891],[38.5703,6.8893],[38.5714,6.8892],[38.5723,6.8886],[38.5732,6.8881],[38.5737,6.888],[38.5738,6.8878],[38.5747,6.8875],[38.5769,6.8871],[38.5772,6.8864],[38.5786,6.8859],[38.5799,6.8857],[38.5803,6.885],[38.5827,6.8832],[38.5835,6.8831],[38.5841,6.8828],[38.5862,6.8824],[38.5867,6.8825],[38.5882,6.8849],[38.589,6.8856],[38.5888,6.8857],[38.588,6.8866],[38.5865,6.8879],[38.5852,6.8885],[38.5836,6.8896],[38.5834,6.8906],[38.5825,6.8912],[38.5808,6.8916],[38.5787,6.8924],[38.5768,6.8935],[38.5765,6.8949],[38.5773,6.895],[38.5788,6.8945],[38.5827,6.8931],[38.5845,6.8928],[38.5861,6.8918],[38.5871,6.8917],[38.5878,6.892],[38.5895,6.8916],[38.5935,6.8901],[38.5943,6.8895],[38.5948,6.8896],[38.595,6.8898],[38.5961,6.8897],[38.5984,6.8889],[38.5999,6.8885],[38.6023,6.8876],[38.604,6.8862],[38.6056,6.8849],[38.6066,6.8846],[38.6066,6.8855],[38.6087,6.8855],[38.6088,6.8859],[38.6086,6.8863],[38.6062,6.8886],[38.6062,6.8893],[38.6052,6.8897],[38.6037,6.8904],[38.6016,6.8909],[38.6002,6.8916],[38.5992,6.8915],[38.5986,6.8918],[38.5966,6.8921],[38.5966,6.8924],[38.5978,6.8941],[38.5977,6.8946],[38.597,6.8947],[38.5944,6.8956],[38.5924,6.8955],[38.5922,6.8959],[38.5928,6.8967],[38.5932,6.8981],[38.5933,6.9013],[38.5935,6.9022],[38.593,6.9046],[38.5933,6.9062],[38.5944,6.9086],[38.5953,6.9098],[38.5956,6.9094],[38.5958,6.9087],[38.5986,6.9075],[38.5991,6.9068],[38.5997,6.9069],[38.602,6.9066],[38.6032,6.9062],[38.6042,6.9058],[38.605,6.9057],[38.6064,6.9063],[38.6072,6.9062],[38.6082,6.9066],[38.6098,6.9064],[38.613,6.9063],[38.6148,6.906],[38.6168,6.9054],[38.617,6.9052],[38.617,6.9044],[38.6183,6.9024],[38.6198,6.9012],[38.6205,6.9011],[38.6215,6.9015],[38.6238,6.9019],[38.6253,6.9019],[38.6271,6.9017],[38.6275,6.9015],[38.6296,6.9009],[38.6305,6.9008],[38.6327,6.9006],[38.6351,6.9015],[38.6358,6.9025],[38.6358,6.9034],[38.6361,6.9043],[38.6366,6.9045],[38.6374,6.904],[38.6379,6.9036],[38.6384,6.9034],[38.6388,6.9028],[38.6393,6.9024],[38.6392,6.9021],[38.6408,6.9009],[38.6428,6.8991],[38.6438,6.8986],[38.6446,6.8981],[38.6447,6.8977],[38.6451,6.8977],[38.6455,6.8973],[38.6455,6.8971],[38.6462,6.8964],[38.6465,6.8958],[38.6469,6.8956],[38.6475,6.895],[38.6489,6.8944],[38.6497,6.8937],[38.6501,6.8931],[38.6508,6.8929],[38.6514,6.8916],[38.6519,6.8916],[38.6524,6.8913],[38.6533,6.8912],[38.6551,6.891],[38.6576,6.8899],[38.6587,6.8889],[38.659,6.8883],[38.6593,6.8882],[38.6598,6.8872],[38.6599,6.8866],[38.6604,6.8858],[38.6607,6.885],[38.662,6.8837],[38.6636,6.8829],[38.6655,6.8811],[38.6665,6.8798],[38.6672,6.8791],[38.6678,6.8783],[38.6689,6.8773],[38.6694,6.8768],[38.6696,6.8761],[38.6696,6.8752],[38.6695,6.8742],[38.6693,6.8732],[38.6684,6.8718],[38.6683,6.871],[38.6695,6.869],[38.6698,6.8678],[38.6699,6.8665],[38.6706,6.864],[38.6711,6.863],[38.6714,6.8609],[38.6712,6.8582],[38.6714,6.8562],[38.6717,6.8554],[38.672,6.8548],[38.6722,6.8539],[38.672,6.853],[38.6715,6.8517],[38.6712,6.8497],[38.6709,6.8478],[38.6714,6.8457],[38.6717,6.8449],[38.6718,6.8436],[38.672,6.8421],[38.672,6.8413],[38.6725,6.8405],[38.6731,6.8398],[38.6733,6.8398],[38.6749,6.836],[38.6676,6.8323],[38.6622,6.8277],[38.6553,6.8234],[38.6399,6.8127],[38.6364,6.7997],[38.636,6.7893],[38.6313,6.7878],[38.6306,6.7872],[38.6301,6.7862],[38.6288,6.7853],[38.6278,6.7842],[38.6256,6.7827],[38.6246,6.7806],[38.6244,6.7806],[38.6238,6.7794],[38.6234,6.7793],[38.6227,6.7802],[38.6218,6.7806],[38.6197,6.7811],[38.6186,6.7814],[38.618,6.7817],[38.6177,6.7809],[38.6176,6.78],[38.6173,6.7788],[38.6174,6.777],[38.6177,6.7766],[38.618,6.7766],[38.6184,6.7761],[38.6185,6.7751],[38.6182,6.7738],[38.618,6.7738],[38.6182,6.773],[38.6183,6.7708],[38.619,6.7695],[38.6194,6.7675],[38.6193,6.7667],[38.62,6.7649],[38.6215,6.7646],[38.6222,6.764],[38.6255,6.7637],[38.625,6.7631],[38.6243,6.7607],[38.624,6.7593],[38.6241,6.7572],[38.6239,6.7555],[38.6241,6.7545],[38.6241,6.7528],[38.6244,6.7517],[38.6255,6.7511],[38.6256,6.7501],[38.6251,6.749],[38.6242,6.7476],[38.6243,6.7466],[38.6253,6.7465],[38.6259,6.746],[38.6267,6.7457],[38.628,6.7447],[38.6287,6.7436],[38.6293,6.7421],[38.63,6.741],[38.6301,6.7402],[38.6299,6.7397],[38.6292,6.7394],[38.6284,6.738],[38.6276,6.7366],[38.6272,6.7354],[38.627,6.7346],[38.6268,6.7334],[38.6266,6.7327],[38.6275,6.732],[38.6275,6.7305],[38.6276,6.7285],[38.6279,6.7274],[38.6288,6.7267],[38.6307,6.7262],[38.6323,6.7259],[38.6329,6.7252],[38.633,6.7241],[38.6331,6.723],[38.6323,6.7223],[38.6317,6.7221],[38.631,6.7212],[38.6312,6.7209],[38.6304,6.7207],[38.6299,6.7209],[38.6294,6.7213],[38.628,6.7216],[38.6263,6.7225],[38.6248,6.7225],[38.6237,6.7226],[38.6235,6.723],[38.6231,6.7261],[38.6227,6.727],[38.6227,6.728],[38.6222,6.729],[38.6216,6.7295],[38.6213,6.7303],[38.6214,6.7315],[38.6217,6.7326],[38.6211,6.7334],[38.6208,6.7343],[38.6202,6.7347],[38.6195,6.7346],[38.6184,6.734],[38.6166,6.7339],[38.6154,6.7344],[38.6131,6.7353],[38.6124,6.7354],[38.611,6.7358],[38.6098,6.7372],[38.6095,6.7372],[38.6088,6.7364],[38.6073,6.7357],[38.607,6.7354],[38.6065,6.7343],[38.6065,6.7338],[38.6061,6.7332],[38.6046,6.7314],[38.6025,6.7292],[38.6013,6.7281],[38.6005,6.7272],[38.5994,6.726],[38.5986,6.7256],[38.5986,6.7267],[38.5988,6.7269],[38.5986,6.7276],[38.5985,6.7299],[38.5988,6.7318],[38.5989,6.7334],[38.5988,6.7342],[38.5977,6.7351],[38.5987,6.7363],[38.5993,6.7386],[38.6,6.7395],[38.6012,6.7407],[38.6018,6.7419],[38.602,6.7428],[38.6017,6.7432],[38.6019,6.7438],[38.6022,6.7464],[38.601,6.7483],[38.601,6.7488],[38.6007,6.7502],[38.5991,6.7512],[38.5986,6.7521],[38.5969,6.7539],[38.5967,6.7551],[38.5968,6.756],[38.5971,6.7573],[38.5972,6.7586],[38.5969,6.7603],[38.5969,6.7607],[38.5957,6.762],[38.5953,6.7631],[38.5944,6.7658],[38.5938,6.7674],[38.5934,6.7673],[38.5931,6.7669],[38.5927,6.7671],[38.5917,6.7672],[38.5906,6.7668],[38.5901,6.7666],[38.5895,6.7676],[38.5896,6.7702],[38.5883,6.7718],[38.5878,6.7725],[38.5875,6.7733],[38.5871,6.7738],[38.5854,6.7756],[38.5837,6.7781],[38.5826,6.7796],[38.5814,6.7808],[38.5798,6.7815],[38.5793,6.7824],[38.5792,6.7827],[38.5813,6.7834],[38.5837,6.7835],[38.5835,6.7842],[38.5831,6.785],[38.583,6.7861],[38.5826,6.7864],[38.5818,6.7877],[38.5813,6.7891],[38.5806,6.7903],[38.5793,6.7913],[38.577,6.7915],[38.5764,6.7919],[38.5759,6.7934],[38.5753,6.7947],[38.5727,6.7974],[38.5713,6.7979],[38.5696,6.7981],[38.5675,6.7979],[38.5659,6.7984],[38.5654,6.7991],[38.565,6.8006],[38.5624,6.8016],[38.5599,6.8016],[38.5592,6.8012],[38.5588,6.8023],[38.5579,6.8015],[38.5571,6.8014],[38.5566,6.8022],[38.5566,6.8028],[38.5565,6.8039],[38.5557,6.8042],[38.5553,6.805],[38.5547,6.8053],[38.5541,6.8061],[38.553,6.8068],[38.5516,6.8053],[38.5507,6.8047],[38.55,6.8047],[38.5488,6.805],[38.5457,6.8046],[38.545,6.8036],[38.5446,6.8053]]]}},{"type":"Feature","properties":{"id":"LW066","woreda":"Hawassa Zuria","zone":"Northern","region":"Sidama","area_km2":338.9,"lat":7.0496,"lon":38.3438},"geometry":{"type":"Polygon","coordinates":[[[38.4093,6.9419],[38.4079,6.9404],[38.4056,6.9383],[38.4056,6.9374],[38.4032,6.9384],[38.3988,6.9399],[38.3959,6.9411],[38.3957,6.9409],[38.3951,6.9412],[38.3943,6.9413],[38.3934,6.942],[38.3928,6.9424],[38.3921,6.9424],[38.3905,6.943],[38.3895,6.944],[38.3886,6.9444],[38.3883,6.9447],[38.3876,6.9446],[38.385,6.9452],[38.3837,6.9458],[38.3828,6.9457],[38.3814,6.9459],[38.3802,6.9463],[38.3787,6.947],[38.3775,6.9478],[38.3773,6.9485],[38.3759,6.95],[38.3742,6.9521],[38.3722,6.9498],[38.3713,6.9486],[38.3708,6.9475],[38.3702,6.9468],[38.3698,6.9457],[38.3691,6.9458],[38.367,6.946],[38.3667,6.9461],[38.3667,6.9506],[38.3662,6.9508],[38.3654,6.9521],[38.3652,6.9529],[38.3642,6.9531],[38.3623,6.9538],[38.3614,6.954],[38.3603,6.9556],[38.3599,6.9564],[38.3594,6.9569],[38.3587,6.9576],[38.3573,6.9576],[38.3551,6.958],[38.3536,6.958],[38.3522,6.9575],[38.3518,6.9576],[38.3521,6.9586],[38.3529,6.9603],[38.3532,6.9615],[38.3525,6.9617],[38.3501,6.9638],[38.3492,6.964],[38.3486,6.964],[38.3475,6.9645],[38.345,6.9661],[38.3436,6.9668],[38.3429,6.9671],[38.3412,6.9694],[38.341,6.9696],[38.3395,6.9714],[38.3388,6.9725],[38.3383,6.9736],[38.3378,6.9751],[38.3365,6.977],[38.3352,6.9784],[38.3344,6.9795],[38.3338,6.9808],[38.3333,6.9816],[38.3321,6.9821],[38.3291,6.9854],[38.3283,6.9855],[38.328,6.9878],[38.3264,6.988],[38.3248,6.9881],[38.3241,6.9876],[38.3217,6.9856],[38.3209,6.9846],[38.3202,6.9837],[38.32,6.9826],[38.3195,6.9812],[38.3189,6.98],[38.3186,6.9782],[38.3186,6.9763],[38.3187,6.9732],[38.3187,6.9723],[38.3175,6.9719],[38.3162,6.9718],[38.3157,6.9724],[38.3148,6.9732],[38.3138,6.9736],[38.3132,6.9736],[38.3116,6.9739],[38.3112,6.9738],[38.3102,6.9746],[38.3093,6.9755],[38.3084,6.9762],[38.3084,6.9771],[38.3077,6.9779],[38.3068,6.9784],[38.3053,6.9785],[38.3045,6.979],[38.3038,6.9801],[38.3021,6.9818],[38.3009,6.9827],[38.2983,6.9849],[38.298,6.9852],[38.2977,6.9873],[38.2972,6.9884],[38.2972,6.9892],[38.2966,6.9898],[38.2941,6.992],[38.2915,6.9941],[38.2895,6.9968],[38.2884,6.9986],[38.2878,7.0007],[38.2876,7.0009],[38.2867,7.0],[38.2861,7.0021],[38.2851,7.0044],[38.2841,7.0059],[38.2836,7.0065],[38.282,7.0094],[38.2817,7.0108],[38.2797,7.0116],[38.278,7.0116],[38.2777,7.0111],[38.2767,7.0088],[38.2762,7.0083],[38.2753,7.007],[38.2749,7.0067],[38.2746,7.0068],[38.2737,7.0084],[38.273,7.01],[38.2723,7.0097],[38.2715,7.0101],[38.2705,7.0106],[38.2709,7.0127],[38.271,7.0137],[38.2706,7.0155],[38.2703,7.016],[38.2703,7.0166],[38.2698,7.0169],[38.2682,7.0172],[38.2679,7.0181],[38.2673,7.0183],[38.2664,7.0193],[38.2657,7.0209],[38.2645,7.0212],[38.264,7.0223],[38.2634,7.0227],[38.2627,7.0227],[38.2611,7.0213],[38.2605,7.0213],[38.2568,7.0239],[38.2555,7.024],[38.2547,7.0243],[38.2545,7.0249],[38.2533,7.0259],[38.2519,7.0261],[38.2416,7.0282],[38.2463,7.039],[38.2544,7.0599],[38.2719,7.0835],[38.2892,7.1071],[38.3053,7.1216],[38.3134,7.1471],[38.3219,7.1617],[38.3422,7.1645],[38.3559,7.1472],[38.3569,7.1459],[38.3781,7.1298],[38.4006,7.1215],[38.4208,7.1225],[38.4425,7.1268],[38.46,7.1182],[38.4602,7.1172],[38.4159,6.9871],[38.4155,6.9866],[38.414,6.9858],[38.4138,6.9855],[38.4137,6.9851],[38.414,6.9831],[38.414,6.9812],[38.4139,6.9803],[38.4136,6.9805],[38.4123,6.979],[38.4114,6.9773],[38.4111,6.9754],[38.4103,6.9681],[38.4097,6.9661],[38.4087,6.9652],[38.4085,6.9633],[38.4088,6.9615],[38.4093,6.9603],[38.4095,6.9587],[38.41,6.9544],[38.41,6.9517],[38.4096,6.9503],[38.4085,6.946],[38.4095,6.9436],[38.4093,6.9426],[38.4093,6.9419]]]}},{"type":"Feature","properties":{"id":"LW067","woreda":"Malga","zone":"Northern","region":"Sidama","area_km2":179.0,"lat":6.9248,"lon":38.6243},"geometry":{"type":"Polygon","coordinates":[[[38.6733,6.8398],[38.6731,6.8398],[38.6725,6.8405],[38.672,6.8413],[38.672,6.8421],[38.6718,6.8436],[38.6717,6.8449],[38.6714,6.8457],[38.6709,6.8478],[38.6712,6.8497],[38.6715,6.8517],[38.672,6.853],[38.6722,6.8539],[38.672,6.8548],[38.6717,6.8554],[38.6714,6.8562],[38.6712,6.8582],[38.6714,6.8609],[38.6711,6.863],[38.6706,6.864],[38.6699,6.8665],[38.6698,6.8678],[38.6695,6.869],[38.6683,6.871],[38.6684,6.8718],[38.6693,6.8732],[38.6695,6.8742],[38.6696,6.8752],[38.6696,6.8761],[38.6694,6.8768],[38.6689,6.8773],[38.6678,6.8783],[38.6672,6.8791],[38.6665,6.8798],[38.6655,6.8811],[38.6636,6.8829],[38.662,6.8837],[38.6607,6.885],[38.6604,6.8858],[38.6599,6.8866],[38.6598,6.8872],[38.6593,6.8882],[38.659,6.8883],[38.6587,6.8889],[38.6576,6.8899],[38.6551,6.891],[38.6533,6.8912],[38.6524,6.8913],[38.6519,6.8916],[38.6514,6.8916],[38.6508,6.8929],[38.6501,6.8931],[38.6497,6.8937],[38.6489,6.8944],[38.6475,6.895],[38.6469,6.8956],[38.6465,6.8958],[38.6462,6.8964],[38.6455,6.8971],[38.6455,6.8973],[38.6451,6.8977],[38.6447,6.8977],[38.6446,6.8981],[38.6438,6.8986],[38.6428,6.8991],[38.6408,6.9009],[38.6392,6.9021],[38.6393,6.9024],[38.6388,6.9028],[38.6384,6.9034],[38.6379,6.9036],[38.6374,6.904],[38.6366,6.9045],[38.6361,6.9043],[38.6358,6.9034],[38.6358,6.9025],[38.6351,6.9015],[38.6327,6.9006],[38.6305,6.9008],[38.6296,6.9009],[38.6275,6.9015],[38.6271,6.9017],[38.6253,6.9019],[38.6238,6.9019],[38.6215,6.9015],[38.6205,6.9011],[38.6198,6.9012],[38.6183,6.9024],[38.617,6.9044],[38.617,6.9052],[38.6168,6.9054],[38.6148,6.906],[38.613,6.9063],[38.6098,6.9064],[38.6082,6.9066],[38.6072,6.9062],[38.6064,6.9063],[38.605,6.9057],[38.6042,6.9058],[38.6032,6.9062],[38.602,6.9066],[38.5997,6.9069],[38.5991,6.9068],[38.5986,6.9075],[38.5958,6.9087],[38.5956,6.9094],[38.5953,6.9098],[38.5951,6.9101],[38.5937,6.9105],[38.5919,6.9104],[38.5902,6.9097],[38.5869,6.9089],[38.5853,6.9092],[38.5839,6.9091],[38.5823,6.9081],[38.5817,6.9084],[38.5809,6.9092],[38.58,6.9095],[38.5788,6.91],[38.5764,6.9117],[38.5749,6.9113],[38.574,6.9114],[38.5722,6.9129],[38.5693,6.9132],[38.5684,6.9135],[38.5664,6.914],[38.565,6.9146],[38.562,6.9159],[38.5602,6.9169],[38.5595,6.9166],[38.5584,6.9153],[38.5564,6.9157],[38.5553,6.9161],[38.555,6.9163],[38.5546,6.9154],[38.5546,6.9146],[38.5528,6.9155],[38.5517,6.916],[38.5508,6.9168],[38.5505,6.917],[38.55,6.9177],[38.5488,6.9196],[38.5482,6.9209],[38.5477,6.9215],[38.5476,6.9217],[38.5471,6.9222],[38.5469,6.9226],[38.5465,6.9229],[38.5462,6.9241],[38.5455,6.9245],[38.5446,6.9249],[38.5434,6.925],[38.543,6.9257],[38.5419,6.9272],[38.5407,6.9274],[38.5393,6.9283],[38.5382,6.9286],[38.5371,6.9293],[38.5364,6.9296],[38.5356,6.9303],[38.5348,6.9319],[38.533,6.9337],[38.5321,6.9346],[38.5304,6.9364],[38.5297,6.937],[38.5294,6.9375],[38.5289,6.9379],[38.5288,6.9386],[38.5284,6.94],[38.5277,6.9413],[38.527,6.9416],[38.5267,6.9434],[38.5263,6.9443],[38.5257,6.9451],[38.5256,6.9455],[38.5252,6.9457],[38.524,6.9473],[38.524,6.9479],[38.5236,6.9488],[38.5236,6.9505],[38.5241,6.9517],[38.5245,6.9524],[38.5248,6.9532],[38.5251,6.9563],[38.5254,6.957],[38.5259,6.9591],[38.5265,6.9582],[38.5269,6.9571],[38.5274,6.957],[38.5277,6.9574],[38.5276,6.9587],[38.5285,6.9593],[38.5304,6.9599],[38.5308,6.9607],[38.5312,6.961],[38.5323,6.9614],[38.5329,6.9619],[38.5332,6.9626],[38.534,6.9634],[38.5344,6.9651],[38.5349,6.9657],[38.5358,6.9664],[38.5361,6.9664],[38.5368,6.9657],[38.5372,6.9652],[38.5378,6.9648],[38.5383,6.9642],[38.5381,6.9624],[38.5378,6.9618],[38.5378,6.9608],[38.5379,6.96],[38.5379,6.9596],[38.5386,6.9594],[38.5393,6.9597],[38.5401,6.9599],[38.5407,6.9605],[38.5417,6.9613],[38.5423,6.9616],[38.5426,6.9615],[38.5428,6.9611],[38.5443,6.9592],[38.5454,6.9585],[38.5454,6.9574],[38.546,6.9572],[38.5475,6.9583],[38.5479,6.9583],[38.5488,6.9575],[38.5494,6.9561],[38.5498,6.9545],[38.5503,6.9546],[38.5507,6.9555],[38.5523,6.9571],[38.5529,6.9579],[38.5534,6.9595],[38.5536,6.9598],[38.5542,6.9598],[38.5544,6.9596],[38.5545,6.9579],[38.5542,6.9572],[38.555,6.9566],[38.5563,6.9559],[38.5587,6.9543],[38.5592,6.9547],[38.5594,6.9553],[38.5614,6.9566],[38.5621,6.9569],[38.5632,6.9577],[38.5632,6.958],[38.5637,6.9584],[38.5653,6.959],[38.5667,6.9597],[38.5679,6.9598],[38.5682,6.9593],[38.5686,6.9593],[38.5692,6.9587],[38.5691,6.9582],[38.5695,6.9577],[38.5695,6.9568],[38.5701,6.9558],[38.5704,6.9551],[38.5704,6.9546],[38.5709,6.9536],[38.5717,6.9528],[38.5717,6.9521],[38.572,6.9517],[38.5725,6.9505],[38.5738,6.9495],[38.5742,6.9486],[38.5741,6.9475],[38.5751,6.948],[38.576,6.9492],[38.576,6.9498],[38.5758,6.9503],[38.5761,6.951],[38.5771,6.9511],[38.5771,6.9522],[38.5773,6.9532],[38.5779,6.9537],[38.5781,6.954],[38.5779,6.9548],[38.5773,6.9554],[38.5774,6.956],[38.5783,6.9561],[38.5785,6.9564],[38.5777,6.9574],[38.5794,6.9575],[38.58,6.9572],[38.5802,6.9568],[38.5805,6.9569],[38.5807,6.9578],[38.581,6.9582],[38.5822,6.9581],[38.5837,6.9587],[38.5848,6.9598],[38.5857,6.9604],[38.5862,6.9614],[38.5867,6.9618],[38.5876,6.9622],[38.5894,6.963],[38.5902,6.964],[38.5908,6.9645],[38.5909,6.9649],[38.5918,6.9651],[38.5918,6.9654],[38.5923,6.9654],[38.5924,6.9658],[38.5933,6.9662],[38.5937,6.9667],[38.5936,6.9677],[38.5929,6.9699],[38.5926,6.9704],[38.5921,6.9707],[38.5919,6.9718],[38.5919,6.9728],[38.5921,6.9734],[38.5919,6.9741],[38.5919,6.9749],[38.5923,6.976],[38.5922,6.9772],[38.592,6.9777],[38.5921,6.9783],[38.5925,6.9796],[38.5925,6.9814],[38.5923,6.9822],[38.5918,6.9823],[38.5913,6.983],[38.5907,6.9843],[38.5906,6.9853],[38.5906,6.986],[38.5904,6.9867],[38.5895,6.9885],[38.5884,6.99],[38.5875,6.9911],[38.5869,6.993],[38.5869,6.994],[38.5872,6.9946],[38.5878,6.995],[38.5881,6.9948],[38.5886,6.9948],[38.5918,6.9943],[38.5931,6.9941],[38.5938,6.9938],[38.5942,6.9927],[38.595,6.9908],[38.5951,6.9899],[38.5954,6.9884],[38.5962,6.9868],[38.5973,6.9841],[38.5957,6.9827],[38.5954,6.9824],[38.5952,6.9819],[38.5954,6.981],[38.5959,6.9803],[38.596,6.9795],[38.5971,6.979],[38.5981,6.9788],[38.5992,6.9782],[38.5992,6.9784],[38.5997,6.9779],[38.6003,6.9779],[38.6013,6.978],[38.6018,6.9781],[38.602,6.9785],[38.6025,6.9781],[38.6026,6.9776],[38.6032,6.9769],[38.6032,6.976],[38.6036,6.9747],[38.604,6.9736],[38.6042,6.9721],[38.6045,6.9713],[38.6047,6.9706],[38.6053,6.9696],[38.6057,6.9692],[38.6068,6.9699],[38.6073,6.9704],[38.6091,6.9712],[38.6098,6.9708],[38.61,6.9702],[38.6106,6.9697],[38.6118,6.9673],[38.6121,6.9663],[38.6126,6.9655],[38.613,6.9653],[38.6136,6.9661],[38.6143,6.9682],[38.6149,6.9689],[38.6153,6.9697],[38.6153,6.9703],[38.6162,6.9713],[38.6171,6.9724],[38.6174,6.973],[38.618,6.9733],[38.6185,6.9731],[38.6193,6.9729],[38.6196,6.9725],[38.6204,6.9723],[38.621,6.9713],[38.6216,6.9708],[38.6222,6.97],[38.6232,6.9692],[38.6235,6.9687],[38.6242,6.9682],[38.6248,6.9674],[38.6252,6.9673],[38.6258,6.9668],[38.6262,6.9661],[38.6273,6.9654],[38.6286,6.9641],[38.6291,6.9644],[38.6305,6.9649],[38.6308,6.9653],[38.6304,6.966],[38.6302,6.9669],[38.63,6.9683],[38.6297,6.9689],[38.6296,6.9696],[38.6289,6.9701],[38.6287,6.9708],[38.6283,6.9713],[38.6282,6.9721],[38.6279,6.9728],[38.6277,6.9738],[38.6276,6.9738],[38.6273,6.9749],[38.6285,6.9781],[38.6292,6.9792],[38.6296,6.9799],[38.6302,6.9813],[38.6309,6.9814],[38.6312,6.9812],[38.6321,6.9812],[38.633,6.9808],[38.6348,6.98],[38.6354,6.98],[38.6358,6.9797],[38.6361,6.9797],[38.6369,6.9795],[38.6375,6.9792],[38.6379,6.9793],[38.6389,6.9791],[38.6394,6.9785],[38.6404,6.9783],[38.6423,6.978],[38.6438,6.9781],[38.6443,6.9784],[38.645,6.9785],[38.6458,6.9784],[38.6462,6.9785],[38.6466,6.9782],[38.647,6.9785],[38.6469,6.9795],[38.6477,6.9807],[38.6487,6.9815],[38.6495,6.9823],[38.6506,6.9827],[38.6511,6.9826],[38.6517,6.9831],[38.6525,6.984],[38.6528,6.9851],[38.6527,6.9867],[38.6526,6.9878],[38.6523,6.9889],[38.6523,6.9897],[38.6521,6.9904],[38.6535,6.9926],[38.6538,6.9928],[38.6555,6.9922],[38.6559,6.9923],[38.6574,6.9915],[38.6582,6.9915],[38.6588,6.9915],[38.6597,6.9914],[38.6604,6.9916],[38.6613,6.9915],[38.6623,6.9916],[38.663,6.9919],[38.6633,6.9917],[38.6641,6.9922],[38.6648,6.9918],[38.6659,6.9919],[38.6671,6.9922],[38.6679,6.992],[38.6704,6.9924],[38.6707,6.9926],[38.673,6.993],[38.6736,6.9929],[38.6743,6.993],[38.675,6.9928],[38.6765,6.9926],[38.677,6.9934],[38.678,6.9932],[38.6782,6.9935],[38.6786,6.9944],[38.6789,6.9959],[38.6794,6.997],[38.68,6.9974],[38.6801,6.9979],[38.6793,6.9985],[38.6786,6.9995],[38.6786,7.0],[38.679,7.0006],[38.6795,7.0014],[38.6798,7.0016],[38.6802,7.0024],[38.6802,7.0029],[38.6798,7.0034],[38.679,7.0036],[38.6773,7.0038],[38.6767,7.0039],[38.6761,7.0043],[38.6756,7.0049],[38.6756,7.0054],[38.6762,7.0059],[38.6771,7.0063],[38.6774,7.0054],[38.6894,7.0009],[38.6977,7.0138],[38.7105,7.013],[38.7144,6.9914],[38.7112,6.9738],[38.7005,6.9686],[38.6948,6.9575],[38.7012,6.9451],[38.7046,6.9306],[38.7019,6.915],[38.6998,6.9033],[38.7048,6.8854],[38.711,6.8712],[38.7141,6.8606],[38.6995,6.8494],[38.6983,6.8486],[38.6832,6.8403],[38.6749,6.836],[38.6733,6.8398]]]}},{"type":"Feature","properties":{"id":"LW068","woreda":"Shebe Dino","zone":"Northern","region":"Sidama","area_km2":165.5,"lat":6.8704,"lon":38.3921},"geometry":{"type":"Polygon","coordinates":[[[38.5446,6.8031],[38.5437,6.8028],[38.5416,6.8032],[38.5394,6.8032],[38.5387,6.8038],[38.5357,6.8034],[38.5351,6.8034],[38.5348,6.803],[38.534,6.8025],[38.5326,6.802],[38.5315,6.8024],[38.529,6.802],[38.5276,6.8016],[38.5267,6.8004],[38.5258,6.7998],[38.5257,6.7992],[38.5254,6.7987],[38.5247,6.7985],[38.5241,6.7989],[38.5237,6.7997],[38.5228,6.8002],[38.5223,6.8018],[38.5221,6.8029],[38.5214,6.8035],[38.5192,6.8037],[38.5184,6.804],[38.5178,6.8046],[38.5173,6.8045],[38.5163,6.8059],[38.5158,6.8055],[38.5154,6.806],[38.5151,6.8067],[38.5156,6.8069],[38.5159,6.8075],[38.5153,6.8079],[38.5155,6.8083],[38.5163,6.8091],[38.5168,6.8098],[38.5163,6.8104],[38.5158,6.8104],[38.5148,6.811],[38.5134,6.8113],[38.5122,6.811],[38.5112,6.8114],[38.5104,6.8117],[38.5089,6.8121],[38.508,6.812],[38.5055,6.8115],[38.505,6.8115],[38.5046,6.8124],[38.5041,6.8131],[38.5044,6.8134],[38.5052,6.8136],[38.5053,6.814],[38.5046,6.8145],[38.5045,6.8148],[38.5061,6.8158],[38.5063,6.8174],[38.5059,6.818],[38.504,6.818],[38.5038,6.8192],[38.5028,6.8196],[38.5,6.8199],[38.4979,6.8199],[38.4956,6.819],[38.4941,6.8186],[38.4926,6.8183],[38.4921,6.8179],[38.4914,6.8179],[38.4896,6.8175],[38.4893,6.8178],[38.4889,6.8195],[38.488,6.82],[38.488,6.8213],[38.4889,6.8222],[38.489,6.8231],[38.489,6.824],[38.4884,6.8242],[38.4877,6.8238],[38.4864,6.8221],[38.4858,6.8209],[38.485,6.821],[38.4843,6.8216],[38.4828,6.8215],[38.4793,6.8199],[38.4774,6.8186],[38.477,6.8179],[38.4757,6.8176],[38.4746,6.8169],[38.4742,6.8174],[38.4745,6.8182],[38.4743,6.8186],[38.4727,6.8185],[38.4723,6.819],[38.4729,6.82],[38.4732,6.8211],[38.4721,6.822],[38.4714,6.8217],[38.4715,6.8221],[38.4709,6.8225],[38.4708,6.823],[38.47,6.8239],[38.471,6.8244],[38.4716,6.8253],[38.4725,6.8261],[38.4726,6.8265],[38.4724,6.8268],[38.473,6.8277],[38.4743,6.8271],[38.4746,6.8255],[38.4752,6.8265],[38.4754,6.8275],[38.4754,6.8281],[38.4747,6.8284],[38.4748,6.829],[38.4746,6.8294],[38.4738,6.8295],[38.4736,6.83],[38.473,6.8304],[38.4723,6.8305],[38.472,6.8312],[38.4709,6.8319],[38.4704,6.8319],[38.4697,6.8322],[38.4686,6.8331],[38.4684,6.8338],[38.469,6.8341],[38.4697,6.8348],[38.4693,6.836],[38.4676,6.8378],[38.4664,6.8387],[38.4652,6.84],[38.4638,6.8406],[38.4622,6.8409],[38.4613,6.8409],[38.4615,6.8393],[38.4606,6.8402],[38.4596,6.8398],[38.458,6.8391],[38.4568,6.8395],[38.4561,6.8399],[38.4554,6.839],[38.4555,6.8383],[38.455,6.8387],[38.4535,6.8381],[38.4532,6.8368],[38.4526,6.8368],[38.4519,6.8372],[38.4512,6.838],[38.451,6.8372],[38.4517,6.8367],[38.4519,6.8355],[38.4518,6.8346],[38.4511,6.8344],[38.4505,6.8348],[38.4505,6.8338],[38.451,6.8335],[38.4494,6.8324],[38.4487,6.8334],[38.4476,6.834],[38.4465,6.8343],[38.4451,6.8339],[38.4444,6.8332],[38.4432,6.8327],[38.4424,6.8326],[38.4418,6.8321],[38.4411,6.8328],[38.4418,6.8343],[38.4423,6.8355],[38.4419,6.8358],[38.4407,6.8355],[38.4403,6.8361],[38.439,6.8351],[38.4387,6.8343],[38.4376,6.8334],[38.4376,6.8327],[38.4359,6.8321],[38.4344,6.8306],[38.4328,6.8307],[38.4313,6.8307],[38.4287,6.8308],[38.4275,6.8303],[38.427,6.8295],[38.4269,6.8291],[38.4263,6.8283],[38.4256,6.8276],[38.4249,6.8271],[38.4247,6.8267],[38.424,6.8265],[38.4234,6.8266],[38.4223,6.8255],[38.4207,6.825],[38.4199,6.8246],[38.4184,6.8244],[38.4178,6.8234],[38.4168,6.8216],[38.416,6.8221],[38.4147,6.8221],[38.412,6.8219],[38.4114,6.8212],[38.41,6.8212],[38.4084,6.821],[38.4084,6.8226],[38.4078,6.823],[38.407,6.8233],[38.4061,6.8241],[38.4048,6.8243],[38.4029,6.824],[38.4017,6.824],[38.401,6.8249],[38.3993,6.8253],[38.3959,6.8252],[38.3961,6.8258],[38.3961,6.8262],[38.3933,6.8262],[38.3918,6.8257],[38.3904,6.8258],[38.3896,6.8257],[38.3883,6.8258],[38.3861,6.8261],[38.3842,6.8273],[38.3834,6.8282],[38.3819,6.8291],[38.3804,6.8291],[38.3798,6.8295],[38.3793,6.8298],[38.3791,6.8279],[38.378,6.8282],[38.3754,6.8294],[38.3736,6.83],[38.3716,6.8297],[38.3696,6.8286],[38.3682,6.8285],[38.3671,6.8287],[38.3644,6.8286],[38.3605,6.8294],[38.3592,6.8303],[38.3584,6.8307],[38.3571,6.831],[38.3552,6.8307],[38.3544,6.831],[38.353,6.8319],[38.3524,6.8321],[38.3529,6.8342],[38.3532,6.8354],[38.3539,6.8356],[38.3566,6.8356],[38.3577,6.8365],[38.3579,6.8369],[38.3577,6.8378],[38.3583,6.8373],[38.359,6.8372],[38.359,6.8411],[38.3589,6.8438],[38.3585,6.8455],[38.3583,6.8466],[38.3581,6.8473],[38.3584,6.8506],[38.3583,6.8509],[38.3553,6.8508],[38.355,6.8511],[38.3552,6.8516],[38.3554,6.8528],[38.3558,6.8563],[38.3558,6.8585],[38.3568,6.8592],[38.3574,6.8598],[38.357,6.8635],[38.3542,6.8637],[38.3513,6.8637],[38.3515,6.8646],[38.3523,6.8648],[38.3526,6.8654],[38.3528,6.8668],[38.3527,6.867],[38.3511,6.8669],[38.3498,6.8672],[38.3484,6.8682],[38.3469,6.8676],[38.3473,6.8705],[38.3467,6.8709],[38.3482,6.8713],[38.3483,6.8725],[38.3489,6.8729],[38.3488,6.8739],[38.3493,6.8741],[38.3494,6.8752],[38.3512,6.8748],[38.3538,6.8748],[38.3557,6.8747],[38.3591,6.8744],[38.3598,6.8749],[38.3603,6.8749],[38.3617,6.8744],[38.3623,6.8743],[38.3638,6.8737],[38.3642,6.8737],[38.369,6.8733],[38.3733,6.8716],[38.3751,6.8719],[38.3768,6.8715],[38.3798,6.8717],[38.3801,6.873],[38.3805,6.8763],[38.3806,6.879],[38.3811,6.8814],[38.38,6.8822],[38.3777,6.8844],[38.3768,6.8848],[38.3764,6.8857],[38.3757,6.888],[38.3762,6.888],[38.378,6.8877],[38.3796,6.8872],[38.3813,6.8868],[38.3833,6.8867],[38.3847,6.8869],[38.3854,6.8877],[38.3856,6.8886],[38.3853,6.8899],[38.3854,6.8914],[38.3861,6.8921],[38.3871,6.892],[38.3877,6.8921],[38.3882,6.8929],[38.3878,6.8937],[38.3881,6.895],[38.3889,6.8952],[38.3894,6.8945],[38.3898,6.8942],[38.3912,6.9005],[38.3912,6.9014],[38.3915,6.9031],[38.3933,6.907],[38.3924,6.9077],[38.3919,6.9093],[38.3918,6.911],[38.3911,6.9113],[38.3906,6.9116],[38.3913,6.9128],[38.3946,6.9174],[38.3962,6.9202],[38.3976,6.9222],[38.3967,6.9249],[38.397,6.9267],[38.3967,6.9304],[38.3967,6.9328],[38.3951,6.9343],[38.3938,6.9352],[38.3948,6.9366],[38.3948,6.9389],[38.3954,6.9405],[38.3957,6.9409],[38.3959,6.9411],[38.3988,6.9399],[38.4032,6.9384],[38.4056,6.9374],[38.4056,6.9383],[38.4079,6.9404],[38.4093,6.9419],[38.4093,6.9426],[38.4111,6.9413],[38.4136,6.9391],[38.4137,6.9392],[38.4143,6.9381],[38.4158,6.9364],[38.4182,6.9332],[38.4176,6.9315],[38.417,6.9298],[38.4171,6.929],[38.4179,6.9279],[38.4194,6.9265],[38.4199,6.9262],[38.42,6.9259],[38.4218,6.9248],[38.4203,6.923],[38.4195,6.9218],[38.4193,6.9198],[38.4198,6.9194],[38.4213,6.9193],[38.4219,6.9189],[38.4224,6.9183],[38.4245,6.9183],[38.427,6.9182],[38.4273,6.9184],[38.4285,6.9191],[38.4304,6.9181],[38.4319,6.9169],[38.4323,6.9163],[38.4332,6.915],[38.434,6.914],[38.4344,6.9132],[38.4345,6.9135],[38.4363,6.9116],[38.4375,6.9101],[38.4389,6.9112],[38.4394,6.9121],[38.4401,6.9138],[38.4404,6.9139],[38.4408,6.9135],[38.4418,6.9124],[38.4439,6.9101],[38.4453,6.9085],[38.4464,6.9101],[38.4469,6.9105],[38.4484,6.9103],[38.4504,6.9097],[38.4511,6.9093],[38.4517,6.9095],[38.4533,6.9081],[38.4545,6.9097],[38.455,6.9095],[38.4552,6.9092],[38.4546,6.9084],[38.4536,6.9053],[38.45,6.8999],[38.4482,6.8966],[38.4481,6.8968],[38.448,6.8958],[38.447,6.8948],[38.4466,6.8929],[38.4461,6.891],[38.4461,6.8907],[38.4456,6.89],[38.445,6.8882],[38.4447,6.8861],[38.4441,6.8835],[38.4457,6.8831],[38.4455,6.8827],[38.4446,6.8821],[38.4441,6.8813],[38.4431,6.8805],[38.442,6.8807],[38.4416,6.88],[38.4408,6.8795],[38.4407,6.8785],[38.4404,6.8774],[38.4394,6.8769],[38.4387,6.8757],[38.4386,6.8757],[38.4389,6.8748],[38.4385,6.8736],[38.4374,6.872],[38.4368,6.8717],[38.437,6.8701],[38.436,6.8684],[38.4358,6.8668],[38.4354,6.866],[38.4348,6.8652],[38.4359,6.8653],[38.4365,6.8645],[38.4379,6.8632],[38.439,6.8626],[38.4401,6.8622],[38.4404,6.8626],[38.4408,6.8623],[38.4418,6.8622],[38.4435,6.8642],[38.4439,6.8647],[38.4454,6.8657],[38.4464,6.8668],[38.4467,6.8686],[38.4475,6.8696],[38.4484,6.8703],[38.4486,6.8714],[38.4489,6.8723],[38.4495,6.8725],[38.4506,6.8743],[38.4518,6.876],[38.4521,6.8766],[38.4529,6.877],[38.4544,6.8769],[38.4552,6.8774],[38.4557,6.8761],[38.4571,6.875],[38.458,6.8748],[38.4581,6.8745],[38.4578,6.8735],[38.4581,6.8733],[38.4586,6.8733],[38.4593,6.8739],[38.4612,6.8756],[38.4621,6.877],[38.4636,6.8778],[38.4644,6.8789],[38.465,6.8792],[38.4664,6.8795],[38.4688,6.8797],[38.4706,6.8808],[38.472,6.8818],[38.4721,6.8815],[38.476,6.8831],[38.4801,6.8843],[38.4816,6.885],[38.4845,6.8858],[38.4879,6.8864],[38.4904,6.8868],[38.4916,6.8872],[38.4921,6.8879],[38.4941,6.8896],[38.495,6.8889],[38.4955,6.8893],[38.496,6.8895],[38.4957,6.89],[38.4963,6.8905],[38.4975,6.8909],[38.4983,6.8914],[38.4985,6.8912],[38.5016,6.8914],[38.5037,6.8917],[38.5067,6.8922],[38.5087,6.8919],[38.5101,6.8926],[38.5115,6.893],[38.5132,6.8932],[38.5155,6.8927],[38.517,6.8923],[38.5184,6.8914],[38.5194,6.8913],[38.52,6.8907],[38.5197,6.8902],[38.52,6.8899],[38.5209,6.8894],[38.5224,6.8888],[38.524,6.8879],[38.5249,6.8875],[38.5258,6.8873],[38.5268,6.8875],[38.5271,6.8874],[38.5267,6.8866],[38.5255,6.8823],[38.5247,6.8813],[38.524,6.8812],[38.5233,6.8827],[38.5215,6.8825],[38.5216,6.8823],[38.5216,6.8814],[38.5206,6.8814],[38.5199,6.8811],[38.5189,6.8807],[38.5173,6.881],[38.5167,6.8799],[38.5164,6.8753],[38.5164,6.8749],[38.5172,6.8748],[38.5181,6.8753],[38.5187,6.8755],[38.5191,6.8744],[38.5196,6.8738],[38.5206,6.8741],[38.5223,6.8747],[38.5227,6.8737],[38.5243,6.8739],[38.5243,6.8732],[38.5238,6.8707],[38.5248,6.8702],[38.5255,6.8714],[38.5258,6.8714],[38.5272,6.8706],[38.528,6.8698],[38.5289,6.8703],[38.5312,6.8674],[38.5311,6.8671],[38.5284,6.8654],[38.5277,6.8651],[38.5285,6.8648],[38.5291,6.8645],[38.5302,6.8647],[38.5302,6.8637],[38.5311,6.8638],[38.5325,6.8639],[38.5349,6.8645],[38.537,6.8651],[38.5372,6.865],[38.5386,6.8635],[38.5372,6.862],[38.5376,6.8617],[38.5381,6.8619],[38.539,6.8619],[38.5399,6.8612],[38.5419,6.8613],[38.5428,6.861],[38.5439,6.8601],[38.5459,6.8605],[38.5466,6.8602],[38.5484,6.8598],[38.5503,6.8596],[38.5514,6.8584],[38.5528,6.8558],[38.5541,6.8541],[38.5537,6.8523],[38.5531,6.8511],[38.5518,6.8507],[38.5516,6.8508],[38.551,6.8497],[38.5513,6.8488],[38.5508,6.8478],[38.5514,6.8457],[38.5507,6.8445],[38.5491,6.8453],[38.548,6.8424],[38.5457,6.8423],[38.5445,6.8424],[38.5445,6.8418],[38.5447,6.8407],[38.5458,6.8405],[38.545,6.8398],[38.5456,6.8386],[38.5456,6.8373],[38.5461,6.8372],[38.5467,6.8376],[38.5483,6.8375],[38.5491,6.8367],[38.5501,6.8371],[38.5506,6.8376],[38.5512,6.8375],[38.5518,6.8376],[38.552,6.8373],[38.5515,6.8363],[38.5509,6.8354],[38.5518,6.8341],[38.5513,6.8337],[38.5501,6.8332],[38.5497,6.8328],[38.5506,6.8316],[38.5522,6.8302],[38.5521,6.8291],[38.5535,6.8277],[38.5542,6.8269],[38.5542,6.8262],[38.5532,6.8262],[38.5533,6.8253],[38.5539,6.8251],[38.5539,6.8244],[38.5545,6.824],[38.555,6.824],[38.5557,6.8234],[38.5545,6.8224],[38.5542,6.8219],[38.554,6.821],[38.5537,6.8206],[38.5542,6.8201],[38.5548,6.8197],[38.5549,6.819],[38.5563,6.8184],[38.5573,6.8182],[38.5577,6.8174],[38.5572,6.8162],[38.5555,6.8145],[38.5551,6.8142],[38.5539,6.814],[38.5537,6.8139],[38.5549,6.8113],[38.555,6.8106],[38.5544,6.8097],[38.553,6.8094],[38.552,6.8094],[38.5518,6.8093],[38.5517,6.8097],[38.5519,6.8111],[38.5503,6.8113],[38.5493,6.8113],[38.5483,6.8122],[38.5477,6.8122],[38.5469,6.8112],[38.5461,6.8107],[38.5454,6.811],[38.5447,6.8108],[38.5428,6.8109],[38.5422,6.8101],[38.5422,6.8091],[38.5428,6.8071],[38.5435,6.8058],[38.5442,6.8063],[38.5446,6.8053],[38.545,6.8036],[38.5446,6.8031]]]}},{"type":"Feature","properties":{"id":"LW069","woreda":"Wondo-Genet","zone":"Northern","region":"Sidama","area_km2":204.9,"lat":7.0368,"lon":38.6131},"geometry":{"type":"Polygon","coordinates":[[[38.6762,7.0059],[38.6756,7.0054],[38.6756,7.0049],[38.6761,7.0043],[38.6767,7.0039],[38.6773,7.0038],[38.679,7.0036],[38.6798,7.0034],[38.6802,7.0029],[38.6802,7.0024],[38.6798,7.0016],[38.6795,7.0014],[38.679,7.0006],[38.6786,7.0],[38.6786,6.9995],[38.6793,6.9985],[38.6801,6.9979],[38.68,6.9974],[38.6794,6.997],[38.6789,6.9959],[38.6786,6.9944],[38.6782,6.9935],[38.678,6.9932],[38.677,6.9934],[38.6765,6.9926],[38.675,6.9928],[38.6743,6.993],[38.6736,6.9929],[38.673,6.993],[38.6707,6.9926],[38.6704,6.9924],[38.6679,6.992],[38.6671,6.9922],[38.6659,6.9919],[38.6648,6.9918],[38.6641,6.9922],[38.6633,6.9917],[38.663,6.9919],[38.6623,6.9916],[38.6613,6.9915],[38.6604,6.9916],[38.6597,6.9914],[38.6588,6.9915],[38.6582,6.9915],[38.6574,6.9915],[38.6559,6.9923],[38.6555,6.9922],[38.6538,6.9928],[38.6535,6.9926],[38.6521,6.9904],[38.6523,6.9897],[38.6523,6.9889],[38.6526,6.9878],[38.6527,6.9867],[38.6528,6.9851],[38.6525,6.984],[38.6517,6.9831],[38.6511,6.9826],[38.6506,6.9827],[38.6495,6.9823],[38.6487,6.9815],[38.6477,6.9807],[38.6469,6.9795],[38.647,6.9785],[38.6466,6.9782],[38.6462,6.9785],[38.6458,6.9784],[38.645,6.9785],[38.6443,6.9784],[38.6438,6.9781],[38.6423,6.978],[38.6404,6.9783],[38.6394,6.9785],[38.6389,6.9791],[38.6379,6.9793],[38.6375,6.9792],[38.6369,6.9795],[38.6361,6.9797],[38.6358,6.9797],[38.6354,6.98],[38.6348,6.98],[38.633,6.9808],[38.6321,6.9812],[38.6312,6.9812],[38.6309,6.9814],[38.6302,6.9813],[38.6296,6.9799],[38.6292,6.9792],[38.6285,6.9781],[38.6273,6.9749],[38.6276,6.9738],[38.6277,6.9738],[38.6279,6.9728],[38.6282,6.9721],[38.6283,6.9713],[38.6287,6.9708],[38.6289,6.9701],[38.6296,6.9696],[38.6297,6.9689],[38.63,6.9683],[38.6302,6.9669],[38.6304,6.966],[38.6308,6.9653],[38.6305,6.9649],[38.6291,6.9644],[38.6286,6.9641],[38.6273,6.9654],[38.6262,6.9661],[38.6258,6.9668],[38.6252,6.9673],[38.6248,6.9674],[38.6242,6.9682],[38.6235,6.9687],[38.6232,6.9692],[38.6222,6.97],[38.6216,6.9708],[38.621,6.9713],[38.6204,6.9723],[38.6196,6.9725],[38.6193,6.9729],[38.6185,6.9731],[38.618,6.9733],[38.6174,6.973],[38.6171,6.9724],[38.6162,6.9713],[38.6153,6.9703],[38.6153,6.9697],[38.6149,6.9689],[38.6143,6.9682],[38.6136,6.9661],[38.613,6.9653],[38.6126,6.9655],[38.6121,6.9663],[38.6118,6.9673],[38.6106,6.9697],[38.61,6.9702],[38.6098,6.9708],[38.6091,6.9712],[38.6073,6.9704],[38.6068,6.9699],[38.6057,6.9692],[38.6053,6.9696],[38.6047,6.9706],[38.6045,6.9713],[38.6042,6.9721],[38.604,6.9736],[38.6036,6.9747],[38.6032,6.976],[38.6032,6.9769],[38.6026,6.9776],[38.6025,6.9781],[38.602,6.9785],[38.6018,6.9781],[38.6013,6.978],[38.6003,6.9779],[38.5997,6.9779],[38.5992,6.9784],[38.5992,6.9782],[38.5981,6.9788],[38.5971,6.979],[38.596,6.9795],[38.5959,6.9803],[38.5954,6.981],[38.5952,6.9819],[38.5954,6.9824],[38.5957,6.9827],[38.5973,6.9841],[38.5962,6.9868],[38.5954,6.9884],[38.5951,6.9899],[38.595,6.9908],[38.5942,6.9927],[38.5938,6.9938],[38.5931,6.9941],[38.5918,6.9943],[38.5886,6.9948],[38.5881,6.9948],[38.5878,6.995],[38.5872,6.9946],[38.5869,6.994],[38.5869,6.993],[38.5875,6.9911],[38.5884,6.99],[38.5895,6.9885],[38.5904,6.9867],[38.5906,6.986],[38.5906,6.9853],[38.5907,6.9843],[38.5913,6.983],[38.5918,6.9823],[38.5923,6.9822],[38.5925,6.9814],[38.5925,6.9796],[38.5921,6.9783],[38.592,6.9777],[38.5922,6.9772],[38.5923,6.976],[38.5919,6.9749],[38.5919,6.9741],[38.5921,6.9734],[38.5919,6.9728],[38.5919,6.9718],[38.5921,6.9707],[38.5926,6.9704],[38.5929,6.9699],[38.5936,6.9677],[38.5937,6.9667],[38.5933,6.9662],[38.5924,6.9658],[38.5923,6.9654],[38.5918,6.9654],[38.5918,6.9651],[38.5909,6.9649],[38.5908,6.9645],[38.5902,6.964],[38.5894,6.963],[38.5876,6.9622],[38.5867,6.9618],[38.5862,6.9614],[38.5857,6.9604],[38.5848,6.9598],[38.5837,6.9587],[38.5822,6.9581],[38.581,6.9582],[38.5807,6.9578],[38.5805,6.9569],[38.5802,6.9568],[38.58,6.9572],[38.5794,6.9575],[38.5777,6.9574],[38.5785,6.9564],[38.5783,6.9561],[38.5774,6.956],[38.5773,6.9554],[38.5779,6.9548],[38.5781,6.954],[38.5779,6.9537],[38.5773,6.9532],[38.5771,6.9522],[38.5771,6.9511],[38.5761,6.951],[38.5758,6.9503],[38.576,6.9498],[38.576,6.9492],[38.5751,6.948],[38.5741,6.9475],[38.5742,6.9486],[38.5738,6.9495],[38.5725,6.9505],[38.572,6.9517],[38.5717,6.9521],[38.5717,6.9528],[38.5709,6.9536],[38.5704,6.9546],[38.5704,6.9551],[38.5701,6.9558],[38.5695,6.9568],[38.5695,6.9577],[38.5691,6.9582],[38.5692,6.9587],[38.5686,6.9593],[38.5682,6.9593],[38.5679,6.9598],[38.5667,6.9597],[38.5653,6.959],[38.5637,6.9584],[38.5632,6.958],[38.5632,6.9577],[38.5621,6.9569],[38.5614,6.9566],[38.5594,6.9553],[38.5592,6.9547],[38.5587,6.9543],[38.5563,6.9559],[38.555,6.9566],[38.5542,6.9572],[38.5545,6.9579],[38.5544,6.9596],[38.5542,6.9598],[38.5536,6.9598],[38.5534,6.9595],[38.5529,6.9579],[38.5523,6.9571],[38.5507,6.9555],[38.5503,6.9546],[38.5498,6.9545],[38.5494,6.9561],[38.5488,6.9575],[38.5479,6.9583],[38.5475,6.9583],[38.546,6.9572],[38.5454,6.9574],[38.5454,6.9585],[38.5443,6.9592],[38.5428,6.9611],[38.5426,6.9615],[38.5423,6.9616],[38.5417,6.9613],[38.5407,6.9605],[38.5401,6.9599],[38.5393,6.9597],[38.5386,6.9594],[38.5379,6.9596],[38.5379,6.96],[38.5378,6.9608],[38.5378,6.9618],[38.5381,6.9624],[38.5383,6.9642],[38.5378,6.9648],[38.5372,6.9652],[38.5368,6.9657],[38.5361,6.9664],[38.5358,6.9664],[38.5349,6.9657],[38.5344,6.9651],[38.534,6.9634],[38.5332,6.9626],[38.5329,6.9619],[38.5323,6.9614],[38.5312,6.961],[38.5308,6.9607],[38.5304,6.9599],[38.5285,6.9593],[38.5276,6.9587],[38.5277,6.9574],[38.5274,6.957],[38.5268,6.9584],[38.5268,6.9593],[38.5265,6.9601],[38.5271,6.9606],[38.5275,6.9618],[38.5278,6.9629],[38.5278,6.9635],[38.5276,6.9641],[38.5279,6.9654],[38.5283,6.9652],[38.5286,6.9649],[38.5295,6.965],[38.5304,6.9657],[38.5309,6.967],[38.531,6.9677],[38.5313,6.9681],[38.5318,6.9683],[38.5328,6.9691],[38.5345,6.9708],[38.5351,6.9714],[38.5354,6.9716],[38.5353,6.9719],[38.5359,6.9723],[38.5371,6.9735],[38.537,6.9736],[38.5377,6.9743],[38.5376,6.9744],[38.538,6.9751],[38.538,6.9757],[38.5374,6.9761],[38.5371,6.9772],[38.5363,6.9781],[38.5355,6.9788],[38.535,6.9795],[38.5351,6.9806],[38.5352,6.981],[38.5359,6.9818],[38.536,6.983],[38.5357,6.9836],[38.5359,6.9839],[38.5357,6.9841],[38.5366,6.9854],[38.5385,6.9865],[38.5393,6.9872],[38.5402,6.9886],[38.5405,6.9888],[38.541,6.9893],[38.5419,6.9899],[38.5424,6.9905],[38.5432,6.991],[38.5436,6.9916],[38.5458,6.9927],[38.5464,6.9933],[38.5467,6.9941],[38.5476,6.9951],[38.549,6.996],[38.5494,6.9966],[38.5496,6.9973],[38.5493,6.9981],[38.5487,6.9985],[38.5484,6.9989],[38.5481,6.9989],[38.5473,6.9998],[38.5471,7.0003],[38.5467,7.0004],[38.5458,7.001],[38.5459,7.0012],[38.5455,7.0023],[38.5449,7.0031],[38.5443,7.0045],[38.5441,7.0053],[38.5439,7.0056],[38.5439,7.0061],[38.5432,7.0073],[38.5429,7.0086],[38.5422,7.0099],[38.5421,7.0108],[38.5425,7.0117],[38.5426,7.0124],[38.5427,7.0137],[38.5434,7.0159],[38.5422,7.0165],[38.5412,7.0171],[38.5401,7.018],[38.5385,7.0187],[38.5379,7.0193],[38.5366,7.0215],[38.5367,7.0219],[38.5366,7.0225],[38.5362,7.0236],[38.5369,7.0254],[38.5367,7.0264],[38.5369,7.0274],[38.5374,7.0283],[38.538,7.0288],[38.5392,7.0299],[38.5398,7.0306],[38.5401,7.0311],[38.5403,7.032],[38.5406,7.0328],[38.5414,7.0343],[38.5422,7.0361],[38.5428,7.0373],[38.5446,7.042],[38.5457,7.0442],[38.5461,7.0454],[38.5478,7.0495],[38.5493,7.0531],[38.5498,7.0543],[38.5503,7.0555],[38.5509,7.0569],[38.5513,7.0578],[38.5516,7.059],[38.552,7.0597],[38.5528,7.0616],[38.5548,7.0661],[38.5554,7.0678],[38.556,7.0692],[38.5568,7.0709],[38.557,7.0714],[38.5635,7.1093],[38.5664,7.1123],[38.5836,7.1263],[38.5892,7.1259],[38.6099,7.1243],[38.6115,7.1242],[38.6303,7.1108],[38.6462,7.0955],[38.6404,7.078],[38.637,7.0661],[38.6535,7.0617],[38.668,7.0599],[38.6809,7.0484],[38.6845,7.034],[38.6781,7.0288],[38.6744,7.0165],[38.6771,7.0063],[38.6762,7.0059]],[[38.6099,7.0437],[38.6106,7.0428],[38.6119,7.0421],[38.6123,7.042],[38.613,7.0426],[38.6134,7.0426],[38.6146,7.0423],[38.6152,7.0423],[38.6165,7.042],[38.6176,7.0419],[38.6181,7.042],[38.6181,7.043],[38.6177,7.0437],[38.6177,7.0448],[38.6173,7.0448],[38.6169,7.0451],[38.6165,7.0456],[38.6164,7.0468],[38.6167,7.0484],[38.6158,7.0496],[38.6151,7.0495],[38.6144,7.0507],[38.6135,7.0507],[38.6133,7.0502],[38.6127,7.0502],[38.6126,7.0513],[38.612,7.0514],[38.6116,7.0518],[38.611,7.0519],[38.6111,7.0512],[38.6103,7.0501],[38.6102,7.0488],[38.61,7.0476],[38.6095,7.0464],[38.6094,7.0465],[38.6088,7.0458],[38.6093,7.0447],[38.6099,7.0437]]]}},{"type":"Feature","properties":{"id":"LW070","woreda":"Arba Minch Zuria","zone":"Gamo","region":"South Ethiopia","area_km2":1489.9,"lat":5.9429,"lon":37.5546},"geometry":{"type":"Polygon","coordinates":[[[37.5467,5.7328],[37.5458,5.7325],[37.5451,5.7321],[37.5444,5.7312],[37.5442,5.7306],[37.5425,5.7291],[37.5404,5.7274],[37.5397,5.7271],[37.5378,5.727],[37.5364,5.7262],[37.5362,5.7256],[37.5358,5.725],[37.5353,5.7248],[37.5346,5.7248],[37.5339,5.725],[37.5309,5.7251],[37.5303,5.7246],[37.53,5.7242],[37.529,5.7242],[37.5281,5.7234],[37.5272,5.7222],[37.5255,5.7205],[37.5246,5.7202],[37.5235,5.7198],[37.5231,5.7193],[37.5228,5.7183],[37.5224,5.7176],[37.5216,5.7165],[37.5205,5.7157],[37.5196,5.7153],[37.5188,5.7151],[37.5181,5.7153],[37.5173,5.7153],[37.5166,5.7145],[37.5148,5.714],[37.5141,5.7135],[37.5137,5.7128],[37.5128,5.7122],[37.5091,5.7081],[37.5071,5.7063],[37.5068,5.7062],[37.5057,5.7054],[37.505,5.7046],[37.5041,5.704],[37.5029,5.7037],[37.5001,5.7036],[37.4969,5.7027],[37.4965,5.7024],[37.4964,5.7021],[37.4944,5.7084],[37.4912,5.7181],[37.4877,5.7291],[37.4866,5.7324],[37.4853,5.732],[37.4824,5.7314],[37.4821,5.731],[37.4792,5.7282],[37.4775,5.7269],[37.4761,5.7258],[37.4734,5.7232],[37.4722,5.7221],[37.4699,5.7204],[37.4667,5.7181],[37.4636,5.7158],[37.4629,5.7148],[37.4612,5.7127],[37.4601,5.7113],[37.4595,5.7102],[37.4581,5.7082],[37.4571,5.707],[37.4562,5.7056],[37.4548,5.7048],[37.4533,5.7048],[37.4519,5.7051],[37.4511,5.7055],[37.4505,5.7056],[37.4496,5.7062],[37.4484,5.7072],[37.4472,5.7086],[37.4465,5.7095],[37.4464,5.7103],[37.4456,5.7115],[37.4438,5.7143],[37.4429,5.715],[37.4393,5.7152],[37.4385,5.7158],[37.4383,5.7163],[37.4372,5.7173],[37.4371,5.7179],[37.4365,5.7193],[37.4351,5.7197],[37.4332,5.7198],[37.431,5.7177],[37.4302,5.7171],[37.4288,5.7162],[37.4279,5.7157],[37.4273,5.7151],[37.4265,5.7149],[37.4257,5.7155],[37.425,5.715],[37.4236,5.7175],[37.4222,5.7187],[37.4197,5.7195],[37.4183,5.7208],[37.4173,5.7208],[37.4164,5.7221],[37.4146,5.7248],[37.4146,5.727],[37.4145,5.7277],[37.4138,5.7296],[37.4134,5.7304],[37.4125,5.7323],[37.4118,5.734],[37.4112,5.7349],[37.4098,5.7362],[37.4084,5.7375],[37.408,5.7381],[37.4078,5.7386],[37.4062,5.74],[37.4051,5.7403],[37.4033,5.7403],[37.4016,5.7408],[37.4008,5.7411],[37.3994,5.7412],[37.397,5.7416],[37.394,5.7425],[37.3923,5.7434],[37.3903,5.7446],[37.3896,5.7446],[37.3894,5.7442],[37.3878,5.7441],[37.3866,5.7457],[37.3854,5.747],[37.3839,5.7466],[37.3819,5.7449],[37.3799,5.7454],[37.3788,5.7462],[37.3784,5.7471],[37.3774,5.7473],[37.3773,5.7476],[37.3775,5.7483],[37.3781,5.7492],[37.3781,5.7502],[37.3774,5.751],[37.3764,5.7517],[37.3755,5.7521],[37.374,5.7532],[37.373,5.7533],[37.3727,5.7538],[37.3725,5.7543],[37.372,5.7549],[37.3705,5.755],[37.3704,5.7556],[37.3696,5.7564],[37.3677,5.7566],[37.3663,5.7574],[37.3656,5.758],[37.3632,5.7592],[37.3619,5.7605],[37.3611,5.7612],[37.3593,5.7627],[37.3577,5.7635],[37.3567,5.7639],[37.3532,5.7649],[37.3516,5.765],[37.3506,5.7648],[37.3497,5.7648],[37.3481,5.7653],[37.3468,5.7656],[37.3455,5.7656],[37.3441,5.7654],[37.3427,5.7655],[37.3405,5.7657],[37.3394,5.766],[37.3385,5.7665],[37.3375,5.7668],[37.3363,5.7674],[37.3351,5.7685],[37.3328,5.7701],[37.3308,5.7722],[37.3292,5.7734],[37.3264,5.7738],[37.3235,5.7771],[37.3233,5.7779],[37.3225,5.7797],[37.3216,5.7818],[37.3201,5.7823],[37.3179,5.7833],[37.3167,5.7834],[37.3158,5.7846],[37.3159,5.7855],[37.3162,5.7863],[37.3163,5.7876],[37.3168,5.7887],[37.3175,5.7897],[37.3171,5.7919],[37.3169,5.7941],[37.3172,5.7959],[37.3163,5.7967],[37.3161,5.7973],[37.3164,5.7989],[37.3166,5.8008],[37.3169,5.8022],[37.3171,5.8041],[37.317,5.8058],[37.3167,5.8065],[37.3165,5.8079],[37.317,5.8096],[37.3172,5.8117],[37.3181,5.8127],[37.3187,5.8137],[37.3189,5.8149],[37.3187,5.8178],[37.3187,5.8193],[37.3183,5.8202],[37.3172,5.821],[37.3174,5.8215],[37.3179,5.8219],[37.3178,5.8224],[37.3171,5.823],[37.3174,5.8235],[37.3178,5.8249],[37.3176,5.8256],[37.3163,5.826],[37.316,5.8276],[37.3156,5.8288],[37.3152,5.8295],[37.3153,5.8302],[37.3155,5.8311],[37.3157,5.8329],[37.3146,5.8345],[37.3153,5.8356],[37.3154,5.8363],[37.3162,5.8372],[37.3173,5.8377],[37.3194,5.8397],[37.3194,5.841],[37.3206,5.8427],[37.321,5.8439],[37.3216,5.8446],[37.323,5.8456],[37.3239,5.8465],[37.3254,5.8464],[37.3265,5.8473],[37.327,5.8482],[37.3276,5.8488],[37.3283,5.8499],[37.3287,5.8513],[37.33,5.852],[37.3316,5.852],[37.3334,5.853],[37.3361,5.8535],[37.3363,5.8543],[37.3374,5.8571],[37.3381,5.8573],[37.3393,5.8559],[37.3398,5.856],[37.3411,5.8557],[37.3431,5.8548],[37.3439,5.8552],[37.3461,5.8556],[37.3479,5.8552],[37.3494,5.8544],[37.35,5.8547],[37.3502,5.8561],[37.3509,5.8563],[37.3513,5.8575],[37.3523,5.8569],[37.3533,5.8575],[37.3535,5.8581],[37.3535,5.8587],[37.3538,5.8598],[37.3551,5.8607],[37.3561,5.8606],[37.3565,5.8609],[37.3571,5.8618],[37.357,5.8625],[37.358,5.8629],[37.3588,5.8631],[37.3599,5.8641],[37.3604,5.865],[37.3605,5.8661],[37.3611,5.8665],[37.3623,5.8669],[37.3624,5.8678],[37.3627,5.8685],[37.3643,5.8681],[37.3653,5.869],[37.3661,5.8704],[37.3674,5.87],[37.3686,5.8703],[37.3693,5.8707],[37.3693,5.8723],[37.3695,5.873],[37.3695,5.8739],[37.37,5.8747],[37.371,5.8752],[37.3717,5.8751],[37.3722,5.8743],[37.3728,5.8738],[37.3738,5.874],[37.3746,5.8744],[37.3755,5.8753],[37.3766,5.8751],[37.3806,5.8769],[37.3819,5.8765],[37.3829,5.8769],[37.3832,5.878],[37.3835,5.879],[37.384,5.8797],[37.3847,5.881],[37.3858,5.882],[37.3852,5.8837],[37.3841,5.8884],[37.3833,5.8904],[37.3814,5.8922],[37.3805,5.8932],[37.3789,5.8942],[37.3783,5.8963],[37.3778,5.8987],[37.3772,5.9006],[37.3766,5.9033],[37.3747,5.9043],[37.3737,5.9053],[37.3727,5.909],[37.3722,5.9102],[37.3711,5.9112],[37.3707,5.9117],[37.3696,5.9126],[37.3676,5.9143],[37.3664,5.9158],[37.3643,5.9166],[37.3638,5.9168],[37.3636,5.9182],[37.3631,5.9199],[37.3627,5.9228],[37.3621,5.9257],[37.3617,5.9301],[37.3594,5.9314],[37.358,5.9317],[37.3573,5.9345],[37.357,5.9352],[37.355,5.935],[37.3541,5.9355],[37.354,5.9368],[37.3543,5.9381],[37.3546,5.9389],[37.3548,5.94],[37.3549,5.9405],[37.3556,5.9418],[37.3553,5.9428],[37.3555,5.9437],[37.3561,5.9443],[37.3566,5.946],[37.3557,5.9472],[37.3555,5.9491],[37.3557,5.952],[37.3575,5.9543],[37.359,5.9549],[37.3599,5.9549],[37.3619,5.9561],[37.3633,5.9578],[37.3649,5.9584],[37.3661,5.9589],[37.3678,5.9585],[37.3692,5.9582],[37.3702,5.9582],[37.3709,5.9577],[37.3728,5.9569],[37.3741,5.9567],[37.3753,5.9567],[37.3766,5.9565],[37.3783,5.9564],[37.3791,5.9565],[37.3804,5.9563],[37.382,5.9561],[37.3834,5.956],[37.3846,5.9562],[37.385,5.957],[37.3855,5.9575],[37.3863,5.9579],[37.3878,5.9586],[37.3892,5.9594],[37.3909,5.9602],[37.3927,5.9605],[37.394,5.9605],[37.3965,5.9614],[37.3971,5.9611],[37.3983,5.9606],[37.3993,5.9599],[37.3997,5.959],[37.4005,5.9583],[37.402,5.9575],[37.4033,5.9566],[37.4047,5.9557],[37.4055,5.9553],[37.4062,5.9551],[37.4086,5.9558],[37.41,5.9559],[37.4124,5.9559],[37.4134,5.9556],[37.4144,5.9556],[37.4154,5.9559],[37.4169,5.9565],[37.4179,5.9565],[37.4189,5.9567],[37.419,5.9569],[37.4201,5.9564],[37.4237,5.9554],[37.4278,5.9528],[37.4292,5.9533],[37.4318,5.9524],[37.4355,5.9526],[37.4377,5.9522],[37.4404,5.952],[37.4412,5.9539],[37.4423,5.9554],[37.4427,5.9566],[37.4425,5.9578],[37.4437,5.9592],[37.4449,5.9604],[37.4455,5.9618],[37.446,5.964],[37.4464,5.965],[37.4462,5.9659],[37.4466,5.9666],[37.4479,5.9679],[37.4485,5.9691],[37.4484,5.9702],[37.4494,5.9735],[37.4498,5.9766],[37.4496,5.978],[37.4492,5.9794],[37.4492,5.9807],[37.4494,5.9818],[37.4492,5.9829],[37.4497,5.9832],[37.4497,5.9863],[37.4496,5.9871],[37.449,5.9874],[37.4484,5.9894],[37.4475,5.9903],[37.4465,5.991],[37.4452,5.9912],[37.4445,5.9921],[37.4441,5.9926],[37.4432,5.9931],[37.4424,5.9926],[37.4406,5.9941],[37.4389,5.9948],[37.4376,5.9942],[37.4369,5.9935],[37.4361,5.9936],[37.4356,5.994],[37.4352,5.9945],[37.4347,5.9952],[37.4348,5.9961],[37.4343,5.9973],[37.4351,5.9982],[37.4357,5.9995],[37.4357,6.0008],[37.4347,6.0014],[37.434,6.0026],[37.4348,6.0044],[37.4347,6.0057],[37.4348,6.0063],[37.4351,6.0068],[37.4353,6.0074],[37.4362,6.0097],[37.4366,6.0108],[37.4364,6.0125],[37.4366,6.0135],[37.4377,6.0148],[37.438,6.0158],[37.4379,6.0178],[37.4373,6.0192],[37.436,6.0206],[37.4353,6.0218],[37.436,6.0231],[37.4366,6.0244],[37.4369,6.0253],[37.4385,6.0269],[37.4395,6.0282],[37.4399,6.029],[37.441,6.0294],[37.4429,6.0295],[37.4444,6.0301],[37.4459,6.0326],[37.4463,6.0341],[37.4477,6.0364],[37.4491,6.0375],[37.4497,6.0383],[37.4501,6.0405],[37.451,6.0421],[37.4512,6.0432],[37.4511,6.0445],[37.4515,6.0455],[37.4515,6.0461],[37.4517,6.0471],[37.454,6.0459],[37.4549,6.0452],[37.4555,6.0448],[37.4564,6.0449],[37.4578,6.0444],[37.4585,6.0451],[37.4584,6.0465],[37.4593,6.0463],[37.4609,6.0464],[37.4624,6.0466],[37.4637,6.0478],[37.4647,6.0481],[37.4662,6.047],[37.4675,6.0456],[37.4695,6.045],[37.4709,6.0454],[37.4718,6.0456],[37.4734,6.0462],[37.4761,6.0463],[37.479,6.0459],[37.4802,6.0466],[37.4809,6.0474],[37.4812,6.048],[37.4834,6.0486],[37.4845,6.0495],[37.4851,6.0507],[37.4861,6.0516],[37.4873,6.053],[37.4886,6.0542],[37.4911,6.0552],[37.4915,6.0561],[37.4927,6.0576],[37.4942,6.0583],[37.496,6.0584],[37.4971,6.0587],[37.4986,6.0598],[37.501,6.0601],[37.5025,6.0604],[37.5042,6.061],[37.5063,6.0611],[37.5082,6.0609],[37.5095,6.0608],[37.5107,6.0616],[37.5136,6.0612],[37.5155,6.0605],[37.5164,6.0597],[37.5178,6.0595],[37.5196,6.0598],[37.5202,6.0603],[37.5216,6.061],[37.5238,6.0619],[37.5261,6.0615],[37.5278,6.0616],[37.5287,6.0628],[37.5293,6.0635],[37.5289,6.0645],[37.5286,6.0648],[37.5279,6.0648],[37.5261,6.0645],[37.5253,6.0652],[37.5249,6.0658],[37.5235,6.0665],[37.522,6.0661],[37.5206,6.0663],[37.5187,6.0684],[37.518,6.0695],[37.5179,6.0703],[37.5182,6.0719],[37.518,6.0731],[37.5174,6.0741],[37.5165,6.0746],[37.5162,6.0759],[37.5155,6.077],[37.5147,6.0776],[37.5141,6.0787],[37.513,6.0797],[37.5124,6.0807],[37.5127,6.082],[37.5135,6.0831],[37.5133,6.0841],[37.512,6.0851],[37.5116,6.0868],[37.5103,6.0881],[37.509,6.0894],[37.5085,6.0902],[37.5082,6.0914],[37.5086,6.0929],[37.5088,6.0945],[37.5087,6.0955],[37.5093,6.0966],[37.51,6.0973],[37.51,6.0983],[37.5094,6.099],[37.5084,6.0996],[37.5076,6.1012],[37.5076,6.1027],[37.5067,6.104],[37.5054,6.105],[37.5046,6.1061],[37.5044,6.1068],[37.505,6.1085],[37.5049,6.1094],[37.5039,6.11],[37.5035,6.1111],[37.5022,6.1124],[37.501,6.1141],[37.5004,6.1155],[37.5004,6.1164],[37.5007,6.1174],[37.5007,6.119],[37.501,6.1201],[37.5008,6.1215],[37.5002,6.1217],[37.4997,6.1216],[37.4986,6.122],[37.4977,6.1239],[37.4968,6.125],[37.4958,6.1252],[37.4945,6.1254],[37.4937,6.1264],[37.4935,6.1274],[37.4922,6.1283],[37.4907,6.1293],[37.4892,6.1301],[37.4886,6.1308],[37.4874,6.1318],[37.4859,6.1319],[37.485,6.1314],[37.4845,6.1319],[37.4843,6.1338],[37.4835,6.1354],[37.4821,6.1376],[37.4814,6.1387],[37.4807,6.1393],[37.4802,6.14],[37.4789,6.141],[37.4779,6.1421],[37.4776,6.1438],[37.4766,6.1454],[37.4757,6.1465],[37.4741,6.1475],[37.4735,6.1476],[37.4724,6.1484],[37.4719,6.1503],[37.4721,6.1517],[37.4722,6.1529],[37.4718,6.1539],[37.4726,6.1552],[37.473,6.1542],[37.4744,6.1542],[37.4751,6.1549],[37.4782,6.1549],[37.479,6.1555],[37.4801,6.157],[37.4809,6.1584],[37.483,6.1613],[37.4844,6.1626],[37.4859,6.1637],[37.4882,6.1665],[37.4883,6.1676],[37.4887,6.1684],[37.491,6.1692],[37.4918,6.169],[37.4937,6.1674],[37.495,6.1665],[37.496,6.166],[37.4967,6.1668],[37.4973,6.168],[37.4986,6.1694],[37.4994,6.1709],[37.5,6.1721],[37.5008,6.173],[37.5015,6.1742],[37.5018,6.1752],[37.5032,6.1752],[37.503,6.1743],[37.5029,6.1731],[37.5048,6.1696],[37.5055,6.1676],[37.5065,6.1661],[37.5069,6.1646],[37.5072,6.1631],[37.5076,6.162],[37.5077,6.1601],[37.508,6.1589],[37.5088,6.1573],[37.5104,6.1559],[37.5106,6.1551],[37.5116,6.1533],[37.5123,6.1529],[37.5127,6.1529],[37.5145,6.1534],[37.5186,6.1559],[37.5199,6.1566],[37.5208,6.1567],[37.5215,6.1566],[37.5234,6.1552],[37.5251,6.1544],[37.5266,6.1544],[37.5273,6.1537],[37.528,6.1534],[37.5297,6.1535],[37.5334,6.1542],[37.5392,6.1528],[37.5427,6.1499],[37.5446,6.148],[37.546,6.1472],[37.5468,6.1463],[37.5485,6.1459],[37.5506,6.1452],[37.551,6.1446],[37.5513,6.1437],[37.5515,6.1424],[37.5524,6.1419],[37.5525,6.1412],[37.5521,6.14],[37.5511,6.1392],[37.5514,6.1384],[37.5525,6.1371],[37.5551,6.1357],[37.5556,6.1345],[37.5564,6.1344],[37.5583,6.1378],[37.5593,6.1395],[37.5611,6.1417],[37.5666,6.1466],[37.568,6.1477],[37.5689,6.1501],[37.5696,6.1535],[37.57,6.1571],[37.5704,6.1585],[37.5712,6.1589],[37.5724,6.1593],[37.5747,6.1607],[37.5746,6.1614],[37.5749,6.1619],[37.5749,6.1625],[37.5752,6.1632],[37.577,6.1658],[37.5775,6.1679],[37.5776,6.1686],[37.5787,6.1695],[37.5795,6.1697],[37.5786,6.1723],[37.5787,6.173],[37.5794,6.1726],[37.5802,6.1726],[37.5805,6.1721],[37.5814,6.1712],[37.5823,6.1721],[37.583,6.1729],[37.5834,6.1736],[37.5848,6.1739],[37.5855,6.1745],[37.5859,6.1754],[37.5861,6.1772],[37.5855,6.1779],[37.5876,6.1784],[37.5881,6.1789],[37.5889,6.1822],[37.5887,6.1832],[37.5892,6.1833],[37.5902,6.1831],[37.5914,6.1831],[37.5929,6.1828],[37.5945,6.182],[37.5961,6.1817],[37.5976,6.1818],[37.6005,6.1804],[37.6017,6.179],[37.6039,6.1771],[37.6054,6.1769],[37.6064,6.1763],[37.6071,6.1757],[37.6075,6.1752],[37.6108,6.1747],[37.6119,6.1738],[37.6121,6.1723],[37.6127,6.1714],[37.6145,6.1704],[37.6159,6.1699],[37.6174,6.1698],[37.6191,6.1697],[37.6209,6.1699],[37.6218,6.1698],[37.6227,6.17],[37.6239,6.1701],[37.6254,6.1699],[37.6268,6.1705],[37.6275,6.1695],[37.628,6.1671],[37.6291,6.1644],[37.6308,6.1634],[37.632,6.1626],[37.6339,6.161],[37.6366,6.1586],[37.6376,6.1579],[37.6402,6.1563],[37.6427,6.1548],[37.6462,6.1527],[37.6483,6.1522],[37.6525,6.1506],[37.6574,6.1489],[37.6618,6.1479],[37.668,6.1479],[37.6688,6.148],[37.672,6.1464],[37.675,6.1463],[37.675,6.1462],[37.6933,6.1451],[37.7067,6.1436],[37.7341,6.138],[37.7522,6.1323],[37.7638,6.1272],[37.7716,6.1228],[37.7757,6.1136],[37.7777,6.0981],[37.7851,6.0726],[37.7898,6.0494],[37.7864,6.0288],[37.7832,6.0106],[37.7844,5.9969],[37.7866,5.9697],[37.7883,5.9641],[37.7878,5.9627],[37.7866,5.9613],[37.7866,5.9607],[37.7865,5.9607],[37.7846,5.9574],[37.7821,5.9538],[37.7792,5.951],[37.7763,5.9485],[37.7732,5.9465],[37.7709,5.9463],[37.7708,5.9468],[37.7653,5.9477],[37.7612,5.947],[37.7558,5.9447],[37.754,5.9439],[37.7527,5.9401],[37.7533,5.9365],[37.7531,5.9352],[37.752,5.9338],[37.748,5.933],[37.7475,5.9326],[37.7476,5.9324],[37.7467,5.9324],[37.7455,5.9319],[37.7439,5.9307],[37.7423,5.9294],[37.7416,5.9294],[37.7396,5.9288],[37.7351,5.9275],[37.732,5.9269],[37.727,5.9258],[37.721,5.9238],[37.7192,5.9224],[37.7181,5.9196],[37.716,5.9173],[37.7146,5.9159],[37.7142,5.9149],[37.7127,5.9133],[37.7108,5.9121],[37.7085,5.9104],[37.7064,5.9076],[37.7053,5.9055],[37.7041,5.9048],[37.7019,5.904],[37.7002,5.9032],[37.6988,5.9017],[37.6991,5.9013],[37.6971,5.9],[37.696,5.8985],[37.6916,5.8966],[37.6905,5.8956],[37.6893,5.8933],[37.6873,5.8912],[37.6842,5.8883],[37.6815,5.8851],[37.6802,5.8825],[37.6796,5.8804],[37.6778,5.878],[37.6779,5.8762],[37.6771,5.8739],[37.6771,5.8719],[37.6759,5.8701],[37.676,5.8693],[37.6757,5.869],[37.6751,5.8691],[37.6751,5.8685],[37.675,5.8666],[37.6741,5.8642],[37.6746,5.8626],[37.6743,5.862],[37.6748,5.8606],[37.6746,5.86],[37.6748,5.8594],[37.6745,5.8566],[37.6746,5.8564],[37.6739,5.8564],[37.6703,5.8566],[37.6684,5.8559],[37.6654,5.8548],[37.6647,5.8523],[37.6638,5.8515],[37.6632,5.8523],[37.6612,5.8537],[37.6594,5.8543],[37.6534,5.8614],[37.6528,5.8638],[37.6511,5.8648],[37.6477,5.8663],[37.6431,5.8655],[37.6426,5.8642],[37.6403,5.8638],[37.6391,5.8628],[37.6381,5.8612],[37.6372,5.8601],[37.6365,5.8595],[37.6344,5.8582],[37.6328,5.8558],[37.6295,5.8542],[37.6173,5.849],[37.6129,5.8473],[37.6085,5.8451],[37.5996,5.8414],[37.5817,5.8334],[37.5769,5.8316],[37.5692,5.8282],[37.5549,5.8218],[37.5483,5.8192],[37.5427,5.8166],[37.5446,5.789],[37.5463,5.7661],[37.5482,5.7403],[37.5498,5.734],[37.5479,5.7333],[37.5467,5.7328]],[[37.5373,5.9934],[37.5383,5.9926],[37.5383,5.9923],[37.5395,5.9925],[37.5396,5.9935],[37.5457,5.9974],[37.5498,6.0022],[37.5536,6.0083],[37.5531,6.0102],[37.5566,6.0173],[37.5569,6.0192],[37.5611,6.0221],[37.5615,6.0279],[37.5673,6.032],[37.5663,6.0339],[37.5665,6.0346],[37.5686,6.0343],[37.5746,6.0294],[37.5811,6.022],[37.5824,6.0221],[37.5832,6.0234],[37.5876,6.0303],[37.5894,6.0303],[37.5919,6.0318],[37.5926,6.0344],[37.5957,6.0454],[37.5988,6.0601],[37.5959,6.0611],[37.5943,6.0603],[37.5928,6.0622],[37.5914,6.0612],[37.5864,6.0603],[37.5866,6.067],[37.5848,6.0686],[37.5755,6.0722],[37.5663,6.0722],[37.5659,6.0709],[37.5537,6.0753],[37.5529,6.0747],[37.5541,6.0629],[37.5506,6.0608],[37.5499,6.0567],[37.5454,6.0545],[37.5409,6.0475],[37.5422,6.0362],[37.5391,6.0303],[37.5351,6.0197],[37.5301,6.0098],[37.5328,6.0032],[37.5373,5.9934]]]}},{"type":"Feature","properties":{"id":"LW071","woreda":"Arba Minch town","zone":"Gamo","region":"South Ethiopia","area_km2":33.4,"lat":6.0332,"lon":37.5536},"geometry":{"type":"Polygon","coordinates":[[[37.5301,6.0098],[37.5351,6.0197],[37.5391,6.0303],[37.5422,6.0362],[37.5409,6.0475],[37.5454,6.0545],[37.5499,6.0567],[37.5506,6.0608],[37.5541,6.0629],[37.5529,6.0747],[37.5537,6.0753],[37.5659,6.0709],[37.5663,6.0722],[37.5755,6.0722],[37.5848,6.0686],[37.5866,6.067],[37.5864,6.0603],[37.5914,6.0612],[37.5928,6.0622],[37.5943,6.0603],[37.5959,6.0611],[37.5988,6.0601],[37.5957,6.0454],[37.5926,6.0344],[37.5919,6.0318],[37.5894,6.0303],[37.5876,6.0303],[37.5832,6.0234],[37.5824,6.0221],[37.5811,6.022],[37.5746,6.0294],[37.5686,6.0343],[37.5665,6.0346],[37.5663,6.0339],[37.5673,6.032],[37.5615,6.0279],[37.5611,6.0221],[37.5569,6.0192],[37.5566,6.0173],[37.5531,6.0102],[37.5536,6.0083],[37.5498,6.0022],[37.5457,5.9974],[37.5396,5.9935],[37.5395,5.9925],[37.5383,5.9923],[37.5383,5.9926],[37.5373,5.9934],[37.5328,6.0032],[37.5301,6.0098]]]}},{"type":"Feature","properties":{"id":"LW072","woreda":"Dita","zone":"Gamo","region":"South Ethiopia","area_km2":283.3,"lat":6.2615,"lon":37.4263},"geometry":{"type":"Polygon","coordinates":[[[37.5496,6.3155],[37.5496,6.3141],[37.5495,6.3121],[37.5497,6.3104],[37.5501,6.3087],[37.55,6.3072],[37.5506,6.3054],[37.5512,6.3028],[37.5509,6.3022],[37.5502,6.3025],[37.5482,6.3029],[37.5473,6.3029],[37.5466,6.3027],[37.5461,6.3023],[37.5429,6.2999],[37.5421,6.299],[37.5409,6.2993],[37.5395,6.2988],[37.5351,6.2976],[37.5342,6.2975],[37.5311,6.297],[37.5296,6.2962],[37.5281,6.2956],[37.5255,6.292],[37.5244,6.2921],[37.5227,6.2918],[37.5209,6.2914],[37.5202,6.2909],[37.519,6.2909],[37.5182,6.2907],[37.5176,6.2905],[37.5168,6.2906],[37.5161,6.2904],[37.5153,6.2906],[37.5145,6.2904],[37.5132,6.2904],[37.5124,6.2899],[37.5107,6.2899],[37.5103,6.2894],[37.5104,6.2884],[37.5097,6.2878],[37.5077,6.2872],[37.5065,6.2872],[37.5048,6.2867],[37.5037,6.2865],[37.5018,6.2857],[37.5002,6.2852],[37.4967,6.2848],[37.4952,6.285],[37.4934,6.285],[37.4914,6.285],[37.489,6.2844],[37.4887,6.2839],[37.4873,6.2818],[37.4851,6.2794],[37.4834,6.2778],[37.4827,6.2771],[37.4799,6.2754],[37.4783,6.2744],[37.4768,6.2736],[37.4758,6.2738],[37.4745,6.2736],[37.4745,6.2717],[37.4743,6.2697],[37.474,6.2685],[37.4738,6.2671],[37.4743,6.2658],[37.4763,6.2639],[37.4771,6.2627],[37.4777,6.261],[37.4778,6.26],[37.4789,6.2583],[37.4803,6.2558],[37.4816,6.2542],[37.4824,6.2532],[37.4821,6.2526],[37.4798,6.2498],[37.4784,6.2475],[37.4781,6.2465],[37.4792,6.2455],[37.4806,6.2438],[37.4832,6.241],[37.4841,6.2402],[37.4866,6.2379],[37.4876,6.2368],[37.488,6.2349],[37.4885,6.231],[37.489,6.2282],[37.4882,6.2273],[37.487,6.2262],[37.4851,6.2251],[37.4844,6.2243],[37.4836,6.2239],[37.4826,6.2232],[37.4808,6.2215],[37.4805,6.2207],[37.4809,6.218],[37.481,6.2171],[37.4813,6.2139],[37.4794,6.2127],[37.4787,6.2121],[37.4777,6.2119],[37.4772,6.2112],[37.4765,6.2112],[37.4752,6.2122],[37.4736,6.2115],[37.4712,6.2096],[37.4705,6.2094],[37.4701,6.2084],[37.4689,6.207],[37.4681,6.2053],[37.4679,6.2038],[37.4685,6.2025],[37.4692,6.2018],[37.4694,6.1999],[37.4701,6.1979],[37.4714,6.1943],[37.471,6.1932],[37.4703,6.1917],[37.4694,6.1892],[37.4687,6.1861],[37.4683,6.1856],[37.4675,6.1861],[37.467,6.1868],[37.4656,6.1875],[37.4567,6.1915],[37.4565,6.1909],[37.4568,6.1896],[37.4579,6.1877],[37.4586,6.1867],[37.4595,6.1847],[37.4603,6.1825],[37.4603,6.1814],[37.461,6.1769],[37.4614,6.1735],[37.4618,6.172],[37.4614,6.1711],[37.4614,6.1707],[37.461,6.17],[37.4604,6.1683],[37.4589,6.1669],[37.4583,6.1649],[37.4573,6.1642],[37.4544,6.1621],[37.4537,6.1593],[37.4521,6.1557],[37.4523,6.1539],[37.4526,6.1533],[37.4529,6.1513],[37.4533,6.1508],[37.4559,6.1485],[37.4567,6.1476],[37.4564,6.1467],[37.4547,6.1445],[37.4539,6.1433],[37.4536,6.1423],[37.453,6.1399],[37.453,6.1382],[37.4523,6.1365],[37.4518,6.1341],[37.4526,6.133],[37.4536,6.132],[37.4544,6.1311],[37.4546,6.1292],[37.4554,6.1277],[37.4559,6.1263],[37.4559,6.1238],[37.4529,6.1235],[37.4493,6.123],[37.4483,6.1232],[37.4462,6.1259],[37.4448,6.1284],[37.4422,6.1314],[37.4412,6.1324],[37.4396,6.136],[37.4387,6.1364],[37.4394,6.1391],[37.439,6.1412],[37.4394,6.1425],[37.4394,6.1437],[37.4387,6.1448],[37.4384,6.1458],[37.4382,6.1469],[37.4374,6.1503],[37.4357,6.1537],[37.4336,6.1572],[37.4323,6.1591],[37.4304,6.1604],[37.4288,6.1612],[37.4279,6.1624],[37.4271,6.1635],[37.4269,6.1659],[37.4274,6.1696],[37.4279,6.1719],[37.4285,6.1732],[37.4289,6.1751],[37.4291,6.1774],[37.4294,6.1817],[37.43,6.1851],[37.4302,6.1866],[37.4307,6.1884],[37.4307,6.1915],[37.4307,6.1921],[37.4302,6.1962],[37.43,6.1994],[37.4298,6.2001],[37.4296,6.2013],[37.4283,6.2021],[37.4246,6.1989],[37.4228,6.1972],[37.4226,6.1965],[37.4214,6.1956],[37.4206,6.1926],[37.4202,6.1922],[37.4189,6.1927],[37.4186,6.1938],[37.4181,6.1965],[37.4173,6.1976],[37.4168,6.1979],[37.4155,6.1993],[37.4139,6.2013],[37.4127,6.2035],[37.4123,6.2041],[37.4117,6.2053],[37.4102,6.2075],[37.4076,6.2093],[37.4046,6.2105],[37.4014,6.2113],[37.3997,6.2113],[37.3974,6.2109],[37.3902,6.2003],[37.3893,6.1983],[37.3878,6.1953],[37.3873,6.1939],[37.3849,6.1941],[37.3831,6.194],[37.3809,6.1944],[37.3796,6.1951],[37.3779,6.1959],[37.377,6.1973],[37.3752,6.1989],[37.3724,6.2014],[37.3712,6.2023],[37.3707,6.2028],[37.3697,6.2035],[37.3678,6.2049],[37.3671,6.2058],[37.3663,6.2062],[37.3658,6.2067],[37.3651,6.2069],[37.3648,6.2075],[37.3642,6.208],[37.3627,6.208],[37.3612,6.2078],[37.3595,6.2077],[37.3584,6.2083],[37.3579,6.2091],[37.3579,6.21],[37.3576,6.212],[37.3565,6.2125],[37.3552,6.213],[37.3554,6.2142],[37.3561,6.215],[37.358,6.2156],[37.3592,6.2158],[37.3614,6.2167],[37.3633,6.2177],[37.3645,6.2182],[37.3661,6.2192],[37.3662,6.2212],[37.3674,6.2265],[37.3682,6.2251],[37.3694,6.2233],[37.3701,6.2218],[37.3718,6.2189],[37.3727,6.2173],[37.3736,6.2153],[37.3748,6.2126],[37.3764,6.2096],[37.3779,6.2073],[37.3795,6.2051],[37.3807,6.2037],[37.3816,6.2053],[37.3814,6.2068],[37.381,6.2087],[37.3806,6.2102],[37.3801,6.2126],[37.3796,6.2152],[37.3785,6.2201],[37.3773,6.2234],[37.377,6.2261],[37.3769,6.2267],[37.3769,6.2284],[37.3771,6.2305],[37.3771,6.2332],[37.378,6.2378],[37.3781,6.24],[37.3785,6.2421],[37.3787,6.247],[37.3785,6.2503],[37.3786,6.2508],[37.3785,6.2532],[37.3784,6.2555],[37.3769,6.2575],[37.3757,6.2603],[37.3748,6.2625],[37.3736,6.2648],[37.3732,6.2669],[37.3726,6.2686],[37.3721,6.2707],[37.3718,6.2729],[37.3712,6.2755],[37.3704,6.2784],[37.3699,6.2806],[37.3696,6.2827],[37.3702,6.2846],[37.3722,6.2854],[37.3742,6.2856],[37.3765,6.285],[37.3791,6.2835],[37.3811,6.2836],[37.382,6.284],[37.3846,6.2852],[37.3856,6.2857],[37.3874,6.2863],[37.3889,6.2865],[37.3943,6.2895],[37.3946,6.2899],[37.3957,6.2907],[37.3974,6.2933],[37.3988,6.2943],[37.4003,6.2959],[37.4012,6.2967],[37.4032,6.2988],[37.4039,6.2989],[37.406,6.3015],[37.4061,6.3035],[37.406,6.3044],[37.4052,6.3068],[37.4049,6.3088],[37.4038,6.312],[37.4022,6.3174],[37.4022,6.3186],[37.4017,6.3221],[37.3965,6.329],[37.396,6.3296],[37.3947,6.3308],[37.3927,6.3322],[37.3906,6.3353],[37.3901,6.3372],[37.3895,6.3377],[37.3923,6.3385],[37.397,6.3402],[37.3994,6.3414],[37.4001,6.3419],[37.4011,6.3423],[37.4033,6.3431],[37.4045,6.3434],[37.4062,6.344],[37.4088,6.3442],[37.4095,6.3438],[37.4137,6.3443],[37.4145,6.346],[37.4157,6.3487],[37.4162,6.3498],[37.4168,6.3514],[37.4176,6.3541],[37.419,6.3568],[37.4194,6.3585],[37.419,6.3593],[37.4203,6.36],[37.4223,6.3617],[37.4234,6.3617],[37.4251,6.3615],[37.4271,6.3617],[37.4275,6.3625],[37.4286,6.3634],[37.4312,6.3639],[37.4332,6.3642],[37.4342,6.3645],[37.4369,6.3643],[37.4393,6.3644],[37.4398,6.364],[37.4428,6.3618],[37.4442,6.3603],[37.4481,6.3602],[37.4504,6.36],[37.4526,6.3596],[37.4536,6.3603],[37.4549,6.3609],[37.4568,6.3626],[37.4593,6.3636],[37.4616,6.3645],[37.4622,6.3659],[37.4633,6.3675],[37.464,6.3693],[37.4649,6.3706],[37.4665,6.372],[37.4667,6.3727],[37.4672,6.3734],[37.4671,6.3746],[37.4663,6.3766],[37.4652,6.379],[37.4639,6.3808],[37.4621,6.3828],[37.4609,6.3847],[37.4606,6.3863],[37.4601,6.3877],[37.4599,6.3889],[37.4609,6.3897],[37.4619,6.3911],[37.4627,6.3927],[37.4627,6.3936],[37.4628,6.3943],[37.464,6.3942],[37.4651,6.3936],[37.4661,6.3926],[37.4673,6.3909],[37.4679,6.3904],[37.469,6.3891],[37.4697,6.3885],[37.4734,6.3863],[37.4764,6.384],[37.4792,6.3824],[37.4814,6.3812],[37.485,6.378],[37.4866,6.3763],[37.4882,6.3751],[37.4898,6.3748],[37.4917,6.3735],[37.4941,6.3724],[37.4965,6.3719],[37.4973,6.3713],[37.4992,6.3717],[37.4972,6.3763],[37.497,6.3773],[37.4968,6.3795],[37.4985,6.3823],[37.4998,6.3843],[37.5004,6.385],[37.5024,6.3881],[37.5033,6.3881],[37.5065,6.3881],[37.508,6.3886],[37.5098,6.39],[37.5107,6.3911],[37.5131,6.3927],[37.5157,6.3938],[37.5183,6.3943],[37.5209,6.3952],[37.522,6.3963],[37.5246,6.3984],[37.5253,6.3995],[37.5258,6.4005],[37.5265,6.399],[37.5276,6.3974],[37.5284,6.3956],[37.5278,6.3916],[37.5282,6.3896],[37.5289,6.3886],[37.5297,6.3866],[37.5297,6.3853],[37.5302,6.3839],[37.5307,6.383],[37.5325,6.3828],[37.5333,6.3828],[37.5346,6.3825],[37.5362,6.3817],[37.5373,6.3809],[37.5388,6.3806],[37.5397,6.3802],[37.5402,6.3798],[37.5403,6.3774],[37.5396,6.3758],[37.5393,6.3743],[37.5392,6.3726],[37.5389,6.3713],[37.5389,6.3698],[37.5395,6.3692],[37.5401,6.3693],[37.5402,6.3683],[37.5399,6.3657],[37.54,6.3647],[37.5404,6.3636],[37.5399,6.3628],[37.54,6.362],[37.5403,6.361],[37.5389,6.3578],[37.5387,6.3572],[37.5386,6.3562],[37.5381,6.3551],[37.538,6.3543],[37.5382,6.3532],[37.5387,6.3527],[37.5393,6.3512],[37.5393,6.3505],[37.5387,6.3492],[37.5382,6.3486],[37.5387,6.3459],[37.5391,6.3436],[37.5392,6.3416],[37.5398,6.3369],[37.54,6.3352],[37.5403,6.3336],[37.5407,6.3329],[37.5414,6.3324],[37.5422,6.332],[37.5429,6.3311],[37.5437,6.3307],[37.5441,6.3298],[37.5448,6.3294],[37.5455,6.3291],[37.5457,6.3278],[37.5463,6.3264],[37.5464,6.3254],[37.5461,6.3243],[37.5462,6.3232],[37.5469,6.3226],[37.5482,6.3224],[37.5489,6.3218],[37.5494,6.3208],[37.5496,6.3197],[37.5497,6.318],[37.5496,6.3155]]]}},{"type":"Feature","properties":{"id":"LW073","woreda":"Enderta","zone":"South Eastern","region":"Tigray","area_km2":1607.6,"lat":13.4632,"lon":39.3467},"geometry":{"type":"Polygon","coordinates":[[[39.41,13.6702],[39.4098,13.6687],[39.4095,13.6676],[39.4092,13.6657],[39.4091,13.6643],[39.4093,13.6632],[39.41,13.6608],[39.4102,13.6598],[39.4102,13.6591],[39.4107,13.6574],[39.4107,13.6565],[39.4113,13.6542],[39.4116,13.6531],[39.4121,13.6512],[39.4123,13.6497],[39.4122,13.6492],[39.4124,13.6484],[39.4131,13.6463],[39.4134,13.6456],[39.4131,13.6448],[39.4132,13.6444],[39.414,13.643],[39.4141,13.6423],[39.4144,13.6411],[39.4144,13.6404],[39.4141,13.6397],[39.4135,13.6385],[39.4131,13.6383],[39.4126,13.6377],[39.4114,13.6366],[39.4111,13.6362],[39.4108,13.6355],[39.4104,13.6344],[39.4101,13.6341],[39.4084,13.6332],[39.4079,13.6325],[39.4071,13.631],[39.4067,13.6297],[39.4059,13.6289],[39.4056,13.6284],[39.4052,13.6282],[39.4043,13.6273],[39.404,13.6266],[39.4037,13.6257],[39.4047,13.6249],[39.405,13.6239],[39.406,13.6236],[39.4065,13.624],[39.4078,13.6253],[39.4089,13.626],[39.4098,13.6262],[39.4112,13.6259],[39.4118,13.6257],[39.413,13.6246],[39.4134,13.6243],[39.4146,13.6239],[39.4149,13.6234],[39.4145,13.6213],[39.4145,13.6204],[39.4147,13.619],[39.415,13.6184],[39.4159,13.6178],[39.4195,13.6182],[39.4233,13.6188],[39.4246,13.6189],[39.4253,13.6186],[39.4253,13.618],[39.4249,13.617],[39.4243,13.616],[39.4241,13.6144],[39.4242,13.6135],[39.4248,13.613],[39.4255,13.6128],[39.4264,13.6129],[39.4277,13.6146],[39.4281,13.6155],[39.429,13.617],[39.4297,13.6178],[39.431,13.6189],[39.4325,13.6201],[39.4335,13.6215],[39.4341,13.6223],[39.4345,13.6226],[39.4352,13.623],[39.4373,13.6236],[39.4378,13.6239],[39.4392,13.6243],[39.4402,13.6236],[39.4403,13.6221],[39.4413,13.6215],[39.4424,13.6213],[39.4432,13.6213],[39.4445,13.6215],[39.4454,13.6228],[39.4467,13.6247],[39.4477,13.6253],[39.4488,13.6258],[39.4496,13.6262],[39.45,13.6266],[39.4505,13.6277],[39.4511,13.6291],[39.4527,13.6315],[39.4533,13.6321],[39.4556,13.6322],[39.4563,13.6324],[39.4567,13.633],[39.4569,13.6342],[39.4572,13.6352],[39.4574,13.6366],[39.4579,13.6378],[39.4583,13.6386],[39.4588,13.6392],[39.4594,13.6396],[39.4599,13.6396],[39.4607,13.6391],[39.4613,13.6383],[39.4618,13.6381],[39.4626,13.6383],[39.4642,13.6403],[39.4644,13.6406],[39.4647,13.642],[39.4648,13.6433],[39.465,13.644],[39.4657,13.6443],[39.4672,13.6436],[39.4694,13.6431],[39.47,13.6428],[39.4707,13.6426],[39.4723,13.643],[39.4732,13.6427],[39.4737,13.6423],[39.4743,13.6416],[39.4747,13.6414],[39.4756,13.6412],[39.476,13.6414],[39.4774,13.642],[39.4782,13.6415],[39.4785,13.6411],[39.4786,13.6405],[39.4789,13.6376],[39.4788,13.6365],[39.4786,13.6345],[39.4779,13.6334],[39.4778,13.6319],[39.4781,13.6294],[39.478,13.6276],[39.4783,13.6264],[39.4795,13.6255],[39.4799,13.6251],[39.4817,13.6237],[39.4824,13.6223],[39.4826,13.6218],[39.4836,13.6208],[39.4843,13.6202],[39.4851,13.62],[39.4858,13.6201],[39.4867,13.62],[39.4881,13.6198],[39.489,13.6189],[39.4901,13.618],[39.4907,13.6178],[39.4921,13.6168],[39.4931,13.6164],[39.4938,13.6165],[39.4943,13.6169],[39.4947,13.6175],[39.4949,13.6181],[39.4955,13.6189],[39.4962,13.6193],[39.4966,13.6198],[39.4965,13.6206],[39.4963,13.6219],[39.4963,13.6228],[39.4967,13.6236],[39.4978,13.6241],[39.4998,13.6232],[39.5003,13.623],[39.5012,13.622],[39.5016,13.6209],[39.5024,13.6205],[39.5044,13.6213],[39.5055,13.6213],[39.5069,13.6212],[39.508,13.6209],[39.5083,13.6205],[39.5097,13.6182],[39.5101,13.6171],[39.5108,13.6163],[39.5135,13.6149],[39.5148,13.6141],[39.5152,13.6139],[39.5169,13.6127],[39.5169,13.6122],[39.5165,13.6112],[39.516,13.6104],[39.5159,13.6099],[39.5162,13.6081],[39.5162,13.6062],[39.5163,13.6054],[39.5171,13.604],[39.5176,13.6035],[39.5188,13.6024],[39.5199,13.6023],[39.5207,13.6024],[39.5213,13.6028],[39.5226,13.6036],[39.5233,13.6038],[39.5236,13.6034],[39.5236,13.6025],[39.5232,13.6009],[39.5231,13.6],[39.5231,13.5995],[39.5235,13.5985],[39.5244,13.598],[39.5252,13.598],[39.5285,13.5992],[39.5305,13.6005],[39.5316,13.6009],[39.532,13.6005],[39.5319,13.6],[39.5315,13.5995],[39.529,13.5969],[39.5283,13.5956],[39.5289,13.5947],[39.5296,13.5942],[39.5301,13.594],[39.5312,13.5942],[39.5323,13.5948],[39.5344,13.5957],[39.5361,13.596],[39.5369,13.5964],[39.5375,13.5975],[39.5382,13.5992],[39.5394,13.6003],[39.5408,13.6014],[39.5417,13.6019],[39.5432,13.603],[39.544,13.6032],[39.5446,13.6033],[39.5452,13.6029],[39.5467,13.6015],[39.5475,13.6009],[39.5489,13.5992],[39.5499,13.5977],[39.5504,13.5967],[39.5511,13.5957],[39.5527,13.5938],[39.555,13.5926],[39.5564,13.5913],[39.5574,13.5898],[39.5577,13.5892],[39.5582,13.5876],[39.5578,13.5865],[39.5583,13.5857],[39.5583,13.5848],[39.5581,13.5836],[39.5584,13.5829],[39.5596,13.5824],[39.5604,13.5822],[39.5622,13.5823],[39.5628,13.5821],[39.5632,13.5817],[39.5651,13.5816],[39.5666,13.5814],[39.5676,13.5816],[39.5685,13.5814],[39.5692,13.5809],[39.5698,13.5799],[39.5704,13.5793],[39.5719,13.5787],[39.5725,13.5783],[39.5732,13.5781],[39.576,13.5774],[39.5763,13.5771],[39.578,13.5778],[39.5802,13.5778],[39.5824,13.5781],[39.5845,13.5785],[39.586,13.5789],[39.5871,13.5793],[39.5897,13.5814],[39.5905,13.5821],[39.5932,13.584],[39.5937,13.5849],[39.5942,13.5863],[39.5953,13.5885],[39.5958,13.5898],[39.597,13.592],[39.5981,13.5941],[39.5994,13.5961],[39.5999,13.5968],[39.6004,13.5974],[39.602,13.5988],[39.6037,13.6003],[39.6047,13.6013],[39.6055,13.6019],[39.6063,13.6024],[39.6077,13.6031],[39.6081,13.6033],[39.6086,13.604],[39.6094,13.6038],[39.6107,13.6031],[39.6115,13.6026],[39.6129,13.6012],[39.6134,13.6006],[39.614,13.6002],[39.6151,13.5995],[39.6167,13.5982],[39.6175,13.5977],[39.6192,13.5964],[39.62,13.5956],[39.6207,13.5949],[39.621,13.5944],[39.6212,13.5925],[39.6211,13.5907],[39.622,13.5869],[39.6222,13.5867],[39.6228,13.5857],[39.6235,13.5847],[39.625,13.583],[39.6255,13.5824],[39.6264,13.5814],[39.627,13.5805],[39.6272,13.5797],[39.6274,13.5782],[39.6279,13.577],[39.6295,13.5747],[39.63,13.5741],[39.6307,13.5718],[39.631,13.5706],[39.6313,13.5697],[39.6321,13.5674],[39.6323,13.5666],[39.6325,13.5648],[39.6326,13.563],[39.6329,13.5621],[39.6329,13.5617],[39.6334,13.5605],[39.6345,13.5596],[39.6346,13.5603],[39.6359,13.561],[39.6367,13.5612],[39.6377,13.5613],[39.6383,13.5615],[39.6395,13.5623],[39.6407,13.5636],[39.6422,13.5647],[39.6429,13.5652],[39.6443,13.5658],[39.6462,13.567],[39.6465,13.5674],[39.648,13.568],[39.6485,13.5684],[39.6487,13.5687],[39.6501,13.5706],[39.6508,13.5722],[39.6517,13.5733],[39.6523,13.5745],[39.6529,13.5764],[39.6537,13.5783],[39.654,13.5792],[39.6548,13.581],[39.6556,13.5823],[39.6577,13.5849],[39.6589,13.5864],[39.6598,13.5873],[39.6615,13.5887],[39.6626,13.5897],[39.6644,13.5914],[39.6651,13.5922],[39.6658,13.5927],[39.6679,13.5946],[39.6688,13.5957],[39.6692,13.596],[39.6709,13.5972],[39.6717,13.5979],[39.6736,13.5995],[39.6741,13.5999],[39.6762,13.6017],[39.6774,13.6019],[39.678,13.6024],[39.6784,13.603],[39.679,13.6033],[39.6804,13.6031],[39.6808,13.6036],[39.6812,13.6038],[39.6819,13.6037],[39.6824,13.6035],[39.684,13.6032],[39.6845,13.6032],[39.6851,13.604],[39.6851,13.6049],[39.6846,13.6065],[39.6843,13.6073],[39.684,13.6087],[39.6842,13.6094],[39.6847,13.6102],[39.685,13.6122],[39.6853,13.6135],[39.6899,13.6115],[39.6921,13.6102],[39.6945,13.6091],[39.6965,13.6087],[39.6986,13.6079],[39.7008,13.6062],[39.7025,13.605],[39.7046,13.6045],[39.7071,13.6029],[39.7094,13.602],[39.7117,13.6011],[39.714,13.5996],[39.716,13.5988],[39.7177,13.5976],[39.7198,13.5965],[39.7211,13.5945],[39.7222,13.592],[39.7227,13.5897],[39.7249,13.589],[39.7263,13.5875],[39.7286,13.5867],[39.7309,13.5872],[39.7334,13.5859],[39.7357,13.5839],[39.7378,13.5827],[39.7394,13.5813],[39.7411,13.5794],[39.7447,13.5758],[39.7464,13.5744],[39.7478,13.5739],[39.7464,13.5708],[39.7445,13.5708],[39.7395,13.5631],[39.7397,13.5473],[39.7339,13.5287],[39.7292,13.5241],[39.7282,13.5166],[39.7234,13.5092],[39.7224,13.499],[39.7205,13.4869],[39.7195,13.4757],[39.7214,13.4654],[39.7242,13.4505],[39.7261,13.4412],[39.726,13.4319],[39.7277,13.4222],[39.73,13.4159],[39.7324,13.4096],[39.7339,13.4031],[39.7383,13.3996],[39.7416,13.394],[39.7436,13.3889],[39.7413,13.3822],[39.7458,13.3741],[39.7361,13.377],[39.7295,13.3788],[39.7317,13.3733],[39.736,13.3681],[39.74,13.3633],[39.7422,13.3575],[39.7417,13.3513],[39.7403,13.3457],[39.7395,13.3389],[39.7388,13.3329],[39.7365,13.3273],[39.7377,13.3211],[39.735,13.3143],[39.7285,13.3088],[39.7244,13.303],[39.7197,13.2946],[39.725,13.2883],[39.7301,13.2866],[39.7359,13.2865],[39.7418,13.2826],[39.748,13.2817],[39.7535,13.28],[39.7586,13.2789],[39.7624,13.2835],[39.7673,13.2853],[39.7722,13.2802],[39.7774,13.2752],[39.782,13.2692],[39.7857,13.2627],[39.7852,13.2572],[39.7851,13.252],[39.7872,13.2456],[39.7912,13.2395],[39.7959,13.233],[39.7991,13.2275],[39.8002,13.2212],[39.7996,13.2204],[39.7981,13.2189],[39.7963,13.2175],[39.7953,13.2169],[39.7948,13.2168],[39.7943,13.2171],[39.7919,13.2188],[39.7881,13.2211],[39.786,13.2224],[39.7853,13.2229],[39.7847,13.2231],[39.7839,13.2232],[39.781,13.2233],[39.7799,13.2235],[39.7775,13.2241],[39.7723,13.226],[39.7706,13.2265],[39.7698,13.2265],[39.7686,13.2262],[39.7675,13.2258],[39.7658,13.2252],[39.7648,13.2248],[39.7643,13.2247],[39.762,13.2252],[39.7606,13.2256],[39.7585,13.2267],[39.7559,13.2277],[39.7532,13.2292],[39.7521,13.2297],[39.7512,13.23],[39.7498,13.23],[39.7491,13.2299],[39.747,13.2301],[39.7461,13.2304],[39.7452,13.2309],[39.7434,13.2317],[39.7411,13.2325],[39.7382,13.2339],[39.7369,13.2347],[39.7361,13.2355],[39.7354,13.2365],[39.7343,13.2372],[39.7324,13.2382],[39.7316,13.2381],[39.7297,13.2374],[39.7281,13.2366],[39.7274,13.236],[39.7263,13.2354],[39.7254,13.2353],[39.7241,13.2353],[39.7226,13.2354],[39.72,13.2367],[39.719,13.2371],[39.7171,13.2376],[39.7157,13.2377],[39.7139,13.2377],[39.7115,13.2373],[39.708,13.2364],[39.7067,13.236],[39.7059,13.2358],[39.7046,13.2353],[39.7037,13.2359],[39.702,13.2381],[39.7013,13.2389],[39.7001,13.2403],[39.6994,13.2416],[39.6989,13.2421],[39.6982,13.2427],[39.6966,13.2414],[39.6953,13.2406],[39.6943,13.2402],[39.6936,13.24],[39.6931,13.2401],[39.6911,13.2408],[39.6903,13.2411],[39.6893,13.2418],[39.6888,13.2422],[39.6871,13.2434],[39.6859,13.2441],[39.6841,13.2446],[39.6829,13.2446],[39.682,13.2444],[39.6804,13.2443],[39.6797,13.2444],[39.6786,13.2445],[39.677,13.245],[39.6742,13.2463],[39.6723,13.2469],[39.6713,13.247],[39.6691,13.2475],[39.6675,13.2481],[39.6668,13.2489],[39.6661,13.2495],[39.6657,13.2497],[39.6642,13.2498],[39.6589,13.2518],[39.6566,13.2528],[39.656,13.2527],[39.6549,13.2525],[39.654,13.2521],[39.6535,13.2521],[39.6523,13.253],[39.6519,13.2534],[39.6509,13.2534],[39.6502,13.2535],[39.6492,13.2539],[39.6477,13.254],[39.6471,13.2537],[39.6457,13.2527],[39.6448,13.2523],[39.6441,13.2524],[39.6435,13.2525],[39.6423,13.2532],[39.6417,13.2532],[39.6399,13.253],[39.6386,13.2531],[39.6375,13.2536],[39.636,13.2544],[39.6344,13.2552],[39.6326,13.2561],[39.6314,13.2568],[39.6307,13.2575],[39.6291,13.2595],[39.6277,13.2605],[39.6228,13.2616],[39.6217,13.2616],[39.6212,13.2614],[39.6207,13.2609],[39.6197,13.2593],[39.6191,13.2584],[39.6187,13.2582],[39.6183,13.2582],[39.6174,13.2585],[39.616,13.2592],[39.6147,13.2602],[39.6124,13.2621],[39.6113,13.2636],[39.6105,13.2641],[39.6085,13.2651],[39.6072,13.2647],[39.6062,13.2642],[39.6054,13.2636],[39.6043,13.2625],[39.6035,13.2612],[39.6029,13.2605],[39.6026,13.2604],[39.6017,13.2603],[39.6005,13.2607],[39.5986,13.2617],[39.5973,13.2625],[39.5948,13.2639],[39.5937,13.2644],[39.5925,13.2651],[39.5909,13.2663],[39.5886,13.2678],[39.5868,13.2688],[39.5858,13.2693],[39.5849,13.2694],[39.584,13.2693],[39.5824,13.2691],[39.5811,13.2685],[39.5805,13.2682],[39.5799,13.2683],[39.5785,13.2689],[39.5778,13.2691],[39.5764,13.2692],[39.5751,13.2692],[39.573,13.2685],[39.5716,13.2677],[39.5704,13.2674],[39.5682,13.2671],[39.5668,13.2668],[39.5651,13.2663],[39.5642,13.2661],[39.5617,13.2645],[39.5606,13.2638],[39.5589,13.2626],[39.558,13.2618],[39.5574,13.2611],[39.5571,13.2604],[39.5568,13.2594],[39.556,13.2585],[39.5552,13.2583],[39.5541,13.2584],[39.5519,13.2598],[39.5513,13.2604],[39.55,13.2614],[39.5482,13.2632],[39.5467,13.2642],[39.5462,13.2647],[39.5458,13.2648],[39.545,13.264],[39.5442,13.2626],[39.5435,13.2617],[39.5403,13.2583],[39.5386,13.2561],[39.538,13.2551],[39.5372,13.2538],[39.5367,13.2527],[39.5362,13.2521],[39.5345,13.2503],[39.533,13.249],[39.532,13.2482],[39.5302,13.2461],[39.5296,13.2456],[39.5284,13.2448],[39.5279,13.2448],[39.5269,13.2461],[39.5258,13.2469],[39.5246,13.2478],[39.5236,13.2486],[39.5229,13.2504],[39.5196,13.2517],[39.5186,13.252],[39.5182,13.2522],[39.5173,13.2525],[39.5166,13.2528],[39.5162,13.2532],[39.5151,13.2543],[39.5124,13.2572],[39.5117,13.258],[39.5108,13.2589],[39.5104,13.2595],[39.5096,13.2601],[39.5075,13.2617],[39.507,13.262],[39.5049,13.2637],[39.5035,13.2648],[39.5033,13.2652],[39.5016,13.2656],[39.501,13.2662],[39.5004,13.267],[39.4999,13.2679],[39.4994,13.2695],[39.4998,13.2709],[39.5005,13.2718],[39.5023,13.2737],[39.5027,13.2743],[39.5032,13.2753],[39.5034,13.2761],[39.5033,13.2781],[39.5032,13.2807],[39.5032,13.2822],[39.5034,13.2834],[39.5043,13.2862],[39.5043,13.2872],[39.5043,13.2885],[39.504,13.2893],[39.5035,13.29],[39.5028,13.2914],[39.5028,13.2921],[39.5029,13.293],[39.5028,13.2947],[39.5026,13.2957],[39.5023,13.2966],[39.5013,13.2977],[39.5004,13.298],[39.4992,13.2982],[39.4973,13.2985],[39.496,13.2992],[39.4953,13.2999],[39.495,13.3006],[39.4951,13.3012],[39.4955,13.3014],[39.4963,13.3013],[39.4967,13.3017],[39.4972,13.3025],[39.4972,13.3029],[39.4967,13.304],[39.4972,13.3047],[39.4979,13.3052],[39.4996,13.3057],[39.5009,13.3065],[39.502,13.3071],[39.5029,13.3081],[39.5031,13.3087],[39.5037,13.3095],[39.5042,13.31],[39.5046,13.3105],[39.5048,13.3112],[39.5054,13.312],[39.5061,13.3126],[39.5068,13.313],[39.5077,13.3138],[39.5083,13.3149],[39.5085,13.3159],[39.5086,13.3173],[39.5089,13.3182],[39.5095,13.3188],[39.5103,13.32],[39.5105,13.3215],[39.5107,13.3223],[39.5113,13.3236],[39.5129,13.3259],[39.5134,13.3264],[39.5142,13.3267],[39.5151,13.3267],[39.5168,13.3259],[39.5181,13.3259],[39.5198,13.327],[39.521,13.328],[39.5227,13.329],[39.5254,13.3309],[39.5268,13.3322],[39.5272,13.3328],[39.5278,13.3342],[39.5284,13.3352],[39.5297,13.3369],[39.5303,13.3379],[39.5311,13.3396],[39.5317,13.3412],[39.5318,13.3427],[39.5313,13.3455],[39.531,13.3464],[39.5294,13.3499],[39.5286,13.3506],[39.5273,13.3507],[39.5268,13.3506],[39.5258,13.3495],[39.5254,13.3483],[39.5247,13.3465],[39.524,13.3453],[39.5233,13.3443],[39.5227,13.3431],[39.5225,13.3423],[39.5222,13.3415],[39.5217,13.3406],[39.5212,13.3399],[39.5203,13.3391],[39.5196,13.3385],[39.519,13.3384],[39.5178,13.3388],[39.517,13.3395],[39.5155,13.3408],[39.5147,13.3414],[39.5131,13.3425],[39.5117,13.3435],[39.5102,13.3446],[39.5082,13.3462],[39.5074,13.3467],[39.5062,13.3473],[39.5053,13.3477],[39.504,13.348],[39.5011,13.3485],[39.5005,13.3488],[39.4997,13.3494],[39.4983,13.3513],[39.4971,13.3523],[39.4947,13.3532],[39.4932,13.3537],[39.4926,13.354],[39.4909,13.3548],[39.4907,13.3552],[39.4909,13.3569],[39.4909,13.3576],[39.4903,13.3579],[39.4891,13.3578],[39.4882,13.3579],[39.4872,13.3583],[39.4871,13.3592],[39.4878,13.3603],[39.4881,13.3614],[39.4879,13.362],[39.4875,13.3624],[39.4863,13.3628],[39.4857,13.363],[39.484,13.3628],[39.4832,13.3626],[39.4827,13.3621],[39.4825,13.3614],[39.4825,13.3602],[39.4822,13.3592],[39.4816,13.3579],[39.4809,13.357],[39.4807,13.3557],[39.4803,13.3549],[39.4795,13.3543],[39.479,13.3532],[39.4788,13.3518],[39.4785,13.3513],[39.4781,13.3511],[39.4768,13.3508],[39.476,13.3508],[39.4751,13.3504],[39.4733,13.3493],[39.4726,13.3484],[39.4723,13.3477],[39.4718,13.3474],[39.4712,13.3464],[39.471,13.3449],[39.4708,13.3442],[39.4703,13.3434],[39.4694,13.3429],[39.4674,13.3426],[39.4669,13.3424],[39.4655,13.3414],[39.4643,13.3409],[39.4609,13.3406],[39.4582,13.3411],[39.4547,13.3411],[39.4534,13.3407],[39.4524,13.3399],[39.4515,13.3394],[39.45,13.3388],[39.4488,13.338],[39.4482,13.3374],[39.4476,13.3365],[39.4473,13.3356],[39.4468,13.3336],[39.4464,13.3326],[39.4459,13.3314],[39.4455,13.3308],[39.4444,13.3297],[39.4436,13.3291],[39.4421,13.3282],[39.441,13.3277],[39.4401,13.3271],[39.4385,13.3266],[39.4377,13.3261],[39.4361,13.3251],[39.4351,13.3249],[39.4333,13.3249],[39.4319,13.3251],[39.4295,13.3252],[39.4282,13.3252],[39.427,13.3251],[39.4262,13.3247],[39.4254,13.3242],[39.4243,13.3231],[39.4236,13.3228],[39.4221,13.3238],[39.421,13.3238],[39.4193,13.3249],[39.4188,13.3249],[39.4174,13.3236],[39.4167,13.3234],[39.4154,13.3236],[39.4151,13.324],[39.4146,13.3253],[39.4141,13.326],[39.4135,13.3261],[39.4129,13.3257],[39.4123,13.325],[39.4113,13.3245],[39.4106,13.3246],[39.4104,13.3252],[39.41,13.3243],[39.4085,13.3235],[39.4076,13.3226],[39.4062,13.3219],[39.4047,13.3215],[39.4037,13.3207],[39.4025,13.3204],[39.4014,13.3199],[39.4002,13.3196],[39.3989,13.3192],[39.3981,13.3185],[39.3977,13.318],[39.3971,13.3174],[39.3966,13.3167],[39.3955,13.3162],[39.3949,13.3162],[39.3937,13.3165],[39.393,13.3164],[39.3929,13.3159],[39.3931,13.3155],[39.3925,13.3143],[39.3925,13.3136],[39.3922,13.3131],[39.3918,13.3126],[39.3914,13.3125],[39.3896,13.3125],[39.387,13.3122],[39.3863,13.3118],[39.3856,13.3112],[39.3851,13.3102],[39.3846,13.3095],[39.3822,13.3085],[39.3804,13.3071],[39.3793,13.3059],[39.3787,13.3053],[39.3777,13.3047],[39.377,13.3039],[39.3765,13.3036],[39.3765,13.3041],[39.3754,13.3054],[39.3744,13.306],[39.3725,13.3074],[39.3715,13.3079],[39.3704,13.3084],[39.3687,13.3087],[39.3678,13.3086],[39.3666,13.3092],[39.3663,13.3094],[39.3661,13.3102],[39.3655,13.3108],[39.3647,13.3114],[39.3637,13.3115],[39.3629,13.3118],[39.3616,13.3125],[39.3601,13.3137],[39.359,13.3145],[39.358,13.3152],[39.3567,13.3167],[39.3559,13.3175],[39.3542,13.3191],[39.3537,13.3194],[39.3526,13.3197],[39.3518,13.3196],[39.3496,13.3191],[39.3473,13.3186],[39.3467,13.3185],[39.3456,13.3185],[39.3449,13.3187],[39.3439,13.3195],[39.3435,13.32],[39.3423,13.321],[39.3406,13.3214],[39.3402,13.3217],[39.3394,13.3221],[39.3378,13.3228],[39.3363,13.3231],[39.335,13.3231],[39.3334,13.3228],[39.3328,13.3221],[39.3328,13.3213],[39.3325,13.3203],[39.3322,13.3197],[39.3289,13.3177],[39.3281,13.3175],[39.3275,13.3175],[39.3271,13.3178],[39.3274,13.3184],[39.3268,13.3187],[39.326,13.3188],[39.3241,13.3193],[39.3237,13.3196],[39.3234,13.3201],[39.3234,13.3206],[39.3245,13.3213],[39.325,13.3222],[39.325,13.3226],[39.3246,13.3231],[39.3237,13.3234],[39.3228,13.3234],[39.3218,13.3233],[39.3205,13.3233],[39.3196,13.3236],[39.3191,13.3239],[39.3186,13.3247],[39.3176,13.3254],[39.3168,13.3256],[39.3145,13.3253],[39.3133,13.325],[39.3121,13.3248],[39.3116,13.3246],[39.3108,13.3246],[39.3104,13.3244],[39.3092,13.3243],[39.3077,13.3241],[39.307,13.3238],[39.3058,13.3236],[39.3046,13.3229],[39.3036,13.3225],[39.3029,13.3223],[39.3013,13.3223],[39.3005,13.3225],[39.2997,13.323],[39.2982,13.3243],[39.2973,13.3254],[39.2964,13.327],[39.296,13.3279],[39.2959,13.3285],[39.295,13.3306],[39.2947,13.3319],[39.2948,13.3323],[39.2948,13.3339],[39.2945,13.3346],[39.2939,13.3366],[39.2939,13.3371],[39.2941,13.338],[39.2941,13.3394],[39.2941,13.3404],[39.2932,13.3413],[39.293,13.3417],[39.2928,13.3428],[39.2926,13.3444],[39.2927,13.345],[39.293,13.3461],[39.2931,13.3474],[39.2933,13.3477],[39.2943,13.3485],[39.2945,13.3489],[39.2945,13.3499],[39.2946,13.3505],[39.2951,13.3516],[39.2959,13.3523],[39.2958,13.3527],[39.296,13.3535],[39.2965,13.3544],[39.2969,13.355],[39.2976,13.3554],[39.2988,13.3556],[39.2993,13.3562],[39.2998,13.3573],[39.2994,13.3583],[39.299,13.3586],[39.2986,13.3587],[39.2965,13.3588],[39.2958,13.3592],[39.2959,13.36],[39.2959,13.361],[39.2961,13.3627],[39.2955,13.3634],[39.2946,13.3633],[39.2935,13.3633],[39.2926,13.3636],[39.2921,13.3641],[39.2915,13.365],[39.2914,13.3661],[39.2916,13.3669],[39.2912,13.3673],[39.2908,13.3673],[39.2899,13.3682],[39.2904,13.3692],[39.2904,13.3696],[39.2903,13.3702],[39.2896,13.3711],[39.2892,13.3718],[39.2894,13.3723],[39.2895,13.3728],[39.2891,13.373],[39.2884,13.3728],[39.2883,13.3733],[39.2885,13.3747],[39.2887,13.375],[39.2882,13.3763],[39.2884,13.3769],[39.289,13.3779],[39.2878,13.379],[39.2872,13.38],[39.2869,13.3809],[39.286,13.3814],[39.2857,13.3825],[39.2855,13.3838],[39.2851,13.3838],[39.2848,13.3841],[39.2844,13.3858],[39.2845,13.3866],[39.2848,13.3869],[39.2848,13.3875],[39.2845,13.3881],[39.2847,13.3888],[39.2846,13.3892],[39.2842,13.3893],[39.2843,13.3899],[39.2848,13.3907],[39.2843,13.3921],[39.2838,13.3953],[39.2833,13.3975],[39.283,13.398],[39.2833,13.3988],[39.2832,13.3992],[39.2825,13.3994],[39.2823,13.3997],[39.2828,13.4003],[39.2827,13.4007],[39.282,13.402],[39.2816,13.4027],[39.2809,13.4033],[39.2808,13.4036],[39.2813,13.4044],[39.2816,13.4047],[39.2816,13.4051],[39.2821,13.4057],[39.2819,13.4072],[39.2823,13.4075],[39.2821,13.4091],[39.2818,13.4094],[39.2814,13.4094],[39.2813,13.4098],[39.2815,13.4102],[39.2814,13.4107],[39.2804,13.4107],[39.28,13.4111],[39.2799,13.4114],[39.2803,13.4122],[39.2801,13.4135],[39.2801,13.4147],[39.2799,13.4159],[39.2799,13.4176],[39.2797,13.4185],[39.2797,13.419],[39.28,13.4201],[39.28,13.4207],[39.2796,13.4219],[39.2788,13.4234],[39.2792,13.4246],[39.2787,13.4256],[39.2796,13.4256],[39.2802,13.4258],[39.2807,13.4263],[39.2816,13.4261],[39.2819,13.4263],[39.2817,13.4273],[39.2815,13.4278],[39.2817,13.4293],[39.2812,13.4309],[39.2815,13.4318],[39.2816,13.4331],[39.2811,13.4337],[39.2808,13.4348],[39.2803,13.4351],[39.2796,13.435],[39.2796,13.4359],[39.2791,13.4363],[39.2791,13.4367],[39.2797,13.437],[39.2802,13.4369],[39.2805,13.4373],[39.2802,13.4379],[39.2801,13.4384],[39.2803,13.4386],[39.2811,13.439],[39.2816,13.4394],[39.2819,13.4415],[39.2831,13.4418],[39.2839,13.4424],[39.2848,13.4432],[39.2856,13.4443],[39.286,13.4449],[39.286,13.4454],[39.2857,13.4459],[39.2857,13.4464],[39.2861,13.4468],[39.2872,13.446],[39.288,13.4459],[39.2886,13.4468],[39.2888,13.4478],[39.2888,13.4481],[39.2882,13.4487],[39.2883,13.4492],[39.2892,13.4495],[39.2896,13.45],[39.2893,13.4509],[39.289,13.4514],[39.2893,13.4525],[39.2888,13.453],[39.2888,13.4535],[39.2898,13.4545],[39.29,13.4549],[39.2897,13.4565],[39.2901,13.4567],[39.2916,13.4573],[39.2919,13.4576],[39.2931,13.4582],[39.2958,13.4592],[39.2973,13.4595],[39.2987,13.4601],[39.2991,13.4603],[39.2994,13.461],[39.2994,13.4631],[39.2995,13.4638],[39.2993,13.4656],[39.2991,13.4661],[39.2987,13.4664],[39.2975,13.467],[39.2971,13.4674],[39.2976,13.4692],[39.2978,13.4698],[39.298,13.4707],[39.2979,13.4718],[39.2972,13.473],[39.2964,13.4735],[39.2947,13.4733],[39.2941,13.4737],[39.2936,13.4747],[39.293,13.477],[39.2925,13.478],[39.2919,13.4784],[39.2908,13.4794],[39.2898,13.4803],[39.2897,13.4807],[39.2896,13.4812],[39.2902,13.4823],[39.2904,13.4836],[39.2902,13.484],[39.2898,13.4847],[39.289,13.4849],[39.2885,13.4856],[39.2884,13.4877],[39.2878,13.4886],[39.2873,13.4892],[39.285,13.4907],[39.2847,13.4911],[39.2842,13.4914],[39.2834,13.492],[39.2822,13.4933],[39.2817,13.4937],[39.2806,13.4938],[39.2801,13.4936],[39.28,13.4926],[39.2801,13.4916],[39.2797,13.4906],[39.2788,13.4899],[39.2783,13.4898],[39.2777,13.49],[39.2757,13.4914],[39.2751,13.4918],[39.2739,13.4932],[39.273,13.4953],[39.2727,13.496],[39.2719,13.4966],[39.2713,13.4972],[39.2703,13.4976],[39.2698,13.4976],[39.2685,13.4973],[39.2679,13.4973],[39.2666,13.497],[39.2656,13.4972],[39.2647,13.497],[39.2639,13.4967],[39.2627,13.4965],[39.2613,13.4962],[39.2594,13.4963],[39.2586,13.4965],[39.2578,13.4964],[39.2572,13.4963],[39.2566,13.4958],[39.2552,13.4943],[39.254,13.4934],[39.2527,13.4927],[39.2518,13.4922],[39.2501,13.4918],[39.2483,13.4917],[39.2467,13.4912],[39.2455,13.4906],[39.2437,13.4894],[39.2424,13.4881],[39.2416,13.487],[39.2401,13.4846],[39.2386,13.4816],[39.2383,13.4812],[39.2374,13.4811],[39.2369,13.4813],[39.235,13.4833],[39.2345,13.4842],[39.234,13.4848],[39.2321,13.4857],[39.2305,13.486],[39.2287,13.4861],[39.2275,13.4864],[39.227,13.4869],[39.2262,13.4869],[39.2245,13.4874],[39.2235,13.4871],[39.2229,13.4861],[39.2224,13.485],[39.2217,13.4841],[39.2212,13.4838],[39.2205,13.484],[39.219,13.4857],[39.2184,13.486],[39.2177,13.4862],[39.217,13.4862],[39.216,13.486],[39.2149,13.4861],[39.2135,13.4869],[39.2122,13.4878],[39.2115,13.488],[39.2082,13.4885],[39.2102,13.4922],[39.2108,13.4923],[39.2119,13.4922],[39.2125,13.4923],[39.2139,13.4931],[39.2144,13.4938],[39.2145,13.4946],[39.2157,13.4957],[39.2155,13.4968],[39.2156,13.4971],[39.2161,13.498],[39.2158,13.4988],[39.2154,13.4994],[39.2144,13.5017],[39.2141,13.502],[39.2129,13.5026],[39.2124,13.5033],[39.212,13.5038],[39.2119,13.5043],[39.2114,13.5049],[39.2105,13.5061],[39.21,13.5065],[39.2098,13.5071],[39.209,13.5076],[39.2082,13.5087],[39.2082,13.5091],[39.2085,13.51],[39.2085,13.5105],[39.2079,13.5112],[39.2076,13.512],[39.2075,13.5138],[39.2076,13.5149],[39.2081,13.5167],[39.2083,13.517],[39.2088,13.5183],[39.2095,13.5196],[39.2095,13.5204],[39.2097,13.5208],[39.2103,13.5215],[39.2109,13.523],[39.2121,13.5236],[39.2127,13.5242],[39.213,13.5245],[39.2134,13.5251],[39.2136,13.5259],[39.2151,13.5269],[39.2155,13.5269],[39.2164,13.5266],[39.2177,13.5267],[39.2187,13.5271],[39.2202,13.5285],[39.2207,13.529],[39.221,13.53],[39.2214,13.5305],[39.222,13.5311],[39.2228,13.532],[39.2235,13.5331],[39.2236,13.5342],[39.2242,13.5363],[39.2245,13.5373],[39.2248,13.5377],[39.2251,13.5388],[39.2252,13.5402],[39.2254,13.5412],[39.2262,13.5433],[39.2264,13.5447],[39.227,13.5463],[39.2275,13.5471],[39.2276,13.5484],[39.2279,13.5495],[39.2282,13.5504],[39.2282,13.5511],[39.2281,13.5522],[39.2281,13.553],[39.2286,13.5534],[39.2282,13.5541],[39.2281,13.5545],[39.2284,13.5552],[39.229,13.5556],[39.2289,13.5567],[39.2281,13.5573],[39.2279,13.5581],[39.2278,13.5599],[39.2283,13.5606],[39.2284,13.5615],[39.2289,13.5618],[39.2289,13.5623],[39.2286,13.5624],[39.2283,13.5632],[39.2278,13.5635],[39.2275,13.564],[39.2274,13.5644],[39.2278,13.5652],[39.228,13.5661],[39.2283,13.567],[39.2286,13.5676],[39.2294,13.5683],[39.2297,13.5687],[39.2297,13.5691],[39.2293,13.5696],[39.2289,13.5702],[39.2288,13.5706],[39.2285,13.571],[39.2276,13.5717],[39.2271,13.5723],[39.2267,13.5725],[39.2263,13.5733],[39.2259,13.5734],[39.2254,13.5733],[39.2247,13.5734],[39.2243,13.5733],[39.223,13.5734],[39.2224,13.5737],[39.2218,13.575],[39.2218,13.5756],[39.2215,13.5761],[39.2212,13.5768],[39.221,13.578],[39.2205,13.5792],[39.2197,13.5796],[39.2193,13.5799],[39.219,13.5806],[39.2185,13.5808],[39.2182,13.5811],[39.2178,13.582],[39.2176,13.5823],[39.2172,13.5825],[39.2161,13.5825],[39.2144,13.583],[39.214,13.5831],[39.2141,13.5846],[39.2145,13.5855],[39.2152,13.5858],[39.216,13.5863],[39.2164,13.5864],[39.2179,13.5864],[39.2191,13.5864],[39.2196,13.5865],[39.22,13.5869],[39.2211,13.5885],[39.222,13.5888],[39.2225,13.5888],[39.2233,13.5895],[39.2243,13.59],[39.225,13.5904],[39.2259,13.5905],[39.2272,13.5904],[39.2288,13.5904],[39.2299,13.5907],[39.2307,13.5907],[39.231,13.5896],[39.2309,13.5888],[39.2312,13.5885],[39.2311,13.5882],[39.2307,13.5882],[39.2305,13.5875],[39.2306,13.5864],[39.2309,13.5862],[39.2314,13.5861],[39.2322,13.5848],[39.2325,13.5846],[39.2333,13.5847],[39.2345,13.5847],[39.2356,13.5847],[39.2367,13.5852],[39.2369,13.5857],[39.238,13.5863],[39.239,13.5872],[39.2395,13.5879],[39.2402,13.5887],[39.2414,13.5896],[39.2418,13.5904],[39.2424,13.5911],[39.2429,13.5913],[39.2423,13.5916],[39.2418,13.5917],[39.2405,13.5921],[39.2395,13.5927],[39.2392,13.5935],[39.2392,13.5941],[39.2393,13.5952],[39.2395,13.596],[39.2399,13.5965],[39.2399,13.5969],[39.2397,13.5973],[39.2394,13.5976],[39.2384,13.5977],[39.2376,13.5987],[39.2372,13.5997],[39.237,13.6003],[39.2372,13.6017],[39.2372,13.6033],[39.2376,13.6051],[39.2378,13.6066],[39.2377,13.6071],[39.2375,13.6076],[39.2366,13.6084],[39.2362,13.6092],[39.2357,13.6105],[39.2356,13.6113],[39.2358,13.6118],[39.2362,13.6122],[39.2367,13.6131],[39.237,13.6143],[39.2375,13.6155],[39.2373,13.6174],[39.2374,13.6177],[39.2384,13.6183],[39.2394,13.6187],[39.2406,13.619],[39.2408,13.6197],[39.2398,13.6213],[39.2396,13.6219],[39.2398,13.6234],[39.2395,13.6245],[39.2397,13.6258],[39.2397,13.6272],[39.2406,13.6282],[39.2411,13.6291],[39.2407,13.6303],[39.2406,13.6307],[39.2408,13.6324],[39.2413,13.6337],[39.2415,13.6346],[39.2413,13.6353],[39.2401,13.6357],[39.2395,13.6358],[39.239,13.636],[39.2387,13.6367],[39.2387,13.6377],[39.2389,13.6381],[39.2399,13.6397],[39.2402,13.6401],[39.24,13.641],[39.2397,13.6421],[39.2393,13.6433],[39.2393,13.6437],[39.24,13.6457],[39.24,13.6467],[39.2397,13.6477],[39.2399,13.6485],[39.2397,13.6492],[39.2397,13.6501],[39.2391,13.6517],[39.2392,13.6529],[39.2396,13.6537],[39.2398,13.6546],[39.2399,13.655],[39.2416,13.6579],[39.242,13.6582],[39.2422,13.6593],[39.2433,13.6603],[39.2442,13.6609],[39.2445,13.6614],[39.2449,13.6618],[39.2457,13.6612],[39.2462,13.66],[39.247,13.6593],[39.247,13.6589],[39.2475,13.658],[39.2477,13.6572],[39.248,13.6564],[39.2491,13.656],[39.2496,13.6557],[39.2508,13.6558],[39.2523,13.6559],[39.2529,13.6559],[39.2531,13.6556],[39.2533,13.6548],[39.2532,13.6528],[39.2535,13.6517],[39.2533,13.651],[39.2534,13.65],[39.2534,13.6487],[39.2532,13.647],[39.2537,13.6462],[39.2539,13.6456],[39.2544,13.6446],[39.2549,13.6442],[39.2557,13.6439],[39.2563,13.6439],[39.2573,13.6442],[39.2591,13.6454],[39.2603,13.6469],[39.2614,13.6481],[39.2623,13.6485],[39.2632,13.6487],[39.264,13.6493],[39.2646,13.6495],[39.2659,13.6498],[39.267,13.6502],[39.268,13.6503],[39.2701,13.6502],[39.2717,13.6505],[39.2734,13.6501],[39.2748,13.6501],[39.2758,13.6508],[39.2764,13.6518],[39.2769,13.6523],[39.278,13.653],[39.2791,13.6535],[39.2808,13.6546],[39.2813,13.6551],[39.2815,13.6555],[39.2812,13.6561],[39.2801,13.6571],[39.2795,13.6581],[39.279,13.6584],[39.2786,13.6589],[39.2785,13.6596],[39.2785,13.6605],[39.2783,13.6619],[39.2783,13.6624],[39.2788,13.6638],[39.2791,13.6641],[39.2803,13.6642],[39.2806,13.6646],[39.2798,13.6649],[39.2787,13.6657],[39.2778,13.667],[39.2768,13.6682],[39.2758,13.6691],[39.2745,13.6708],[39.2745,13.6714],[39.2747,13.6719],[39.2751,13.6724],[39.2756,13.6727],[39.276,13.6737],[39.2761,13.6745],[39.2763,13.6754],[39.2766,13.6761],[39.2773,13.6768],[39.2779,13.6768],[39.2795,13.6762],[39.2811,13.6762],[39.2818,13.6761],[39.2836,13.6761],[39.2841,13.6762],[39.2852,13.6763],[39.2863,13.6766],[39.2867,13.6765],[39.2885,13.6754],[39.2892,13.6749],[39.29,13.6742],[39.2908,13.6735],[39.2913,13.6733],[39.2916,13.6736],[39.2912,13.6739],[39.2901,13.6752],[39.2896,13.676],[39.2892,13.6771],[39.2887,13.6777],[39.2887,13.678],[39.2879,13.6794],[39.2876,13.681],[39.2874,13.6815],[39.2872,13.6825],[39.2861,13.6842],[39.2855,13.6858],[39.285,13.6867],[39.285,13.6871],[39.2854,13.6881],[39.2853,13.6892],[39.2851,13.6897],[39.2852,13.6901],[39.2844,13.6904],[39.2842,13.6908],[39.2843,13.6917],[39.2839,13.692],[39.2837,13.6926],[39.283,13.6933],[39.2826,13.6942],[39.2822,13.6946],[39.2819,13.6958],[39.2812,13.6972],[39.2808,13.6979],[39.2808,13.6982],[39.281,13.6994],[39.2807,13.7002],[39.2811,13.7011],[39.2809,13.7014],[39.2807,13.7029],[39.281,13.7036],[39.2811,13.7041],[39.2811,13.705],[39.2803,13.7071],[39.2797,13.7083],[39.2796,13.7088],[39.2812,13.7083],[39.2819,13.7081],[39.2824,13.7081],[39.2833,13.7084],[39.2836,13.7083],[39.2844,13.7076],[39.2851,13.7074],[39.2859,13.7073],[39.2872,13.7067],[39.2876,13.7064],[39.2894,13.7048],[39.2898,13.7047],[39.2911,13.7046],[39.2929,13.7049],[39.2933,13.7052],[39.2938,13.7038],[39.2943,13.7031],[39.2947,13.7022],[39.2948,13.7015],[39.2953,13.7004],[39.2959,13.6998],[39.2963,13.6996],[39.2976,13.6991],[39.2983,13.6984],[39.2991,13.698],[39.3004,13.6977],[39.3014,13.6971],[39.3022,13.6971],[39.3032,13.6967],[39.3042,13.6957],[39.3045,13.6949],[39.3051,13.6943],[39.3058,13.6938],[39.3062,13.6933],[39.3074,13.6914],[39.3074,13.691],[39.3077,13.6905],[39.3081,13.6886],[39.3083,13.6882],[39.3083,13.6875],[39.3078,13.6864],[39.3076,13.6854],[39.3075,13.684],[39.3078,13.6824],[39.308,13.682],[39.3092,13.6812],[39.3096,13.6807],[39.3099,13.6799],[39.3118,13.6789],[39.3128,13.6785],[39.3142,13.6784],[39.3147,13.6782],[39.3152,13.6778],[39.3155,13.6766],[39.3159,13.6756],[39.3159,13.6746],[39.3163,13.6738],[39.3157,13.6732],[39.3157,13.6727],[39.3163,13.6718],[39.316,13.6701],[39.3159,13.6686],[39.3159,13.6682],[39.3168,13.6677],[39.318,13.6672],[39.3186,13.667],[39.3196,13.6671],[39.3207,13.6668],[39.3214,13.6667],[39.3234,13.666],[39.324,13.6657],[39.3254,13.6656],[39.3267,13.6658],[39.3275,13.6658],[39.3289,13.6653],[39.3306,13.6651],[39.3326,13.664],[39.3371,13.668],[39.339,13.6691],[39.3434,13.6696],[39.3469,13.6692],[39.3501,13.6696],[39.3525,13.6693],[39.3546,13.6693],[39.3564,13.6688],[39.3576,13.668],[39.3591,13.6673],[39.3598,13.6658],[39.3607,13.6651],[39.3634,13.6651],[39.3661,13.6654],[39.3682,13.6657],[39.3692,13.6665],[39.3707,13.6681],[39.3728,13.6709],[39.3737,13.6719],[39.3751,13.6721],[39.3767,13.6732],[39.3797,13.6757],[39.3835,13.6769],[39.3876,13.6781],[39.3903,13.6784],[39.3932,13.6783],[39.3952,13.6776],[39.3966,13.676],[39.3979,13.6749],[39.3997,13.6751],[39.4015,13.6734],[39.4035,13.6727],[39.406,13.6727],[39.41,13.6723],[39.4099,13.671],[39.41,13.6702]],[[39.4367,13.4779],[39.4329,13.478],[39.4318,13.4781],[39.4303,13.4785],[39.4297,13.4787],[39.4278,13.479],[39.4266,13.4794],[39.4247,13.4801],[39.4233,13.4803],[39.4212,13.4803],[39.4205,13.4802],[39.4176,13.4798],[39.4155,13.4795],[39.413,13.4792],[39.4114,13.4792],[39.4103,13.4791],[39.4097,13.479],[39.4088,13.4785],[39.4079,13.4772],[39.4074,13.4764],[39.4064,13.4748],[39.4053,13.474],[39.4046,13.4737],[39.4029,13.4732],[39.4023,13.4722],[39.402,13.4716],[39.401,13.4698],[39.4,13.4698],[39.399,13.4702],[39.398,13.4701],[39.3957,13.4684],[39.3946,13.4674],[39.3938,13.4665],[39.3935,13.4661],[39.3934,13.4656],[39.3938,13.4641],[39.3942,13.4628],[39.3952,13.4602],[39.3958,13.459],[39.3968,13.4577],[39.3992,13.4556],[39.3997,13.455],[39.3998,13.4545],[39.3997,13.4537],[39.3993,13.4527],[39.3988,13.452],[39.3985,13.4517],[39.3969,13.4509],[39.3962,13.4504],[39.3957,13.4498],[39.395,13.4492],[39.3931,13.4488],[39.3914,13.4486],[39.3902,13.448],[39.3907,13.4474],[39.3915,13.4466],[39.3916,13.4459],[39.3914,13.4449],[39.3915,13.4437],[39.3923,13.4421],[39.3924,13.4415],[39.3924,13.4403],[39.3922,13.4396],[39.3916,13.4383],[39.3905,13.4371],[39.389,13.4363],[39.3886,13.436],[39.3884,13.4354],[39.3885,13.4349],[39.3888,13.4342],[39.3898,13.4333],[39.3903,13.4331],[39.3924,13.4321],[39.3945,13.4308],[39.3954,13.43],[39.3964,13.4286],[39.3969,13.4275],[39.3978,13.4257],[39.3989,13.4245],[39.4003,13.4237],[39.4011,13.4229],[39.4028,13.4215],[39.4032,13.4209],[39.4034,13.4202],[39.404,13.4185],[39.405,13.4181],[39.4058,13.4181],[39.4064,13.4182],[39.4075,13.4186],[39.4083,13.4186],[39.409,13.4184],[39.4095,13.4181],[39.41,13.4174],[39.4103,13.4168],[39.4112,13.4156],[39.4128,13.4152],[39.414,13.4147],[39.4154,13.4138],[39.4167,13.413],[39.4178,13.4127],[39.42,13.4124],[39.4212,13.4121],[39.4225,13.4114],[39.423,13.411],[39.4237,13.4093],[39.425,13.408],[39.4258,13.4077],[39.4264,13.4076],[39.4284,13.4078],[39.4296,13.4077],[39.4306,13.4074],[39.4312,13.4069],[39.4321,13.4058],[39.4326,13.4042],[39.433,13.4026],[39.4332,13.4019],[39.4335,13.4016],[39.4342,13.4012],[39.4355,13.4009],[39.4374,13.4004],[39.4381,13.3997],[39.4389,13.3997],[39.4394,13.4005],[39.4403,13.402],[39.4404,13.4024],[39.4411,13.404],[39.4415,13.405],[39.442,13.4058],[39.4427,13.4065],[39.4435,13.4073],[39.4438,13.4081],[39.4441,13.4088],[39.4455,13.4093],[39.4461,13.4094],[39.4474,13.4097],[39.448,13.4103],[39.4472,13.4117],[39.4473,13.4125],[39.4482,13.4142],[39.4492,13.4155],[39.4496,13.4165],[39.45,13.4168],[39.4513,13.4162],[39.452,13.4155],[39.4536,13.4141],[39.4549,13.4133],[39.4565,13.4124],[39.4598,13.4103],[39.4613,13.4091],[39.4618,13.4086],[39.4624,13.4082],[39.4638,13.4074],[39.4643,13.4073],[39.4659,13.407],[39.4677,13.4071],[39.4684,13.407],[39.47,13.4067],[39.4709,13.4067],[39.4708,13.4071],[39.471,13.4079],[39.4711,13.4098],[39.4711,13.4112],[39.4712,13.4118],[39.4715,13.4126],[39.4721,13.4129],[39.4734,13.4131],[39.475,13.4133],[39.4758,13.4135],[39.4777,13.414],[39.4796,13.4142],[39.4834,13.414],[39.4844,13.4139],[39.4858,13.414],[39.4878,13.4147],[39.4887,13.4148],[39.4895,13.4147],[39.4912,13.4148],[39.4924,13.4149],[39.4941,13.4149],[39.4978,13.4144],[39.4982,13.4143],[39.4995,13.4141],[39.5017,13.4143],[39.504,13.4148],[39.5048,13.415],[39.5063,13.4149],[39.5091,13.4145],[39.5102,13.4141],[39.5109,13.4139],[39.5119,13.414],[39.5126,13.414],[39.5136,13.4136],[39.5156,13.4125],[39.5174,13.4118],[39.5186,13.4109],[39.5202,13.41],[39.5223,13.4092],[39.5241,13.4082],[39.5251,13.4077],[39.526,13.4071],[39.5268,13.406],[39.5278,13.4063],[39.5283,13.4061],[39.5285,13.4054],[39.5293,13.4049],[39.5304,13.4032],[39.531,13.402],[39.5319,13.4014],[39.5325,13.4022],[39.5335,13.4029],[39.5341,13.404],[39.5346,13.4042],[39.5353,13.4042],[39.5359,13.405],[39.536,13.4061],[39.537,13.407],[39.5369,13.408],[39.537,13.4086],[39.5376,13.409],[39.5382,13.409],[39.539,13.41],[39.539,13.4106],[39.5388,13.4119],[39.5384,13.413],[39.5387,13.4137],[39.5397,13.414],[39.5401,13.4144],[39.5401,13.4148],[39.5408,13.4159],[39.5413,13.4164],[39.5414,13.4168],[39.541,13.4174],[39.5404,13.4181],[39.5396,13.4185],[39.5386,13.419],[39.5375,13.4197],[39.5382,13.4204],[39.5392,13.4231],[39.5401,13.4242],[39.541,13.4251],[39.542,13.4265],[39.5445,13.4288],[39.5466,13.4306],[39.5474,13.4317],[39.5479,13.4324],[39.5492,13.4349],[39.5493,13.436],[39.5486,13.4371],[39.5477,13.4391],[39.5474,13.4395],[39.5473,13.4402],[39.5475,13.4407],[39.5486,13.44],[39.5499,13.4389],[39.5506,13.4383],[39.5514,13.4369],[39.5517,13.4364],[39.5527,13.4358],[39.5542,13.4345],[39.5549,13.4342],[39.5557,13.434],[39.5582,13.4338],[39.5594,13.4341],[39.5608,13.4347],[39.5616,13.4354],[39.5622,13.4363],[39.5633,13.4383],[39.5636,13.4387],[39.5647,13.4397],[39.5653,13.4399],[39.5664,13.4401],[39.5675,13.4402],[39.5682,13.4401],[39.5704,13.4392],[39.571,13.4389],[39.5718,13.4382],[39.5732,13.4365],[39.5751,13.4345],[39.5763,13.4335],[39.5777,13.4328],[39.5783,13.4327],[39.5789,13.432],[39.5795,13.4311],[39.5795,13.4301],[39.5788,13.4281],[39.5783,13.4271],[39.5779,13.4259],[39.5779,13.4255],[39.5781,13.4245],[39.5787,13.4234],[39.5793,13.4233],[39.5804,13.4239],[39.5817,13.4234],[39.5823,13.4221],[39.5824,13.4212],[39.5823,13.4206],[39.5823,13.4187],[39.583,13.4182],[39.5836,13.4181],[39.5841,13.4176],[39.5835,13.4168],[39.5831,13.4161],[39.5832,13.4154],[39.5836,13.4145],[39.585,13.4125],[39.5854,13.4121],[39.5864,13.4117],[39.5877,13.4107],[39.5887,13.41],[39.589,13.4096],[39.5891,13.4083],[39.5893,13.4073],[39.5895,13.4066],[39.5905,13.4049],[39.5911,13.4046],[39.5925,13.4042],[39.5941,13.4031],[39.5945,13.4025],[39.5942,13.4015],[39.5946,13.4004],[39.5962,13.3989],[39.5973,13.3982],[39.5975,13.3977],[39.5974,13.3973],[39.5971,13.3967],[39.5969,13.3956],[39.5961,13.3947],[39.5965,13.394],[39.5971,13.3935],[39.5978,13.3927],[39.5981,13.392],[39.5985,13.3904],[39.5983,13.3894],[39.5983,13.3885],[39.5982,13.3882],[39.5981,13.3863],[39.5985,13.3866],[39.6,13.3866],[39.601,13.3867],[39.6018,13.3873],[39.6028,13.3876],[39.6036,13.3877],[39.6048,13.3877],[39.6054,13.3881],[39.6063,13.3896],[39.6068,13.3901],[39.6078,13.3905],[39.6086,13.3908],[39.6088,13.3918],[39.6093,13.3928],[39.6099,13.3929],[39.6109,13.3936],[39.6115,13.3942],[39.6125,13.3947],[39.6144,13.3953],[39.6158,13.3954],[39.6179,13.3963],[39.6184,13.3967],[39.6199,13.3974],[39.62,13.3984],[39.6202,13.3993],[39.6211,13.4],[39.6224,13.4006],[39.6242,13.401],[39.626,13.4011],[39.6274,13.4006],[39.6284,13.3999],[39.6291,13.3997],[39.6299,13.3995],[39.6312,13.3998],[39.6322,13.3999],[39.633,13.3995],[39.6334,13.3991],[39.6344,13.3985],[39.6355,13.3975],[39.6362,13.3967],[39.637,13.3963],[39.6375,13.3963],[39.639,13.3964],[39.6397,13.3965],[39.6403,13.3969],[39.6409,13.3977],[39.6416,13.398],[39.6429,13.3989],[39.6435,13.4],[39.644,13.4018],[39.6447,13.4037],[39.6451,13.4044],[39.6453,13.4056],[39.6451,13.4064],[39.6439,13.4079],[39.6437,13.4085],[39.6426,13.4098],[39.6398,13.412],[39.6383,13.4139],[39.6365,13.4157],[39.6361,13.4164],[39.637,13.4166],[39.6385,13.4159],[39.64,13.4155],[39.6411,13.4154],[39.6425,13.4153],[39.6434,13.4155],[39.6447,13.4153],[39.646,13.4149],[39.6464,13.4149],[39.6466,13.4152],[39.6465,13.4155],[39.6454,13.4167],[39.645,13.4176],[39.6445,13.4186],[39.6437,13.4194],[39.6423,13.4206],[39.6414,13.4216],[39.6383,13.4224],[39.6368,13.4231],[39.6361,13.4235],[39.6352,13.4238],[39.6336,13.4239],[39.6317,13.4244],[39.6309,13.4247],[39.628,13.4255],[39.6269,13.4257],[39.6249,13.4263],[39.6228,13.4272],[39.6218,13.4274],[39.6211,13.4274],[39.6202,13.4277],[39.6198,13.4281],[39.6203,13.4286],[39.621,13.4289],[39.6226,13.4293],[39.6242,13.4298],[39.6259,13.4308],[39.6269,13.4315],[39.6275,13.4322],[39.6281,13.4329],[39.6291,13.4341],[39.6307,13.4364],[39.6316,13.4376],[39.6323,13.4387],[39.6328,13.4398],[39.6336,13.4412],[39.6348,13.4419],[39.6353,13.4423],[39.6368,13.4433],[39.6367,13.4443],[39.636,13.4446],[39.6345,13.4456],[39.6347,13.4461],[39.635,13.4465],[39.6354,13.4474],[39.6364,13.4486],[39.6367,13.4502],[39.637,13.4516],[39.6371,13.453],[39.637,13.4536],[39.6366,13.4554],[39.6369,13.4565],[39.6362,13.4564],[39.6355,13.4568],[39.6342,13.4579],[39.6329,13.459],[39.6316,13.4599],[39.6297,13.4617],[39.6279,13.4629],[39.6265,13.4645],[39.6251,13.466],[39.6243,13.4669],[39.6233,13.4691],[39.6227,13.4702],[39.6221,13.4712],[39.6206,13.4731],[39.62,13.4735],[39.6194,13.4737],[39.6184,13.4729],[39.6181,13.4725],[39.6157,13.4705],[39.6143,13.4695],[39.6119,13.4684],[39.6111,13.4682],[39.6096,13.4682],[39.6084,13.4686],[39.6069,13.4696],[39.6059,13.4703],[39.6046,13.4709],[39.6035,13.4717],[39.6022,13.4729],[39.601,13.4747],[39.5999,13.4762],[39.5989,13.4772],[39.5976,13.4782],[39.5968,13.4785],[39.5952,13.4788],[39.594,13.479],[39.5928,13.4789],[39.5921,13.4788],[39.5918,13.4785],[39.591,13.4781],[39.5902,13.4783],[39.5894,13.4789],[39.5883,13.4793],[39.587,13.4807],[39.5853,13.4818],[39.5829,13.4836],[39.5816,13.4841],[39.5788,13.4838],[39.5775,13.4832],[39.5764,13.4832],[39.5752,13.4836],[39.5745,13.4837],[39.5726,13.4841],[39.572,13.4851],[39.571,13.4855],[39.5701,13.4851],[39.5697,13.4853],[39.5692,13.486],[39.5681,13.4872],[39.5667,13.4888],[39.5666,13.4892],[39.5669,13.4896],[39.5679,13.4895],[39.5701,13.489],[39.5723,13.4885],[39.5747,13.4882],[39.5752,13.4887],[39.5745,13.4895],[39.5737,13.4901],[39.5719,13.491],[39.5692,13.4923],[39.5673,13.4933],[39.5646,13.4946],[39.5624,13.4955],[39.5622,13.4997],[39.5622,13.5039],[39.5617,13.5051],[39.5617,13.5066],[39.5613,13.5085],[39.5612,13.5099],[39.5609,13.5111],[39.5586,13.5126],[39.5575,13.5139],[39.5569,13.5149],[39.5543,13.5177],[39.5531,13.521],[39.5521,13.5225],[39.5526,13.5235],[39.5528,13.525],[39.5532,13.5263],[39.5534,13.5276],[39.5534,13.5285],[39.5527,13.5275],[39.5519,13.5268],[39.5513,13.5266],[39.5505,13.5266],[39.5492,13.5273],[39.5487,13.5278],[39.5485,13.5283],[39.5477,13.5295],[39.5469,13.5302],[39.546,13.5305],[39.5456,13.5305],[39.544,13.5299],[39.5435,13.5299],[39.5425,13.5306],[39.5411,13.5307],[39.5404,13.531],[39.5397,13.5314],[39.5398,13.5328],[39.5395,13.534],[39.5392,13.5353],[39.5382,13.5361],[39.5369,13.537],[39.5362,13.5377],[39.5359,13.5383],[39.5348,13.5405],[39.5341,13.5416],[39.5333,13.5424],[39.5322,13.5424],[39.5304,13.542],[39.5293,13.5433],[39.5276,13.5459],[39.5269,13.5464],[39.5256,13.5468],[39.5238,13.5475],[39.5232,13.548],[39.5224,13.5486],[39.5217,13.549],[39.5212,13.5496],[39.5209,13.5505],[39.5205,13.551],[39.5194,13.5517],[39.519,13.5527],[39.5184,13.5537],[39.5184,13.5542],[39.5182,13.5546],[39.5169,13.5553],[39.5161,13.5555],[39.5153,13.5554],[39.5146,13.5551],[39.5142,13.5551],[39.5133,13.5555],[39.5126,13.5562],[39.512,13.5571],[39.5117,13.5579],[39.5111,13.5585],[39.5103,13.559],[39.5099,13.559],[39.5091,13.5585],[39.5082,13.5581],[39.5073,13.558],[39.5066,13.5583],[39.5062,13.5585],[39.506,13.5596],[39.5066,13.5616],[39.5061,13.5626],[39.504,13.5637],[39.5032,13.5643],[39.5022,13.5654],[39.5018,13.5663],[39.5017,13.5669],[39.5013,13.5681],[39.5013,13.5701],[39.4959,13.5711],[39.4951,13.5716],[39.4944,13.5723],[39.4939,13.5736],[39.4932,13.5747],[39.4926,13.575],[39.4915,13.5754],[39.4907,13.5756],[39.4894,13.576],[39.4889,13.5764],[39.4875,13.5776],[39.4867,13.5789],[39.4862,13.58],[39.486,13.5806],[39.4862,13.5818],[39.4857,13.5832],[39.4848,13.5844],[39.4834,13.5865],[39.4822,13.5876],[39.4812,13.5885],[39.4806,13.5891],[39.4794,13.5901],[39.478,13.5915],[39.477,13.5922],[39.4758,13.5936],[39.4749,13.5953],[39.4748,13.5958],[39.4749,13.5969],[39.475,13.5989],[39.4753,13.6005],[39.4756,13.6018],[39.476,13.604],[39.4762,13.6053],[39.4759,13.6063],[39.4754,13.6077],[39.4745,13.6093],[39.4739,13.6092],[39.4734,13.6084],[39.4726,13.6072],[39.4716,13.6059],[39.4703,13.6039],[39.4696,13.6026],[39.4693,13.6022],[39.4687,13.6018],[39.4684,13.6015],[39.4683,13.5986],[39.4683,13.597],[39.4684,13.5945],[39.4681,13.5936],[39.4674,13.5917],[39.4666,13.5905],[39.4659,13.5893],[39.4652,13.5886],[39.4643,13.5877],[39.4622,13.5863],[39.4608,13.5852],[39.46,13.5844],[39.4593,13.5837],[39.4583,13.5831],[39.4579,13.5824],[39.4574,13.5818],[39.4565,13.5816],[39.4553,13.5814],[39.4543,13.5811],[39.4533,13.5804],[39.4526,13.5797],[39.4523,13.5787],[39.4522,13.5776],[39.4529,13.5757],[39.4531,13.5746],[39.453,13.5741],[39.4526,13.5737],[39.4518,13.5736],[39.4518,13.5728],[39.4521,13.572],[39.4518,13.5708],[39.4511,13.5697],[39.4514,13.5681],[39.4514,13.5662],[39.4512,13.5641],[39.4507,13.5633],[39.4498,13.5621],[39.4487,13.561],[39.4479,13.5601],[39.4466,13.5581],[39.4456,13.5569],[39.447,13.5563],[39.4472,13.5559],[39.4472,13.5551],[39.4471,13.5544],[39.447,13.5524],[39.4473,13.5515],[39.4467,13.5502],[39.4458,13.5499],[39.4453,13.5501],[39.4443,13.55],[39.4435,13.5506],[39.4426,13.551],[39.4408,13.5504],[39.4398,13.5501],[39.4392,13.5496],[39.437,13.5484],[39.4343,13.5467],[39.4337,13.5461],[39.4329,13.5452],[39.4321,13.5434],[39.4313,13.5423],[39.4288,13.54],[39.428,13.5389],[39.4278,13.5379],[39.4279,13.5369],[39.4283,13.5349],[39.4287,13.533],[39.43,13.5302],[39.4307,13.5298],[39.4314,13.5296],[39.4327,13.5291],[39.4338,13.5284],[39.4352,13.5284],[39.436,13.5282],[39.4354,13.5259],[39.434,13.5254],[39.4332,13.5241],[39.4319,13.5222],[39.4316,13.5196],[39.4319,13.5173],[39.4327,13.516],[39.4324,13.5142],[39.4319,13.5123],[39.4308,13.5108],[39.4289,13.509],[39.4284,13.5069],[39.4271,13.5048],[39.4271,13.5024],[39.4254,13.4985],[39.4249,13.497],[39.4249,13.4946],[39.4254,13.4923],[39.4268,13.4918],[39.4284,13.491],[39.4297,13.4899],[39.43,13.4886],[39.4316,13.4868],[39.4323,13.485],[39.4337,13.4829],[39.4358,13.4821],[39.4369,13.481],[39.4382,13.4792],[39.4384,13.4788],[39.4376,13.4781],[39.4367,13.4779]]]}},{"type":"Feature","properties":{"id":"LW074","woreda":"Hagere Selam town","zone":"South Eastern","region":"Tigray","area_km2":5.2,"lat":13.6402,"lon":39.1701},"geometry":{"type":"Polygon","coordinates":[[[39.1566,13.6353],[39.1572,13.6361],[39.1577,13.6364],[39.1587,13.6368],[39.159,13.6371],[39.1597,13.6372],[39.1605,13.6377],[39.1608,13.6381],[39.1614,13.6387],[39.1629,13.6391],[39.1635,13.6392],[39.1637,13.6395],[39.1641,13.6408],[39.164,13.6425],[39.1641,13.6435],[39.1646,13.6441],[39.1648,13.6445],[39.165,13.6454],[39.1651,13.6464],[39.1641,13.6471],[39.1635,13.648],[39.1632,13.6483],[39.163,13.649],[39.1621,13.6502],[39.163,13.6505],[39.1638,13.6509],[39.165,13.652],[39.1654,13.6525],[39.1657,13.6528],[39.1663,13.6527],[39.1667,13.653],[39.1678,13.6537],[39.168,13.6541],[39.1686,13.6547],[39.1698,13.6556],[39.17,13.6551],[39.1708,13.6543],[39.1717,13.6536],[39.1727,13.653],[39.1735,13.6526],[39.1743,13.6525],[39.1768,13.6526],[39.1791,13.6531],[39.1801,13.6533],[39.1812,13.6532],[39.1824,13.6532],[39.1834,13.6536],[39.1852,13.6546],[39.1857,13.6551],[39.1863,13.6558],[39.1874,13.6569],[39.1887,13.6578],[39.1887,13.6568],[39.1889,13.6557],[39.1888,13.6551],[39.1886,13.6546],[39.1878,13.6533],[39.1874,13.6528],[39.1866,13.6521],[39.1852,13.6513],[39.1824,13.65],[39.1812,13.6494],[39.1802,13.6491],[39.1792,13.649],[39.1778,13.6486],[39.1772,13.6483],[39.1768,13.6477],[39.1767,13.6463],[39.1765,13.6438],[39.1768,13.6428],[39.1766,13.6419],[39.1762,13.6409],[39.1762,13.6403],[39.1769,13.6379],[39.1771,13.6365],[39.1767,13.6355],[39.1763,13.6349],[39.1759,13.6345],[39.1744,13.6335],[39.1733,13.6323],[39.1732,13.6318],[39.1729,13.6302],[39.1727,13.6297],[39.1716,13.6284],[39.1711,13.628],[39.1709,13.6276],[39.17,13.6273],[39.1689,13.6272],[39.1684,13.627],[39.1671,13.6264],[39.166,13.6253],[39.1658,13.6248],[39.1655,13.624],[39.165,13.6229],[39.1645,13.6227],[39.1625,13.6225],[39.1618,13.6239],[39.1616,13.6245],[39.1612,13.6252],[39.1608,13.6259],[39.1598,13.628],[39.1595,13.6282],[39.1594,13.6289],[39.1589,13.6298],[39.1582,13.6307],[39.1576,13.6318],[39.1572,13.6323],[39.1567,13.6331],[39.1563,13.634],[39.1564,13.6349],[39.1566,13.6353]]]}}]}