{"type":"FeatureCollection","features":[{"type":"Feature","properties":{"region":"Tigray","area_km2":33908.0,"total_woredas":75,"lersha_woredas":2,"lersha_zones":1,"lersha_area_km2":1613.0},"geometry":{"type":"Polygon","coordinates":[[[38.7131,13.4403],[38.6902,13.4777],[38.6756,13.4856],[38.676,13.4976],[38.6622,13.5312],[38.6691,13.5361],[38.6608,13.5582],[38.6398,13.5779],[38.6352,13.6029],[38.6219,13.6138],[38.6149,13.6316],[38.5967,13.6502],[38.573,13.6532],[38.5662,13.6628],[38.5304,13.6873],[38.5224,13.684],[38.5052,13.6969],[38.481,13.7049],[38.4744,13.7193],[38.4618,13.7216],[38.446,13.737],[38.4175,13.7499],[38.3932,13.784],[38.373,13.7917],[38.3615,13.8064],[38.3154,13.8058],[38.3128,13.7942],[38.2904,13.7696],[38.2746,13.7663],[38.2243,13.7273],[38.1767,13.7366],[38.1426,13.7481],[38.136,13.7433],[38.0963,13.7417],[38.0585,13.754],[38.0394,13.7537],[38.0139,13.7407],[38.0131,13.7537],[38.0011,13.7665],[37.9964,13.7967],[37.9793,13.8043],[37.9628,13.8283],[37.9383,13.8287],[37.9106,13.8474],[37.9026,13.8813],[37.8912,13.8855],[37.8677,13.8762],[37.8643,13.8667],[37.847,13.8777],[37.829,13.8749],[37.8158,13.8642],[37.7998,13.8721],[37.7679,13.8566],[37.7534,13.8747],[37.7354,13.8819],[37.7216,13.899],[37.7012,13.8876],[37.6853,13.8939],[37.6765,13.9077],[37.6619,13.9158],[37.6553,13.9451],[37.647,13.9546],[37.6287,13.9566],[37.6319,13.9772],[37.6222,13.9985],[37.6096,14.0099],[37.6239,14.0355],[37.6049,14.0397],[37.601,14.0541],[37.5894,14.0556],[37.5911,14.0701],[37.5756,14.0959],[37.5575,14.093],[37.5572,14.1045],[37.5301,14.1128],[37.5156,14.1603],[37.5276,14.179],[37.4947,14.1835],[37.4962,14.1942],[37.4678,14.2134],[37.4673,14.2527],[37.4461,14.2502],[37.4464,14.2607],[37.4072,14.2867],[37.3926,14.3007],[37.4031,14.3118],[37.4027,14.3359],[37.3818,14.34],[37.3792,14.352],[37.3915,14.3653],[37.3478,14.4019],[37.3495,14.4132],[37.3611,14.414],[37.3771,14.4285],[37.4033,14.4714],[37.4297,14.4802],[37.4431,14.4706],[37.4711,14.4687],[37.489,14.4731],[37.5075,14.4613],[37.5248,14.46],[37.5488,14.4461],[37.5725,14.4554],[37.5767,14.4679],[37.5954,14.4776],[37.6572,14.4947],[37.6707,14.5042],[37.6789,14.5274],[37.698,14.5626],[37.7237,14.6238],[37.7415,14.6424],[37.753,14.6427],[37.7736,14.6304],[37.7827,14.6537],[37.7736,14.6982],[37.7819,14.7349],[37.8326,14.8052],[37.8495,14.8125],[37.8757,14.7999],[37.9021,14.81],[37.9403,14.8455],[37.9453,14.8352],[37.971,14.8304],[37.9745,14.8016],[37.9879,14.8079],[37.9942,14.7735],[38.0158,14.7652],[38.0215,14.755],[38.0183,14.7366],[38.0404,14.7166],[38.0535,14.7108],[38.0915,14.7066],[38.1092,14.6901],[38.1321,14.6785],[38.1393,14.6673],[38.1738,14.6798],[38.1874,14.6892],[38.215,14.6828],[38.2282,14.6858],[38.2611,14.6671],[38.2645,14.6141],[38.2861,14.6075],[38.2931,14.5948],[38.3153,14.5735],[38.3152,14.5507],[38.3409,14.522],[38.3432,14.5077],[38.3559,14.5067],[38.3622,14.4868],[38.3734,14.4802],[38.3948,14.4815],[38.4015,14.465],[38.4208,14.4637],[38.4322,14.428],[38.4474,14.4104],[38.4837,14.4182],[38.506,14.4133],[38.5159,14.4051],[38.5269,14.4148],[38.5944,14.4386],[38.6158,14.4335],[38.6313,14.4405],[38.6616,14.4455],[38.7029,14.4653],[38.7305,14.4589],[38.7748,14.4669],[38.794,14.4632],[38.8152,14.4743],[38.8167,14.4819],[38.8352,14.4853],[38.8484,14.4957],[38.8642,14.494],[38.9049,14.5012],[38.921,14.5113],[38.9373,14.5321],[38.9747,14.5416],[38.9939,14.5656],[39.0012,14.5858],[39.01,14.5903],[39.0085,14.6162],[39.0235,14.6324],[39.0807,14.6365],[39.1044,14.63],[39.1247,14.6134],[39.1575,14.6203],[39.2003,14.611],[39.2159,14.5915],[39.2215,14.5725],[39.2386,14.5659],[39.2315,14.5192],[39.2167,14.4961],[39.2085,14.4931],[39.2191,14.4782],[39.221,14.4538],[39.2497,14.3923],[39.2607,14.3931],[39.3008,14.4114],[39.2977,14.4362],[39.3148,14.4376],[39.3178,14.4528],[39.3138,14.4789],[39.33,14.4804],[39.324,14.4983],[39.34,14.5113],[39.3711,14.4946],[39.3646,14.5058],[39.3687,14.5383],[39.3985,14.5382],[39.4282,14.5307],[39.4355,14.5193],[39.4533,14.5269],[39.4571,14.5072],[39.4693,14.5156],[39.4726,14.4983],[39.4933,14.5095],[39.5004,14.5438],[39.4917,14.5825],[39.4775,14.6036],[39.4901,14.625],[39.4866,14.6402],[39.4971,14.6543],[39.5027,14.677],[39.5303,14.671],[39.5752,14.6699],[39.5912,14.6621],[39.6227,14.6359],[39.6288,14.6088],[39.6574,14.5898],[39.6803,14.5888],[39.7093,14.5514],[39.7668,14.5408],[39.7926,14.5002],[39.801,14.4992],[39.82,14.479],[39.8313,14.4849],[39.8726,14.4619],[39.8952,14.4359],[39.9238,14.415],[39.9499,14.4106],[39.9714,14.4263],[39.9809,14.4408],[39.9843,14.4323],[39.9796,14.4099],[39.9908,14.382],[39.9798,14.371],[39.9503,14.3604],[39.9163,14.3703],[39.8531,14.3671],[39.8381,14.3805],[39.8009,14.3872],[39.772,14.3739],[39.7792,14.3305],[39.7713,14.3199],[39.7262,14.303],[39.7268,14.294],[39.742,14.2813],[39.7576,14.2772],[39.7573,14.2398],[39.7422,14.2349],[39.6941,14.2413],[39.6857,14.2162],[39.6723,14.2003],[39.65,14.1886],[39.6735,14.1777],[39.682,14.1647],[39.715,14.1563],[39.7495,14.1518],[39.7671,14.14],[39.7978,14.1425],[39.8095,14.1516],[39.8376,14.1542],[39.8432,14.0899],[39.8483,14.078],[39.844,14.0503],[39.8547,14.031],[39.8859,14.0122],[39.8685,13.9922],[39.8592,13.9658],[39.8356,13.9756],[39.8157,13.9682],[39.8017,13.9456],[39.8176,13.9426],[39.8333,13.9184],[39.829,13.8685],[39.8378,13.8642],[39.8422,13.8384],[39.8337,13.8214],[39.8523,13.7949],[39.8532,13.7665],[39.8638,13.7551],[39.8841,13.7482],[39.876,13.7382],[39.8762,13.6803],[39.8674,13.6583],[39.865,13.6027],[39.8676,13.5838],[39.8639,13.5482],[39.8533,13.5541],[39.8163,13.5578],[39.8038,13.5537],[39.763,13.5713],[39.7445,13.5708],[39.7339,13.5287],[39.7234,13.5092],[39.7195,13.4757],[39.7277,13.4222],[39.7436,13.3889],[39.7458,13.3741],[39.7295,13.3788],[39.7422,13.3575],[39.7377,13.3211],[39.7197,13.2946],[39.725,13.2883],[39.7586,13.2789],[39.7673,13.2853],[39.7857,13.2627],[39.7872,13.2456],[39.8085,13.2172],[39.8038,13.1897],[39.8119,13.1552],[39.8312,13.1125],[39.8332,13.0886],[39.8631,13.0197],[39.86,12.9696],[39.8728,12.9423],[39.9042,12.9218],[39.9252,12.8938],[39.9294,12.8744],[39.9412,12.8613],[39.9525,12.8369],[39.9695,12.8141],[39.978,12.7922],[39.9427,12.7715],[39.899,12.7623],[39.8698,12.7339],[39.8676,12.7237],[39.8394,12.7133],[39.835,12.7067],[39.8051,12.7177],[39.7628,12.7196],[39.7385,12.7096],[39.7283,12.6991],[39.7449,12.6674],[39.7328,12.6611],[39.7143,12.6671],[39.6729,12.6521],[39.6544,12.6353],[39.6672,12.5617],[39.6657,12.5546],[39.6386,12.5566],[39.6158,12.55],[39.6096,12.558],[39.589,12.5574],[39.5663,12.564],[39.5741,12.5728],[39.5546,12.6084],[39.5693,12.6132],[39.5568,12.6386],[39.5583,12.6644],[39.5372,12.6714],[39.5133,12.6631],[39.4933,12.6644],[39.4933,12.6558],[39.4783,12.6439],[39.4591,12.638],[39.4078,12.6383],[39.3967,12.6678],[39.4053,12.6795],[39.398,12.6912],[39.2855,12.7044],[39.2695,12.7232],[39.2809,12.7433],[39.2789,12.7585],[39.2677,12.7713],[39.2758,12.7878],[39.2957,12.7855],[39.3072,12.8117],[39.2777,12.826],[39.3101,12.8522],[39.3068,12.8663],[39.2949,12.8709],[39.279,12.8562],[39.2631,12.8941],[39.2587,12.9147],[39.2326,12.9167],[39.2033,12.9289],[39.1928,12.9281],[39.1635,12.9484],[39.1191,12.9609],[39.0829,12.9593],[39.0741,12.9761],[39.0343,13.0005],[39.0002,13.0034],[38.9945,13.0117],[39.0043,13.0234],[38.994,13.0453],[38.9898,13.0813],[38.9786,13.099],[39.0102,13.114],[39.0202,13.1269],[39.0369,13.1342],[39.0426,13.1556],[39.036,13.1699],[39.0167,13.1787],[38.9974,13.2034],[38.9848,13.2028],[38.9558,13.212],[38.9517,13.2375],[38.9296,13.2357],[38.9133,13.2245],[38.8762,13.2205],[38.8631,13.2095],[38.8503,13.2145],[38.8339,13.2319],[38.8191,13.2347],[38.8007,13.2473],[38.7792,13.2494],[38.7299,13.2692],[38.7401,13.2868],[38.7352,13.3024],[38.7418,13.3398],[38.7302,13.3654],[38.7372,13.3777],[38.7286,13.4024],[38.7131,13.4403]]]}},{"type":"Feature","properties":{"region":"Afar","area_km2":94911.0,"total_woredas":49,"lersha_woredas":0,"lersha_zones":0,"lersha_area_km2":0.0},"geometry":{"type":"Polygon","coordinates":[[[39.813,9.1711],[39.8361,9.1883],[39.8535,9.2108],[39.873,9.2273],[39.863,9.2423],[39.857,9.2701],[39.886,9.2694],[39.86,9.3071],[39.8339,9.3148],[39.8167,9.3077],[39.7891,9.3042],[39.7749,9.3142],[39.77,9.3368],[39.7614,9.3428],[39.7498,9.3692],[39.7915,9.3698],[39.7852,9.3956],[39.7998,9.3997],[39.8072,9.4128],[39.8215,9.4174],[39.8729,9.3978],[39.8725,9.4593],[39.8478,9.4812],[39.8375,9.5019],[39.8471,9.5107],[39.8573,9.5471],[39.8476,9.5643],[39.8771,9.5766],[39.8838,9.6106],[39.8793,9.6242],[39.8577,9.6552],[39.8499,9.6877],[39.8527,9.6987],[39.8391,9.7236],[39.8498,9.7484],[39.8758,9.7528],[39.9489,9.7314],[39.9735,9.7292],[40.0094,9.7329],[39.9912,9.7567],[40.0081,9.7818],[40.0045,9.7952],[40.011,9.8186],[40.0278,9.8299],[40.0352,9.8428],[40.0527,9.8422],[40.0707,9.8574],[40.0584,9.8643],[40.0636,9.9024],[40.0778,9.9055],[40.0888,9.9348],[40.0673,9.9601],[40.0589,9.9771],[40.032,9.9945],[39.9474,9.9934],[39.9247,10.0141],[39.9416,10.0431],[39.9273,10.09],[39.9482,10.0845],[39.989,10.0883],[39.9936,10.0769],[40.024,10.0744],[40.069,10.0791],[40.1072,10.0712],[40.1326,10.0711],[40.1581,10.0903],[40.1371,10.145],[40.129,10.1735],[40.1499,10.2333],[40.1556,10.2574],[40.1467,10.2772],[40.1575,10.2854],[40.1604,10.3008],[40.1591,10.3563],[40.1631,10.3748],[40.1616,10.4353],[40.1529,10.4393],[40.1506,10.4704],[40.1285,10.6175],[40.1091,10.7239],[40.1025,10.7397],[40.1084,10.7638],[40.122,10.7682],[40.1667,10.805],[40.1641,10.8286],[40.17,10.8735],[40.1805,10.8969],[40.1493,10.8958],[40.1329,10.9152],[40.1238,10.9376],[40.1441,10.9521],[40.169,11.0016],[40.1869,11.0253],[40.1955,11.0682],[40.1938,11.0964],[40.2124,11.1089],[40.1729,11.24],[40.1456,11.2556],[40.1228,11.2961],[40.1026,11.3169],[40.0712,11.3256],[40.065,11.3378],[40.0702,11.3737],[40.0671,11.4429],[40.0549,11.4877],[40.024,11.5309],[39.9933,11.5838],[39.9975,11.6122],[40.0153,11.6456],[39.9941,11.6812],[39.9697,11.6645],[39.9239,11.7008],[39.8749,11.7788],[39.8735,11.7986],[39.8781,11.8827],[39.8871,11.9057],[39.8765,11.9744],[39.8614,12.0126],[39.8413,12.0535],[39.8435,12.0653],[39.8617,12.0884],[39.8286,12.0998],[39.8192,12.1234],[39.8105,12.1644],[39.7999,12.195],[39.8075,12.2389],[39.8276,12.2405],[39.8237,12.2916],[39.8247,12.3177],[39.8176,12.324],[39.8176,12.3419],[39.8309,12.3575],[39.8149,12.4071],[39.8334,12.4335],[39.8631,12.4633],[39.8826,12.4577],[39.882,12.467],[39.8663,12.4726],[39.8811,12.4845],[39.8682,12.4943],[39.8632,12.5314],[39.8524,12.5474],[39.8328,12.5499],[39.8268,12.572],[39.8067,12.5963],[39.8326,12.6344],[39.8201,12.6588],[39.8261,12.6937],[39.835,12.7067],[39.8394,12.7133],[39.8676,12.7237],[39.8698,12.7339],[39.899,12.7623],[39.9427,12.7715],[39.978,12.7922],[39.9695,12.8141],[39.9525,12.8369],[39.9412,12.8613],[39.9294,12.8744],[39.9252,12.8938],[39.9042,12.9218],[39.8728,12.9423],[39.86,12.9696],[39.8631,13.0197],[39.8332,13.0886],[39.8312,13.1125],[39.8119,13.1552],[39.8038,13.1897],[39.8085,13.2172],[39.7872,13.2456],[39.7857,13.2627],[39.7673,13.2853],[39.7586,13.2789],[39.725,13.2883],[39.7197,13.2946],[39.7377,13.3211],[39.7422,13.3575],[39.7295,13.3788],[39.7458,13.3741],[39.7436,13.3889],[39.7277,13.4222],[39.7195,13.4757],[39.7234,13.5092],[39.7339,13.5287],[39.7445,13.5708],[39.763,13.5713],[39.8038,13.5537],[39.8163,13.5578],[39.8533,13.5541],[39.8639,13.5482],[39.8676,13.5838],[39.865,13.6027],[39.8674,13.6583],[39.8762,13.6803],[39.876,13.7382],[39.8841,13.7482],[39.8638,13.7551],[39.8532,13.7665],[39.8523,13.7949],[39.8337,13.8214],[39.8422,13.8384],[39.8378,13.8642],[39.829,13.8685],[39.8333,13.9184],[39.8176,13.9426],[39.8017,13.9456],[39.8157,13.9682],[39.8356,13.9756],[39.8592,13.9658],[39.8685,13.9922],[39.8859,14.0122],[39.8547,14.031],[39.844,14.0503],[39.8483,14.078],[39.8432,14.0899],[39.8376,14.1542],[39.8095,14.1516],[39.7978,14.1425],[39.7671,14.14],[39.7495,14.1518],[39.715,14.1563],[39.682,14.1647],[39.6735,14.1777],[39.65,14.1886],[39.6723,14.2003],[39.6857,14.2162],[39.6941,14.2413],[39.7422,14.2349],[39.7573,14.2398],[39.7576,14.2772],[39.742,14.2813],[39.7268,14.294],[39.7262,14.303],[39.7713,14.3199],[39.7792,14.3305],[39.772,14.3739],[39.8009,14.3872],[39.8381,14.3805],[39.8531,14.3671],[39.9163,14.3703],[39.9503,14.3604],[39.9798,14.371],[39.9908,14.382],[39.9796,14.4099],[39.9843,14.4323],[40.0102,14.4396],[40.0553,14.4869],[40.0753,14.494],[40.089,14.4903],[40.1399,14.4981],[40.2226,14.4786],[40.2685,14.4533],[40.3309,14.424],[40.3847,14.3897],[40.4445,14.3635],[40.5456,14.3014],[40.6505,14.2294],[40.8367,14.0841],[41.0156,13.9325],[41.0773,13.8785],[41.1686,13.7894],[41.2159,13.7475],[41.2504,13.7127],[41.2908,13.6623],[41.3137,13.6303],[41.3785,13.5699],[41.4187,13.5375],[41.4595,13.5012],[41.5312,13.4331],[41.5781,13.3857],[41.6117,13.3475],[41.7373,13.2312],[41.7864,13.1753],[41.8787,13.0896],[41.9305,13.0292],[41.9726,12.9832],[41.9978,12.9349],[42.0102,12.9207],[42.0502,12.8431],[42.0954,12.7935],[42.0964,12.7834],[42.1357,12.7459],[42.196,12.6719],[42.219,12.6404],[42.2424,12.6156],[42.2803,12.5564],[42.3507,12.5176],[42.3997,12.4697],[42.3394,12.3969],[42.3083,12.3083],[42.2556,12.2633],[42.1689,12.1372],[42.1272,12.0903],[42.0586,11.9758],[41.9486,11.8167],[41.8914,11.7736],[41.829,11.741],[41.7599,11.5079],[41.7938,11.381],[41.8119,11.2579],[41.8029,11.099],[41.8006,11.0311],[41.7897,11.0081],[41.8117,10.9839],[41.7689,10.9912],[41.7395,10.9683],[41.7176,10.9648],[41.6995,10.9693],[41.6808,10.9639],[41.6342,10.9653],[41.5822,10.9621],[41.4841,10.9669],[41.4101,10.9585],[41.3922,10.9663],[41.3486,10.9625],[41.3003,10.9641],[41.2682,10.9579],[41.2408,10.9214],[41.2336,10.8912],[41.232,10.8637],[41.2201,10.8345],[41.1909,10.7964],[41.1664,10.7797],[41.1331,10.7441],[41.1149,10.7203],[41.0773,10.6812],[41.0779,10.6395],[41.087,10.6006],[41.0713,10.541],[41.0471,10.4776],[41.0318,10.422],[41.0304,10.4004],[41.015,10.3432],[41.0051,10.3188],[40.9899,10.2399],[40.9788,10.1947],[40.9747,10.1566],[40.9538,10.0957],[40.9487,10.0678],[40.9366,10.0352],[40.946,10.0013],[40.9658,9.9717],[40.9989,9.9678],[41.0196,9.9488],[40.9467,9.8804],[40.8473,9.7903],[40.8256,9.7635],[40.7787,9.6921],[40.7519,9.6546],[40.725,9.5936],[40.7177,9.5693],[40.7022,9.5361],[40.6962,9.5022],[40.6961,9.4461],[40.6755,9.4175],[40.6596,9.4043],[40.636,9.3959],[40.606,9.391],[40.5284,9.3855],[40.4988,9.375],[40.471,9.3548],[40.4258,9.3043],[40.4081,9.2812],[40.3695,9.2183],[40.327,9.1547],[40.2543,9.0861],[40.2455,9.0749],[40.246,9.0354],[40.2378,8.9973],[40.2223,8.9877],[40.1699,8.9645],[40.1522,8.932],[40.0945,8.8622],[40.067,8.844],[40.0512,8.8406],[40.0242,8.845],[40.0104,8.8561],[40.0193,8.8891],[40.0366,8.9065],[40.0511,8.9614],[40.0475,8.9779],[40.0348,8.9944],[39.9996,9.0072],[39.9476,9.0036],[39.9519,9.03],[39.9425,9.0477],[39.9284,9.0541],[39.9187,9.0684],[39.909,9.1318],[39.8777,9.1447],[39.849,9.1381],[39.8174,9.1363],[39.813,9.1711]]]}},{"type":"Feature","properties":{"region":"Amhara","area_km2":155619.0,"total_woredas":225,"lersha_woredas":5,"lersha_zones":3,"lersha_area_km2":3612.0},"geometry":{"type":"Polygon","coordinates":[[[36.6683,10.3138],[36.6554,10.322],[36.637,10.3466],[36.6055,10.3647],[36.5895,10.3689],[36.5485,10.3609],[36.5392,10.365],[36.5204,10.4059],[36.5462,10.4569],[36.5268,10.4829],[36.5109,10.4788],[36.4854,10.4828],[36.4557,10.4746],[36.4495,10.4595],[36.4353,10.4525],[36.409,10.4553],[36.3909,10.468],[36.3822,10.4896],[36.3647,10.5062],[36.3591,10.5303],[36.3436,10.5209],[36.3182,10.528],[36.3082,10.5524],[36.302,10.554],[36.3059,10.5779],[36.2935,10.5971],[36.2816,10.6046],[36.2916,10.62],[36.3076,10.6242],[36.303,10.6379],[36.3242,10.6617],[36.3125,10.6738],[36.3217,10.6853],[36.3176,10.7036],[36.3313,10.7262],[36.374,10.7584],[36.3772,10.7858],[36.3416,10.7888],[36.3313,10.7703],[36.3108,10.7473],[36.2852,10.7446],[36.2885,10.7724],[36.2823,10.8039],[36.3101,10.8272],[36.3138,10.8508],[36.3091,10.8625],[36.3321,10.8874],[36.3316,10.8977],[36.3531,10.9212],[36.354,10.937],[36.3658,10.9457],[36.4177,11.0007],[36.4226,11.0314],[36.4442,11.0504],[36.4699,11.0552],[36.4913,11.0759],[36.515,11.1048],[36.5326,11.1132],[36.534,11.098],[36.5549,11.0932],[36.575,11.1007],[36.578,11.1105],[36.5602,11.1133],[36.5493,11.1378],[36.5304,11.1416],[36.5029,11.1375],[36.4756,11.157],[36.4676,11.1554],[36.4676,11.2153],[36.4602,11.2264],[36.4758,11.2447],[36.4671,11.265],[36.4832,11.2718],[36.495,11.289],[36.505,11.285],[36.5296,11.3025],[36.5569,11.3021],[36.5624,11.3183],[36.5387,11.3456],[36.5636,11.358],[36.5639,11.3713],[36.5514,11.3866],[36.5331,11.3941],[36.5299,11.4345],[36.5122,11.4583],[36.4978,11.4437],[36.4715,11.4363],[36.4672,11.4286],[36.4481,11.4269],[36.4099,11.4139],[36.4095,11.4583],[36.4384,11.4918],[36.4388,11.5043],[36.4131,11.532],[36.4145,11.5451],[36.4034,11.546],[36.3903,11.5713],[36.3914,11.5833],[36.3752,11.6077],[36.3653,11.6003],[36.3484,11.6054],[36.3324,11.666],[36.3476,11.6966],[36.3321,11.7041],[36.3396,11.7375],[36.3376,11.773],[36.3413,11.7808],[36.3291,11.7967],[36.3088,11.8032],[36.2829,11.7727],[36.2359,11.737],[36.2316,11.7221],[36.2071,11.7214],[36.2008,11.7058],[36.1857,11.69],[36.165,11.6782],[36.1448,11.6856],[36.1184,11.7058],[36.1255,11.7192],[36.1172,11.7742],[36.1052,11.8159],[36.0951,11.8129],[36.0815,11.8244],[36.0843,11.8351],[36.0663,11.8516],[36.0545,11.8493],[36.0491,11.866],[36.0564,11.8743],[36.0338,11.8918],[36.0426,11.8951],[36.0212,11.9138],[35.996,11.9269],[35.9658,11.9846],[35.9394,11.9702],[35.9429,11.9366],[35.9365,11.9208],[35.8744,11.8859],[35.8706,11.8648],[35.8483,11.8402],[35.823,11.8269],[35.8037,11.838],[35.7561,11.8313],[35.7368,11.8328],[35.7055,11.8224],[35.6944,11.8313],[35.6666,11.8259],[35.6617,11.7934],[35.6449,11.7814],[35.6235,11.7758],[35.5899,11.773],[35.5766,11.7674],[35.5346,11.7297],[35.5169,11.718],[35.4733,11.7362],[35.4218,11.7294],[35.3947,11.7462],[35.3638,11.753],[35.3374,11.773],[35.3257,11.7945],[35.2959,11.7992],[35.2967,11.8195],[35.2847,11.8465],[35.2873,11.8701],[35.2828,11.8897],[35.2611,11.9277],[35.2839,11.9833],[35.3836,12.1655],[35.6474,12.5915],[35.6862,12.6022],[35.7001,12.625],[35.7011,12.6661],[35.9647,12.7156],[36.0126,12.7206],[36.0372,12.715],[36.0723,12.7241],[36.1119,12.694],[36.1425,12.7148],[36.1592,12.8814],[36.1353,12.9254],[36.1511,12.9717],[36.1689,12.99],[36.1574,13.0331],[36.2486,13.3681],[36.3975,13.5678],[36.4088,13.5951],[36.4114,13.6156],[36.409,13.6575],[36.4535,13.763],[36.4554,13.7544],[36.4807,13.7347],[36.4777,13.6935],[36.4984,13.6657],[36.5044,13.6651],[36.5128,13.6313],[36.5261,13.6065],[36.5196,13.5855],[36.5378,13.582],[36.5603,13.5633],[36.5647,13.533],[36.5981,13.5047],[36.5964,13.4891],[36.5788,13.4822],[36.5664,13.4462],[36.5695,13.4253],[36.5887,13.4028],[36.5927,13.389],[36.6095,13.3752],[36.6281,13.3819],[36.6491,13.3802],[36.6646,13.3666],[36.6851,13.3748],[36.7347,13.3631],[36.7622,13.3741],[36.7884,13.4076],[36.8086,13.4185],[36.8171,13.4465],[36.8437,13.4409],[36.8812,13.4075],[36.8955,13.4069],[36.9051,13.3882],[36.9297,13.3721],[36.9386,13.38],[36.9569,13.3624],[36.9645,13.3696],[37.0018,13.3567],[37.013,13.3605],[37.0397,13.351],[37.0525,13.333],[37.0656,13.3299],[37.0784,13.3118],[37.0987,13.3164],[37.1275,13.3051],[37.1503,13.3008],[37.1857,13.2826],[37.2047,13.2557],[37.2244,13.2747],[37.2398,13.2769],[37.2462,13.2922],[37.2559,13.295],[37.2806,13.2849],[37.3218,13.2972],[37.3504,13.3267],[37.3519,13.3426],[37.3652,13.3599],[37.3887,13.3563],[37.4158,13.374],[37.4405,13.3541],[37.4765,13.3677],[37.5178,13.3665],[37.5572,13.3903],[37.5672,13.3882],[37.611,13.4111],[37.6371,13.4139],[37.6566,13.4414],[37.6768,13.4507],[37.6941,13.4724],[37.6909,13.4847],[37.6987,13.4954],[37.7096,13.5302],[37.727,13.5634],[37.7461,13.5709],[37.7539,13.5912],[37.7651,13.6022],[37.7644,13.6184],[37.7761,13.6335],[37.7748,13.6117],[37.7841,13.5877],[37.769,13.5626],[37.7927,13.5206],[37.809,13.5191],[37.8119,13.4797],[37.8169,13.4632],[37.8664,13.4751],[37.8872,13.4534],[37.9041,13.447],[37.9465,13.4664],[37.9684,13.4937],[38.0081,13.5008],[38.0149,13.4865],[38.0456,13.4801],[38.0594,13.4672],[38.0829,13.4837],[38.1153,13.4943],[38.121,13.5063],[38.1299,13.4847],[38.1452,13.4717],[38.1737,13.4934],[38.2009,13.4801],[38.2273,13.4892],[38.248,13.5017],[38.2591,13.4862],[38.2789,13.4855],[38.3199,13.5022],[38.32,13.5238],[38.3279,13.5503],[38.3412,13.5376],[38.36,13.553],[38.3798,13.5445],[38.3912,13.5534],[38.4065,13.5394],[38.4408,13.5844],[38.451,13.5846],[38.4428,13.5605],[38.4536,13.5569],[38.4652,13.5676],[38.4776,13.5523],[38.4899,13.558],[38.5539,13.5503],[38.5507,13.5379],[38.5326,13.5187],[38.4968,13.5068],[38.4907,13.4958],[38.4983,13.4845],[38.4674,13.4849],[38.461,13.4596],[38.4842,13.4697],[38.5117,13.4729],[38.5342,13.4818],[38.5621,13.4833],[38.5796,13.5035],[38.5901,13.5061],[38.6054,13.4907],[38.6225,13.4954],[38.6622,13.5312],[38.676,13.4976],[38.6756,13.4856],[38.6482,13.4814],[38.6333,13.4727],[38.6158,13.4514],[38.6224,13.4112],[38.6486,13.3965],[38.7057,13.3893],[38.7219,13.4081],[38.7286,13.4024],[38.7372,13.3777],[38.7302,13.3654],[38.7418,13.3398],[38.7352,13.3024],[38.7401,13.2868],[38.7299,13.2692],[38.7792,13.2494],[38.8007,13.2473],[38.8191,13.2347],[38.8339,13.2319],[38.8503,13.2145],[38.8631,13.2095],[38.8762,13.2205],[38.9133,13.2245],[38.9296,13.2357],[38.9517,13.2375],[38.9558,13.212],[38.9848,13.2028],[38.9974,13.2034],[39.0167,13.1787],[39.036,13.1699],[39.0426,13.1556],[39.0369,13.1342],[39.0202,13.1269],[39.0102,13.114],[38.9786,13.099],[38.9898,13.0813],[38.994,13.0453],[39.0043,13.0234],[38.9945,13.0117],[39.0002,13.0034],[39.0343,13.0005],[39.0741,12.9761],[39.0829,12.9593],[39.1191,12.9609],[39.1635,12.9484],[39.1928,12.9281],[39.2033,12.9289],[39.2326,12.9167],[39.2587,12.9147],[39.2631,12.8941],[39.279,12.8562],[39.2949,12.8709],[39.3068,12.8663],[39.3101,12.8522],[39.2777,12.826],[39.3072,12.8117],[39.2957,12.7855],[39.2758,12.7878],[39.2677,12.7713],[39.2789,12.7585],[39.2809,12.7433],[39.2695,12.7232],[39.2855,12.7044],[39.2805,12.688],[39.2389,12.6631],[39.2308,12.6665],[39.1989,12.6604],[39.1744,12.6435],[39.1834,12.6303],[39.1857,12.6069],[39.2016,12.5823],[39.2364,12.4731],[39.2406,12.4322],[39.2399,12.3945],[39.2455,12.3529],[39.2802,12.305],[39.2909,12.2961],[39.3217,12.3049],[39.3502,12.2984],[39.3886,12.3005],[39.4195,12.2966],[39.4556,12.325],[39.4705,12.3214],[39.5074,12.3329],[39.5227,12.3264],[39.5385,12.2919],[39.5433,12.265],[39.5552,12.2555],[39.5725,12.2559],[39.5919,12.271],[39.605,12.2706],[39.6251,12.288],[39.6209,12.3002],[39.6323,12.3077],[39.7063,12.3062],[39.7586,12.32],[39.7615,12.3033],[39.8176,12.324],[39.8247,12.3177],[39.8237,12.2916],[39.8276,12.2405],[39.8075,12.2389],[39.7999,12.195],[39.8105,12.1644],[39.8192,12.1234],[39.8286,12.0998],[39.8617,12.0884],[39.8435,12.0653],[39.8413,12.0535],[39.8614,12.0126],[39.8765,11.9744],[39.8871,11.9057],[39.8781,11.8827],[39.8735,11.7986],[39.8749,11.7788],[39.9239,11.7008],[39.9697,11.6645],[39.9941,11.6812],[40.0153,11.6456],[39.9975,11.6122],[39.9933,11.5838],[40.024,11.5309],[40.0549,11.4877],[40.0671,11.4429],[40.0702,11.3737],[40.065,11.3378],[40.0712,11.3256],[40.1026,11.3169],[40.1228,11.2961],[40.1456,11.2556],[40.1729,11.24],[40.2124,11.1089],[40.1938,11.0964],[40.1955,11.0682],[40.1869,11.0253],[40.169,11.0016],[40.1441,10.9521],[40.1238,10.9376],[40.1329,10.9152],[40.1493,10.8958],[40.1805,10.8969],[40.17,10.8735],[40.1641,10.8286],[40.1667,10.805],[40.122,10.7682],[40.1084,10.7638],[40.1025,10.7397],[40.1091,10.7239],[40.1285,10.6175],[40.1506,10.4704],[40.1529,10.4393],[40.1616,10.4353],[40.1631,10.3748],[40.1591,10.3563],[40.1604,10.3008],[40.1575,10.2854],[40.1467,10.2772],[40.1556,10.2574],[40.1499,10.2333],[40.129,10.1735],[40.1371,10.145],[40.1581,10.0903],[40.1326,10.0711],[40.1072,10.0712],[40.069,10.0791],[40.024,10.0744],[39.9936,10.0769],[39.989,10.0883],[39.9482,10.0845],[39.9273,10.09],[39.9416,10.0431],[39.9247,10.0141],[39.9474,9.9934],[40.032,9.9945],[40.0589,9.9771],[40.0673,9.9601],[40.0888,9.9348],[40.0778,9.9055],[40.0636,9.9024],[40.0584,9.8643],[40.0707,9.8574],[40.0527,9.8422],[40.0352,9.8428],[40.0278,9.8299],[40.011,9.8186],[40.0045,9.7952],[40.0081,9.7818],[39.9912,9.7567],[40.0094,9.7329],[39.9735,9.7292],[39.9489,9.7314],[39.8758,9.7528],[39.8498,9.7484],[39.8391,9.7236],[39.8527,9.6987],[39.8499,9.6877],[39.8577,9.6552],[39.8793,9.6242],[39.8838,9.6106],[39.8771,9.5766],[39.8476,9.5643],[39.8573,9.5471],[39.8471,9.5107],[39.8375,9.5019],[39.8478,9.4812],[39.8725,9.4593],[39.8729,9.3978],[39.8215,9.4174],[39.8072,9.4128],[39.7998,9.3997],[39.7852,9.3956],[39.7915,9.3698],[39.7498,9.3692],[39.7614,9.3428],[39.77,9.3368],[39.7749,9.3142],[39.7891,9.3042],[39.8167,9.3077],[39.8339,9.3148],[39.86,9.3071],[39.886,9.2694],[39.857,9.2701],[39.863,9.2423],[39.873,9.2273],[39.8535,9.2108],[39.8361,9.1883],[39.813,9.1711],[39.8174,9.1363],[39.8077,9.1354],[39.7938,9.1127],[39.7639,9.0951],[39.7425,9.0913],[39.7475,9.0631],[39.7402,9.0395],[39.7462,9.0153],[39.748,8.9103],[39.7313,8.8442],[39.7333,8.8262],[39.7167,8.8161],[39.6621,8.8132],[39.617,8.7869],[39.5915,8.7969],[39.562,8.8178],[39.5518,8.7688],[39.5338,8.758],[39.5008,8.7148],[39.4702,8.7418],[39.4492,8.7522],[39.4178,8.8145],[39.3782,8.7912],[39.3736,8.7668],[39.3771,8.7309],[39.3611,8.7209],[39.342,8.7269],[39.3245,8.7469],[39.3053,8.7217],[39.2858,8.7178],[39.2704,8.7245],[39.262,8.7469],[39.273,8.7669],[39.272,8.783],[39.2439,8.8277],[39.244,8.8366],[39.2655,8.8431],[39.2375,8.862],[39.241,8.8889],[39.2654,8.9224],[39.2586,8.9626],[39.2696,8.9806],[39.2882,8.999],[39.2968,9.0533],[39.3153,9.0602],[39.357,9.0621],[39.3486,9.0881],[39.3232,9.1488],[39.2941,9.1493],[39.2495,9.1356],[39.2337,9.1579],[39.2146,9.1734],[39.1886,9.2093],[39.2137,9.2281],[39.1997,9.25],[39.1777,9.2711],[39.2072,9.2919],[39.2337,9.2936],[39.2662,9.2445],[39.2847,9.2775],[39.2662,9.2885],[39.2644,9.3242],[39.2783,9.3122],[39.2854,9.3158],[39.293,9.3492],[39.3065,9.3661],[39.3196,9.3656],[39.3251,9.3805],[39.3467,9.3785],[39.3567,9.369],[39.3949,9.3919],[39.4204,9.3715],[39.4259,9.3794],[39.4456,9.3839],[39.4539,9.4012],[39.4431,9.4144],[39.4477,9.4325],[39.4303,9.4339],[39.3939,9.455],[39.3727,9.4468],[39.3751,9.4671],[39.3631,9.4739],[39.3386,9.4748],[39.3149,9.467],[39.3055,9.4737],[39.2936,9.5006],[39.3052,9.5052],[39.3021,9.5227],[39.3129,9.5356],[39.3297,9.5266],[39.3414,9.5454],[39.3606,9.5461],[39.3765,9.5673],[39.3734,9.592],[39.3888,9.6157],[39.3859,9.6308],[39.3617,9.6189],[39.352,9.6221],[39.3578,9.6569],[39.3713,9.67],[39.361,9.6803],[39.3701,9.6994],[39.3445,9.699],[39.338,9.7102],[39.3467,9.7251],[39.3205,9.7241],[39.3081,9.744],[39.2917,9.7451],[39.2876,9.734],[39.2681,9.7397],[39.2499,9.7049],[39.2281,9.6937],[39.2235,9.7052],[39.2001,9.7087],[39.1842,9.7201],[39.184,9.6858],[39.1742,9.6948],[39.1618,9.6888],[39.1454,9.6933],[39.1477,9.7154],[39.1393,9.7407],[39.1096,9.7325],[39.0977,9.7354],[39.1045,9.7486],[39.0922,9.7631],[39.0689,9.753],[39.035,9.7528],[39.0166,9.7577],[38.9901,9.746],[38.9744,9.7611],[38.9521,9.7387],[38.9603,9.7108],[38.9347,9.7279],[38.9093,9.7087],[38.8665,9.7336],[38.8585,9.7449],[38.8289,9.7691],[38.8182,9.8027],[38.8078,9.8195],[38.803,9.8621],[38.7909,9.8826],[38.8025,9.9095],[38.7964,9.9337],[38.8027,9.9536],[38.7969,9.9677],[38.7793,9.9824],[38.7712,9.9781],[38.7254,9.9913],[38.6695,10.0192],[38.6572,10.0515],[38.6627,10.0574],[38.6887,10.0502],[38.7214,10.0514],[38.7649,10.0708],[38.7773,10.0828],[38.8109,10.0944],[38.8236,10.1097],[38.8526,10.1181],[38.8472,10.1387],[38.8337,10.1619],[38.8381,10.1981],[38.8353,10.2257],[38.8476,10.2443],[38.8446,10.2561],[38.8608,10.278],[38.8557,10.2947],[38.8546,10.3254],[38.8457,10.361],[38.8065,10.3688],[38.7721,10.3662],[38.7382,10.3856],[38.7126,10.3869],[38.6974,10.3794],[38.6565,10.3736],[38.6303,10.3822],[38.5991,10.3741],[38.5602,10.3759],[38.5344,10.3665],[38.4767,10.3633],[38.4812,10.3444],[38.4737,10.3146],[38.4661,10.3052],[38.4725,10.2918],[38.4601,10.29],[38.4627,10.2677],[38.4542,10.2467],[38.4194,10.2198],[38.43,10.1931],[38.4211,10.1808],[38.4257,10.1718],[38.4119,10.1645],[38.3975,10.1443],[38.3756,10.1404],[38.3581,10.1443],[38.3483,10.1588],[38.3333,10.1514],[38.3218,10.1072],[38.3086,10.108],[38.2953,10.0892],[38.2718,10.0918],[38.2524,10.0884],[38.2478,10.1019],[38.222,10.0923],[38.1706,10.0578],[38.1673,10.0461],[38.1506,10.0351],[38.137,10.0474],[38.1253,10.0432],[38.1183,10.0178],[38.1007,10.0223],[38.0803,10.0152],[38.0812,10.0022],[38.0643,9.9979],[38.0599,9.9818],[38.0481,9.9815],[38.0436,9.9698],[38.0085,9.9641],[37.9934,9.9491],[37.9784,9.9491],[37.9571,9.9386],[37.9387,9.9441],[37.9308,9.9305],[37.9351,9.919],[37.9234,9.9147],[37.9093,9.9304],[37.8802,9.9215],[37.8699,9.9075],[37.8604,9.9128],[37.8559,9.8959],[37.8427,9.8967],[37.816,9.8672],[37.7746,9.8565],[37.7691,9.8514],[37.7485,9.8559],[37.7429,9.8407],[37.7307,9.8449],[37.7007,9.8367],[37.6804,9.8623],[37.6619,9.8605],[37.6414,9.8825],[37.6182,9.8939],[37.6128,9.9094],[37.5924,9.9188],[37.5869,9.9394],[37.5743,9.9419],[37.5529,9.9586],[37.5514,9.9734],[37.5292,9.9962],[37.4831,10.0035],[37.4757,10.0149],[37.4445,10.0146],[37.4244,10.0338],[37.3983,10.0462],[37.357,10.0402],[37.3493,10.0119],[37.3393,10.0045],[37.3233,10.0081],[37.3056,10.0267],[37.2965,10.0528],[37.2877,10.0629],[37.2619,10.0767],[37.2407,10.0756],[37.2133,10.0879],[37.1955,10.1045],[37.1798,10.1444],[37.1677,10.1633],[37.1975,10.2139],[37.196,10.2309],[37.1818,10.2413],[37.141,10.2451],[37.1146,10.2507],[37.0781,10.2634],[37.0618,10.2817],[37.0133,10.2849],[36.9971,10.303],[36.9799,10.314],[36.9308,10.3109],[36.898,10.3128],[36.8831,10.3207],[36.8692,10.3407],[36.817,10.3417],[36.8066,10.3354],[36.7766,10.346],[36.7618,10.3673],[36.7457,10.36],[36.6917,10.3573],[36.6809,10.3346],[36.6854,10.3176],[36.6683,10.3138]]]}},{"type":"Feature","properties":{"region":"Oromia","area_km2":323158.0,"total_woredas":349,"lersha_woredas":46,"lersha_zones":10,"lersha_area_km2":30027.0},"geometry":{"type":"Polygon","coordinates":[[[35.0771,7.731],[34.9955,7.748],[34.932,7.7282],[34.9371,7.7648],[34.9323,7.828],[34.9443,7.8794],[34.9507,7.8903],[35.0006,7.8623],[35.0131,7.8825],[35.0085,7.9235],[35.0483,7.9544],[35.1086,7.9571],[35.141,7.989],[35.1407,8.0217],[35.1179,8.0826],[35.0891,8.1139],[35.1039,8.1151],[35.1433,8.1429],[35.1577,8.1367],[35.1381,8.1818],[35.1189,8.2006],[35.0732,8.2202],[35.0183,8.2196],[34.9648,8.2473],[34.8551,8.2506],[34.8264,8.2619],[34.7858,8.3036],[34.7951,8.3269],[34.7853,8.3552],[34.7676,8.3634],[34.7288,8.39],[34.6674,8.395],[34.6303,8.402],[34.5743,8.4035],[34.5565,8.4551],[34.5227,8.4755],[34.4712,8.4476],[34.4364,8.4218],[34.3473,8.3766],[34.3133,8.3899],[34.3152,8.4068],[34.3349,8.4386],[34.3441,8.4692],[34.3574,8.4999],[34.3582,8.522],[34.3455,8.6001],[34.3124,8.6821],[34.2794,8.7088],[34.2557,8.7026],[34.2352,8.6861],[34.2235,8.6698],[34.1896,8.6516],[34.1242,8.6515],[34.135,8.9553],[34.1344,8.9626],[34.2215,8.9634],[34.4307,8.9674],[34.5037,9.0041],[34.4837,9.0471],[34.4583,9.0732],[34.4268,9.0718],[34.3933,9.1163],[34.3409,9.1688],[34.4017,9.1866],[34.4396,9.2156],[34.4524,9.2575],[34.4517,9.3087],[34.4663,9.3658],[34.4518,9.4491],[34.513,9.448],[34.4987,9.5142],[34.5232,9.5411],[34.5321,9.5906],[34.5485,9.6297],[34.5854,9.6304],[34.632,9.588],[34.6859,9.5637],[34.7351,9.5453],[34.783,9.5533],[34.7921,9.6033],[34.8109,9.6301],[34.81,9.7022],[34.7961,9.7362],[34.8073,9.7611],[34.8317,9.8031],[34.8697,9.8207],[34.8771,9.8454],[34.8922,9.8646],[34.8977,9.8818],[34.8668,9.9023],[34.8878,9.9082],[34.9044,9.9559],[34.9277,9.9353],[34.943,9.9336],[34.9882,9.9968],[35.015,9.9952],[35.0197,9.9288],[35.0485,9.9177],[35.081,9.9219],[35.0808,9.939],[35.0883,9.9505],[35.1596,9.9484],[35.2208,9.9254],[35.2307,9.8933],[35.2785,9.9071],[35.2975,9.9225],[35.311,9.9112],[35.3247,9.8848],[35.3498,9.8661],[35.3638,9.813],[35.408,9.7945],[35.4196,9.7851],[35.3788,9.7654],[35.383,9.759],[35.3651,9.7275],[35.3684,9.7193],[35.3894,9.72],[35.4108,9.7137],[35.4554,9.6722],[35.4684,9.6704],[35.5051,9.6887],[35.5333,9.6904],[35.534,9.6964],[35.5611,9.692],[35.5785,9.6655],[35.5944,9.656],[35.6347,9.6515],[35.6534,9.6349],[35.6436,9.5946],[35.6475,9.5533],[35.6714,9.5172],[35.6865,9.5104],[35.7108,9.4868],[35.7529,9.4817],[35.765,9.4734],[35.7784,9.4307],[35.754,9.4165],[35.7501,9.4031],[35.7552,9.3648],[35.7492,9.3486],[35.7567,9.3236],[35.774,9.3243],[35.7972,9.3086],[35.8085,9.3089],[35.8599,9.325],[35.9111,9.316],[35.9179,9.2856],[35.9493,9.2492],[36.0316,9.2334],[36.044,9.1951],[36.0536,9.1194],[36.034,9.1074],[36.0281,9.056],[36.0424,9.0322],[36.0422,9.015],[36.0639,9.0199],[36.0865,9.0126],[36.097,9.0324],[36.0755,9.0626],[36.0842,9.0584],[36.1086,9.08],[36.1287,9.0511],[36.1314,9.0208],[36.1596,9.0207],[36.1768,9.0445],[36.2259,9.031],[36.2465,9.041],[36.2077,9.0672],[36.1846,9.072],[36.1615,9.1054],[36.1719,9.1083],[36.2039,9.1573],[36.2289,9.229],[36.2263,9.2717],[36.1949,9.289],[36.1946,9.3263],[36.2059,9.3547],[36.2343,9.347],[36.2146,9.3324],[36.2184,9.2971],[36.2532,9.3018],[36.2702,9.3284],[36.2751,9.3438],[36.2896,9.3215],[36.2955,9.3017],[36.319,9.3059],[36.3338,9.3398],[36.3747,9.358],[36.4614,9.3572],[36.4841,9.3679],[36.4752,9.3946],[36.4836,9.4052],[36.5073,9.4193],[36.5149,9.4441],[36.4987,9.4729],[36.4944,9.5094],[36.4612,9.5281],[36.4006,9.511],[36.3803,9.4805],[36.3551,9.4947],[36.336,9.512],[36.301,9.5555],[36.2663,9.5687],[36.2318,9.5703],[36.2291,9.5798],[36.2008,9.6149],[36.1926,9.6585],[36.1919,9.6879],[36.1775,9.7013],[36.1619,9.7305],[36.1591,9.7469],[36.1434,9.7578],[36.1053,9.7733],[36.1365,9.8074],[36.1282,9.8522],[36.1523,9.8489],[36.1522,9.8664],[36.1198,9.9613],[36.1206,9.9716],[36.1399,10.0097],[36.1846,10.0497],[36.2189,10.0532],[36.2589,10.0785],[36.2679,10.0885],[36.2719,10.1131],[36.3323,10.1384],[36.3694,10.1617],[36.3953,10.1871],[36.4162,10.2168],[36.4454,10.2458],[36.4909,10.2343],[36.5155,10.2399],[36.5451,10.2693],[36.5545,10.2851],[36.5758,10.2792],[36.5747,10.2642],[36.6106,10.2592],[36.6597,10.277],[36.6922,10.2963],[36.6854,10.3176],[36.6809,10.3346],[36.6917,10.3573],[36.7457,10.36],[36.7618,10.3673],[36.7766,10.346],[36.8066,10.3354],[36.817,10.3417],[36.8692,10.3407],[36.8831,10.3207],[36.898,10.3128],[36.9308,10.3109],[36.9799,10.314],[36.9971,10.303],[37.0133,10.2849],[37.0618,10.2817],[37.0781,10.2634],[37.1146,10.2507],[37.141,10.2451],[37.1818,10.2413],[37.196,10.2309],[37.1975,10.2139],[37.1677,10.1633],[37.1798,10.1444],[37.1955,10.1045],[37.2133,10.0879],[37.2407,10.0756],[37.2619,10.0767],[37.2877,10.0629],[37.2965,10.0528],[37.3056,10.0267],[37.3233,10.0081],[37.3393,10.0045],[37.3493,10.0119],[37.357,10.0402],[37.3983,10.0462],[37.4244,10.0338],[37.4445,10.0146],[37.4757,10.0149],[37.4831,10.0035],[37.5292,9.9962],[37.5514,9.9734],[37.5529,9.9586],[37.5743,9.9419],[37.5869,9.9394],[37.5924,9.9188],[37.6128,9.9094],[37.6182,9.8939],[37.6414,9.8825],[37.6619,9.8605],[37.6804,9.8623],[37.7007,9.8367],[37.7307,9.8449],[37.7429,9.8407],[37.7485,9.8559],[37.7691,9.8514],[37.7746,9.8565],[37.816,9.8672],[37.8427,9.8967],[37.8559,9.8959],[37.8604,9.9128],[37.8699,9.9075],[37.8802,9.9215],[37.9093,9.9304],[37.9234,9.9147],[37.9351,9.919],[37.9308,9.9305],[37.9387,9.9441],[37.9571,9.9386],[37.9784,9.9491],[37.9934,9.9491],[38.0085,9.9641],[38.0436,9.9698],[38.0481,9.9815],[38.0599,9.9818],[38.0643,9.9979],[38.0812,10.0022],[38.0803,10.0152],[38.1007,10.0223],[38.1183,10.0178],[38.1253,10.0432],[38.137,10.0474],[38.1506,10.0351],[38.1673,10.0461],[38.1706,10.0578],[38.222,10.0923],[38.2478,10.1019],[38.2524,10.0884],[38.2718,10.0918],[38.2953,10.0892],[38.3086,10.108],[38.3218,10.1072],[38.3333,10.1514],[38.3483,10.1588],[38.3581,10.1443],[38.3756,10.1404],[38.3975,10.1443],[38.4119,10.1645],[38.4257,10.1718],[38.4211,10.1808],[38.43,10.1931],[38.4194,10.2198],[38.4542,10.2467],[38.4627,10.2677],[38.4601,10.29],[38.4725,10.2918],[38.4661,10.3052],[38.4737,10.3146],[38.4812,10.3444],[38.4767,10.3633],[38.5344,10.3665],[38.5602,10.3759],[38.5991,10.3741],[38.6303,10.3822],[38.6565,10.3736],[38.6974,10.3794],[38.7126,10.3869],[38.7382,10.3856],[38.7721,10.3662],[38.8065,10.3688],[38.8457,10.361],[38.8546,10.3254],[38.8557,10.2947],[38.8608,10.278],[38.8446,10.2561],[38.8476,10.2443],[38.8353,10.2257],[38.8381,10.1981],[38.8337,10.1619],[38.8472,10.1387],[38.8526,10.1181],[38.8236,10.1097],[38.8109,10.0944],[38.7773,10.0828],[38.7649,10.0708],[38.7214,10.0514],[38.6887,10.0502],[38.6627,10.0574],[38.6572,10.0515],[38.6695,10.0192],[38.7254,9.9913],[38.7712,9.9781],[38.7793,9.9824],[38.7969,9.9677],[38.8027,9.9536],[38.7964,9.9337],[38.8025,9.9095],[38.7909,9.8826],[38.803,9.8621],[38.8078,9.8195],[38.8182,9.8027],[38.8289,9.7691],[38.8585,9.7449],[38.8665,9.7336],[38.9093,9.7087],[38.9347,9.7279],[38.9603,9.7108],[38.9521,9.7387],[38.9744,9.7611],[38.9901,9.746],[39.0166,9.7577],[39.035,9.7528],[39.0689,9.753],[39.0922,9.7631],[39.1045,9.7486],[39.0977,9.7354],[39.1096,9.7325],[39.1393,9.7407],[39.1477,9.7154],[39.1454,9.6933],[39.1618,9.6888],[39.1742,9.6948],[39.184,9.6858],[39.1842,9.7201],[39.2001,9.7087],[39.2235,9.7052],[39.2281,9.6937],[39.2499,9.7049],[39.2681,9.7397],[39.2876,9.734],[39.2917,9.7451],[39.3081,9.744],[39.3205,9.7241],[39.3467,9.7251],[39.338,9.7102],[39.3445,9.699],[39.3701,9.6994],[39.361,9.6803],[39.3713,9.67],[39.3578,9.6569],[39.352,9.6221],[39.3617,9.6189],[39.3859,9.6308],[39.3888,9.6157],[39.3734,9.592],[39.3765,9.5673],[39.3606,9.5461],[39.3414,9.5454],[39.3297,9.5266],[39.3129,9.5356],[39.3021,9.5227],[39.3052,9.5052],[39.2936,9.5006],[39.3055,9.4737],[39.3149,9.467],[39.3386,9.4748],[39.3631,9.4739],[39.3751,9.4671],[39.3727,9.4468],[39.3939,9.455],[39.4303,9.4339],[39.4477,9.4325],[39.4431,9.4144],[39.4539,9.4012],[39.4456,9.3839],[39.4259,9.3794],[39.4204,9.3715],[39.3949,9.3919],[39.3567,9.369],[39.3467,9.3785],[39.3251,9.3805],[39.3196,9.3656],[39.3065,9.3661],[39.293,9.3492],[39.2854,9.3158],[39.2783,9.3122],[39.2644,9.3242],[39.2662,9.2885],[39.2847,9.2775],[39.2662,9.2445],[39.2337,9.2936],[39.2072,9.2919],[39.1777,9.2711],[39.1997,9.25],[39.2137,9.2281],[39.1886,9.2093],[39.2146,9.1734],[39.2337,9.1579],[39.2495,9.1356],[39.2941,9.1493],[39.3232,9.1488],[39.3486,9.0881],[39.357,9.0621],[39.3153,9.0602],[39.2968,9.0533],[39.2882,8.999],[39.2696,8.9806],[39.2586,8.9626],[39.2654,8.9224],[39.241,8.8889],[39.2375,8.862],[39.2655,8.8431],[39.244,8.8366],[39.2439,8.8277],[39.272,8.783],[39.273,8.7669],[39.262,8.7469],[39.2704,8.7245],[39.2858,8.7178],[39.3053,8.7217],[39.3245,8.7469],[39.342,8.7269],[39.3611,8.7209],[39.3771,8.7309],[39.3736,8.7668],[39.3782,8.7912],[39.4178,8.8145],[39.4492,8.7522],[39.4702,8.7418],[39.5008,8.7148],[39.5338,8.758],[39.5518,8.7688],[39.562,8.8178],[39.5915,8.7969],[39.617,8.7869],[39.6621,8.8132],[39.7167,8.8161],[39.7333,8.8262],[39.7313,8.8442],[39.748,8.9103],[39.7462,9.0153],[39.7402,9.0395],[39.7475,9.0631],[39.7425,9.0913],[39.7639,9.0951],[39.7938,9.1127],[39.8077,9.1354],[39.8174,9.1363],[39.849,9.1381],[39.8777,9.1447],[39.909,9.1318],[39.9187,9.0684],[39.9284,9.0541],[39.9425,9.0477],[39.9519,9.03],[39.9476,9.0036],[39.9996,9.0072],[40.0348,8.9944],[40.0475,8.9779],[40.0511,8.9614],[40.0366,8.9065],[40.0193,8.8891],[40.0104,8.8561],[40.0242,8.845],[40.0512,8.8406],[40.067,8.844],[40.0945,8.8622],[40.1522,8.932],[40.1699,8.9645],[40.2223,8.9877],[40.2378,8.9973],[40.246,9.0354],[40.2455,9.0749],[40.2543,9.0861],[40.327,9.1547],[40.3695,9.2183],[40.4081,9.2812],[40.4258,9.3043],[40.471,9.3548],[40.4988,9.375],[40.5284,9.3855],[40.606,9.391],[40.636,9.3959],[40.6596,9.4043],[40.6755,9.4175],[40.6961,9.4461],[40.7195,9.4439],[40.7832,9.4479],[40.8158,9.4527],[40.8424,9.4636],[40.8622,9.463],[40.89,9.4486],[40.9175,9.4218],[40.9275,9.4051],[40.8912,9.3895],[40.8582,9.3854],[40.8281,9.3931],[40.7976,9.3956],[40.7888,9.3869],[40.7926,9.3674],[40.8126,9.3109],[40.8441,9.3048],[40.8741,9.3094],[40.927,9.3231],[40.9536,9.3356],[40.9707,9.3515],[41.0141,9.3572],[41.0565,9.3911],[41.0835,9.4044],[41.1454,9.4246],[41.1948,9.4623],[41.2199,9.4907],[41.2393,9.4988],[41.3087,9.5031],[41.3365,9.4946],[41.3931,9.4858],[41.4326,9.4759],[41.491,9.4574],[41.5406,9.4996],[41.5642,9.5069],[41.6426,9.5151],[41.6542,9.4812],[41.6702,9.4706],[41.7023,9.4667],[41.7346,9.4715],[41.773,9.4911],[41.7925,9.4895],[41.8152,9.4767],[41.8387,9.4779],[41.8597,9.488],[41.9134,9.4725],[41.9387,9.4795],[41.9825,9.5085],[42.0191,9.5082],[42.0521,9.492],[42.0748,9.4737],[42.0811,9.4882],[42.1097,9.508],[42.1389,9.5347],[42.1526,9.5564],[42.1334,9.5825],[42.1249,9.6145],[42.1422,9.6203],[42.1804,9.6443],[42.2005,9.6531],[42.2408,9.6566],[42.2586,9.6516],[42.3181,9.7057],[42.3398,9.7196],[42.3766,9.7138],[42.4485,9.722],[42.499,9.7211],[42.5681,9.7369],[42.6185,9.7584],[42.6474,9.7752],[42.681,9.7743],[42.6941,9.7687],[42.7305,9.7211],[42.7791,9.6986],[42.823,9.6744],[42.8538,9.6622],[42.8977,9.6501],[42.9173,9.6576],[42.935,9.68],[42.9509,9.6725],[42.978,9.6286],[42.9798,9.6071],[42.9686,9.5922],[42.9434,9.5875],[42.921,9.5651],[42.9089,9.5632],[42.8799,9.5847],[42.8407,9.5829],[42.8136,9.5726],[42.7875,9.5231],[42.7763,9.5119],[42.7361,9.4951],[42.7147,9.4745],[42.682,9.4699],[42.6409,9.4475],[42.6035,9.4166],[42.5849,9.4092],[42.5375,9.373],[42.5516,9.3452],[42.5563,9.3211],[42.547,9.3052],[42.5514,9.2866],[42.571,9.2582],[42.5836,9.2154],[42.5955,9.1936],[42.6347,9.1585],[42.6351,9.144],[42.5993,9.1062],[42.6443,9.073],[42.6623,9.049],[42.6801,9.015],[42.7031,8.9809],[42.7306,8.948],[42.8052,8.87],[42.8495,8.8443],[42.8653,8.8251],[42.8654,8.8044],[42.8439,8.7579],[42.832,8.6952],[42.8384,8.6644],[42.8599,8.6363],[42.8988,8.6027],[42.9053,8.5822],[42.9124,8.5221],[42.9108,8.4988],[42.897,8.4578],[42.8988,8.4091],[42.8844,8.3985],[42.8581,8.3917],[42.7982,8.3701],[42.7794,8.3733],[42.7682,8.3632],[42.7349,8.2944],[42.7191,8.2457],[42.7112,8.2068],[42.7016,8.1796],[42.6785,8.1473],[42.6614,8.1303],[42.6306,8.1404],[42.616,8.1596],[42.5781,8.2285],[42.567,8.2556],[42.5501,8.3505],[42.5387,8.3972],[42.5298,8.4548],[42.5201,8.4787],[42.5026,8.4921],[42.323,8.5368],[42.3071,8.5596],[42.2947,8.586],[42.2631,8.636],[42.2397,8.6399],[42.2156,8.6112],[42.0977,8.519],[42.0697,8.494],[42.026,8.4258],[42.0271,8.323],[41.9484,8.2009],[41.9263,8.0806],[41.9222,7.9781],[41.9124,7.8444],[41.9571,7.7748],[41.9425,7.7275],[41.9048,7.6359],[41.8671,7.5328],[41.8961,7.4112],[42.0707,7.3428],[42.1991,7.2914],[42.2099,7.264],[42.2098,7.2269],[42.2035,7.1946],[42.2047,7.141],[42.187,7.0964],[42.1576,7.0513],[42.1626,7.0071],[42.1342,6.9542],[42.1061,6.9302],[42.0762,6.8867],[42.0755,6.864],[42.0629,6.8259],[42.0555,6.7488],[42.0255,6.7064],[42.0146,6.6804],[42.0135,6.6586],[41.9992,6.6416],[42.0065,6.6144],[41.9995,6.5898],[41.9364,6.5532],[41.888,6.5353],[41.8607,6.5353],[41.8537,6.5689],[41.8197,6.5705],[41.7988,6.5575],[41.7579,6.5405],[41.7389,6.5199],[41.7045,6.4524],[41.6903,6.4294],[41.6561,6.4092],[41.6333,6.3914],[41.6197,6.3617],[41.528,6.4649],[41.4378,6.544],[41.38,6.5655],[41.3584,6.5655],[41.2285,6.623],[41.1743,6.6589],[41.1563,6.6769],[41.131,6.6913],[41.0721,6.6943],[41.0712,6.6879],[41.0155,6.6446],[40.99,6.6042],[40.9361,6.5512],[40.9001,6.5116],[40.8856,6.4721],[40.8604,6.4362],[40.8567,6.3859],[40.8645,6.3203],[40.8797,6.2665],[40.8816,6.2443],[40.878,6.1877],[40.8679,6.1513],[40.8667,6.0766],[40.8712,6.0558],[40.8784,5.9875],[40.8748,5.8079],[40.9223,5.6834],[40.865,5.669],[40.8322,5.6559],[40.8115,5.6349],[40.7529,5.5944],[40.6944,5.5672],[40.6796,5.5406],[40.6331,5.5301],[40.6054,5.4903],[40.581,5.4759],[40.5635,5.4539],[40.549,5.4277],[40.5329,5.4106],[40.3695,5.3864],[40.3104,5.3763],[40.2767,5.3682],[40.2406,5.3661],[40.2084,5.3555],[40.1744,5.3534],[40.098,5.3649],[40.0634,5.3785],[40.0337,5.3968],[39.9423,5.285],[39.9073,5.2196],[39.8784,5.1403],[39.8336,5.0328],[39.8129,5.0021],[39.8044,4.9515],[39.784,4.8906],[39.7651,4.8468],[39.7585,4.8011],[39.7436,4.7235],[39.7459,4.6666],[39.7251,4.6331],[39.7098,4.5974],[39.7033,4.5682],[39.6746,4.5052],[39.6556,4.4689],[39.6421,4.4359],[39.6188,4.3685],[39.5858,4.2965],[39.567,4.2646],[39.5397,4.2352],[39.5288,4.1667],[39.5091,4.1144],[39.4783,4.0403],[39.4997,3.9657],[39.4828,3.942],[39.3996,3.7957],[39.2847,3.6231],[39.2205,3.6025],[39.0979,3.5367],[39.0911,3.5311],[39.0847,3.5344],[39.0461,3.5289],[38.9136,3.5139],[38.7294,3.5672],[38.6219,3.6017],[38.5169,3.6269],[38.4481,3.5994],[38.3239,3.6089],[38.1211,3.6117],[38.0561,3.6519],[38.0336,3.6981],[37.9981,3.7286],[37.2806,4.1944],[37.1303,4.2864],[37.0992,4.3317],[37.0397,4.3756],[36.8878,4.4347],[36.7143,4.4339],[36.6915,4.4955],[36.6575,4.5804],[36.6808,4.6043],[36.6464,4.7108],[36.8285,4.7092],[36.8547,4.7361],[36.8635,4.793],[36.8608,4.9351],[36.8648,4.9442],[36.8607,4.9788],[36.8822,5.075],[36.893,5.1098],[36.9212,5.1451],[36.949,5.1947],[36.9831,5.1924],[37.0033,5.1991],[37.0821,5.1864],[37.1122,5.1863],[37.1818,5.1939],[37.1972,5.2103],[37.2169,5.2127],[37.2381,5.1994],[37.2924,5.1944],[37.3172,5.1735],[37.3407,5.1596],[37.3672,5.1551],[37.4172,5.1666],[37.4656,5.1932],[37.4913,5.2029],[37.5179,5.2205],[37.5779,5.2424],[37.5798,5.2477],[37.6297,5.266],[37.6467,5.2993],[37.6742,5.3076],[37.7009,5.3059],[37.7289,5.2922],[37.7471,5.2766],[37.7728,5.2834],[37.8101,5.2683],[37.8271,5.2497],[37.8527,5.2346],[37.8851,5.2343],[37.9008,5.2449],[37.9048,5.304],[37.8964,5.3499],[37.9012,5.3732],[37.9352,5.423],[37.9468,5.4743],[37.9478,5.5377],[37.9411,5.5851],[37.9302,5.6167],[37.9435,5.6395],[37.9775,5.6494],[38.008,5.6502],[38.0408,5.6736],[38.0752,5.6889],[38.0871,5.7213],[38.0889,5.7456],[38.0721,5.7626],[38.0542,5.7641],[38.0199,5.79],[38.0123,5.8043],[38.0071,5.8493],[37.9825,5.8878],[37.9776,5.9278],[37.9686,5.956],[37.9527,5.9633],[37.904,5.9605],[37.8805,5.985],[37.8655,5.9866],[37.843,6.0109],[37.8271,6.01],[37.8037,5.9932],[37.7915,5.9959],[37.7832,6.0106],[37.7898,6.0494],[37.7777,6.0981],[37.7747,6.1239],[37.7781,6.1496],[37.7905,6.1725],[37.8098,6.1961],[37.8403,6.2483],[37.8522,6.3048],[37.8401,6.3787],[37.8196,6.3934],[37.7975,6.4292],[37.7999,6.4782],[37.8078,6.5007],[37.8425,6.5417],[37.8715,6.5822],[37.8928,6.5961],[37.9126,6.5907],[37.9185,6.5744],[37.9327,6.5572],[37.9527,6.5496],[37.9772,6.5509],[38.001,6.5685],[38.0188,6.5733],[38.0335,6.5615],[38.0516,6.5347],[38.0907,6.5261],[38.1145,6.4996],[38.1393,6.506],[38.1497,6.4966],[38.1435,6.4582],[38.1552,6.4393],[38.1706,6.4498],[38.2155,6.4635],[38.2456,6.4682],[38.2601,6.4522],[38.2824,6.4378],[38.2829,6.4083],[38.2928,6.3959],[38.2882,6.3598],[38.2486,6.3363],[38.2139,6.3302],[38.1976,6.319],[38.1884,6.3043],[38.1719,6.2553],[38.1791,6.2383],[38.1933,6.2262],[38.1979,6.2064],[38.1874,6.1822],[38.171,6.1669],[38.1414,6.1545],[38.1251,6.1551],[38.1023,6.1804],[38.0867,6.161],[38.0799,6.117],[38.0986,6.0871],[38.105,6.066],[38.1165,6.0502],[38.1216,6.0167],[38.1503,6.0004],[38.1702,5.957],[38.181,5.9417],[38.2037,5.935],[38.2118,5.9167],[38.2148,5.8932],[38.1997,5.8648],[38.1984,5.8495],[38.208,5.8402],[38.2392,5.8444],[38.2704,5.8685],[38.3037,5.8614],[38.3253,5.8688],[38.3581,5.9021],[38.3809,5.904],[38.3961,5.9201],[38.3748,5.943],[38.3383,5.9556],[38.3275,5.9554],[38.3189,5.9751],[38.3045,5.98],[38.2823,5.9707],[38.2717,5.9866],[38.2792,6.0063],[38.3139,6.0278],[38.3199,6.0474],[38.3515,6.0962],[38.3625,6.1202],[38.3653,6.1428],[38.377,6.1645],[38.3942,6.1818],[38.4347,6.1988],[38.439,6.2169],[38.433,6.2655],[38.4254,6.2901],[38.4218,6.3482],[38.4243,6.3687],[38.4276,6.3859],[38.441,6.4054],[38.4753,6.4304],[38.5038,6.4363],[38.5665,6.4405],[38.5833,6.437],[38.6063,6.4228],[38.6267,6.417],[38.645,6.4232],[38.672,6.409],[38.6906,6.4062],[38.7072,6.3925],[38.7387,6.409],[38.758,6.4091],[38.7715,6.3998],[38.8121,6.3559],[38.832,6.3432],[38.8741,6.3008],[38.8977,6.2586],[38.9209,6.2286],[38.9606,6.1593],[38.9881,6.1471],[39.0345,6.1374],[39.0797,6.153],[39.1319,6.1588],[39.1132,6.1766],[39.086,6.252],[39.0909,6.2708],[39.1195,6.299],[39.1274,6.3444],[39.1212,6.3806],[39.1075,6.4377],[39.0954,6.4721],[39.0966,6.5216],[39.0862,6.5452],[39.0526,6.557],[39.0484,6.5698],[39.0645,6.5988],[39.0593,6.6088],[39.0322,6.6118],[38.9596,6.6009],[38.9417,6.6103],[38.9494,6.6438],[38.9344,6.6556],[38.9018,6.6657],[38.8551,6.6687],[38.8378,6.6749],[38.8335,6.6917],[38.8179,6.7036],[38.7542,6.697],[38.7274,6.712],[38.7209,6.7301],[38.7056,6.742],[38.6784,6.749],[38.672,6.7623],[38.6582,6.7696],[38.6357,6.7717],[38.6399,6.8127],[38.7141,6.8606],[38.6998,6.9033],[38.7046,6.9306],[38.6948,6.9575],[38.7112,6.9738],[38.7144,6.9914],[38.7105,7.013],[38.6977,7.0138],[38.6894,7.0009],[38.6744,7.0165],[38.6845,7.034],[38.6809,7.0484],[38.668,7.0599],[38.637,7.0661],[38.6462,7.0955],[38.6115,7.1242],[38.5836,7.1263],[38.5461,7.0909],[38.5051,7.0878],[38.48,7.0904],[38.4639,7.0998],[38.46,7.1182],[38.4425,7.1268],[38.4006,7.1215],[38.3781,7.1298],[38.3569,7.1459],[38.3422,7.1645],[38.3219,7.1617],[38.3053,7.1216],[38.2892,7.1071],[38.2544,7.0599],[38.2379,7.0201],[38.1938,7.0123],[38.1701,7.0009],[38.1466,6.9775],[38.1302,6.974],[38.1171,6.9809],[38.1019,7.0108],[38.0734,7.0296],[38.0642,7.0434],[38.0628,7.0764],[38.0764,7.1541],[38.078,7.1803],[38.1043,7.2109],[38.144,7.2322],[38.1811,7.2579],[38.1986,7.2615],[38.2336,7.2879],[38.2652,7.3067],[38.2757,7.3189],[38.2815,7.3387],[38.2772,7.3612],[38.2794,7.3806],[38.3089,7.4015],[38.3252,7.4339],[38.3272,7.4617],[38.3412,7.4786],[38.3917,7.5019],[38.4139,7.5042],[38.4267,7.5147],[38.4295,7.5339],[38.4189,7.5695],[38.401,7.5787],[38.4008,7.5953],[38.4203,7.6243],[38.4109,7.6622],[38.4124,7.6816],[38.4387,7.7189],[38.4448,7.7595],[38.4924,7.7954],[38.5035,7.831],[38.5129,7.8489],[38.5495,7.8709],[38.5631,7.8852],[38.5666,7.9054],[38.5865,7.9383],[38.5887,7.9611],[38.5974,7.9906],[38.6277,8.0336],[38.6127,8.0433],[38.6219,8.0684],[38.5934,8.0909],[38.5839,8.1081],[38.5885,8.1272],[38.5873,8.1562],[38.568,8.1939],[38.5426,8.2258],[38.5421,8.2461],[38.5493,8.2627],[38.5607,8.2661],[38.5935,8.2602],[38.6007,8.2496],[38.6035,8.2229],[38.6351,8.1323],[38.6728,8.0899],[38.6793,8.0958],[38.6845,8.1225],[38.6786,8.1712],[38.6822,8.1904],[38.716,8.2194],[38.7159,8.2312],[38.7021,8.2445],[38.6621,8.2708],[38.651,8.2851],[38.666,8.327],[38.6672,8.3505],[38.6545,8.3946],[38.6168,8.4311],[38.5909,8.426],[38.5758,8.4449],[38.5268,8.4576],[38.5015,8.444],[38.4779,8.4474],[38.4683,8.435],[38.4616,8.3998],[38.4517,8.385],[38.4302,8.2988],[38.4216,8.289],[38.3824,8.2735],[38.3755,8.2659],[38.3473,8.2542],[38.3332,8.2586],[38.307,8.2997],[38.3115,8.3699],[38.2893,8.3807],[38.282,8.3996],[38.2663,8.4066],[38.2175,8.4088],[38.18,8.3929],[38.1642,8.4081],[38.1225,8.4066],[38.11,8.3904],[38.0865,8.3901],[38.0667,8.376],[38.028,8.3903],[37.9882,8.3595],[37.9484,8.3674],[37.928,8.3782],[37.91,8.3705],[37.8876,8.3499],[37.8629,8.3357],[37.8163,8.3318],[37.779,8.3397],[37.748,8.3518],[37.717,8.3341],[37.7045,8.337],[37.6787,8.3777],[37.6661,8.3835],[37.612,8.3541],[37.598,8.3653],[37.5761,8.4141],[37.558,8.4255],[37.5122,8.417],[37.4986,8.4036],[37.4714,8.3507],[37.4626,8.3059],[37.4641,8.2824],[37.4809,8.2586],[37.5063,8.2544],[37.5302,8.2654],[37.5477,8.2496],[37.5761,8.2326],[37.6018,8.2346],[37.618,8.2234],[37.6153,8.2115],[37.6239,8.2],[37.6058,8.1504],[37.5954,8.1117],[37.5918,8.074],[37.6016,8.0107],[37.6028,7.9649],[37.5575,7.9483],[37.5393,7.9539],[37.5217,7.9771],[37.514,7.9997],[37.4908,8.0171],[37.4596,8.0077],[37.4167,8.0012],[37.3918,7.9929],[37.3898,7.962],[37.4166,7.9436],[37.4367,7.9185],[37.4344,7.8981],[37.4118,7.8539],[37.4048,7.8273],[37.4,7.7411],[37.4012,7.6827],[37.407,7.6576],[37.4198,7.6338],[37.4354,7.5841],[37.4451,7.5643],[37.4387,7.5461],[37.4072,7.4922],[37.3903,7.4024],[37.3797,7.38],[37.3495,7.3577],[37.3312,7.3434],[37.2876,7.3344],[37.2378,7.3121],[37.2116,7.2927],[37.1542,7.2407],[37.1286,7.2284],[37.1048,7.2245],[37.0681,7.2352],[37.0395,7.24],[37.0033,7.2344],[36.9646,7.2247],[36.9658,7.2419],[36.9555,7.2605],[36.8792,7.3297],[36.8409,7.326],[36.7911,7.2523],[36.7625,7.2659],[36.7142,7.3021],[36.6941,7.3131],[36.6517,7.345],[36.633,7.3779],[36.6228,7.3792],[36.5983,7.369],[36.4839,7.416],[36.4532,7.4174],[36.4063,7.4085],[36.3746,7.4156],[36.3487,7.4454],[36.3018,7.4499],[36.2869,7.4597],[36.2247,7.4844],[36.1566,7.5426],[36.1276,7.5556],[36.0869,7.5539],[36.0622,7.5575],[36.0353,7.5726],[36.0325,7.5915],[36.0519,7.6539],[36.0419,7.6744],[36.0206,7.692],[35.9972,7.7451],[35.9864,7.7547],[35.9416,7.7739],[35.8978,7.8069],[35.8486,7.839],[35.8591,7.8601],[35.8869,7.8925],[35.9024,7.9262],[35.9051,7.946],[35.888,8.0005],[35.8727,8.0588],[35.8609,8.0772],[35.8163,8.0824],[35.7981,8.0791],[35.7658,8.0812],[35.744,8.0509],[35.728,8.0396],[35.7229,8.0225],[35.7385,7.9888],[35.7953,7.948],[35.7997,7.9326],[35.7621,7.8826],[35.7164,7.8555],[35.6937,7.8644],[35.667,7.8449],[35.6183,7.8147],[35.5896,7.8086],[35.5546,7.8202],[35.5362,7.8494],[35.5305,7.88],[35.5207,7.8956],[35.4972,7.8803],[35.4597,7.8725],[35.4335,7.8828],[35.4184,7.8641],[35.4006,7.8296],[35.3891,7.827],[35.3581,7.843],[35.342,7.8214],[35.3409,7.7766],[35.3249,7.7653],[35.2756,7.746],[35.2479,7.7265],[35.2227,7.7031],[35.2203,7.6626],[35.2123,7.6515],[35.1729,7.6542],[35.116,7.6451],[35.0771,7.731]],[[38.6835,9.05],[38.6672,9.0262],[38.667,9.01],[38.6519,9.0103],[38.6594,8.9854],[38.6394,8.974],[38.6428,8.9659],[38.6762,8.9576],[38.6806,8.9411],[38.6938,8.9419],[38.7084,8.9209],[38.7191,8.9197],[38.7311,8.9051],[38.7436,8.9026],[38.7455,8.8634],[38.7565,8.8532],[38.773,8.8575],[38.7806,8.8359],[38.7976,8.8335],[38.8244,8.8413],[38.8294,8.8688],[38.826,8.8802],[38.8638,8.8829],[38.8687,8.873],[38.8775,8.8958],[38.8794,8.9183],[38.8556,8.9383],[38.8614,8.9427],[38.8914,8.9343],[38.9011,8.9461],[38.8962,8.9548],[38.9062,8.9774],[38.905,9.0095],[38.8829,9.0521],[38.8763,9.0816],[38.8568,9.0835],[38.8247,9.0759],[38.8051,9.0823],[38.7913,9.0777],[38.7782,9.0937],[38.7652,9.0982],[38.7509,9.0905],[38.7166,9.0878],[38.6854,9.073],[38.6835,9.05]],[[42.2647,9.1979],[42.272,9.2157],[42.2687,9.2296],[42.2493,9.27],[42.2503,9.2855],[42.266,9.3098],[42.2585,9.3344],[42.2703,9.3617],[42.253,9.3838],[42.2381,9.3849],[42.1874,9.3617],[42.1686,9.3628],[42.1466,9.3875],[42.1291,9.3887],[42.1142,9.3725],[42.0705,9.3039],[42.0605,9.2659],[42.0613,9.2265],[42.0737,9.221],[42.1124,9.2307],[42.1273,9.2266],[42.1486,9.2063],[42.1975,9.2199],[42.2337,9.1859],[42.2647,9.1979]]]}},{"type":"Feature","properties":{"region":"Somali","area_km2":312929.0,"total_woredas":100,"lersha_woredas":0,"lersha_zones":0,"lersha_area_km2":0.0},"geometry":{"type":"Polygon","coordinates":[[[39.0979,3.5367],[39.2205,3.6025],[39.2847,3.6231],[39.3996,3.7957],[39.4828,3.942],[39.4997,3.9657],[39.4783,4.0403],[39.5091,4.1144],[39.5288,4.1667],[39.5397,4.2352],[39.567,4.2646],[39.5858,4.2965],[39.6188,4.3685],[39.6421,4.4359],[39.6556,4.4689],[39.6746,4.5052],[39.7033,4.5682],[39.7098,4.5974],[39.7251,4.6331],[39.7459,4.6666],[39.7436,4.7235],[39.7585,4.8011],[39.7651,4.8468],[39.784,4.8906],[39.8044,4.9515],[39.8129,5.0021],[39.8336,5.0328],[39.8784,5.1403],[39.9073,5.2196],[39.9423,5.285],[40.0337,5.3968],[40.0634,5.3785],[40.098,5.3649],[40.1744,5.3534],[40.2084,5.3555],[40.2406,5.3661],[40.2767,5.3682],[40.3104,5.3763],[40.3695,5.3864],[40.5329,5.4106],[40.549,5.4277],[40.5635,5.4539],[40.581,5.4759],[40.6054,5.4903],[40.6331,5.5301],[40.6796,5.5406],[40.6944,5.5672],[40.7529,5.5944],[40.8115,5.6349],[40.8322,5.6559],[40.865,5.669],[40.9223,5.6834],[40.8748,5.8079],[40.8784,5.9875],[40.8712,6.0558],[40.8667,6.0766],[40.8679,6.1513],[40.878,6.1877],[40.8816,6.2443],[40.8797,6.2665],[40.8645,6.3203],[40.8567,6.3859],[40.8604,6.4362],[40.8856,6.4721],[40.9001,6.5116],[40.9361,6.5512],[40.99,6.6042],[41.0155,6.6446],[41.0712,6.6879],[41.0721,6.6943],[41.131,6.6913],[41.1563,6.6769],[41.1743,6.6589],[41.2285,6.623],[41.3584,6.5655],[41.38,6.5655],[41.4378,6.544],[41.528,6.4649],[41.6197,6.3617],[41.6333,6.3914],[41.6561,6.4092],[41.6903,6.4294],[41.7045,6.4524],[41.7389,6.5199],[41.7579,6.5405],[41.7988,6.5575],[41.8197,6.5705],[41.8537,6.5689],[41.8607,6.5353],[41.888,6.5353],[41.9364,6.5532],[41.9995,6.5898],[42.0065,6.6144],[41.9992,6.6416],[42.0135,6.6586],[42.0146,6.6804],[42.0255,6.7064],[42.0555,6.7488],[42.0629,6.8259],[42.0755,6.864],[42.0762,6.8867],[42.1061,6.9302],[42.1342,6.9542],[42.1626,7.0071],[42.1576,7.0513],[42.187,7.0964],[42.2047,7.141],[42.2035,7.1946],[42.2098,7.2269],[42.2099,7.264],[42.1991,7.2914],[42.0707,7.3428],[41.8961,7.4112],[41.8671,7.5328],[41.9048,7.6359],[41.9425,7.7275],[41.9571,7.7748],[41.9124,7.8444],[41.9222,7.9781],[41.9263,8.0806],[41.9484,8.2009],[42.0271,8.323],[42.026,8.4258],[42.0697,8.494],[42.0977,8.519],[42.2156,8.6112],[42.2397,8.6399],[42.2631,8.636],[42.2947,8.586],[42.3071,8.5596],[42.323,8.5368],[42.5026,8.4921],[42.5201,8.4787],[42.5298,8.4548],[42.5387,8.3972],[42.5501,8.3505],[42.567,8.2556],[42.5781,8.2285],[42.616,8.1596],[42.6306,8.1404],[42.6614,8.1303],[42.6785,8.1473],[42.7016,8.1796],[42.7112,8.2068],[42.7191,8.2457],[42.7349,8.2944],[42.7682,8.3632],[42.7794,8.3733],[42.7982,8.3701],[42.8581,8.3917],[42.8844,8.3985],[42.8988,8.4091],[42.897,8.4578],[42.9108,8.4988],[42.9124,8.5221],[42.9053,8.5822],[42.8988,8.6027],[42.8599,8.6363],[42.8384,8.6644],[42.832,8.6952],[42.8439,8.7579],[42.8654,8.8044],[42.8653,8.8251],[42.8495,8.8443],[42.8052,8.87],[42.7306,8.948],[42.7031,8.9809],[42.6801,9.015],[42.6623,9.049],[42.6443,9.073],[42.5993,9.1062],[42.6351,9.144],[42.6347,9.1585],[42.5955,9.1936],[42.5836,9.2154],[42.571,9.2582],[42.5514,9.2866],[42.547,9.3052],[42.5563,9.3211],[42.5516,9.3452],[42.5375,9.373],[42.5849,9.4092],[42.6035,9.4166],[42.6409,9.4475],[42.682,9.4699],[42.7147,9.4745],[42.7361,9.4951],[42.7763,9.5119],[42.7875,9.5231],[42.8136,9.5726],[42.8407,9.5829],[42.8799,9.5847],[42.9089,9.5632],[42.921,9.5651],[42.9434,9.5875],[42.9686,9.5922],[42.9798,9.6071],[42.978,9.6286],[42.9509,9.6725],[42.935,9.68],[42.9173,9.6576],[42.8977,9.6501],[42.8538,9.6622],[42.823,9.6744],[42.7791,9.6986],[42.7305,9.7211],[42.6941,9.7687],[42.681,9.7743],[42.6474,9.7752],[42.6185,9.7584],[42.5681,9.7369],[42.499,9.7211],[42.4485,9.722],[42.3766,9.7138],[42.3398,9.7196],[42.2935,9.7575],[42.251,9.7835],[42.2134,9.7837],[42.1858,9.7736],[42.0308,9.6185],[42.0189,9.6179],[41.9061,9.6793],[41.8732,9.6839],[41.8533,9.6737],[41.8087,9.6406],[41.7738,9.6537],[41.7486,9.6364],[41.7491,9.6006],[41.728,9.489],[41.7346,9.4715],[41.7023,9.4667],[41.6702,9.4706],[41.6542,9.4812],[41.6426,9.5151],[41.5642,9.5069],[41.5406,9.4996],[41.491,9.4574],[41.4326,9.4759],[41.3931,9.4858],[41.3365,9.4946],[41.3087,9.5031],[41.2393,9.4988],[41.2199,9.4907],[41.1948,9.4623],[41.1454,9.4246],[41.0835,9.4044],[41.0565,9.3911],[41.0141,9.3572],[40.9707,9.3515],[40.9536,9.3356],[40.927,9.3231],[40.8741,9.3094],[40.8441,9.3048],[40.8126,9.3109],[40.7926,9.3674],[40.7888,9.3869],[40.7976,9.3956],[40.8281,9.3931],[40.8582,9.3854],[40.8912,9.3895],[40.9275,9.4051],[40.9175,9.4218],[40.89,9.4486],[40.8622,9.463],[40.8424,9.4636],[40.8158,9.4527],[40.7832,9.4479],[40.7195,9.4439],[40.6961,9.4461],[40.6962,9.5022],[40.7022,9.5361],[40.7177,9.5693],[40.725,9.5936],[40.7519,9.6546],[40.7787,9.6921],[40.8256,9.7635],[40.8473,9.7903],[40.9467,9.8804],[41.0196,9.9488],[40.9989,9.9678],[40.9658,9.9717],[40.946,10.0013],[40.9366,10.0352],[40.9487,10.0678],[40.9538,10.0957],[40.9747,10.1566],[40.9788,10.1947],[40.9899,10.2399],[41.0051,10.3188],[41.015,10.3432],[41.0304,10.4004],[41.0318,10.422],[41.0471,10.4776],[41.0713,10.541],[41.087,10.6006],[41.0779,10.6395],[41.0773,10.6812],[41.1149,10.7203],[41.1331,10.7441],[41.1664,10.7797],[41.1909,10.7964],[41.2201,10.8345],[41.232,10.8637],[41.2336,10.8912],[41.2408,10.9214],[41.2682,10.9579],[41.3003,10.9641],[41.3486,10.9625],[41.3922,10.9663],[41.4101,10.9585],[41.4841,10.9669],[41.5822,10.9621],[41.6342,10.9653],[41.6808,10.9639],[41.6995,10.9693],[41.7176,10.9648],[41.7395,10.9683],[41.7689,10.9912],[41.8117,10.9839],[41.8372,10.9731],[41.9181,10.9536],[41.9919,10.9422],[42.0197,10.9447],[42.0803,10.9774],[42.1256,10.9994],[42.1717,11.0003],[42.3006,11.0114],[42.3589,11.0192],[42.5011,11.0636],[42.6082,11.0916],[42.6404,11.0971],[42.7482,11.0779],[42.7598,11.0591],[42.7693,11.0232],[42.7922,10.9978],[42.811,10.9883],[42.891,10.9821],[42.9441,11.0024],[42.9175,10.9553],[42.8386,10.8739],[42.7642,10.7804],[42.6648,10.6329],[42.6811,10.5828],[42.7222,10.5179],[42.7861,10.4556],[42.7971,10.4228],[42.8061,10.35],[42.8169,10.3139],[42.8507,10.2194],[42.891,10.1721],[42.9228,10.1478],[42.9806,10.1176],[43.0131,10.0811],[43.0347,10.025],[43.0517,9.9682],[43.0631,9.9488],[43.0843,9.9249],[43.1103,9.9089],[43.1478,9.9028],[43.1804,9.9028],[43.2041,9.8923],[43.2249,9.8632],[43.2464,9.7508],[43.2606,9.6847],[43.2753,9.6456],[43.2833,9.6347],[43.3285,9.6196],[43.3867,9.5569],[43.4278,9.4853],[43.4258,9.4346],[43.4417,9.4176],[43.5553,9.3485],[43.5831,9.3361],[43.6272,9.3544],[43.7278,9.2628],[44.0106,9.0072],[44.6971,8.7797],[45.5044,8.5078],[45.9356,8.3654],[46.3187,8.2366],[46.7908,8.0764],[46.9947,8.0061],[47.0119,8.0011],[47.0869,8.0019],[47.7464,8.0036],[47.9025,8.0031],[47.9882,8.0041],[47.9872,8.0011],[47.9041,7.9205],[47.5556,7.5922],[47.219,7.2733],[46.9914,7.0569],[46.5614,6.6194],[45.9903,6.0356],[45.9558,5.9992],[45.7167,5.7386],[45.3745,5.3639],[45.0961,5.0603],[45.0078,4.9626],[44.9508,4.9025],[44.5128,4.9303],[44.4669,4.9335],[43.9819,4.9631],[43.9222,4.9344],[43.8558,4.9139],[43.8234,4.909],[43.7986,4.8692],[43.5397,4.7897],[43.5085,4.8293],[43.4906,4.8222],[43.3217,4.7486],[43.1936,4.6878],[43.1582,4.6664],[43.0808,4.6042],[42.9857,4.5254],[42.9689,4.5043],[42.9572,4.4811],[42.9465,4.4461],[42.9336,4.3888],[42.92,4.364],[42.8767,4.3183],[42.8557,4.3047],[42.8317,4.2953],[42.7408,4.2728],[42.6223,4.2604],[42.5638,4.2469],[42.5851,4.2147],[42.5545,4.2063],[42.5273,4.203],[42.4755,4.2027],[42.371,4.1895],[42.1934,4.179],[42.0877,4.1794],[42.0511,4.1515],[42.0,4.0934],[41.979,4.0952],[41.9462,4.0557],[41.949,4.0279],[41.9435,4.0167],[41.9131,3.9908],[41.9069,3.978],[41.8901,3.9784],[41.8639,3.9638],[41.8521,3.9502],[41.8406,3.955],[41.8243,3.9445],[41.8207,3.9558],[41.7948,3.9603],[41.7925,3.9794],[41.7726,3.9723],[41.754,3.9767],[41.7554,3.9848],[41.7236,3.9872],[41.6926,3.978],[41.6744,3.9599],[41.6552,3.9655],[41.6277,3.9833],[41.6178,3.9739],[41.5669,3.9667],[41.5507,3.9817],[41.524,3.9712],[41.5052,3.9549],[41.5057,3.9648],[41.4797,3.9522],[41.4603,3.9566],[41.4371,3.9548],[41.4302,3.9449],[41.4137,3.9489],[41.3913,3.9628],[41.3786,3.9517],[41.3546,3.9603],[41.3298,3.9392],[41.3098,3.9479],[41.2817,3.9485],[41.2758,3.9554],[41.2353,3.9589],[41.2271,3.9499],[41.2146,3.9535],[41.201,3.9381],[41.1693,3.9426],[41.1629,3.9513],[41.1326,3.9666],[41.118,3.9871],[41.1054,3.9853],[41.0919,4.0133],[41.0727,4.0226],[41.0574,4.0477],[41.0352,4.0704],[41.0261,4.0709],[41.0014,4.1027],[40.9822,4.1106],[40.9651,4.1321],[40.9042,4.1546],[40.8832,4.1927],[40.8824,4.2128],[40.8558,4.2267],[40.8441,4.2463],[40.8138,4.2552],[40.7734,4.2825],[40.6722,4.2286],[40.3989,4.1231],[40.3886,4.0989],[40.1825,4.0225],[40.0,3.9286],[39.8667,3.8694],[39.7828,3.6783],[39.595,3.5008],[39.5603,3.4067],[39.519,3.4093],[39.5021,3.4226],[39.4996,3.4501],[39.4508,3.4625],[39.4225,3.46],[39.3314,3.4692],[39.3286,3.4996],[39.295,3.4753],[39.2489,3.4714],[39.1969,3.4786],[39.0911,3.5311],[39.0979,3.5367]]]}},{"type":"Feature","properties":{"region":"Benishangul-Gumuz","area_km2":50373.0,"total_woredas":26,"lersha_woredas":0,"lersha_zones":0,"lersha_area_km2":0.0},"geometry":{"type":"Polygon","coordinates":[[[34.095,9.4539],[34.0858,9.5531],[34.14,9.7581],[34.2072,9.905],[34.2306,10.0276],[34.3231,10.1172],[34.3483,10.2385],[34.3419,10.2808],[34.2861,10.5542],[34.3528,10.6317],[34.4397,10.7844],[34.5944,10.8878],[34.6739,10.8347],[34.8006,10.7233],[34.8606,10.732],[34.9753,10.8644],[34.9786,10.9153],[34.9333,10.9567],[34.9836,11.1103],[35.0056,11.1744],[35.0075,11.1983],[34.9711,11.2311],[34.9642,11.2504],[34.9671,11.2749],[34.9864,11.3183],[35.0133,11.3678],[35.0875,11.5358],[35.0952,11.5765],[35.0917,11.5989],[35.0668,11.6465],[35.0583,11.7303],[35.0632,11.7596],[35.0836,11.8056],[35.1163,11.8508],[35.1344,11.8639],[35.1683,11.8783],[35.2017,11.8864],[35.2314,11.8982],[35.2611,11.9277],[35.2828,11.8897],[35.2873,11.8701],[35.2847,11.8465],[35.2967,11.8195],[35.2959,11.7992],[35.3257,11.7945],[35.3374,11.773],[35.3638,11.753],[35.3947,11.7462],[35.4218,11.7294],[35.4733,11.7362],[35.5169,11.718],[35.5346,11.7297],[35.5766,11.7674],[35.5899,11.773],[35.6235,11.7758],[35.6449,11.7814],[35.6617,11.7934],[35.6666,11.8259],[35.6944,11.8313],[35.7055,11.8224],[35.7368,11.8328],[35.7561,11.8313],[35.8037,11.838],[35.823,11.8269],[35.8483,11.8402],[35.8706,11.8648],[35.8744,11.8859],[35.9365,11.9208],[35.9429,11.9366],[35.9394,11.9702],[35.9658,11.9846],[35.996,11.9269],[36.0212,11.9138],[36.0426,11.8951],[36.0338,11.8918],[36.0564,11.8743],[36.0491,11.866],[36.0545,11.8493],[36.0663,11.8516],[36.0843,11.8351],[36.0815,11.8244],[36.0951,11.8129],[36.1052,11.8159],[36.1172,11.7742],[36.1255,11.7192],[36.1184,11.7058],[36.1448,11.6856],[36.165,11.6782],[36.1857,11.69],[36.2008,11.7058],[36.2071,11.7214],[36.2316,11.7221],[36.2359,11.737],[36.2829,11.7727],[36.3088,11.8032],[36.3291,11.7967],[36.3413,11.7808],[36.3376,11.773],[36.3396,11.7375],[36.3321,11.7041],[36.3476,11.6966],[36.3324,11.666],[36.3484,11.6054],[36.3653,11.6003],[36.3752,11.6077],[36.3914,11.5833],[36.3903,11.5713],[36.4034,11.546],[36.4145,11.5451],[36.4131,11.532],[36.4388,11.5043],[36.4384,11.4918],[36.4095,11.4583],[36.4099,11.4139],[36.4481,11.4269],[36.4672,11.4286],[36.4715,11.4363],[36.4978,11.4437],[36.5122,11.4583],[36.5299,11.4345],[36.5331,11.3941],[36.5514,11.3866],[36.5639,11.3713],[36.5636,11.358],[36.5387,11.3456],[36.5624,11.3183],[36.5569,11.3021],[36.5296,11.3025],[36.505,11.285],[36.495,11.289],[36.4832,11.2718],[36.4671,11.265],[36.4758,11.2447],[36.4602,11.2264],[36.4676,11.2153],[36.4676,11.1554],[36.4756,11.157],[36.5029,11.1375],[36.5304,11.1416],[36.5493,11.1378],[36.5602,11.1133],[36.578,11.1105],[36.575,11.1007],[36.5549,11.0932],[36.534,11.098],[36.5326,11.1132],[36.515,11.1048],[36.4913,11.0759],[36.4699,11.0552],[36.4442,11.0504],[36.4226,11.0314],[36.4177,11.0007],[36.3658,10.9457],[36.354,10.937],[36.3531,10.9212],[36.3316,10.8977],[36.3321,10.8874],[36.3091,10.8625],[36.3138,10.8508],[36.3101,10.8272],[36.2823,10.8039],[36.2885,10.7724],[36.2852,10.7446],[36.3108,10.7473],[36.3313,10.7703],[36.3416,10.7888],[36.3772,10.7858],[36.374,10.7584],[36.3313,10.7262],[36.3176,10.7036],[36.3217,10.6853],[36.3125,10.6738],[36.3242,10.6617],[36.303,10.6379],[36.3076,10.6242],[36.2916,10.62],[36.2816,10.6046],[36.2935,10.5971],[36.3059,10.5779],[36.302,10.554],[36.3082,10.5524],[36.3182,10.528],[36.3436,10.5209],[36.3591,10.5303],[36.3647,10.5062],[36.3822,10.4896],[36.3909,10.468],[36.409,10.4553],[36.4353,10.4525],[36.4495,10.4595],[36.4557,10.4746],[36.4854,10.4828],[36.5109,10.4788],[36.5268,10.4829],[36.5462,10.4569],[36.5204,10.4059],[36.5392,10.365],[36.5485,10.3609],[36.5895,10.3689],[36.6055,10.3647],[36.637,10.3466],[36.6554,10.322],[36.6683,10.3138],[36.6854,10.3176],[36.6922,10.2963],[36.6597,10.277],[36.6106,10.2592],[36.5747,10.2642],[36.5758,10.2792],[36.5545,10.2851],[36.5451,10.2693],[36.5155,10.2399],[36.4909,10.2343],[36.4454,10.2458],[36.4162,10.2168],[36.3953,10.1871],[36.3694,10.1617],[36.3323,10.1384],[36.2719,10.1131],[36.2679,10.0885],[36.2589,10.0785],[36.2189,10.0532],[36.1846,10.0497],[36.1399,10.0097],[36.1206,9.9716],[36.1198,9.9613],[36.1522,9.8664],[36.1523,9.8489],[36.1282,9.8522],[36.1365,9.8074],[36.1053,9.7733],[36.1434,9.7578],[36.1591,9.7469],[36.1619,9.7305],[36.1775,9.7013],[36.1919,9.6879],[36.1926,9.6585],[36.2008,9.6149],[36.2291,9.5798],[36.2318,9.5703],[36.2663,9.5687],[36.301,9.5555],[36.336,9.512],[36.3551,9.4947],[36.3803,9.4805],[36.4006,9.511],[36.4612,9.5281],[36.4944,9.5094],[36.4987,9.4729],[36.5149,9.4441],[36.5073,9.4193],[36.4836,9.4052],[36.4752,9.3946],[36.4841,9.3679],[36.4614,9.3572],[36.3747,9.358],[36.3338,9.3398],[36.319,9.3059],[36.2955,9.3017],[36.2896,9.3215],[36.2751,9.3438],[36.2702,9.3284],[36.2532,9.3018],[36.2184,9.2971],[36.2146,9.3324],[36.2343,9.347],[36.2059,9.3547],[36.1946,9.3263],[36.1949,9.289],[36.2263,9.2717],[36.2289,9.229],[36.2039,9.1573],[36.1719,9.1083],[36.1615,9.1054],[36.1846,9.072],[36.2077,9.0672],[36.2465,9.041],[36.2259,9.031],[36.1768,9.0445],[36.1596,9.0207],[36.1314,9.0208],[36.1287,9.0511],[36.1086,9.08],[36.0842,9.0584],[36.0755,9.0626],[36.097,9.0324],[36.0865,9.0126],[36.0639,9.0199],[36.0422,9.015],[36.0424,9.0322],[36.0281,9.056],[36.034,9.1074],[36.0536,9.1194],[36.044,9.1951],[36.0316,9.2334],[35.9493,9.2492],[35.9179,9.2856],[35.9111,9.316],[35.8599,9.325],[35.8085,9.3089],[35.7972,9.3086],[35.774,9.3243],[35.7567,9.3236],[35.7492,9.3486],[35.7552,9.3648],[35.7501,9.4031],[35.754,9.4165],[35.7784,9.4307],[35.765,9.4734],[35.7529,9.4817],[35.7108,9.4868],[35.6865,9.5104],[35.6714,9.5172],[35.6475,9.5533],[35.6436,9.5946],[35.6534,9.6349],[35.6347,9.6515],[35.5944,9.656],[35.5785,9.6655],[35.5611,9.692],[35.534,9.6964],[35.5333,9.6904],[35.5051,9.6887],[35.4684,9.6704],[35.4554,9.6722],[35.4108,9.7137],[35.3894,9.72],[35.3684,9.7193],[35.3651,9.7275],[35.383,9.759],[35.3788,9.7654],[35.4196,9.7851],[35.408,9.7945],[35.3638,9.813],[35.3498,9.8661],[35.3247,9.8848],[35.311,9.9112],[35.2975,9.9225],[35.2785,9.9071],[35.2307,9.8933],[35.2208,9.9254],[35.1596,9.9484],[35.0883,9.9505],[35.0808,9.939],[35.081,9.9219],[35.0485,9.9177],[35.0197,9.9288],[35.015,9.9952],[34.9882,9.9968],[34.943,9.9336],[34.9277,9.9353],[34.9044,9.9559],[34.8878,9.9082],[34.8668,9.9023],[34.8977,9.8818],[34.8922,9.8646],[34.8771,9.8454],[34.8697,9.8207],[34.8317,9.8031],[34.8073,9.7611],[34.7961,9.7362],[34.81,9.7022],[34.8109,9.6301],[34.7921,9.6033],[34.783,9.5533],[34.7351,9.5453],[34.6859,9.5637],[34.632,9.588],[34.5854,9.6304],[34.5485,9.6297],[34.5321,9.5906],[34.5232,9.5411],[34.4987,9.5142],[34.513,9.448],[34.4518,9.4491],[34.4663,9.3658],[34.4517,9.3087],[34.4524,9.2575],[34.4396,9.2156],[34.4017,9.1866],[34.3409,9.1688],[34.3933,9.1163],[34.4268,9.0718],[34.4583,9.0732],[34.4837,9.0471],[34.5037,9.0041],[34.4307,8.9674],[34.2215,8.9634],[34.1344,8.9626],[34.095,9.4539]]]}},{"type":"Feature","properties":{"region":"Central Ethiopia","area_km2":15099.0,"total_woredas":69,"lersha_woredas":13,"lersha_zones":4,"lersha_area_km2":3881.0},"geometry":{"type":"Polygon","coordinates":[[[37.5263,7.2054],[37.5086,7.2156],[37.4861,7.2039],[37.4643,7.1991],[37.4427,7.2184],[37.4137,7.2312],[37.4013,7.2469],[37.3821,7.2465],[37.3568,7.2768],[37.3554,7.3215],[37.3495,7.3577],[37.3797,7.38],[37.3903,7.4024],[37.4072,7.4922],[37.4387,7.5461],[37.4451,7.5643],[37.4354,7.5841],[37.4198,7.6338],[37.407,7.6576],[37.4012,7.6827],[37.4,7.7411],[37.4048,7.8273],[37.4118,7.8539],[37.4344,7.8981],[37.4367,7.9185],[37.4166,7.9436],[37.3898,7.962],[37.3918,7.9929],[37.4167,8.0012],[37.4596,8.0077],[37.4908,8.0171],[37.514,7.9997],[37.5217,7.9771],[37.5393,7.9539],[37.5575,7.9483],[37.6028,7.9649],[37.6016,8.0107],[37.5918,8.074],[37.5954,8.1117],[37.6058,8.1504],[37.6239,8.2],[37.6153,8.2115],[37.618,8.2234],[37.6018,8.2346],[37.5761,8.2326],[37.5477,8.2496],[37.5302,8.2654],[37.5063,8.2544],[37.4809,8.2586],[37.4641,8.2824],[37.4626,8.3059],[37.4714,8.3507],[37.4986,8.4036],[37.5122,8.417],[37.558,8.4255],[37.5761,8.4141],[37.598,8.3653],[37.612,8.3541],[37.6661,8.3835],[37.6787,8.3777],[37.7045,8.337],[37.717,8.3341],[37.748,8.3518],[37.779,8.3397],[37.8163,8.3318],[37.8629,8.3357],[37.8876,8.3499],[37.91,8.3705],[37.928,8.3782],[37.9484,8.3674],[37.9882,8.3595],[38.028,8.3903],[38.0667,8.376],[38.0865,8.3901],[38.11,8.3904],[38.1225,8.4066],[38.1642,8.4081],[38.18,8.3929],[38.2175,8.4088],[38.2663,8.4066],[38.282,8.3996],[38.2893,8.3807],[38.3115,8.3699],[38.307,8.2997],[38.3332,8.2586],[38.3473,8.2542],[38.3755,8.2659],[38.3824,8.2735],[38.4216,8.289],[38.4302,8.2988],[38.4517,8.385],[38.4616,8.3998],[38.4683,8.435],[38.4779,8.4474],[38.5015,8.444],[38.5268,8.4576],[38.5758,8.4449],[38.5909,8.426],[38.6168,8.4311],[38.6545,8.3946],[38.6672,8.3505],[38.666,8.327],[38.651,8.2851],[38.6621,8.2708],[38.7021,8.2445],[38.7159,8.2312],[38.716,8.2194],[38.6822,8.1904],[38.6786,8.1712],[38.6845,8.1225],[38.6793,8.0958],[38.6728,8.0899],[38.6351,8.1323],[38.6035,8.2229],[38.6007,8.2496],[38.5935,8.2602],[38.5607,8.2661],[38.5493,8.2627],[38.5421,8.2461],[38.5426,8.2258],[38.568,8.1939],[38.5873,8.1562],[38.5885,8.1272],[38.5839,8.1081],[38.5934,8.0909],[38.6219,8.0684],[38.6127,8.0433],[38.6277,8.0336],[38.5974,7.9906],[38.5887,7.9611],[38.5865,7.9383],[38.5666,7.9054],[38.5631,7.8852],[38.5495,7.8709],[38.5129,7.8489],[38.5035,7.831],[38.4924,7.7954],[38.4448,7.7595],[38.4387,7.7189],[38.4124,7.6816],[38.4109,7.6622],[38.4203,7.6243],[38.4008,7.5953],[38.401,7.5787],[38.4189,7.5695],[38.4295,7.5339],[38.4267,7.5147],[38.4139,7.5042],[38.3917,7.5019],[38.3412,7.4786],[38.3272,7.4617],[38.3252,7.4339],[38.3089,7.4015],[38.2794,7.3806],[38.2772,7.3612],[38.2815,7.3387],[38.2757,7.3189],[38.2652,7.3067],[38.2336,7.2879],[38.1986,7.2615],[38.1811,7.2579],[38.144,7.2322],[38.1043,7.2109],[38.078,7.1803],[38.0764,7.1541],[38.0628,7.0764],[38.0026,7.0578],[37.9945,7.0603],[37.9965,7.0824],[37.9794,7.1082],[37.9666,7.1048],[37.9297,7.117],[37.9093,7.0995],[37.8735,7.1093],[37.8553,7.1098],[37.847,7.0998],[37.814,7.0937],[37.7841,7.1033],[37.7745,7.117],[37.7368,7.1208],[37.746,7.1355],[37.7188,7.1426],[37.7156,7.1566],[37.6777,7.1743],[37.6502,7.1816],[37.6305,7.1776],[37.5931,7.1781],[37.5645,7.1715],[37.5441,7.1719],[37.5304,7.1899],[37.5263,7.2054]]]}},{"type":"Feature","properties":{"region":"South Ethiopia","area_km2":48323.0,"total_woredas":93,"lersha_woredas":3,"lersha_zones":1,"lersha_area_km2":1807.0},"geometry":{"type":"MultiPolygon","coordinates":[[[[35.7543,5.3923],[35.7542,5.463],[35.7572,5.5223],[35.7538,5.6007],[35.8069,5.6658],[35.8774,5.6732],[35.9516,5.651],[35.9648,5.6694],[35.9595,5.6905],[35.9657,5.7177],[35.9784,5.7407],[35.978,5.762],[35.9655,5.7744],[35.9669,5.8004],[35.9628,5.8388],[35.9734,5.8404],[35.9683,5.8676],[35.9777,5.875],[35.9895,5.9153],[35.9884,5.9323],[35.9781,5.9422],[35.9899,5.9664],[36.0032,5.9744],[36.0086,5.9973],[35.9943,6.0364],[35.9833,6.0489],[35.9845,6.0644],[35.9948,6.0846],[35.9762,6.0961],[35.9451,6.1021],[35.9504,6.1224],[35.9346,6.1304],[35.9437,6.1591],[35.9529,6.1668],[35.9777,6.1662],[35.9617,6.1831],[35.9676,6.2072],[35.9567,6.2256],[35.9922,6.2577],[36.0189,6.2657],[36.0251,6.2739],[36.0394,6.2713],[36.0446,6.293],[36.0587,6.3102],[36.0347,6.3334],[36.043,6.3504],[36.0527,6.3477],[36.0708,6.3573],[36.0813,6.3812],[36.0956,6.4003],[36.1175,6.4166],[36.1385,6.4385],[36.1592,6.4355],[36.187,6.4432],[36.212,6.4202],[36.2161,6.4068],[36.2469,6.3852],[36.2661,6.3917],[36.2832,6.4126],[36.2989,6.4197],[36.3128,6.4358],[36.3234,6.4584],[36.3556,6.4622],[36.3611,6.4692],[36.3822,6.4582],[36.4199,6.4838],[36.4442,6.5134],[36.4648,6.5301],[36.4899,6.5339],[36.4962,6.5445],[36.5422,6.5696],[36.5501,6.5784],[36.5706,6.5826],[36.5975,6.625],[36.6235,6.6312],[36.6395,6.6445],[36.6678,6.6544],[36.6796,6.6656],[36.6784,6.6839],[36.6935,6.7057],[36.7278,6.7138],[36.7848,6.7089],[36.8097,6.687],[36.8435,6.6717],[36.8668,6.6685],[36.8888,6.6868],[36.9323,6.7039],[36.9784,6.689],[36.9891,6.6799],[36.9936,6.6515],[36.9881,6.6032],[37.0092,6.5898],[37.0312,6.5985],[37.043,6.6131],[37.0648,6.6262],[37.1035,6.6336],[37.1219,6.6547],[37.1377,6.6581],[37.1466,6.6697],[37.1661,6.6704],[37.187,6.6634],[37.1962,6.6508],[37.2345,6.6528],[37.2425,6.6602],[37.2328,6.6718],[37.2249,6.7212],[37.2486,6.7416],[37.2439,6.7612],[37.2642,6.7751],[37.2741,6.7919],[37.2834,6.8279],[37.2977,6.8409],[37.3091,6.8645],[37.3344,6.8653],[37.338,6.8745],[37.3786,6.8663],[37.3886,6.8608],[37.4239,6.8768],[37.4358,6.8979],[37.4239,6.932],[37.4221,6.9524],[37.4269,7.0029],[37.4326,7.0261],[37.4467,7.0455],[37.4411,7.0511],[37.4558,7.08],[37.4596,7.116],[37.4554,7.1352],[37.4678,7.1448],[37.491,7.149],[37.5151,7.1775],[37.5304,7.1899],[37.5441,7.1719],[37.5645,7.1715],[37.5931,7.1781],[37.6305,7.1776],[37.6502,7.1816],[37.6777,7.1743],[37.7156,7.1566],[37.7188,7.1426],[37.746,7.1355],[37.7368,7.1208],[37.7745,7.117],[37.7841,7.1033],[37.814,7.0937],[37.847,7.0998],[37.8553,7.1098],[37.8735,7.1093],[37.9093,7.0995],[37.9297,7.117],[37.9666,7.1048],[37.9794,7.1082],[37.9965,7.0824],[37.9945,7.0603],[38.0026,7.0578],[38.0628,7.0764],[38.0642,7.0434],[38.0734,7.0296],[38.1019,7.0108],[38.1171,6.9809],[38.1302,6.974],[38.1366,6.9397],[38.13,6.9346],[38.1311,6.9119],[38.1181,6.8887],[38.1214,6.883],[38.1088,6.8515],[38.1032,6.8479],[38.0915,6.8149],[38.08,6.7964],[38.0685,6.7538],[38.0539,6.7167],[38.0502,6.6941],[38.0351,6.6721],[38.0194,6.6656],[38.0096,6.6171],[38.0124,6.5855],[38.0188,6.5733],[38.001,6.5685],[37.9772,6.5509],[37.9527,6.5496],[37.9327,6.5572],[37.9185,6.5744],[37.9126,6.5907],[37.8928,6.5961],[37.8715,6.5822],[37.8425,6.5417],[37.8078,6.5007],[37.7999,6.4782],[37.7975,6.4292],[37.8196,6.3934],[37.8401,6.3787],[37.8522,6.3048],[37.8403,6.2483],[37.8098,6.1961],[37.7905,6.1725],[37.7781,6.1496],[37.7747,6.1239],[37.7777,6.0981],[37.7898,6.0494],[37.7832,6.0106],[37.7915,5.9959],[37.8037,5.9932],[37.8271,6.01],[37.843,6.0109],[37.8655,5.9866],[37.8805,5.985],[37.904,5.9605],[37.9527,5.9633],[37.9686,5.956],[37.9776,5.9278],[37.9825,5.8878],[38.0071,5.8493],[38.0123,5.8043],[38.0199,5.79],[38.0542,5.7641],[38.0721,5.7626],[38.0889,5.7456],[38.0871,5.7213],[38.0752,5.6889],[38.0408,5.6736],[38.008,5.6502],[37.9775,5.6494],[37.9435,5.6395],[37.9302,5.6167],[37.9411,5.5851],[37.9478,5.5377],[37.9468,5.4743],[37.9352,5.423],[37.9012,5.3732],[37.8964,5.3499],[37.9048,5.304],[37.9008,5.2449],[37.8851,5.2343],[37.8527,5.2346],[37.8271,5.2497],[37.8101,5.2683],[37.7728,5.2834],[37.7471,5.2766],[37.7289,5.2922],[37.7009,5.3059],[37.6742,5.3076],[37.6467,5.2993],[37.6297,5.266],[37.5798,5.2477],[37.5779,5.2424],[37.5179,5.2205],[37.4913,5.2029],[37.4656,5.1932],[37.4172,5.1666],[37.3672,5.1551],[37.3407,5.1596],[37.3172,5.1735],[37.2924,5.1944],[37.2381,5.1994],[37.2169,5.2127],[37.1972,5.2103],[37.1818,5.1939],[37.1122,5.1863],[37.0821,5.1864],[37.0033,5.1991],[36.9831,5.1924],[36.949,5.1947],[36.9212,5.1451],[36.893,5.1098],[36.8822,5.075],[36.8607,4.9788],[36.8648,4.9442],[36.8608,4.9351],[36.8635,4.793],[36.8547,4.7361],[36.8285,4.7092],[36.6464,4.7108],[36.6808,4.6043],[36.6575,4.5804],[36.6915,4.4955],[36.7143,4.4339],[36.6475,4.4467],[36.4336,4.4417],[36.2717,4.4392],[36.2112,4.448],[36.0453,4.4471],[35.9511,4.5211],[35.9477,4.6293],[35.9247,4.6403],[35.7744,4.7986],[35.78,5.0826],[35.8028,5.1053],[35.8236,5.1367],[35.8307,5.1684],[35.8051,5.2068],[35.7962,5.2351],[35.7987,5.2656],[35.8217,5.3286],[35.7969,5.3311],[35.757,5.3454],[35.7543,5.3923]]],[[[38.3093,6.4197],[38.3405,6.42],[38.3667,6.4135],[38.3887,6.4168],[38.4045,6.3967],[38.3945,6.3663],[38.4072,6.3551],[38.4161,6.3698],[38.4243,6.3687],[38.4218,6.3482],[38.4254,6.2901],[38.433,6.2655],[38.439,6.2169],[38.4347,6.1988],[38.3942,6.1818],[38.377,6.1645],[38.3653,6.1428],[38.3625,6.1202],[38.3515,6.0962],[38.3199,6.0474],[38.3139,6.0278],[38.2792,6.0063],[38.2717,5.9866],[38.2823,5.9707],[38.3045,5.98],[38.3189,5.9751],[38.3275,5.9554],[38.3383,5.9556],[38.3748,5.943],[38.3961,5.9201],[38.3809,5.904],[38.3581,5.9021],[38.3253,5.8688],[38.3037,5.8614],[38.2704,5.8685],[38.2392,5.8444],[38.208,5.8402],[38.1984,5.8495],[38.1997,5.8648],[38.2148,5.8932],[38.2118,5.9167],[38.2037,5.935],[38.181,5.9417],[38.1702,5.957],[38.1503,6.0004],[38.1216,6.0167],[38.1165,6.0502],[38.105,6.066],[38.0986,6.0871],[38.0799,6.117],[38.0867,6.161],[38.1023,6.1804],[38.1251,6.1551],[38.1414,6.1545],[38.171,6.1669],[38.1874,6.1822],[38.1979,6.2064],[38.1933,6.2262],[38.1791,6.2383],[38.1719,6.2553],[38.1884,6.3043],[38.1976,6.319],[38.2139,6.3302],[38.2486,6.3363],[38.2882,6.3598],[38.2928,6.3959],[38.2829,6.4083],[38.2824,6.4378],[38.3093,6.4197]]]]}},{"type":"Feature","properties":{"region":"South West Ethiopia","area_km2":39122.0,"total_woredas":59,"lersha_woredas":0,"lersha_zones":0,"lersha_area_km2":0.0},"geometry":{"type":"Polygon","coordinates":[[[34.985,6.2988],[35.0113,6.2803],[35.0383,6.3046],[35.0735,6.3074],[35.0834,6.3181],[35.1061,6.3189],[35.1189,6.3465],[35.1315,6.3955],[35.1434,6.3977],[35.1648,6.3828],[35.1785,6.3793],[35.1995,6.4109],[35.1866,6.4443],[35.1739,6.4665],[35.1856,6.4897],[35.1868,6.5575],[35.1953,6.5974],[35.1863,6.6269],[35.1875,6.6565],[35.1977,6.6802],[35.1782,6.7096],[35.1796,6.7274],[35.1468,6.7611],[35.0799,6.8108],[35.0429,6.8105],[34.9854,6.7982],[34.9337,6.7963],[34.9456,6.8265],[34.969,6.8593],[34.9924,6.864],[34.9979,6.8929],[34.974,6.9252],[34.9457,6.9441],[34.9113,6.9882],[34.9021,7.0309],[34.8843,7.0308],[34.8771,7.0698],[34.8927,7.0915],[34.8906,7.1593],[34.8981,7.1848],[34.9424,7.1929],[34.9656,7.2151],[34.9702,7.234],[34.9779,7.2133],[35.0208,7.1858],[35.0539,7.1843],[35.0837,7.1248],[35.1143,7.1021],[35.2046,7.0996],[35.2184,7.108],[35.2345,7.1379],[35.2646,7.1362],[35.2999,7.1158],[35.3136,7.1153],[35.3308,7.1271],[35.3718,7.117],[35.3804,7.1228],[35.3687,7.1442],[35.353,7.1539],[35.334,7.1799],[35.3729,7.231],[35.3458,7.239],[35.3534,7.2624],[35.3703,7.2774],[35.3875,7.3507],[35.3923,7.3962],[35.3678,7.4146],[35.3736,7.428],[35.3558,7.4367],[35.3453,7.4529],[35.3201,7.463],[35.3096,7.4792],[35.2726,7.4715],[35.2623,7.4802],[35.2439,7.4737],[35.2095,7.4719],[35.1893,7.4556],[35.1614,7.4714],[35.1224,7.4786],[35.1207,7.4835],[35.1381,7.5121],[35.1719,7.5328],[35.1647,7.5804],[35.1663,7.6149],[35.1457,7.6302],[35.1156,7.6308],[35.116,7.6451],[35.1729,7.6542],[35.2123,7.6515],[35.2203,7.6626],[35.2227,7.7031],[35.2479,7.7265],[35.2756,7.746],[35.3249,7.7653],[35.3409,7.7766],[35.342,7.8214],[35.3581,7.843],[35.3891,7.827],[35.4006,7.8296],[35.4184,7.8641],[35.4335,7.8828],[35.4597,7.8725],[35.4972,7.8803],[35.5207,7.8956],[35.5305,7.88],[35.5362,7.8494],[35.5546,7.8202],[35.5896,7.8086],[35.6183,7.8147],[35.667,7.8449],[35.6937,7.8644],[35.7164,7.8555],[35.7621,7.8826],[35.7997,7.9326],[35.7953,7.948],[35.7385,7.9888],[35.7229,8.0225],[35.728,8.0396],[35.744,8.0509],[35.7658,8.0812],[35.7981,8.0791],[35.8163,8.0824],[35.8609,8.0772],[35.8727,8.0588],[35.888,8.0005],[35.9051,7.946],[35.9024,7.9262],[35.8869,7.8925],[35.8591,7.8601],[35.8486,7.839],[35.8978,7.8069],[35.9416,7.7739],[35.9864,7.7547],[35.9972,7.7451],[36.0206,7.692],[36.0419,7.6744],[36.0519,7.6539],[36.0325,7.5915],[36.0353,7.5726],[36.0622,7.5575],[36.0869,7.5539],[36.1276,7.5556],[36.1566,7.5426],[36.2247,7.4844],[36.2869,7.4597],[36.3018,7.4499],[36.3487,7.4454],[36.3746,7.4156],[36.4063,7.4085],[36.4532,7.4174],[36.4839,7.416],[36.5983,7.369],[36.6228,7.3792],[36.633,7.3779],[36.6517,7.345],[36.6941,7.3131],[36.7142,7.3021],[36.7625,7.2659],[36.7911,7.2523],[36.8409,7.326],[36.8792,7.3297],[36.9555,7.2605],[36.9658,7.2419],[36.9646,7.2247],[37.0033,7.2344],[37.0395,7.24],[37.0681,7.2352],[37.1048,7.2245],[37.1286,7.2284],[37.1542,7.2407],[37.2116,7.2927],[37.2378,7.3121],[37.2876,7.3344],[37.3312,7.3434],[37.3495,7.3577],[37.3554,7.3215],[37.3568,7.2768],[37.3821,7.2465],[37.4013,7.2469],[37.4137,7.2312],[37.4427,7.2184],[37.4643,7.1991],[37.4861,7.2039],[37.5086,7.2156],[37.5263,7.2054],[37.5304,7.1899],[37.5151,7.1775],[37.491,7.149],[37.4678,7.1448],[37.4554,7.1352],[37.4596,7.116],[37.4558,7.08],[37.4411,7.0511],[37.4467,7.0455],[37.4326,7.0261],[37.4269,7.0029],[37.4221,6.9524],[37.4239,6.932],[37.4358,6.8979],[37.4239,6.8768],[37.3886,6.8608],[37.3786,6.8663],[37.338,6.8745],[37.3344,6.8653],[37.3091,6.8645],[37.2977,6.8409],[37.2834,6.8279],[37.2741,6.7919],[37.2642,6.7751],[37.2439,6.7612],[37.2486,6.7416],[37.2249,6.7212],[37.2328,6.6718],[37.2425,6.6602],[37.2345,6.6528],[37.1962,6.6508],[37.187,6.6634],[37.1661,6.6704],[37.1466,6.6697],[37.1377,6.6581],[37.1219,6.6547],[37.1035,6.6336],[37.0648,6.6262],[37.043,6.6131],[37.0312,6.5985],[37.0092,6.5898],[36.9881,6.6032],[36.9936,6.6515],[36.9891,6.6799],[36.9784,6.689],[36.9323,6.7039],[36.8888,6.6868],[36.8668,6.6685],[36.8435,6.6717],[36.8097,6.687],[36.7848,6.7089],[36.7278,6.7138],[36.6935,6.7057],[36.6784,6.6839],[36.6796,6.6656],[36.6678,6.6544],[36.6395,6.6445],[36.6235,6.6312],[36.5975,6.625],[36.5706,6.5826],[36.5501,6.5784],[36.5422,6.5696],[36.4962,6.5445],[36.4899,6.5339],[36.4648,6.5301],[36.4442,6.5134],[36.4199,6.4838],[36.3822,6.4582],[36.3611,6.4692],[36.3556,6.4622],[36.3234,6.4584],[36.3128,6.4358],[36.2989,6.4197],[36.2832,6.4126],[36.2661,6.3917],[36.2469,6.3852],[36.2161,6.4068],[36.212,6.4202],[36.187,6.4432],[36.1592,6.4355],[36.1385,6.4385],[36.1175,6.4166],[36.0956,6.4003],[36.0813,6.3812],[36.0708,6.3573],[36.0527,6.3477],[36.043,6.3504],[36.0347,6.3334],[36.0587,6.3102],[36.0446,6.293],[36.0394,6.2713],[36.0251,6.2739],[36.0189,6.2657],[35.9922,6.2577],[35.9567,6.2256],[35.9676,6.2072],[35.9617,6.1831],[35.9777,6.1662],[35.9529,6.1668],[35.9437,6.1591],[35.9346,6.1304],[35.9504,6.1224],[35.9451,6.1021],[35.9762,6.0961],[35.9948,6.0846],[35.9845,6.0644],[35.9833,6.0489],[35.9943,6.0364],[36.0086,5.9973],[36.0032,5.9744],[35.9899,5.9664],[35.9781,5.9422],[35.9884,5.9323],[35.9895,5.9153],[35.9777,5.875],[35.9683,5.8676],[35.9734,5.8404],[35.9628,5.8388],[35.9669,5.8004],[35.9655,5.7744],[35.978,5.762],[35.9784,5.7407],[35.9657,5.7177],[35.9595,5.6905],[35.9648,5.6694],[35.9516,5.651],[35.8774,5.6732],[35.8069,5.6658],[35.7538,5.6007],[35.7572,5.5223],[35.7542,5.463],[35.7543,5.3923],[35.757,5.3454],[35.7262,5.3644],[35.5279,5.4268],[35.5047,5.4314],[35.4437,5.4255],[35.4191,5.3984],[35.3528,5.3507],[35.3263,5.3571],[35.3031,5.3774],[35.2704,5.4383],[35.2927,5.4876],[35.29,5.5078],[35.1039,5.6325],[35.1054,5.6883],[35.0283,5.8142],[34.9864,5.8781],[34.9758,5.9647],[34.9878,6.0139],[34.9814,6.0611],[34.9697,6.0865],[34.9224,6.1323],[34.8706,6.2375],[34.8593,6.2672],[34.8529,6.332],[34.985,6.2988]]]}},{"type":"Feature","properties":{"region":"Gambela","area_km2":31429.0,"total_woredas":15,"lersha_woredas":0,"lersha_zones":0,"lersha_area_km2":0.0},"geometry":{"type":"Polygon","coordinates":[[[34.1896,8.6516],[34.2235,8.6698],[34.2352,8.6861],[34.2557,8.7026],[34.2794,8.7088],[34.3124,8.6821],[34.3455,8.6001],[34.3582,8.522],[34.3574,8.4999],[34.3441,8.4692],[34.3349,8.4386],[34.3152,8.4068],[34.3133,8.3899],[34.3473,8.3766],[34.4364,8.4218],[34.4712,8.4476],[34.5227,8.4755],[34.5565,8.4551],[34.5743,8.4035],[34.6303,8.402],[34.6674,8.395],[34.7288,8.39],[34.7676,8.3634],[34.7853,8.3552],[34.7951,8.3269],[34.7858,8.3036],[34.8264,8.2619],[34.8551,8.2506],[34.9648,8.2473],[35.0183,8.2196],[35.0732,8.2202],[35.1189,8.2006],[35.1381,8.1818],[35.1577,8.1367],[35.1433,8.1429],[35.1039,8.1151],[35.0891,8.1139],[35.1179,8.0826],[35.1407,8.0217],[35.141,7.989],[35.1086,7.9571],[35.0483,7.9544],[35.0085,7.9235],[35.0131,7.8825],[35.0006,7.8623],[34.9507,7.8903],[34.9443,7.8794],[34.9323,7.828],[34.9371,7.7648],[34.932,7.7282],[34.9955,7.748],[35.0771,7.731],[35.116,7.6451],[35.1156,7.6308],[35.1457,7.6302],[35.1663,7.6149],[35.1647,7.5804],[35.1719,7.5328],[35.1381,7.5121],[35.1207,7.4835],[35.1224,7.4786],[35.1614,7.4714],[35.1893,7.4556],[35.2095,7.4719],[35.2439,7.4737],[35.2623,7.4802],[35.2726,7.4715],[35.3096,7.4792],[35.3201,7.463],[35.3453,7.4529],[35.3558,7.4367],[35.3736,7.428],[35.3678,7.4146],[35.3923,7.3962],[35.3875,7.3507],[35.3703,7.2774],[35.3534,7.2624],[35.3458,7.239],[35.3729,7.231],[35.334,7.1799],[35.353,7.1539],[35.3687,7.1442],[35.3804,7.1228],[35.3718,7.117],[35.3308,7.1271],[35.3136,7.1153],[35.2999,7.1158],[35.2646,7.1362],[35.2345,7.1379],[35.2184,7.108],[35.2046,7.0996],[35.1143,7.1021],[35.0837,7.1248],[35.0539,7.1843],[35.0208,7.1858],[34.9779,7.2133],[34.9702,7.234],[34.9656,7.2151],[34.9424,7.1929],[34.8981,7.1848],[34.8906,7.1593],[34.8927,7.0915],[34.8771,7.0698],[34.8843,7.0308],[34.9021,7.0309],[34.9113,6.9882],[34.9457,6.9441],[34.974,6.9252],[34.9979,6.8929],[34.9924,6.864],[34.969,6.8593],[34.9456,6.8265],[34.9337,6.7963],[34.9854,6.7982],[35.0429,6.8105],[35.0799,6.8108],[35.1468,6.7611],[35.1796,6.7274],[35.1782,6.7096],[35.1977,6.6802],[35.1875,6.6565],[35.1863,6.6269],[35.1953,6.5974],[35.1868,6.5575],[35.1856,6.4897],[35.1739,6.4665],[35.1866,6.4443],[35.1995,6.4109],[35.1785,6.3793],[35.1648,6.3828],[35.1434,6.3977],[35.1315,6.3955],[35.1189,6.3465],[35.1061,6.3189],[35.0834,6.3181],[35.0735,6.3074],[35.0383,6.3046],[35.0113,6.2803],[34.985,6.2988],[34.8529,6.332],[34.85,6.3667],[34.757,6.6138],[34.7047,6.6778],[34.6792,6.7],[34.6321,6.729],[34.6028,6.7347],[34.5536,6.7357],[34.5288,6.7472],[34.487,6.8775],[34.4718,6.9143],[34.431,6.9354],[34.361,6.959],[34.3288,6.9588],[34.2996,6.9643],[34.2806,6.9758],[34.2357,7.0197],[34.1939,7.09],[34.1633,7.1717],[34.0992,7.1997],[34.0271,7.2481],[34.0328,7.3044],[34.0277,7.3787],[33.8856,7.5254],[33.7125,7.6585],[33.6472,7.685],[33.4644,7.744],[33.4392,7.7444],[33.0967,7.7811],[33.0522,7.7907],[33.015,7.8461],[32.9968,7.8872],[32.9918,7.926],[33.0319,7.9974],[33.1214,8.101],[33.1628,8.115],[33.1859,8.1403],[33.1781,8.2225],[33.1658,8.2783],[33.1608,8.3565],[33.1713,8.3998],[33.2635,8.4615],[33.3267,8.4537],[33.3808,8.4379],[33.5086,8.4662],[33.6344,8.4672],[33.67,8.4371],[33.6905,8.3955],[33.7153,8.3751],[33.7713,8.3678],[33.8187,8.4115],[33.8525,8.4258],[33.8815,8.4308],[33.9153,8.4306],[33.9708,8.4376],[34.0022,8.4603],[34.0708,8.5233],[34.1056,8.5578],[34.1228,8.5847],[34.1242,8.6515],[34.1896,8.6516]]]}},{"type":"Feature","properties":{"region":"Harari","area_km2":372.0,"total_woredas":9,"lersha_woredas":0,"lersha_zones":0,"lersha_area_km2":0.0},"geometry":{"type":"Polygon","coordinates":[[[42.1975,9.2199],[42.1486,9.2063],[42.1273,9.2266],[42.1124,9.2307],[42.0737,9.221],[42.0613,9.2265],[42.0605,9.2659],[42.0705,9.3039],[42.1142,9.3725],[42.1291,9.3887],[42.1466,9.3875],[42.1686,9.3628],[42.1874,9.3617],[42.2381,9.3849],[42.253,9.3838],[42.2703,9.3617],[42.2585,9.3344],[42.266,9.3098],[42.2503,9.2855],[42.2493,9.27],[42.2687,9.2296],[42.272,9.2157],[42.2647,9.1979],[42.2337,9.1859],[42.1975,9.2199]]]}},{"type":"Feature","properties":{"region":"Addis Ababa","area_km2":539.0,"total_woredas":11,"lersha_woredas":0,"lersha_zones":0,"lersha_area_km2":0.0},"geometry":{"type":"Polygon","coordinates":[[[38.7166,9.0878],[38.7509,9.0905],[38.7652,9.0982],[38.7782,9.0937],[38.7913,9.0777],[38.8051,9.0823],[38.8247,9.0759],[38.8568,9.0835],[38.8763,9.0816],[38.8829,9.0521],[38.905,9.0095],[38.9062,8.9774],[38.8962,8.9548],[38.9011,8.9461],[38.8914,8.9343],[38.8614,8.9427],[38.8556,8.9383],[38.8794,8.9183],[38.8775,8.8958],[38.8687,8.873],[38.8638,8.8829],[38.826,8.8802],[38.8294,8.8688],[38.8244,8.8413],[38.7976,8.8335],[38.7806,8.8359],[38.773,8.8575],[38.7565,8.8532],[38.7455,8.8634],[38.7436,8.9026],[38.7311,8.9051],[38.7191,8.9197],[38.7084,8.9209],[38.6938,8.9419],[38.6806,8.9411],[38.6762,8.9576],[38.6428,8.9659],[38.6394,8.974],[38.6594,8.9854],[38.6519,9.0103],[38.667,9.01],[38.6672,9.0262],[38.6835,9.05],[38.6854,9.073],[38.7166,9.0878]]]}},{"type":"Feature","properties":{"region":"Dire Dawa","area_km2":1055.0,"total_woredas":13,"lersha_woredas":0,"lersha_zones":0,"lersha_area_km2":0.0},"geometry":{"type":"Polygon","coordinates":[[[42.3181,9.7057],[42.2586,9.6516],[42.2408,9.6566],[42.2005,9.6531],[42.1804,9.6443],[42.1422,9.6203],[42.1249,9.6145],[42.1334,9.5825],[42.1526,9.5564],[42.1389,9.5347],[42.1097,9.508],[42.0811,9.4882],[42.0748,9.4737],[42.0521,9.492],[42.0191,9.5082],[41.9825,9.5085],[41.9387,9.4795],[41.9134,9.4725],[41.8597,9.488],[41.8387,9.4779],[41.8152,9.4767],[41.7925,9.4895],[41.773,9.4911],[41.7346,9.4715],[41.728,9.489],[41.7491,9.6006],[41.7486,9.6364],[41.7738,9.6537],[41.8087,9.6406],[41.8533,9.6737],[41.8732,9.6839],[41.9061,9.6793],[42.0189,9.6179],[42.0308,9.6185],[42.1858,9.7736],[42.2134,9.7837],[42.251,9.7835],[42.2935,9.7575],[42.3398,9.7196],[42.3181,9.7057]]]}},{"type":"Feature","properties":{"region":"Sidama","area_km2":6772.0,"total_woredas":37,"lersha_woredas":5,"lersha_zones":1,"lersha_area_km2":1058.0},"geometry":{"type":"Polygon","coordinates":[[[38.4161,6.3698],[38.4072,6.3551],[38.3945,6.3663],[38.4045,6.3967],[38.3887,6.4168],[38.3667,6.4135],[38.3405,6.42],[38.3093,6.4197],[38.2824,6.4378],[38.2601,6.4522],[38.2456,6.4682],[38.2155,6.4635],[38.1706,6.4498],[38.1552,6.4393],[38.1435,6.4582],[38.1497,6.4966],[38.1393,6.506],[38.1145,6.4996],[38.0907,6.5261],[38.0516,6.5347],[38.0335,6.5615],[38.0188,6.5733],[38.0124,6.5855],[38.0096,6.6171],[38.0194,6.6656],[38.0351,6.6721],[38.0502,6.6941],[38.0539,6.7167],[38.0685,6.7538],[38.08,6.7964],[38.0915,6.8149],[38.1032,6.8479],[38.1088,6.8515],[38.1214,6.883],[38.1181,6.8887],[38.1311,6.9119],[38.13,6.9346],[38.1366,6.9397],[38.1302,6.974],[38.1466,6.9775],[38.1701,7.0009],[38.1938,7.0123],[38.2379,7.0201],[38.2544,7.0599],[38.2892,7.1071],[38.3053,7.1216],[38.3219,7.1617],[38.3422,7.1645],[38.3569,7.1459],[38.3781,7.1298],[38.4006,7.1215],[38.4425,7.1268],[38.46,7.1182],[38.4639,7.0998],[38.48,7.0904],[38.5051,7.0878],[38.5461,7.0909],[38.5836,7.1263],[38.6115,7.1242],[38.6462,7.0955],[38.637,7.0661],[38.668,7.0599],[38.6809,7.0484],[38.6845,7.034],[38.6744,7.0165],[38.6894,7.0009],[38.6977,7.0138],[38.7105,7.013],[38.7144,6.9914],[38.7112,6.9738],[38.6948,6.9575],[38.7046,6.9306],[38.6998,6.9033],[38.7141,6.8606],[38.6399,6.8127],[38.6357,6.7717],[38.6582,6.7696],[38.672,6.7623],[38.6784,6.749],[38.7056,6.742],[38.7209,6.7301],[38.7274,6.712],[38.7542,6.697],[38.8179,6.7036],[38.8335,6.6917],[38.8378,6.6749],[38.8551,6.6687],[38.9018,6.6657],[38.9344,6.6556],[38.9494,6.6438],[38.9417,6.6103],[38.9596,6.6009],[39.0322,6.6118],[39.0593,6.6088],[39.0645,6.5988],[39.0484,6.5698],[39.0526,6.557],[39.0862,6.5452],[39.0966,6.5216],[39.0954,6.4721],[39.1075,6.4377],[39.1212,6.3806],[39.1274,6.3444],[39.1195,6.299],[39.0909,6.2708],[39.086,6.252],[39.1132,6.1766],[39.1319,6.1588],[39.0797,6.153],[39.0345,6.1374],[38.9881,6.1471],[38.9606,6.1593],[38.9209,6.2286],[38.8977,6.2586],[38.8741,6.3008],[38.832,6.3432],[38.8121,6.3559],[38.7715,6.3998],[38.758,6.4091],[38.7387,6.409],[38.7072,6.3925],[38.6906,6.4062],[38.672,6.409],[38.645,6.4232],[38.6267,6.417],[38.6063,6.4228],[38.5833,6.437],[38.5665,6.4405],[38.5038,6.4363],[38.4753,6.4304],[38.441,6.4054],[38.4276,6.3859],[38.4243,6.3687],[38.4161,6.3698]]]}},{"type":"Feature","properties":{"region":"Contested","area_km2":18699.0,"total_woredas":18,"lersha_woredas":0,"lersha_zones":0,"lersha_area_km2":0.0},"geometry":{"type":"MultiPolygon","coordinates":[[[[36.4869,13.8394],[36.4464,13.9569],[36.5394,14.2461],[36.5527,14.2789],[36.5781,14.287],[36.5842,14.2831],[36.6186,14.2941],[36.6213,14.3062],[36.6364,14.3075],[36.6858,14.2959],[36.7465,14.3177],[36.8167,14.3127],[36.8322,14.3069],[36.8633,14.3178],[36.8782,14.3109],[36.9326,14.2957],[36.9437,14.2891],[36.9692,14.2871],[36.9864,14.2631],[37.0081,14.2495],[37.038,14.2642],[37.0651,14.2619],[37.0893,14.268],[37.1034,14.2908],[37.1047,14.3208],[37.0996,14.3333],[37.1084,14.3561],[37.1338,14.4054],[37.1642,14.4173],[37.1797,14.4145],[37.212,14.4369],[37.2269,14.4404],[37.2383,14.4322],[37.3079,14.4426],[37.3143,14.4287],[37.3367,14.4111],[37.3495,14.4132],[37.3478,14.4019],[37.3915,14.3653],[37.3792,14.352],[37.3818,14.34],[37.4027,14.3359],[37.4031,14.3118],[37.3926,14.3007],[37.4072,14.2867],[37.4464,14.2607],[37.4461,14.2502],[37.4673,14.2527],[37.4678,14.2134],[37.4962,14.1942],[37.4947,14.1835],[37.5276,14.179],[37.5156,14.1603],[37.5301,14.1128],[37.5572,14.1045],[37.5575,14.093],[37.5756,14.0959],[37.5911,14.0701],[37.5894,14.0556],[37.601,14.0541],[37.6049,14.0397],[37.6239,14.0355],[37.6096,14.0099],[37.6222,13.9985],[37.6319,13.9772],[37.6287,13.9566],[37.647,13.9546],[37.6553,13.9451],[37.6619,13.9158],[37.6765,13.9077],[37.6853,13.8939],[37.7012,13.8876],[37.7216,13.899],[37.7354,13.8819],[37.7534,13.8747],[37.7679,13.8566],[37.7998,13.8721],[37.8158,13.8642],[37.829,13.8749],[37.847,13.8777],[37.8643,13.8667],[37.8677,13.8762],[37.8912,13.8855],[37.9026,13.8813],[37.9106,13.8474],[37.9383,13.8287],[37.9628,13.8283],[37.9793,13.8043],[37.9964,13.7967],[38.0011,13.7665],[38.0131,13.7537],[38.0139,13.7407],[38.0394,13.7537],[38.0585,13.754],[38.0963,13.7417],[38.136,13.7433],[38.1426,13.7481],[38.1767,13.7366],[38.2243,13.7273],[38.2746,13.7663],[38.2904,13.7696],[38.3128,13.7942],[38.3154,13.8058],[38.3615,13.8064],[38.373,13.7917],[38.3932,13.784],[38.4175,13.7499],[38.446,13.737],[38.4618,13.7216],[38.4744,13.7193],[38.481,13.7049],[38.5052,13.6969],[38.5224,13.684],[38.5304,13.6873],[38.5662,13.6628],[38.573,13.6532],[38.5967,13.6502],[38.6149,13.6316],[38.6219,13.6138],[38.6352,13.6029],[38.6398,13.5779],[38.6608,13.5582],[38.6691,13.5361],[38.6622,13.5312],[38.6225,13.4954],[38.6054,13.4907],[38.5901,13.5061],[38.5796,13.5035],[38.5621,13.4833],[38.5342,13.4818],[38.5117,13.4729],[38.4842,13.4697],[38.461,13.4596],[38.4674,13.4849],[38.4983,13.4845],[38.4907,13.4958],[38.4968,13.5068],[38.5326,13.5187],[38.5507,13.5379],[38.5539,13.5503],[38.4899,13.558],[38.4776,13.5523],[38.4652,13.5676],[38.4536,13.5569],[38.4428,13.5605],[38.451,13.5846],[38.4408,13.5844],[38.4065,13.5394],[38.3912,13.5534],[38.3798,13.5445],[38.36,13.553],[38.3412,13.5376],[38.3279,13.5503],[38.32,13.5238],[38.3199,13.5022],[38.2789,13.4855],[38.2591,13.4862],[38.248,13.5017],[38.2273,13.4892],[38.2009,13.4801],[38.1737,13.4934],[38.1452,13.4717],[38.1299,13.4847],[38.121,13.5063],[38.1153,13.4943],[38.0829,13.4837],[38.0594,13.4672],[38.0456,13.4801],[38.0149,13.4865],[38.0081,13.5008],[37.9684,13.4937],[37.9465,13.4664],[37.9041,13.447],[37.8872,13.4534],[37.8664,13.4751],[37.8169,13.4632],[37.8119,13.4797],[37.809,13.5191],[37.7927,13.5206],[37.769,13.5626],[37.7841,13.5877],[37.7748,13.6117],[37.7761,13.6335],[37.7644,13.6184],[37.7651,13.6022],[37.7539,13.5912],[37.7461,13.5709],[37.727,13.5634],[37.7096,13.5302],[37.6987,13.4954],[37.6909,13.4847],[37.6941,13.4724],[37.6768,13.4507],[37.6566,13.4414],[37.6371,13.4139],[37.611,13.4111],[37.5672,13.3882],[37.5572,13.3903],[37.5178,13.3665],[37.4765,13.3677],[37.4405,13.3541],[37.4158,13.374],[37.3887,13.3563],[37.3652,13.3599],[37.3519,13.3426],[37.3504,13.3267],[37.3218,13.2972],[37.2806,13.2849],[37.2559,13.295],[37.2462,13.2922],[37.2398,13.2769],[37.2244,13.2747],[37.2047,13.2557],[37.1857,13.2826],[37.1503,13.3008],[37.1275,13.3051],[37.0987,13.3164],[37.0784,13.3118],[37.0656,13.3299],[37.0525,13.333],[37.0397,13.351],[37.013,13.3605],[37.0018,13.3567],[36.9645,13.3696],[36.9569,13.3624],[36.9386,13.38],[36.9297,13.3721],[36.9051,13.3882],[36.8955,13.4069],[36.8812,13.4075],[36.8437,13.4409],[36.8171,13.4465],[36.8086,13.4185],[36.7884,13.4076],[36.7622,13.3741],[36.7347,13.3631],[36.6851,13.3748],[36.6646,13.3666],[36.6491,13.3802],[36.6281,13.3819],[36.6095,13.3752],[36.5927,13.389],[36.5887,13.4028],[36.5695,13.4253],[36.5664,13.4462],[36.5788,13.4822],[36.5964,13.4891],[36.5981,13.5047],[36.5647,13.533],[36.5603,13.5633],[36.5378,13.582],[36.5196,13.5855],[36.5261,13.6065],[36.5128,13.6313],[36.5044,13.6651],[36.4984,13.6657],[36.4777,13.6935],[36.4807,13.7347],[36.4554,13.7544],[36.4535,13.763],[36.4869,13.8394]]],[[[39.8261,12.6937],[39.8201,12.6588],[39.8326,12.6344],[39.8067,12.5963],[39.8268,12.572],[39.8328,12.5499],[39.8524,12.5474],[39.8632,12.5314],[39.8682,12.4943],[39.8811,12.4845],[39.8663,12.4726],[39.882,12.467],[39.8826,12.4577],[39.8631,12.4633],[39.8334,12.4335],[39.8149,12.4071],[39.8309,12.3575],[39.8176,12.3419],[39.8176,12.324],[39.7615,12.3033],[39.7586,12.32],[39.7063,12.3062],[39.6323,12.3077],[39.6209,12.3002],[39.6251,12.288],[39.605,12.2706],[39.5919,12.271],[39.5725,12.2559],[39.5552,12.2555],[39.5433,12.265],[39.5385,12.2919],[39.5227,12.3264],[39.5074,12.3329],[39.4705,12.3214],[39.4556,12.325],[39.4195,12.2966],[39.3886,12.3005],[39.3502,12.2984],[39.3217,12.3049],[39.2909,12.2961],[39.2802,12.305],[39.2455,12.3529],[39.2399,12.3945],[39.2406,12.4322],[39.2364,12.4731],[39.2016,12.5823],[39.1857,12.6069],[39.1834,12.6303],[39.1744,12.6435],[39.1989,12.6604],[39.2308,12.6665],[39.2389,12.6631],[39.2805,12.688],[39.2855,12.7044],[39.398,12.6912],[39.4053,12.6795],[39.3967,12.6678],[39.4078,12.6383],[39.4591,12.638],[39.4783,12.6439],[39.4933,12.6558],[39.4933,12.6644],[39.5133,12.6631],[39.5372,12.6714],[39.5583,12.6644],[39.5568,12.6386],[39.5693,12.6132],[39.5546,12.6084],[39.5741,12.5728],[39.5663,12.564],[39.589,12.5574],[39.6096,12.558],[39.6158,12.55],[39.6386,12.5566],[39.6657,12.5546],[39.6672,12.5617],[39.6544,12.6353],[39.6729,12.6521],[39.7143,12.6671],[39.7328,12.6611],[39.7449,12.6674],[39.7283,12.6991],[39.7385,12.7096],[39.7628,12.7196],[39.8051,12.7177],[39.835,12.7067],[39.8261,12.6937]]],[[[38.7219,13.4081],[38.7057,13.3893],[38.6486,13.3965],[38.6224,13.4112],[38.6158,13.4514],[38.6333,13.4727],[38.6482,13.4814],[38.6756,13.4856],[38.6902,13.4777],[38.7131,13.4403],[38.7286,13.4024],[38.7219,13.4081]]]]}}]}