{"type":"FeatureCollection","features":[{"type":"Feature","properties":{"zone":"North Western","region":"Tigray","total_woredas":12,"lersha_woredas":0,"lersha_area_km2":0.0},"geometry":{"type":"Polygon","coordinates":[[[37.7608,13.8631],[37.7534,13.8747],[37.7437,13.8766],[37.7354,13.8819],[37.7349,13.8917],[37.7216,13.899],[37.7155,13.8979],[37.709,13.8905],[37.7012,13.8876],[37.6853,13.8939],[37.6765,13.9077],[37.6619,13.9158],[37.6588,13.9234],[37.6553,13.9451],[37.647,13.9546],[37.6356,13.9514],[37.6287,13.9566],[37.632,13.9638],[37.6319,13.9772],[37.6232,13.9918],[37.6222,13.9985],[37.6115,14.005],[37.6096,14.0099],[37.6239,14.0355],[37.6154,14.0396],[37.6049,14.0397],[37.6006,14.0438],[37.601,14.0541],[37.5927,14.0517],[37.5894,14.0556],[37.5911,14.0701],[37.5816,14.0793],[37.5756,14.0959],[37.5575,14.093],[37.5572,14.1045],[37.5518,14.1039],[37.5461,14.1117],[37.5301,14.1128],[37.5247,14.1298],[37.52,14.1375],[37.5203,14.1464],[37.5156,14.1603],[37.5235,14.1671],[37.5276,14.179],[37.5147,14.1839],[37.5071,14.1791],[37.4947,14.1835],[37.4962,14.1942],[37.4806,14.2023],[37.4769,14.2114],[37.4678,14.2134],[37.4655,14.2212],[37.4699,14.2337],[37.4702,14.2496],[37.4673,14.2527],[37.4461,14.2502],[37.4464,14.2607],[37.4362,14.2694],[37.4258,14.2736],[37.4127,14.2874],[37.4072,14.2867],[37.3955,14.2957],[37.3926,14.3007],[37.4031,14.3118],[37.3993,14.3234],[37.4027,14.3359],[37.3941,14.3411],[37.3818,14.34],[37.3792,14.352],[37.3881,14.3574],[37.3915,14.3653],[37.3835,14.3635],[37.3803,14.3723],[37.3736,14.3716],[37.3725,14.3803],[37.3626,14.3883],[37.3587,14.3956],[37.3478,14.4019],[37.3495,14.4132],[37.3553,14.4164],[37.3611,14.414],[37.3697,14.4193],[37.3771,14.4285],[37.3982,14.4611],[37.4033,14.4714],[37.4297,14.4802],[37.4401,14.4775],[37.4431,14.4706],[37.4711,14.4687],[37.489,14.4731],[37.5075,14.4613],[37.5248,14.46],[37.5488,14.4461],[37.5592,14.4523],[37.5725,14.4554],[37.5767,14.4679],[37.5954,14.4776],[37.6572,14.4947],[37.6707,14.5042],[37.6723,14.5217],[37.6789,14.5274],[37.698,14.5626],[37.7006,14.5789],[37.7099,14.5886],[37.7237,14.6238],[37.7415,14.6424],[37.753,14.6427],[37.7736,14.6304],[37.7827,14.6537],[37.7752,14.6785],[37.7736,14.6982],[37.7819,14.7349],[37.8048,14.7689],[37.8326,14.8052],[37.8495,14.8125],[37.8757,14.7999],[37.9021,14.81],[37.9228,14.8261],[37.9403,14.8455],[37.9453,14.8352],[37.951,14.8389],[37.9537,14.8325],[37.971,14.8304],[37.9749,14.818],[37.9745,14.8016],[37.9879,14.8079],[37.9923,14.792],[37.9942,14.7735],[37.9996,14.7754],[38.0048,14.7663],[38.0158,14.7652],[38.0215,14.755],[38.0174,14.7426],[38.0183,14.7366],[38.0301,14.7279],[38.0404,14.7166],[38.0535,14.7108],[38.0646,14.7113],[38.0779,14.7074],[38.0915,14.7066],[38.0954,14.7014],[38.1056,14.6975],[38.1092,14.6901],[38.1321,14.6785],[38.1393,14.6673],[38.1461,14.6686],[38.1503,14.6748],[38.162,14.6759],[38.1738,14.6798],[38.18,14.6766],[38.1874,14.6892],[38.2027,14.6859],[38.21,14.6868],[38.215,14.6828],[38.2282,14.6858],[38.2371,14.6831],[38.2516,14.675],[38.2611,14.6671],[38.2645,14.6388],[38.2691,14.6344],[38.2645,14.6141],[38.2711,14.6105],[38.2861,14.6075],[38.292,14.6024],[38.2931,14.5948],[38.3079,14.5851],[38.3153,14.5735],[38.3134,14.5681],[38.3152,14.5507],[38.3297,14.5315],[38.3364,14.5289],[38.3409,14.522],[38.3398,14.5137],[38.3432,14.5077],[38.3559,14.5067],[38.3561,14.4993],[38.3622,14.4868],[38.3734,14.4802],[38.3948,14.4815],[38.4015,14.465],[38.4208,14.4637],[38.4222,14.4569],[38.4327,14.4279],[38.4345,14.4178],[38.4301,14.4088],[38.4388,14.3989],[38.4377,14.3962],[38.4481,14.376],[38.4474,14.3682],[38.451,14.3567],[38.4469,14.3534],[38.4559,14.3364],[38.4505,14.3228],[38.4586,14.3139],[38.4583,14.299],[38.4629,14.2947],[38.4615,14.2861],[38.4522,14.278],[38.4574,14.2508],[38.45,14.2465],[38.4549,14.233],[38.4664,14.2284],[38.4768,14.2204],[38.4871,14.2165],[38.4957,14.2166],[38.5051,14.2081],[38.5253,14.2064],[38.5332,14.2106],[38.5432,14.2224],[38.5461,14.2112],[38.5567,14.2127],[38.5597,14.2074],[38.5646,14.2122],[38.5774,14.2056],[38.5649,14.1868],[38.5638,14.1793],[38.5571,14.1735],[38.5571,14.1667],[38.5442,14.1649],[38.551,14.1432],[38.5471,14.1369],[38.5286,14.1333],[38.5203,14.1239],[38.5037,14.1178],[38.5017,14.1093],[38.504,14.0986],[38.4957,14.0913],[38.5018,14.0871],[38.4964,14.0794],[38.5043,14.0729],[38.507,14.0646],[38.5156,14.0524],[38.5219,14.0472],[38.5065,14.0356],[38.5033,14.0297],[38.49,14.031],[38.4881,14.0193],[38.4936,14.0088],[38.4928,13.9996],[38.4996,13.9854],[38.4963,13.9687],[38.5068,13.9639],[38.5178,13.9483],[38.5274,13.9401],[38.5323,13.9309],[38.5477,13.9197],[38.5606,13.9061],[38.5556,13.8986],[38.5599,13.8957],[38.5606,13.8855],[38.5654,13.8813],[38.5607,13.8767],[38.5567,13.8655],[38.5488,13.8585],[38.5468,13.8499],[38.5389,13.8464],[38.527,13.8332],[38.5204,13.8306],[38.5209,13.8255],[38.5112,13.8112],[38.5121,13.808],[38.5013,13.7965],[38.4971,13.7888],[38.4948,13.7713],[38.4993,13.7681],[38.502,13.7542],[38.5112,13.7447],[38.5145,13.7203],[38.5222,13.7168],[38.5278,13.7065],[38.5266,13.6974],[38.5304,13.6873],[38.5224,13.684],[38.5108,13.6896],[38.5052,13.6969],[38.4936,13.6964],[38.481,13.7049],[38.4744,13.7193],[38.4618,13.7216],[38.446,13.737],[38.4371,13.7395],[38.4175,13.7499],[38.4073,13.7592],[38.3932,13.784],[38.3809,13.7861],[38.373,13.7917],[38.3703,13.8013],[38.3615,13.8064],[38.3488,13.805],[38.339,13.8066],[38.3284,13.8035],[38.3154,13.8058],[38.3128,13.7942],[38.2904,13.7696],[38.2746,13.7663],[38.2572,13.7545],[38.2448,13.7416],[38.2354,13.7384],[38.2243,13.7273],[38.2065,13.7286],[38.1953,13.7338],[38.1835,13.7296],[38.1767,13.7366],[38.1589,13.74],[38.1535,13.7458],[38.1426,13.7481],[38.136,13.7433],[38.1083,13.7452],[38.0963,13.7417],[38.0788,13.746],[38.0733,13.7501],[38.0585,13.754],[38.0394,13.7537],[38.0301,13.7496],[38.0237,13.7408],[38.0139,13.7407],[38.0131,13.7537],[38.0011,13.7665],[37.9964,13.7967],[37.9793,13.8043],[37.9752,13.8082],[37.9758,13.8162],[37.9628,13.8283],[37.9383,13.8287],[37.9202,13.8393],[37.9106,13.8474],[37.9042,13.8672],[37.9026,13.8813],[37.8912,13.8855],[37.8799,13.8795],[37.8677,13.8762],[37.8643,13.8667],[37.8517,13.8681],[37.847,13.8777],[37.8395,13.8786],[37.829,13.8749],[37.8225,13.8653],[37.8158,13.8642],[37.7998,13.8721],[37.7905,13.864],[37.7679,13.8566],[37.7608,13.8631]]]}},{"type":"Feature","properties":{"zone":"Central","region":"Tigray","total_woredas":22,"lersha_woredas":0,"lersha_area_km2":0.0},"geometry":{"type":"Polygon","coordinates":[[[39.0167,13.1787],[38.9974,13.2034],[38.9848,13.2028],[38.9648,13.2078],[38.9558,13.212],[38.9517,13.2375],[38.9296,13.2357],[38.9133,13.2245],[38.8932,13.2234],[38.8762,13.2205],[38.8631,13.2095],[38.8503,13.2145],[38.8339,13.2319],[38.8191,13.2347],[38.8007,13.2473],[38.7897,13.2501],[38.7792,13.2494],[38.7433,13.265],[38.7316,13.2623],[38.7299,13.2692],[38.7401,13.2868],[38.7395,13.2935],[38.7352,13.3024],[38.741,13.3074],[38.7382,13.3123],[38.7369,13.3303],[38.7418,13.3398],[38.7337,13.3498],[38.7302,13.3654],[38.7372,13.3777],[38.7333,13.3841],[38.7331,13.3988],[38.7286,13.4024],[38.7306,13.409],[38.7235,13.4103],[38.7221,13.42],[38.7129,13.4347],[38.7131,13.4403],[38.7061,13.4463],[38.7053,13.4524],[38.6902,13.4777],[38.6801,13.4862],[38.6756,13.4856],[38.676,13.4976],[38.6725,13.5092],[38.6622,13.5312],[38.6691,13.5361],[38.6608,13.5582],[38.6398,13.5779],[38.6352,13.6029],[38.6219,13.6138],[38.6149,13.6316],[38.5967,13.6502],[38.5795,13.6508],[38.573,13.6532],[38.5662,13.6628],[38.5304,13.6873],[38.5266,13.6974],[38.5278,13.7065],[38.5222,13.7168],[38.5145,13.7203],[38.5112,13.7447],[38.502,13.7542],[38.4993,13.7681],[38.4948,13.7713],[38.4971,13.7888],[38.5013,13.7965],[38.5121,13.808],[38.5112,13.8112],[38.5209,13.8255],[38.5204,13.8306],[38.527,13.8332],[38.5389,13.8464],[38.5468,13.8499],[38.5488,13.8585],[38.5567,13.8655],[38.5607,13.8767],[38.5654,13.8813],[38.5606,13.8855],[38.5599,13.8957],[38.5556,13.8986],[38.5606,13.9061],[38.5477,13.9197],[38.5323,13.9309],[38.5274,13.9401],[38.5178,13.9483],[38.5068,13.9639],[38.4963,13.9687],[38.4996,13.9854],[38.4928,13.9996],[38.4936,14.0088],[38.4881,14.0193],[38.49,14.031],[38.5033,14.0297],[38.5065,14.0356],[38.5219,14.0472],[38.5156,14.0524],[38.507,14.0646],[38.5043,14.0729],[38.4964,14.0794],[38.5018,14.0871],[38.4957,14.0913],[38.504,14.0986],[38.5017,14.1093],[38.5037,14.1178],[38.5203,14.1239],[38.5286,14.1333],[38.5471,14.1369],[38.551,14.1432],[38.5442,14.1649],[38.5571,14.1667],[38.5571,14.1735],[38.5638,14.1793],[38.5649,14.1868],[38.5774,14.2056],[38.5646,14.2122],[38.5597,14.2074],[38.5567,14.2127],[38.5461,14.2112],[38.5432,14.2224],[38.5332,14.2106],[38.5253,14.2064],[38.5051,14.2081],[38.4957,14.2166],[38.4871,14.2165],[38.4768,14.2204],[38.4664,14.2284],[38.4549,14.233],[38.45,14.2465],[38.4574,14.2508],[38.4522,14.278],[38.4615,14.2861],[38.4629,14.2947],[38.4583,14.299],[38.4586,14.3139],[38.4505,14.3228],[38.4559,14.3364],[38.4469,14.3534],[38.451,14.3567],[38.4474,14.3682],[38.4481,14.376],[38.4377,14.3962],[38.4388,14.3989],[38.4301,14.4088],[38.4345,14.4178],[38.4327,14.4279],[38.4427,14.4222],[38.4474,14.4104],[38.4562,14.4094],[38.4723,14.4131],[38.4837,14.4182],[38.4986,14.4119],[38.506,14.4133],[38.5159,14.4051],[38.5269,14.4148],[38.5436,14.4225],[38.5611,14.426],[38.5721,14.433],[38.5944,14.4386],[38.6083,14.4386],[38.6158,14.4335],[38.6313,14.4405],[38.6391,14.4395],[38.6542,14.445],[38.6616,14.4455],[38.6649,14.4504],[38.6751,14.453],[38.6872,14.4602],[38.7029,14.4653],[38.7158,14.461],[38.7305,14.4589],[38.7502,14.4651],[38.7748,14.4669],[38.794,14.4632],[38.8152,14.4743],[38.8167,14.4819],[38.8352,14.4853],[38.8484,14.4957],[38.8642,14.494],[38.9049,14.5012],[38.921,14.5113],[38.9373,14.5321],[38.9496,14.5311],[38.9541,14.536],[38.9747,14.5416],[38.9809,14.5527],[38.9939,14.5656],[39.0012,14.5858],[39.01,14.5903],[39.0127,14.6034],[39.0085,14.6162],[39.0235,14.6324],[39.0287,14.6345],[39.0414,14.6316],[39.0484,14.6355],[39.0615,14.6363],[39.0753,14.6334],[39.0807,14.6365],[39.0868,14.6333],[39.0976,14.6334],[39.1044,14.63],[39.114,14.6176],[39.1247,14.6134],[39.1575,14.6203],[39.1695,14.6198],[39.1871,14.616],[39.2003,14.611],[39.2159,14.5915],[39.2215,14.5725],[39.2265,14.5682],[39.2386,14.5659],[39.2385,14.5476],[39.2323,14.5403],[39.2315,14.5192],[39.2167,14.4961],[39.2085,14.4931],[39.2191,14.4782],[39.221,14.4538],[39.2242,14.4433],[39.2318,14.4308],[39.2398,14.4116],[39.2466,14.4054],[39.2387,14.3918],[39.234,14.3691],[39.2416,14.368],[39.248,14.3628],[39.246,14.351],[39.2417,14.3486],[39.2472,14.3396],[39.2422,14.3349],[39.2397,14.3094],[39.2345,14.3113],[39.2195,14.3068],[39.2217,14.3002],[39.2333,14.2981],[39.2334,14.305],[39.2396,14.3016],[39.2444,14.2909],[39.2385,14.2852],[39.2335,14.2699],[39.2292,14.2666],[39.236,14.2606],[39.2382,14.2535],[39.2502,14.2481],[39.2601,14.2358],[39.2613,14.2176],[39.2549,14.2084],[39.2833,14.1737],[39.293,14.1661],[39.2991,14.1578],[39.3237,14.1373],[39.3264,14.1272],[39.3399,14.1088],[39.3397,14.1017],[39.3446,14.0974],[39.3448,14.0876],[39.3353,14.0758],[39.3344,14.052],[39.3295,14.0452],[39.3264,14.0325],[39.3142,14.0197],[39.3174,14.015],[39.3119,14.0071],[39.3064,13.9925],[39.2955,13.9908],[39.2947,13.9854],[39.2798,13.9754],[39.2736,13.9642],[39.2623,13.9646],[39.2606,13.9594],[39.2535,13.9575],[39.2441,13.9437],[39.246,13.9373],[39.24,13.9358],[39.238,13.93],[39.231,13.9274],[39.2315,13.9209],[39.2253,13.9195],[39.2214,13.9086],[39.2012,13.9002],[39.1941,13.8951],[39.2014,13.8788],[39.2143,13.8651],[39.2189,13.867],[39.222,13.8508],[39.2243,13.8525],[39.2276,13.8323],[39.2237,13.8133],[39.2185,13.8044],[39.2201,13.798],[39.2194,13.7926],[39.2246,13.7815],[39.2152,13.7683],[39.2066,13.7651],[39.19,13.765],[39.1939,13.7503],[39.1831,13.741],[39.1822,13.7496],[39.177,13.7518],[39.1716,13.744],[39.1661,13.743],[39.1695,13.7368],[39.1655,13.7232],[39.1581,13.7244],[39.1554,13.7187],[39.1408,13.713],[39.1375,13.7005],[39.1322,13.7028],[39.1175,13.6964],[39.1129,13.6996],[39.1027,13.6939],[39.0962,13.6961],[39.0784,13.7093],[39.0691,13.7058],[39.0743,13.6972],[39.0741,13.6883],[39.0636,13.667],[39.0636,13.6523],[39.06,13.6484],[39.0594,13.6361],[39.0379,13.6311],[39.0301,13.6227],[39.0203,13.6179],[39.0264,13.6112],[39.032,13.6119],[39.0378,13.6052],[39.0475,13.5999],[39.0607,13.6016],[39.0659,13.6178],[39.0742,13.6109],[39.0951,13.6051],[39.1005,13.5969],[39.0882,13.5897],[39.0916,13.5848],[39.1004,13.5861],[39.1067,13.5791],[39.1128,13.5776],[39.1163,13.5711],[39.1247,13.5689],[39.1339,13.561],[39.1484,13.5634],[39.159,13.5611],[39.1483,13.5499],[39.1445,13.5368],[39.1389,13.5303],[39.1376,13.5223],[39.1286,13.5123],[39.1232,13.4981],[39.1281,13.4866],[39.1258,13.4785],[39.1172,13.4788],[39.1133,13.4882],[39.1069,13.48],[39.1041,13.4878],[39.0934,13.4841],[39.0929,13.4756],[39.0815,13.4774],[39.0836,13.4679],[39.0697,13.4703],[39.0592,13.4552],[39.046,13.4498],[39.0234,13.4591],[39.0244,13.4513],[39.02,13.4437],[39.0206,13.4348],[39.0274,13.414],[39.0254,13.4062],[39.03,13.4023],[39.0268,13.3947],[39.0318,13.3837],[39.0284,13.3772],[39.0336,13.3683],[39.0455,13.3614],[39.0447,13.351],[39.0577,13.3342],[39.066,13.3277],[39.0529,13.3156],[39.0496,13.297],[39.0418,13.29],[39.0503,13.2895],[39.0522,13.284],[39.0743,13.2952],[39.0829,13.2826],[39.0954,13.2802],[39.0918,13.2653],[39.0936,13.2488],[39.1013,13.2378],[39.0942,13.2241],[39.0749,13.2201],[39.0688,13.1993],[39.057,13.205],[39.0508,13.2008],[39.045,13.1899],[39.0475,13.1833],[39.0434,13.1742],[39.036,13.1699],[39.0167,13.1787]]]}},{"type":"Feature","properties":{"zone":"Eastern","region":"Tigray","total_woredas":18,"lersha_woredas":0,"lersha_area_km2":0.0},"geometry":{"type":"Polygon","coordinates":[[[39.2185,13.8044],[39.2237,13.8133],[39.2276,13.8323],[39.2243,13.8525],[39.222,13.8508],[39.2189,13.867],[39.2143,13.8651],[39.2014,13.8788],[39.1941,13.8951],[39.2012,13.9002],[39.2214,13.9086],[39.2253,13.9195],[39.2315,13.9209],[39.231,13.9274],[39.238,13.93],[39.24,13.9358],[39.246,13.9373],[39.2441,13.9437],[39.2535,13.9575],[39.2606,13.9594],[39.2623,13.9646],[39.2736,13.9642],[39.2798,13.9754],[39.2947,13.9854],[39.2955,13.9908],[39.3064,13.9925],[39.3119,14.0071],[39.3174,14.015],[39.3142,14.0197],[39.3264,14.0325],[39.3295,14.0452],[39.3344,14.052],[39.3353,14.0758],[39.3448,14.0876],[39.3446,14.0974],[39.3397,14.1017],[39.3399,14.1088],[39.3264,14.1272],[39.3237,14.1373],[39.2991,14.1578],[39.293,14.1661],[39.2833,14.1737],[39.2549,14.2084],[39.2613,14.2176],[39.2601,14.2358],[39.2502,14.2481],[39.2382,14.2535],[39.236,14.2606],[39.2292,14.2666],[39.2335,14.2699],[39.2385,14.2852],[39.2444,14.2909],[39.2396,14.3016],[39.2334,14.305],[39.2333,14.2981],[39.2217,14.3002],[39.2195,14.3068],[39.2345,14.3113],[39.2397,14.3094],[39.2422,14.3349],[39.2472,14.3396],[39.2417,14.3486],[39.246,14.351],[39.248,14.3628],[39.2416,14.368],[39.234,14.3691],[39.2387,14.3918],[39.2466,14.4054],[39.2497,14.3923],[39.2607,14.3931],[39.2758,14.4022],[39.2902,14.4047],[39.2929,14.4106],[39.3008,14.4114],[39.2979,14.4242],[39.2977,14.4362],[39.3148,14.4376],[39.3233,14.45],[39.3178,14.4528],[39.3224,14.459],[39.3163,14.4598],[39.3138,14.4789],[39.33,14.4804],[39.3235,14.4924],[39.324,14.4983],[39.34,14.5113],[39.3534,14.505],[39.3647,14.4963],[39.3711,14.4946],[39.3646,14.5058],[39.3686,14.5187],[39.3646,14.534],[39.3687,14.5383],[39.3836,14.5358],[39.3985,14.5382],[39.4122,14.531],[39.4282,14.5307],[39.4291,14.5244],[39.4355,14.5193],[39.4533,14.5269],[39.4521,14.5109],[39.4571,14.5072],[39.4693,14.5156],[39.4678,14.5084],[39.4726,14.4983],[39.4851,14.5014],[39.4933,14.5095],[39.5004,14.5438],[39.4944,14.5644],[39.4917,14.5825],[39.4778,14.5976],[39.4775,14.6036],[39.4901,14.625],[39.4866,14.6402],[39.4971,14.6543],[39.5027,14.677],[39.51,14.6718],[39.5158,14.6771],[39.5303,14.671],[39.5555,14.6688],[39.5752,14.6699],[39.5912,14.6621],[39.6058,14.6471],[39.6227,14.6359],[39.6288,14.6088],[39.6377,14.5984],[39.6574,14.5898],[39.6665,14.5922],[39.6803,14.5888],[39.6968,14.569],[39.699,14.562],[39.7093,14.5514],[39.7152,14.5517],[39.7288,14.5468],[39.7503,14.5452],[39.7668,14.5408],[39.7685,14.5332],[39.7854,14.5111],[39.7915,14.5063],[39.7926,14.5002],[39.801,14.4992],[39.8132,14.4824],[39.82,14.479],[39.8313,14.4849],[39.8468,14.4745],[39.8566,14.472],[39.8619,14.4658],[39.8726,14.4619],[39.8798,14.4521],[39.8905,14.4436],[39.8952,14.4359],[39.9238,14.415],[39.9385,14.4087],[39.9499,14.4106],[39.9714,14.4263],[39.9715,14.4316],[39.9809,14.4408],[39.9843,14.4323],[39.9796,14.4099],[39.9817,14.3938],[39.9908,14.382],[39.9798,14.371],[39.9722,14.3702],[39.9503,14.3604],[39.9385,14.3614],[39.9163,14.3703],[39.9083,14.3654],[39.8955,14.3706],[39.8531,14.3671],[39.8546,14.3732],[39.8381,14.3805],[39.82,14.3825],[39.8009,14.3872],[39.7877,14.3787],[39.772,14.3739],[39.7749,14.3514],[39.7797,14.3358],[39.7792,14.3305],[39.7713,14.3199],[39.7626,14.3187],[39.7453,14.3086],[39.7262,14.303],[39.7268,14.294],[39.742,14.2813],[39.7576,14.2772],[39.7559,14.25],[39.7573,14.2398],[39.7422,14.2349],[39.7065,14.2421],[39.6941,14.2413],[39.6879,14.2313],[39.6857,14.2162],[39.6723,14.2003],[39.6639,14.1969],[39.6584,14.1987],[39.65,14.1886],[39.6578,14.1824],[39.6735,14.1777],[39.682,14.1647],[39.715,14.1563],[39.7209,14.157],[39.7495,14.1518],[39.7671,14.14],[39.7754,14.1391],[39.7978,14.1425],[39.8095,14.1516],[39.8268,14.155],[39.8376,14.1542],[39.8382,14.1265],[39.8431,14.1094],[39.8432,14.0899],[39.8483,14.078],[39.844,14.0503],[39.8547,14.031],[39.8663,14.0216],[39.8823,14.0161],[39.8859,14.0122],[39.8685,13.9922],[39.8691,13.9829],[39.8586,13.9732],[39.8592,13.9658],[39.8356,13.9756],[39.8157,13.9682],[39.8128,13.9602],[39.8017,13.9456],[39.8176,13.9426],[39.8279,13.9316],[39.8261,13.9214],[39.8333,13.9184],[39.8335,13.9078],[39.8294,13.8996],[39.8282,13.888],[39.829,13.8685],[39.8378,13.8642],[39.8363,13.8541],[39.8411,13.8471],[39.8422,13.8384],[39.8337,13.8214],[39.8363,13.8114],[39.8415,13.8035],[39.8523,13.7949],[39.8537,13.7862],[39.8532,13.7665],[39.8638,13.7551],[39.8742,13.7494],[39.8841,13.7482],[39.876,13.7382],[39.8746,13.7105],[39.8777,13.706],[39.8762,13.6803],[39.8674,13.6583],[39.8686,13.6435],[39.8665,13.6269],[39.8696,13.6095],[39.865,13.6027],[39.8676,13.5838],[39.8639,13.5482],[39.8533,13.5541],[39.8163,13.5578],[39.8038,13.5537],[39.7938,13.5557],[39.7836,13.5634],[39.763,13.5713],[39.7464,13.5708],[39.7478,13.5739],[39.7309,13.5872],[39.7227,13.5897],[39.7198,13.5965],[39.6853,13.6135],[39.6851,13.6049],[39.6762,13.6017],[39.6589,13.5864],[39.648,13.568],[39.6334,13.5605],[39.63,13.5741],[39.622,13.5869],[39.621,13.5944],[39.6094,13.6038],[39.5981,13.5941],[39.5932,13.584],[39.5871,13.5793],[39.576,13.5774],[39.5584,13.5829],[39.5564,13.5913],[39.5446,13.6033],[39.5301,13.594],[39.5316,13.6009],[39.5252,13.598],[39.5233,13.6038],[39.5163,13.6054],[39.5169,13.6127],[39.508,13.6209],[39.4978,13.6241],[39.4931,13.6164],[39.4783,13.6264],[39.4786,13.6405],[39.465,13.644],[39.4567,13.633],[39.4445,13.6215],[39.4352,13.623],[39.4264,13.6129],[39.4246,13.6189],[39.4159,13.6178],[39.4149,13.6234],[39.4037,13.6257],[39.4144,13.6411],[39.4091,13.6643],[39.41,13.6723],[39.4035,13.6727],[39.3932,13.6783],[39.3797,13.6757],[39.3682,13.6657],[39.3607,13.6651],[39.3546,13.6693],[39.339,13.6691],[39.3326,13.664],[39.3159,13.6682],[39.3152,13.6778],[39.308,13.682],[39.3074,13.6914],[39.2953,13.7004],[39.2933,13.7052],[39.2785,13.7078],[39.2621,13.6998],[39.2589,13.7045],[39.2463,13.7092],[39.2528,13.7176],[39.2437,13.729],[39.239,13.7304],[39.2343,13.7425],[39.2378,13.7525],[39.2376,13.7661],[39.2402,13.7762],[39.2375,13.7943],[39.2243,13.7995],[39.2201,13.798],[39.2185,13.8044]]]}},{"type":"Feature","properties":{"zone":"Southern","region":"Tigray","total_woredas":8,"lersha_woredas":0,"lersha_area_km2":0.0},"geometry":{"type":"Polygon","coordinates":[[[39.8251,12.7135],[39.8051,12.7177],[39.7628,12.7196],[39.7385,12.7096],[39.7283,12.6991],[39.7449,12.6674],[39.7328,12.6611],[39.7143,12.6671],[39.7034,12.6649],[39.6975,12.6582],[39.6729,12.6521],[39.6608,12.6383],[39.6544,12.6353],[39.6595,12.6152],[39.6609,12.5994],[39.6672,12.5617],[39.6657,12.5546],[39.6491,12.5524],[39.6386,12.5566],[39.6158,12.55],[39.6096,12.558],[39.5998,12.5561],[39.5933,12.5599],[39.589,12.5574],[39.5663,12.564],[39.5741,12.5728],[39.5726,12.582],[39.5639,12.587],[39.5633,12.5947],[39.5546,12.6084],[39.5575,12.6135],[39.5693,12.6132],[39.5619,12.628],[39.564,12.6336],[39.5568,12.6386],[39.5621,12.6515],[39.555,12.6557],[39.5583,12.6644],[39.5482,12.6707],[39.5372,12.6714],[39.5244,12.6651],[39.5133,12.6631],[39.5046,12.6658],[39.4933,12.6644],[39.4933,12.6558],[39.4852,12.6516],[39.4783,12.6439],[39.4639,12.6421],[39.4591,12.638],[39.419,12.637],[39.4078,12.6383],[39.3997,12.6522],[39.3967,12.6678],[39.4053,12.6795],[39.398,12.6912],[39.3839,12.6937],[39.3696,12.6932],[39.3502,12.6955],[39.3322,12.6994],[39.3281,12.6981],[39.3219,12.7043],[39.3175,12.6993],[39.3023,12.7022],[39.2917,12.7015],[39.2855,12.7044],[39.2695,12.7232],[39.2739,12.7266],[39.2809,12.7433],[39.2789,12.7585],[39.2677,12.7713],[39.2758,12.7878],[39.2957,12.7855],[39.3036,12.7933],[39.3072,12.8117],[39.2777,12.826],[39.2904,12.8379],[39.3101,12.8522],[39.3068,12.8663],[39.2949,12.8709],[39.279,12.8562],[39.2753,12.8673],[39.2631,12.8941],[39.2587,12.9147],[39.2508,12.918],[39.2331,12.9167],[39.2365,12.9227],[39.2388,12.9398],[39.236,12.9578],[39.2407,12.9635],[39.2335,12.9754],[39.2223,12.9799],[39.2164,12.9907],[39.2213,13.0084],[39.2333,13.0106],[39.2428,13.0167],[39.2486,13.0168],[39.2611,13.0258],[39.2716,13.0267],[39.2814,13.0183],[39.2871,13.0222],[39.2901,13.0303],[39.3005,13.0326],[39.3047,13.0401],[39.3009,13.0513],[39.3064,13.052],[39.3085,13.061],[39.3149,13.0648],[39.3217,13.0825],[39.3322,13.0892],[39.3359,13.0958],[39.3461,13.1003],[39.3551,13.0909],[39.3642,13.0854],[39.3787,13.0812],[39.3878,13.0822],[39.3985,13.0649],[39.413,13.0587],[39.4146,13.0423],[39.437,13.0268],[39.4442,13.028],[39.4479,13.0167],[39.4535,13.0108],[39.4518,12.9978],[39.4687,12.9879],[39.4897,12.9845],[39.4972,12.99],[39.4963,12.9973],[39.4888,13.0097],[39.482,13.0133],[39.4827,13.0216],[39.4704,13.0295],[39.4749,13.0359],[39.4861,13.0385],[39.4959,13.0353],[39.502,13.0411],[39.5135,13.0462],[39.5336,13.0415],[39.5308,13.0357],[39.5347,13.0251],[39.5394,13.0224],[39.5459,13.0113],[39.5542,13.0063],[39.5595,12.9934],[39.5636,12.9922],[39.5747,12.9765],[39.5839,12.9694],[39.5829,12.9655],[39.5912,12.9636],[39.5986,12.9666],[39.609,12.9488],[39.6077,12.937],[39.6132,12.9299],[39.6155,12.9175],[39.624,12.9042],[39.6384,12.9076],[39.6519,12.9079],[39.6622,12.9117],[39.6649,12.9075],[39.6748,12.9047],[39.6872,12.9074],[39.6959,12.9055],[39.7093,12.8971],[39.713,12.8886],[39.7498,12.8828],[39.7604,12.8867],[39.7646,12.8931],[39.7732,12.8971],[39.7756,12.9047],[39.7828,12.9132],[39.7851,12.9222],[39.7995,12.9344],[39.8044,12.933],[39.8205,12.9438],[39.8298,12.94],[39.838,12.9409],[39.8377,12.9355],[39.8449,12.9253],[39.8557,12.9277],[39.8726,12.9425],[39.8864,12.9309],[39.9042,12.9218],[39.9064,12.9143],[39.9252,12.8938],[39.9294,12.8744],[39.9412,12.8613],[39.9525,12.8369],[39.9608,12.8286],[39.9695,12.8141],[39.9726,12.7974],[39.978,12.7922],[39.9633,12.7822],[39.9427,12.7715],[39.9276,12.7671],[39.9196,12.7669],[39.899,12.7623],[39.8886,12.7558],[39.8698,12.7339],[39.8676,12.7237],[39.8394,12.7133],[39.835,12.7067],[39.8251,12.7135]]]}},{"type":"Feature","properties":{"zone":"South Eastern","region":"Tigray","total_woredas":8,"lersha_woredas":2,"lersha_area_km2":1613.0},"geometry":{"type":"Polygon","coordinates":[[[39.8557,12.9277],[39.8449,12.9253],[39.8377,12.9355],[39.838,12.9409],[39.8298,12.94],[39.8205,12.9438],[39.8044,12.933],[39.7995,12.9344],[39.7851,12.9222],[39.7828,12.9132],[39.7756,12.9047],[39.7732,12.8971],[39.7646,12.8931],[39.7604,12.8867],[39.7498,12.8828],[39.713,12.8886],[39.7093,12.8971],[39.6959,12.9055],[39.6872,12.9074],[39.6748,12.9047],[39.6649,12.9075],[39.6622,12.9117],[39.6519,12.9079],[39.6384,12.9076],[39.624,12.9042],[39.6155,12.9175],[39.6132,12.9299],[39.6077,12.937],[39.609,12.9488],[39.5986,12.9666],[39.5912,12.9636],[39.5829,12.9655],[39.5839,12.9694],[39.5747,12.9765],[39.5636,12.9922],[39.5595,12.9934],[39.5542,13.0063],[39.5459,13.0113],[39.5394,13.0224],[39.5347,13.0251],[39.5308,13.0357],[39.5336,13.0415],[39.5135,13.0462],[39.502,13.0411],[39.4959,13.0353],[39.4861,13.0385],[39.4749,13.0359],[39.4704,13.0295],[39.4827,13.0216],[39.482,13.0133],[39.4888,13.0097],[39.4963,12.9973],[39.4972,12.99],[39.4897,12.9845],[39.4687,12.9879],[39.4518,12.9978],[39.4535,13.0108],[39.4479,13.0167],[39.4442,13.028],[39.437,13.0268],[39.4146,13.0423],[39.413,13.0587],[39.3985,13.0649],[39.3878,13.0822],[39.3787,13.0812],[39.3642,13.0854],[39.3551,13.0909],[39.3461,13.1003],[39.3359,13.0958],[39.3322,13.0892],[39.3217,13.0825],[39.3149,13.0648],[39.3085,13.061],[39.3064,13.052],[39.3009,13.0513],[39.3047,13.0401],[39.3005,13.0326],[39.2901,13.0303],[39.2871,13.0222],[39.2814,13.0183],[39.2716,13.0267],[39.2611,13.0258],[39.2486,13.0168],[39.2428,13.0167],[39.2333,13.0106],[39.2213,13.0084],[39.2164,12.9907],[39.2223,12.9799],[39.2335,12.9754],[39.2407,12.9635],[39.236,12.9578],[39.2388,12.9398],[39.2365,12.9227],[39.2331,12.9167],[39.2153,12.9221],[39.2033,12.9289],[39.1928,12.9281],[39.1748,12.9382],[39.1635,12.9484],[39.1548,12.9498],[39.1419,12.9558],[39.1191,12.9609],[39.1005,12.9588],[39.0829,12.9593],[39.0741,12.9761],[39.0536,12.9907],[39.0446,12.9934],[39.0343,13.0005],[39.0002,13.0034],[38.9945,13.0117],[39.0043,13.0234],[39.0001,13.0389],[38.994,13.0453],[38.9905,13.0628],[38.9898,13.0813],[38.9786,13.099],[39.0102,13.114],[39.0202,13.1269],[39.0369,13.1342],[39.0426,13.1556],[39.036,13.1699],[39.0434,13.1742],[39.0475,13.1833],[39.045,13.1899],[39.0508,13.2008],[39.057,13.205],[39.0688,13.1993],[39.0749,13.2201],[39.0942,13.2241],[39.1013,13.2378],[39.0936,13.2488],[39.0918,13.2653],[39.0954,13.2802],[39.0829,13.2826],[39.0743,13.2952],[39.0522,13.284],[39.0503,13.2895],[39.0418,13.29],[39.0496,13.297],[39.0529,13.3156],[39.066,13.3277],[39.0577,13.3342],[39.0447,13.351],[39.0455,13.3614],[39.0336,13.3683],[39.0284,13.3772],[39.0318,13.3837],[39.0268,13.3947],[39.03,13.4023],[39.0254,13.4062],[39.0274,13.414],[39.0206,13.4348],[39.02,13.4437],[39.0244,13.4513],[39.0234,13.4591],[39.046,13.4498],[39.0592,13.4552],[39.0697,13.4703],[39.0836,13.4679],[39.0815,13.4774],[39.0929,13.4756],[39.0934,13.4841],[39.1041,13.4878],[39.1069,13.48],[39.1133,13.4882],[39.1172,13.4788],[39.1258,13.4785],[39.1281,13.4866],[39.1232,13.4981],[39.1286,13.5123],[39.1376,13.5223],[39.1389,13.5303],[39.1445,13.5368],[39.1483,13.5499],[39.159,13.5611],[39.1484,13.5634],[39.1339,13.561],[39.1247,13.5689],[39.1163,13.5711],[39.1128,13.5776],[39.1067,13.5791],[39.1004,13.5861],[39.0916,13.5848],[39.0882,13.5897],[39.1005,13.5969],[39.0951,13.6051],[39.0742,13.6109],[39.0659,13.6178],[39.0607,13.6016],[39.0475,13.5999],[39.0378,13.6052],[39.032,13.6119],[39.0264,13.6112],[39.0203,13.6179],[39.0301,13.6227],[39.0379,13.6311],[39.0594,13.6361],[39.06,13.6484],[39.0636,13.6523],[39.0636,13.667],[39.0741,13.6883],[39.0743,13.6972],[39.0691,13.7058],[39.0784,13.7093],[39.0962,13.6961],[39.1027,13.6939],[39.1129,13.6996],[39.1175,13.6964],[39.1322,13.7028],[39.1375,13.7005],[39.1408,13.713],[39.1554,13.7187],[39.1581,13.7244],[39.1655,13.7232],[39.1695,13.7368],[39.1661,13.743],[39.1716,13.744],[39.177,13.7518],[39.1822,13.7496],[39.1831,13.741],[39.1939,13.7503],[39.19,13.765],[39.2066,13.7651],[39.2152,13.7683],[39.2246,13.7815],[39.2194,13.7926],[39.2201,13.798],[39.2243,13.7995],[39.2375,13.7943],[39.2402,13.7762],[39.2376,13.7661],[39.2378,13.7525],[39.2343,13.7425],[39.239,13.7304],[39.2437,13.729],[39.2528,13.7176],[39.2463,13.7092],[39.2589,13.7045],[39.2621,13.6998],[39.2785,13.7078],[39.2933,13.7052],[39.2953,13.7004],[39.3074,13.6914],[39.308,13.682],[39.3152,13.6778],[39.3159,13.6682],[39.3326,13.664],[39.339,13.6691],[39.3546,13.6693],[39.3607,13.6651],[39.3682,13.6657],[39.3797,13.6757],[39.3932,13.6783],[39.4035,13.6727],[39.41,13.6723],[39.4091,13.6643],[39.4144,13.6411],[39.4037,13.6257],[39.4149,13.6234],[39.4159,13.6178],[39.4246,13.6189],[39.4264,13.6129],[39.4352,13.623],[39.4445,13.6215],[39.4567,13.633],[39.465,13.644],[39.4786,13.6405],[39.4783,13.6264],[39.4931,13.6164],[39.4978,13.6241],[39.508,13.6209],[39.5169,13.6127],[39.5163,13.6054],[39.5233,13.6038],[39.5252,13.598],[39.5316,13.6009],[39.5301,13.594],[39.5446,13.6033],[39.5564,13.5913],[39.5584,13.5829],[39.576,13.5774],[39.5871,13.5793],[39.5932,13.584],[39.5981,13.5941],[39.6094,13.6038],[39.621,13.5944],[39.622,13.5869],[39.63,13.5741],[39.6334,13.5605],[39.648,13.568],[39.6589,13.5864],[39.6762,13.6017],[39.6851,13.6049],[39.6853,13.6135],[39.7198,13.5965],[39.7227,13.5897],[39.7309,13.5872],[39.7478,13.5739],[39.7464,13.5708],[39.7395,13.5631],[39.7397,13.5473],[39.7339,13.5287],[39.7292,13.5241],[39.7234,13.5092],[39.7195,13.4757],[39.7261,13.4412],[39.7277,13.4222],[39.7339,13.4031],[39.7436,13.3889],[39.7413,13.3822],[39.7458,13.3741],[39.7295,13.3788],[39.7422,13.3575],[39.7377,13.3211],[39.7197,13.2946],[39.725,13.2883],[39.7359,13.2865],[39.7418,13.2826],[39.7586,13.2789],[39.7673,13.2853],[39.7774,13.2752],[39.7857,13.2627],[39.7872,13.2456],[39.7991,13.2275],[39.8006,13.2192],[39.8085,13.2172],[39.8038,13.1897],[39.8092,13.1767],[39.8119,13.1552],[39.8243,13.132],[39.8312,13.1125],[39.8332,13.0886],[39.848,13.0528],[39.858,13.0362],[39.8631,13.0197],[39.8604,13.0036],[39.8618,12.9938],[39.86,12.9696],[39.8624,12.962],[39.8726,12.9425],[39.8557,12.9277]],[[39.4088,13.4785],[39.3934,13.4656],[39.3992,13.4556],[39.3902,13.448],[39.3922,13.4396],[39.3888,13.4342],[39.3954,13.43],[39.404,13.4185],[39.4306,13.4074],[39.4389,13.3997],[39.45,13.4168],[39.4638,13.4074],[39.4709,13.4067],[39.4721,13.4129],[39.5048,13.415],[39.5126,13.414],[39.5278,13.4063],[39.5319,13.4014],[39.5414,13.4168],[39.5375,13.4197],[39.5492,13.4349],[39.5647,13.4397],[39.5718,13.4382],[39.5795,13.4301],[39.585,13.4125],[39.5975,13.3977],[39.5981,13.3863],[39.6048,13.3877],[39.6224,13.4006],[39.6362,13.3967],[39.6429,13.3989],[39.6453,13.4056],[39.6361,13.4164],[39.6464,13.4149],[39.6414,13.4216],[39.6202,13.4277],[39.6269,13.4315],[39.6368,13.4433],[39.6362,13.4564],[39.6279,13.4629],[39.6194,13.4737],[39.6119,13.4684],[39.6035,13.4717],[39.5952,13.4788],[39.5829,13.4836],[39.5701,13.4851],[39.5669,13.4896],[39.5737,13.4901],[39.5624,13.4955],[39.5609,13.5111],[39.5492,13.5273],[39.5397,13.5314],[39.5333,13.5424],[39.5217,13.549],[39.5182,13.5546],[39.5062,13.5585],[39.5013,13.5701],[39.4875,13.5776],[39.4834,13.5865],[39.4749,13.5953],[39.4739,13.6092],[39.4684,13.6015],[39.4643,13.5877],[39.4526,13.5797],[39.4512,13.5641],[39.4456,13.5569],[39.4467,13.5502],[39.4343,13.5467],[39.428,13.5389],[39.43,13.5302],[39.436,13.5282],[39.4319,13.5222],[39.4319,13.5123],[39.4249,13.497],[39.4384,13.4788],[39.4205,13.4802],[39.4088,13.4785]]]}},{"type":"Feature","properties":{"zone":"Mekelle","region":"Tigray","total_woredas":7,"lersha_woredas":0,"lersha_area_km2":0.0},"geometry":{"type":"Polygon","coordinates":[[[39.4384,13.4788],[39.4249,13.497],[39.4319,13.5123],[39.4319,13.5222],[39.436,13.5282],[39.43,13.5302],[39.428,13.5389],[39.4343,13.5467],[39.4467,13.5502],[39.4456,13.5569],[39.4512,13.5641],[39.4526,13.5797],[39.4643,13.5877],[39.4684,13.6015],[39.4739,13.6092],[39.4749,13.5953],[39.4834,13.5865],[39.4875,13.5776],[39.5013,13.5701],[39.5062,13.5585],[39.5182,13.5546],[39.5217,13.549],[39.5333,13.5424],[39.5397,13.5314],[39.5492,13.5273],[39.5609,13.5111],[39.5624,13.4955],[39.5737,13.4901],[39.5669,13.4896],[39.5701,13.4851],[39.5829,13.4836],[39.5952,13.4788],[39.6035,13.4717],[39.6119,13.4684],[39.6194,13.4737],[39.6279,13.4629],[39.6362,13.4564],[39.6368,13.4433],[39.6269,13.4315],[39.6202,13.4277],[39.6414,13.4216],[39.6464,13.4149],[39.6361,13.4164],[39.6453,13.4056],[39.6429,13.3989],[39.6362,13.3967],[39.6224,13.4006],[39.6048,13.3877],[39.5981,13.3863],[39.5975,13.3977],[39.585,13.4125],[39.5795,13.4301],[39.5718,13.4382],[39.5647,13.4397],[39.5492,13.4349],[39.5375,13.4197],[39.5414,13.4168],[39.5319,13.4014],[39.5278,13.4063],[39.5126,13.414],[39.5048,13.415],[39.4721,13.4129],[39.4709,13.4067],[39.4638,13.4074],[39.45,13.4168],[39.4389,13.3997],[39.4306,13.4074],[39.404,13.4185],[39.3954,13.43],[39.3888,13.4342],[39.3922,13.4396],[39.3902,13.448],[39.3992,13.4556],[39.3934,13.4656],[39.4088,13.4785],[39.4205,13.4802],[39.4384,13.4788]]]}},{"type":"Feature","properties":{"zone":"Awsi /Zone 1","region":"Afar","total_woredas":13,"lersha_woredas":0,"lersha_area_km2":0.0},"geometry":{"type":"Polygon","coordinates":[[[40.4871,11.0624],[40.4737,11.066],[40.4712,11.0713],[40.4591,11.0739],[40.4494,11.083],[40.437,11.0881],[40.4237,11.0974],[40.4158,11.1088],[40.4041,11.1178],[40.4054,11.1265],[40.3993,11.1242],[40.3729,11.1424],[40.3643,11.1515],[40.356,11.1488],[40.3481,11.1533],[40.344,11.1645],[40.3382,11.1604],[40.3294,11.1662],[40.3263,11.1617],[40.3179,11.1615],[40.3048,11.1531],[40.2979,11.1534],[40.2949,11.1487],[40.263,11.1458],[40.2483,11.1457],[40.2404,11.1398],[40.234,11.144],[40.2261,11.1348],[40.2198,11.134],[40.2182,11.149],[40.2013,11.1456],[40.1729,11.24],[40.1456,11.2556],[40.1228,11.2961],[40.1026,11.3169],[40.0712,11.3256],[40.065,11.3378],[40.0672,11.3606],[40.0702,11.3737],[40.0666,11.4321],[40.0671,11.4429],[40.0609,11.4741],[40.0549,11.4877],[40.024,11.5309],[40.0065,11.5586],[39.9933,11.5838],[39.9925,11.5974],[39.9975,11.6122],[40.0153,11.6456],[39.9941,11.6812],[39.9697,11.6645],[39.95,11.6824],[39.927,11.6986],[39.9355,11.7049],[39.9609,11.704],[39.9988,11.6879],[40.0095,11.6946],[40.0173,11.6916],[40.0274,11.6962],[40.0331,11.6953],[40.053,11.703],[40.0597,11.7103],[40.0879,11.7122],[40.1088,11.7253],[40.1235,11.7276],[40.1448,11.725],[40.1489,11.7219],[40.1636,11.7238],[40.1761,11.714],[40.1865,11.7105],[40.2032,11.7204],[40.2065,11.7255],[40.2219,11.7341],[40.2254,11.7383],[40.2416,11.7378],[40.2584,11.7464],[40.2625,11.7529],[40.2981,11.7148],[40.3146,11.7219],[40.3226,11.759],[40.3297,11.7692],[40.3543,11.6974],[40.4546,11.6652],[40.4539,11.6867],[40.4551,11.7325],[40.4535,11.7577],[40.454,11.7789],[40.4529,11.819],[40.4676,11.8271],[40.4501,11.8582],[40.4497,11.867],[40.458,11.87],[40.4676,11.8807],[40.4672,11.8851],[40.479,11.8884],[40.4843,11.8998],[40.495,11.9132],[40.5196,11.917],[40.5284,11.9167],[40.5484,11.9111],[40.5633,11.9092],[40.5678,11.9039],[40.582,11.9016],[40.6016,11.8943],[40.6206,11.8971],[40.623,11.9029],[40.6374,11.9013],[40.6459,11.9142],[40.6421,11.9256],[40.6471,11.9336],[40.6493,11.9436],[40.6419,11.9581],[40.6302,11.9896],[40.6283,11.9978],[40.6364,12.0096],[40.6363,12.0169],[40.6457,12.0186],[40.6508,12.0159],[40.6448,12.0325],[40.6617,12.0463],[40.6611,12.0512],[40.6707,12.0606],[40.6696,12.0739],[40.6739,12.0792],[40.6652,12.0938],[40.656,12.122],[40.6562,12.1309],[40.6473,12.14],[40.6329,12.1623],[40.6372,12.1635],[40.632,12.1713],[40.6285,12.1862],[40.6298,12.1951],[40.6204,12.2107],[40.621,12.2244],[40.5961,12.2832],[40.6591,12.3149],[40.7135,12.3664],[40.7384,12.3893],[40.757,12.4103],[40.7676,12.4245],[40.7819,12.4386],[40.8028,12.4619],[40.8192,12.4787],[40.8348,12.5095],[40.8454,12.5344],[40.8892,12.6273],[40.9024,12.675],[40.9151,12.7183],[40.8952,12.7418],[40.8937,12.7677],[40.8884,12.7883],[40.891,12.8032],[40.9006,12.802],[40.9466,12.7811],[40.9633,12.7748],[41.0078,12.7552],[41.0283,12.7454],[41.0944,12.7475],[41.1347,12.7532],[41.182,12.7304],[41.1852,12.7026],[41.1846,12.6879],[41.2101,12.6802],[41.2873,12.6515],[41.3304,12.6275],[41.3776,12.6025],[41.413,12.5821],[41.4282,12.5942],[41.4473,12.6124],[41.4683,12.6293],[41.4634,12.6546],[41.4588,12.685],[41.4486,12.7432],[41.5578,12.812],[41.6247,12.8533],[41.7092,12.8421],[41.8015,12.8223],[42.0837,12.7594],[42.1209,12.7579],[42.1357,12.7459],[42.196,12.6719],[42.219,12.6404],[42.227,12.6333],[42.2424,12.6156],[42.2803,12.5564],[42.3142,12.5362],[42.3507,12.5176],[42.3997,12.4697],[42.3661,12.4303],[42.3394,12.3969],[42.3256,12.3592],[42.3083,12.3083],[42.2922,12.2939],[42.2556,12.2633],[42.1689,12.1372],[42.1272,12.0903],[42.0586,11.9758],[42.0251,11.9264],[41.9486,11.8167],[41.8914,11.7736],[41.829,11.741],[41.7981,11.6383],[41.7599,11.5079],[41.7938,11.381],[41.8119,11.2579],[41.8029,11.099],[41.8006,11.0311],[41.7897,11.0081],[41.8083,10.9853],[41.8117,10.9839],[41.7689,10.9912],[41.7634,10.9909],[41.7605,10.9819],[41.7395,10.9683],[41.7176,10.9648],[41.6995,10.9693],[41.6808,10.9639],[41.6342,10.9653],[41.5822,10.9621],[41.5184,10.9652],[41.5075,11.0894],[41.4968,11.1683],[41.4961,11.1778],[41.4865,11.2475],[41.4817,11.2897],[41.4742,11.3041],[41.4635,11.3305],[41.4559,11.3457],[41.4242,11.4479],[41.4344,11.4554],[41.4493,11.4723],[41.4395,11.4845],[41.4199,11.5187],[41.3919,11.554],[41.3104,11.58],[41.3252,11.5861],[41.3111,11.5955],[41.296,11.6129],[41.2903,11.6024],[41.2791,11.5926],[41.2661,11.5965],[41.2813,11.5136],[41.2965,11.3993],[41.273,11.3688],[41.2566,11.3597],[41.2242,11.3632],[41.2075,11.3414],[41.1268,11.3299],[41.0905,11.3269],[41.0613,11.3281],[41.0511,11.332],[41.0169,11.3356],[40.9902,11.2999],[40.967,11.2482],[40.9509,11.1982],[40.9099,11.1804],[40.874,11.1826],[40.8691,11.201],[40.8602,11.2198],[40.8621,11.2112],[40.8519,11.2078],[40.8512,11.2005],[40.8431,11.204],[40.8163,11.2031],[40.8106,11.2067],[40.8077,11.1929],[40.8062,11.1717],[40.7924,11.1691],[40.7835,11.1614],[40.7728,11.127],[40.7723,11.1082],[40.7618,11.0897],[40.7575,11.0716],[40.757,11.0544],[40.7499,11.0497],[40.7241,11.0184],[40.7118,11.0107],[40.7056,11.0102],[40.694,11.0297],[40.6861,11.0668],[40.6875,11.0849],[40.6842,11.0941],[40.6766,11.1044],[40.6628,11.1097],[40.6538,11.1087],[40.6419,11.0987],[40.6304,11.1097],[40.5995,11.1106],[40.5805,11.1039],[40.5633,11.093],[40.5343,11.0682],[40.521,11.0592],[40.5061,11.054],[40.4871,11.0624]]]}},{"type":"Feature","properties":{"zone":"Kilbati /Zone 2","region":"Afar","total_woredas":10,"lersha_woredas":0,"lersha_area_km2":0.0},"geometry":{"type":"Polygon","coordinates":[[[39.8328,12.5499],[39.8259,12.561],[39.8268,12.572],[39.8155,12.5814],[39.8067,12.5963],[39.8089,12.6034],[39.8187,12.6188],[39.8243,12.6225],[39.8326,12.6344],[39.8233,12.6457],[39.8201,12.6588],[39.8261,12.6937],[39.835,12.7067],[39.8394,12.7133],[39.8676,12.7237],[39.8698,12.7339],[39.8886,12.7558],[39.899,12.7623],[39.9196,12.7669],[39.9276,12.7671],[39.9427,12.7715],[39.9633,12.7822],[39.978,12.7922],[39.9726,12.7974],[39.9695,12.8141],[39.9608,12.8286],[39.9525,12.8369],[39.9412,12.8613],[39.9294,12.8744],[39.9252,12.8938],[39.9064,12.9143],[39.9042,12.9218],[39.8864,12.9309],[39.8726,12.9425],[39.8624,12.962],[39.86,12.9696],[39.8618,12.9938],[39.8604,13.0036],[39.8631,13.0197],[39.858,13.0362],[39.848,13.0528],[39.8332,13.0886],[39.8312,13.1125],[39.8243,13.132],[39.8119,13.1552],[39.8092,13.1767],[39.8038,13.1897],[39.8085,13.2172],[39.8006,13.2192],[39.7991,13.2275],[39.7872,13.2456],[39.7857,13.2627],[39.7774,13.2752],[39.7673,13.2853],[39.7586,13.2789],[39.7418,13.2826],[39.7359,13.2865],[39.725,13.2883],[39.7197,13.2946],[39.7377,13.3211],[39.7422,13.3575],[39.7295,13.3788],[39.7458,13.3741],[39.7413,13.3822],[39.7436,13.3889],[39.7339,13.4031],[39.7277,13.4222],[39.7261,13.4412],[39.7195,13.4757],[39.7234,13.5092],[39.7292,13.5241],[39.7339,13.5287],[39.7397,13.5473],[39.7395,13.5631],[39.7464,13.5708],[39.763,13.5713],[39.7836,13.5634],[39.7938,13.5557],[39.8038,13.5537],[39.8163,13.5578],[39.8533,13.5541],[39.8639,13.5482],[39.8676,13.5838],[39.865,13.6027],[39.8696,13.6095],[39.8665,13.6269],[39.8686,13.6435],[39.8674,13.6583],[39.8762,13.6803],[39.8777,13.706],[39.8746,13.7105],[39.876,13.7382],[39.8841,13.7482],[39.8742,13.7494],[39.8638,13.7551],[39.8532,13.7665],[39.8537,13.7862],[39.8523,13.7949],[39.8415,13.8035],[39.8363,13.8114],[39.8337,13.8214],[39.8422,13.8384],[39.8411,13.8471],[39.8363,13.8541],[39.8378,13.8642],[39.829,13.8685],[39.8282,13.888],[39.8294,13.8996],[39.8335,13.9078],[39.8333,13.9184],[39.8261,13.9214],[39.8279,13.9316],[39.8176,13.9426],[39.8017,13.9456],[39.8128,13.9602],[39.8157,13.9682],[39.8356,13.9756],[39.8592,13.9658],[39.8586,13.9732],[39.8691,13.9829],[39.8685,13.9922],[39.8859,14.0122],[39.8823,14.0161],[39.8663,14.0216],[39.8547,14.031],[39.844,14.0503],[39.8483,14.078],[39.8432,14.0899],[39.8431,14.1094],[39.8382,14.1265],[39.8376,14.1542],[39.8268,14.155],[39.8095,14.1516],[39.7978,14.1425],[39.7754,14.1391],[39.7671,14.14],[39.7495,14.1518],[39.7209,14.157],[39.715,14.1563],[39.682,14.1647],[39.6735,14.1777],[39.6578,14.1824],[39.65,14.1886],[39.6584,14.1987],[39.6639,14.1969],[39.6723,14.2003],[39.6857,14.2162],[39.6879,14.2313],[39.6941,14.2413],[39.7065,14.2421],[39.7422,14.2349],[39.7573,14.2398],[39.7559,14.25],[39.7576,14.2772],[39.742,14.2813],[39.7268,14.294],[39.7262,14.303],[39.7453,14.3086],[39.7626,14.3187],[39.7713,14.3199],[39.7792,14.3305],[39.7797,14.3358],[39.7749,14.3514],[39.772,14.3739],[39.7877,14.3787],[39.8009,14.3872],[39.82,14.3825],[39.8381,14.3805],[39.8546,14.3732],[39.8531,14.3671],[39.8955,14.3706],[39.9083,14.3654],[39.9163,14.3703],[39.9385,14.3614],[39.9503,14.3604],[39.9722,14.3702],[39.9798,14.371],[39.9908,14.382],[39.9817,14.3938],[39.9796,14.4099],[39.9843,14.4323],[40.0102,14.4396],[40.0553,14.4869],[40.0753,14.494],[40.089,14.4903],[40.1399,14.4981],[40.2226,14.4786],[40.2685,14.4533],[40.3309,14.424],[40.3847,14.3897],[40.4445,14.3635],[40.5456,14.3014],[40.6505,14.2294],[40.8367,14.0841],[40.9709,13.97],[41.0156,13.9325],[41.0773,13.8785],[41.1686,13.7894],[41.1915,13.7678],[41.2159,13.7475],[41.2504,13.7127],[41.2908,13.6623],[41.3137,13.6303],[41.3504,13.5974],[41.3785,13.5699],[41.4187,13.5375],[41.4595,13.5012],[41.5312,13.4331],[41.5781,13.3857],[41.6117,13.3475],[41.651,13.3117],[41.7373,13.2312],[41.7864,13.1753],[41.8787,13.0896],[41.9305,13.0292],[41.9726,12.9832],[41.986,12.959],[41.9978,12.9349],[42.0102,12.9207],[42.0427,12.8553],[42.0502,12.8431],[42.0829,12.806],[42.0954,12.7935],[42.0964,12.7834],[42.1135,12.764],[42.1209,12.7579],[42.0837,12.7594],[41.8015,12.8223],[41.7092,12.8421],[41.6247,12.8533],[41.5578,12.812],[41.4486,12.7432],[41.4588,12.685],[41.4634,12.6546],[41.4683,12.6293],[41.4473,12.6124],[41.4282,12.5942],[41.413,12.5821],[41.3776,12.6025],[41.3304,12.6275],[41.2873,12.6515],[41.2101,12.6802],[41.1846,12.6879],[41.1852,12.7026],[41.182,12.7304],[41.1347,12.7532],[41.0944,12.7475],[41.0283,12.7454],[41.0078,12.7552],[40.9633,12.7748],[40.9466,12.7811],[40.9006,12.802],[40.891,12.8032],[40.8508,12.8194],[40.7158,12.8759],[40.6693,12.88],[40.5775,12.8904],[40.5341,13.0091],[40.5189,13.0516],[40.5156,13.0526],[40.5031,13.0327],[40.4853,13.01],[40.4658,12.99],[40.4435,12.9564],[40.3962,12.8884],[40.3542,12.9102],[40.298,12.9132],[40.2578,12.8844],[40.2593,12.8804],[40.2698,12.8215],[40.2718,12.7866],[40.2841,12.7567],[40.2713,12.7492],[40.2452,12.7443],[40.231,12.7565],[40.2258,12.7634],[40.2154,12.7674],[40.2087,12.7882],[40.1865,12.8032],[40.1711,12.8084],[40.1236,12.7986],[40.1075,12.7787],[40.106,12.7746],[40.1006,12.7285],[40.0954,12.7023],[40.075,12.6468],[40.0599,12.6185],[40.043,12.5695],[40.0246,12.564],[39.9128,12.593],[39.8714,12.5828],[39.8433,12.5749],[39.8389,12.5691],[39.8492,12.5472],[39.8328,12.5499]]]}},{"type":"Feature","properties":{"zone":"Gabi /Zone 3","region":"Afar","total_woredas":11,"lersha_woredas":0,"lersha_area_km2":0.0},"geometry":{"type":"Polygon","coordinates":[[[40.081,8.8513],[40.067,8.844],[40.0512,8.8406],[40.0403,8.8411],[40.0242,8.845],[40.0104,8.8561],[40.0109,8.8708],[40.0193,8.8891],[40.0366,8.9065],[40.0439,8.9423],[40.0511,8.9614],[40.0475,8.9779],[40.0348,8.9944],[40.0219,9.0023],[39.9996,9.0072],[39.9682,9.0036],[39.9476,9.0036],[39.9519,9.03],[39.9425,9.0477],[39.9284,9.0541],[39.9187,9.0684],[39.9156,9.0973],[39.909,9.1318],[39.8984,9.1389],[39.8777,9.1447],[39.849,9.1381],[39.8174,9.1363],[39.8152,9.1542],[39.8162,9.1616],[39.813,9.1711],[39.8361,9.1883],[39.8478,9.2015],[39.8535,9.2108],[39.873,9.2273],[39.8732,9.2336],[39.863,9.2423],[39.857,9.2701],[39.886,9.2694],[39.8662,9.2969],[39.86,9.3071],[39.8441,9.3142],[39.8339,9.3148],[39.8167,9.3077],[39.7891,9.3042],[39.7749,9.3142],[39.77,9.3368],[39.7614,9.3428],[39.7592,9.3532],[39.752,9.3615],[39.7498,9.3692],[39.7915,9.3698],[39.7852,9.3956],[39.7998,9.3997],[39.8072,9.4128],[39.8215,9.4174],[39.8729,9.3978],[39.8786,9.4004],[39.8744,9.4078],[39.8714,9.4416],[39.8725,9.4593],[39.8478,9.4812],[39.8375,9.5019],[39.8471,9.5107],[39.8479,9.5252],[39.8573,9.5471],[39.8568,9.5565],[39.8476,9.5643],[39.8771,9.5766],[39.8815,9.593],[39.8838,9.6106],[39.8793,9.6242],[39.8616,9.6516],[39.8577,9.6552],[39.8499,9.6877],[39.8527,9.6987],[39.8391,9.7236],[39.8498,9.7484],[39.8621,9.754],[39.8758,9.7528],[39.9182,9.7418],[39.954,9.7304],[39.9532,9.722],[39.9326,9.6985],[39.921,9.6829],[39.9338,9.6783],[39.9413,9.6796],[39.9494,9.6865],[39.9694,9.6805],[39.9792,9.6816],[39.9914,9.6782],[40.0137,9.6835],[40.0218,9.6759],[40.0401,9.6685],[40.0479,9.6593],[40.0545,9.6577],[40.0728,9.6483],[40.0863,9.6492],[40.1112,9.6465],[40.1301,9.6486],[40.1407,9.6531],[40.1558,9.6463],[40.1899,9.64],[40.1951,9.6431],[40.2205,9.6392],[40.2985,9.625],[40.3018,9.6296],[40.3016,9.6403],[40.2967,9.6563],[40.2877,9.6536],[40.2785,9.6614],[40.2728,9.6588],[40.2671,9.67],[40.2588,9.6677],[40.2596,9.6729],[40.2536,9.6835],[40.2554,9.6892],[40.2624,9.6883],[40.2478,9.6984],[40.2422,9.7121],[40.2522,9.725],[40.2596,9.7411],[40.2522,9.7616],[40.2357,9.7629],[40.232,9.7668],[40.2249,9.7648],[40.2289,9.775],[40.2284,9.7888],[40.234,9.8014],[40.2381,9.8014],[40.2392,9.8127],[40.2521,9.8286],[40.2589,9.8488],[40.2534,9.8544],[40.2652,9.8635],[40.2727,9.8638],[40.2813,9.8834],[40.2856,9.9024],[40.2984,9.9057],[40.3023,9.9142],[40.3088,9.9142],[40.3115,9.9222],[40.3156,9.9196],[40.3324,9.9191],[40.3428,9.9267],[40.3429,9.9356],[40.3526,9.9499],[40.35,9.9638],[40.3431,9.9729],[40.3383,9.9903],[40.3294,9.989],[40.3252,9.9925],[40.3338,10.0057],[40.3332,10.0206],[40.3347,10.0372],[40.3672,10.093],[40.3745,10.1043],[40.3783,10.1235],[40.3896,10.1291],[40.3919,10.1504],[40.367,10.1732],[40.3821,10.1791],[40.3907,10.1848],[40.3874,10.1931],[40.392,10.209],[40.4018,10.2241],[40.4082,10.2381],[40.419,10.2453],[40.4311,10.2588],[40.4295,10.2738],[40.4126,10.292],[40.4113,10.3042],[40.4062,10.3134],[40.433,10.3257],[40.4483,10.3172],[40.4737,10.3168],[40.4905,10.3045],[40.5392,10.3131],[40.5456,10.3119],[40.5659,10.3151],[40.5585,10.326],[40.5608,10.3318],[40.5566,10.3379],[40.5603,10.3467],[40.5504,10.3534],[40.547,10.3699],[40.5601,10.3586],[40.5701,10.3326],[40.5772,10.3251],[40.5972,10.3187],[40.5996,10.3121],[40.5891,10.2976],[40.6073,10.2919],[40.6159,10.2801],[40.6266,10.2776],[40.6358,10.2651],[40.6473,10.2691],[40.6626,10.2801],[40.6722,10.2826],[40.6912,10.2955],[40.7244,10.2784],[40.7333,10.2833],[40.7351,10.2937],[40.7415,10.2969],[40.7504,10.2958],[40.7729,10.2851],[40.7897,10.2833],[40.7961,10.2901],[40.7957,10.3008],[40.7997,10.3269],[40.8043,10.3315],[40.8168,10.328],[40.8279,10.3215],[40.8503,10.3151],[40.8578,10.3148],[40.8764,10.319],[40.8868,10.324],[40.9028,10.3212],[40.9317,10.3033],[40.9332,10.2916],[40.9644,10.2873],[40.9951,10.2887],[40.9986,10.2831],[40.9899,10.2399],[40.9788,10.1947],[40.9747,10.1566],[40.9538,10.0957],[40.9487,10.0678],[40.9366,10.0352],[40.946,10.0013],[40.9535,9.9875],[40.9658,9.9717],[40.9989,9.9678],[41.0134,9.96],[41.0196,9.9488],[41.0139,9.9392],[40.9966,9.9287],[40.9467,9.8804],[40.913,9.8509],[40.8473,9.7903],[40.8256,9.7635],[40.7787,9.6921],[40.7663,9.6708],[40.7519,9.6546],[40.7385,9.625],[40.7337,9.6101],[40.725,9.5936],[40.7177,9.5693],[40.7022,9.5361],[40.6962,9.5022],[40.6961,9.4461],[40.6889,9.4384],[40.6755,9.4175],[40.6596,9.4043],[40.636,9.3959],[40.606,9.391],[40.5284,9.3855],[40.4988,9.375],[40.471,9.3548],[40.4497,9.3296],[40.4258,9.3043],[40.4081,9.2812],[40.3695,9.2183],[40.3495,9.1871],[40.327,9.1547],[40.3006,9.1281],[40.2543,9.0861],[40.2455,9.0749],[40.2443,9.0556],[40.246,9.0354],[40.2423,9.0132],[40.2378,8.9973],[40.2223,8.9877],[40.1875,8.9743],[40.1699,8.9645],[40.1522,8.932],[40.1205,8.8958],[40.0964,8.8648],[40.081,8.8513]]]}},{"type":"Feature","properties":{"zone":"Fanti /Zone 4","region":"Afar","total_woredas":6,"lersha_woredas":0,"lersha_area_km2":0.0},"geometry":{"type":"Polygon","coordinates":[[[39.9115,11.718],[39.9022,11.7366],[39.8851,11.7618],[39.8792,11.7674],[39.8749,11.7788],[39.8735,11.7986],[39.8746,11.8233],[39.878,11.8584],[39.8781,11.8827],[39.8871,11.9057],[39.8834,11.9266],[39.8765,11.9744],[39.8667,11.9952],[39.8614,12.0126],[39.8541,12.0292],[39.8413,12.0535],[39.8435,12.0653],[39.8598,12.0833],[39.8617,12.0884],[39.8286,12.0998],[39.8192,12.1234],[39.8168,12.1387],[39.8105,12.1644],[39.8071,12.1704],[39.7999,12.195],[39.8027,12.2109],[39.8036,12.2297],[39.8075,12.2389],[39.8276,12.2405],[39.8256,12.2564],[39.8237,12.2916],[39.8247,12.3177],[39.8176,12.324],[39.8176,12.3419],[39.8309,12.3575],[39.8253,12.3723],[39.821,12.3952],[39.8149,12.4071],[39.8216,12.4148],[39.8334,12.4335],[39.8475,12.4492],[39.8631,12.4633],[39.8826,12.4577],[39.882,12.467],[39.8663,12.4726],[39.8811,12.4845],[39.8682,12.4943],[39.8617,12.5175],[39.8632,12.5314],[39.8524,12.5474],[39.8492,12.5472],[39.8389,12.5691],[39.8433,12.5749],[39.8714,12.5828],[39.9128,12.593],[40.0246,12.564],[40.043,12.5695],[40.0599,12.6185],[40.075,12.6468],[40.0954,12.7023],[40.1006,12.7285],[40.106,12.7746],[40.1075,12.7787],[40.1236,12.7986],[40.1711,12.8084],[40.1865,12.8032],[40.2087,12.7882],[40.2154,12.7674],[40.2258,12.7634],[40.231,12.7565],[40.2452,12.7443],[40.2713,12.7492],[40.2841,12.7567],[40.2718,12.7866],[40.2698,12.8215],[40.2593,12.8804],[40.2578,12.8844],[40.298,12.9132],[40.3542,12.9102],[40.3962,12.8884],[40.4435,12.9564],[40.4658,12.99],[40.4853,13.01],[40.5031,13.0327],[40.5156,13.0526],[40.5189,13.0516],[40.5341,13.0091],[40.5775,12.8904],[40.6693,12.88],[40.7158,12.8759],[40.8508,12.8194],[40.891,12.8032],[40.8884,12.7883],[40.8937,12.7677],[40.8952,12.7418],[40.9151,12.7183],[40.9024,12.675],[40.8892,12.6273],[40.8454,12.5344],[40.8348,12.5095],[40.8192,12.4787],[40.8028,12.4619],[40.7819,12.4386],[40.7676,12.4245],[40.757,12.4103],[40.7384,12.3893],[40.7135,12.3664],[40.6591,12.3149],[40.5961,12.2832],[40.621,12.2244],[40.6204,12.2107],[40.6298,12.1951],[40.6285,12.1862],[40.632,12.1713],[40.6372,12.1635],[40.6329,12.1623],[40.6473,12.14],[40.6562,12.1309],[40.656,12.122],[40.6652,12.0938],[40.6739,12.0792],[40.6696,12.0739],[40.6707,12.0606],[40.6611,12.0512],[40.6617,12.0463],[40.6448,12.0325],[40.6508,12.0159],[40.6457,12.0186],[40.6363,12.0169],[40.6364,12.0096],[40.6283,11.9978],[40.6302,11.9896],[40.6419,11.9581],[40.6493,11.9436],[40.6471,11.9336],[40.6421,11.9256],[40.6459,11.9142],[40.6374,11.9013],[40.623,11.9029],[40.6206,11.8971],[40.6016,11.8943],[40.582,11.9016],[40.5678,11.9039],[40.5633,11.9092],[40.5484,11.9111],[40.5284,11.9167],[40.5196,11.917],[40.495,11.9132],[40.4843,11.8998],[40.479,11.8884],[40.4672,11.8851],[40.4676,11.8807],[40.458,11.87],[40.4497,11.867],[40.4501,11.8582],[40.4676,11.8271],[40.4529,11.819],[40.454,11.7789],[40.4535,11.7577],[40.4551,11.7325],[40.4539,11.6867],[40.4546,11.6652],[40.3543,11.6974],[40.3297,11.7692],[40.3226,11.759],[40.3146,11.7219],[40.2981,11.7148],[40.2625,11.7529],[40.2584,11.7464],[40.2416,11.7378],[40.2254,11.7383],[40.2219,11.7341],[40.2065,11.7255],[40.2032,11.7204],[40.1865,11.7105],[40.1761,11.714],[40.1636,11.7238],[40.1489,11.7219],[40.1448,11.725],[40.1235,11.7276],[40.1088,11.7253],[40.0879,11.7122],[40.0597,11.7103],[40.053,11.703],[40.0331,11.6953],[40.0274,11.6962],[40.0173,11.6916],[40.0095,11.6946],[39.9988,11.6879],[39.9609,11.704],[39.9355,11.7049],[39.927,11.6986],[39.9115,11.718]]]}},{"type":"Feature","properties":{"zone":"Hari /Zone 5","region":"Afar","total_woredas":5,"lersha_woredas":0,"lersha_area_km2":0.0},"geometry":{"type":"Polygon","coordinates":[[[39.9735,9.7292],[40.0094,9.7329],[40.0138,9.7376],[40.0059,9.741],[40.0018,9.7479],[39.9912,9.7567],[39.9934,9.7636],[40.0081,9.7818],[40.0045,9.7952],[40.011,9.8186],[40.0175,9.82],[40.0278,9.8299],[40.0352,9.8428],[40.0527,9.8422],[40.0707,9.8574],[40.0584,9.8643],[40.0636,9.9024],[40.0778,9.9055],[40.0888,9.9348],[40.0804,9.9484],[40.0673,9.9601],[40.0662,9.9663],[40.0589,9.9771],[40.0432,9.991],[40.032,9.9945],[40.0098,9.9912],[40.0004,9.9929],[39.9611,9.9941],[39.9474,9.9934],[39.9297,10.0058],[39.9313,10.0144],[39.9247,10.0141],[39.9416,10.0431],[39.9434,10.0592],[39.9368,10.0622],[39.9335,10.0717],[39.9273,10.09],[39.9482,10.0845],[39.9692,10.0849],[39.989,10.0883],[39.9936,10.0769],[40.024,10.0744],[40.069,10.0791],[40.1072,10.0712],[40.1326,10.0711],[40.1581,10.0903],[40.1371,10.145],[40.129,10.1735],[40.1499,10.2333],[40.1556,10.2574],[40.1467,10.2772],[40.1575,10.2854],[40.1604,10.3008],[40.1591,10.3563],[40.1631,10.3748],[40.1636,10.4124],[40.1616,10.4353],[40.1529,10.4393],[40.1506,10.4704],[40.1285,10.6175],[40.1213,10.656],[40.1145,10.6979],[40.1091,10.7239],[40.1025,10.7397],[40.1026,10.755],[40.1084,10.7638],[40.122,10.7682],[40.1332,10.7787],[40.1404,10.7822],[40.1667,10.805],[40.1641,10.8286],[40.1671,10.834],[40.167,10.8475],[40.17,10.8735],[40.1759,10.8778],[40.1805,10.8969],[40.1493,10.8958],[40.1329,10.9152],[40.1238,10.9376],[40.1441,10.9521],[40.169,11.0016],[40.1869,11.0253],[40.1932,11.0479],[40.1955,11.0682],[40.1938,11.0964],[40.2124,11.1089],[40.2013,11.1456],[40.2182,11.149],[40.2198,11.134],[40.2261,11.1348],[40.234,11.144],[40.2404,11.1398],[40.2483,11.1457],[40.263,11.1458],[40.2949,11.1487],[40.2979,11.1534],[40.3048,11.1531],[40.3179,11.1615],[40.3263,11.1617],[40.3294,11.1662],[40.3382,11.1604],[40.344,11.1645],[40.3481,11.1533],[40.356,11.1488],[40.3643,11.1515],[40.3729,11.1424],[40.3993,11.1242],[40.4054,11.1265],[40.4041,11.1178],[40.4158,11.1088],[40.4237,11.0974],[40.437,11.0881],[40.4494,11.083],[40.4591,11.0739],[40.4712,11.0713],[40.4737,11.066],[40.4871,11.0624],[40.5061,11.054],[40.4961,11.0448],[40.4931,11.0386],[40.4807,11.0378],[40.4793,11.0253],[40.473,11.0202],[40.4704,11.0096],[40.4621,10.9993],[40.467,10.9943],[40.4582,10.9904],[40.4644,10.9818],[40.4568,10.9744],[40.4506,10.9751],[40.4482,10.9652],[40.4527,10.9421],[40.452,10.931],[40.4574,10.9074],[40.4575,10.894],[40.4494,10.8891],[40.4561,10.8817],[40.4555,10.8747],[40.4489,10.8707],[40.4477,10.8607],[40.4537,10.8521],[40.4484,10.8456],[40.4532,10.8274],[40.4492,10.8251],[40.451,10.8179],[40.4461,10.8162],[40.4507,10.8074],[40.4418,10.7875],[40.4381,10.7871],[40.4412,10.7706],[40.4475,10.7678],[40.4441,10.7633],[40.4477,10.7583],[40.4399,10.7499],[40.4432,10.7433],[40.4385,10.7379],[40.4414,10.7163],[40.4492,10.7158],[40.4564,10.7025],[40.4531,10.696],[40.4555,10.684],[40.4665,10.6739],[40.4752,10.676],[40.4726,10.6687],[40.4786,10.6637],[40.4761,10.6561],[40.4846,10.6527],[40.4857,10.6466],[40.4925,10.6385],[40.4926,10.6253],[40.5143,10.6133],[40.5161,10.5997],[40.513,10.5947],[40.5072,10.598],[40.5099,10.5861],[40.5155,10.577],[40.5111,10.5439],[40.5174,10.5382],[40.5118,10.5279],[40.5183,10.5286],[40.5255,10.523],[40.5198,10.5169],[40.5223,10.4982],[40.5343,10.483],[40.5381,10.4731],[40.5487,10.4704],[40.5463,10.4609],[40.5571,10.457],[40.5507,10.4473],[40.562,10.4273],[40.5608,10.4166],[40.5565,10.4172],[40.5562,10.3927],[40.5505,10.3855],[40.547,10.3699],[40.5504,10.3534],[40.5603,10.3467],[40.5566,10.3379],[40.5608,10.3318],[40.5585,10.326],[40.5659,10.3151],[40.5456,10.3119],[40.5392,10.3131],[40.4905,10.3045],[40.4737,10.3168],[40.4483,10.3172],[40.433,10.3257],[40.4062,10.3134],[40.4113,10.3042],[40.4126,10.292],[40.4295,10.2738],[40.4311,10.2588],[40.419,10.2453],[40.4082,10.2381],[40.4018,10.2241],[40.392,10.209],[40.3874,10.1931],[40.3907,10.1848],[40.3821,10.1791],[40.367,10.1732],[40.3919,10.1504],[40.3896,10.1291],[40.3783,10.1235],[40.3745,10.1043],[40.3672,10.093],[40.3347,10.0372],[40.3332,10.0206],[40.3338,10.0057],[40.3252,9.9925],[40.3294,9.989],[40.3383,9.9903],[40.3431,9.9729],[40.35,9.9638],[40.3526,9.9499],[40.3429,9.9356],[40.3428,9.9267],[40.3324,9.9191],[40.3156,9.9196],[40.3115,9.9222],[40.3088,9.9142],[40.3023,9.9142],[40.2984,9.9057],[40.2856,9.9024],[40.2813,9.8834],[40.2727,9.8638],[40.2652,9.8635],[40.2534,9.8544],[40.2589,9.8488],[40.2521,9.8286],[40.2392,9.8127],[40.2381,9.8014],[40.234,9.8014],[40.2284,9.7888],[40.2289,9.775],[40.2249,9.7648],[40.232,9.7668],[40.2357,9.7629],[40.2522,9.7616],[40.2596,9.7411],[40.2522,9.725],[40.2422,9.7121],[40.2478,9.6984],[40.2624,9.6883],[40.2554,9.6892],[40.2536,9.6835],[40.2596,9.6729],[40.2588,9.6677],[40.2671,9.67],[40.2728,9.6588],[40.2785,9.6614],[40.2877,9.6536],[40.2967,9.6563],[40.3016,9.6403],[40.3018,9.6296],[40.2985,9.625],[40.2205,9.6392],[40.1951,9.6431],[40.1899,9.64],[40.1558,9.6463],[40.1407,9.6531],[40.1301,9.6486],[40.1112,9.6465],[40.0863,9.6492],[40.0728,9.6483],[40.0545,9.6577],[40.0479,9.6593],[40.0401,9.6685],[40.0218,9.6759],[40.0137,9.6835],[39.9914,9.6782],[39.9792,9.6816],[39.9694,9.6805],[39.9494,9.6865],[39.9413,9.6796],[39.9338,9.6783],[39.921,9.6829],[39.9326,9.6985],[39.9532,9.722],[39.954,9.7304],[39.9735,9.7292]]]}},{"type":"Feature","properties":{"zone":"Mahi /Zone 6","region":"Afar","total_woredas":4,"lersha_woredas":0,"lersha_area_km2":0.0},"geometry":{"type":"Polygon","coordinates":[[[40.9951,10.2887],[40.9644,10.2873],[40.9332,10.2916],[40.9317,10.3033],[40.9028,10.3212],[40.8868,10.324],[40.8764,10.319],[40.8578,10.3148],[40.8503,10.3151],[40.8279,10.3215],[40.8168,10.328],[40.8043,10.3315],[40.7997,10.3269],[40.7957,10.3008],[40.7961,10.2901],[40.7897,10.2833],[40.7729,10.2851],[40.7504,10.2958],[40.7415,10.2969],[40.7351,10.2937],[40.7333,10.2833],[40.7244,10.2784],[40.6912,10.2955],[40.6722,10.2826],[40.6626,10.2801],[40.6473,10.2691],[40.6358,10.2651],[40.6266,10.2776],[40.6159,10.2801],[40.6073,10.2919],[40.5891,10.2976],[40.5996,10.3121],[40.5972,10.3187],[40.5772,10.3251],[40.5701,10.3326],[40.5601,10.3586],[40.547,10.3699],[40.5505,10.3855],[40.5562,10.3927],[40.5565,10.4172],[40.5608,10.4166],[40.562,10.4273],[40.5507,10.4473],[40.5571,10.457],[40.5463,10.4609],[40.5487,10.4704],[40.5381,10.4731],[40.5343,10.483],[40.5223,10.4982],[40.5198,10.5169],[40.5255,10.523],[40.5183,10.5286],[40.5118,10.5279],[40.5174,10.5382],[40.5111,10.5439],[40.5155,10.577],[40.5099,10.5861],[40.5072,10.598],[40.513,10.5947],[40.5161,10.5997],[40.5143,10.6133],[40.4926,10.6253],[40.4925,10.6385],[40.4857,10.6466],[40.4846,10.6527],[40.4761,10.6561],[40.4786,10.6637],[40.4726,10.6687],[40.4752,10.676],[40.4665,10.6739],[40.4555,10.684],[40.4531,10.696],[40.4564,10.7025],[40.4492,10.7158],[40.4414,10.7163],[40.4385,10.7379],[40.4432,10.7433],[40.4399,10.7499],[40.4477,10.7583],[40.4441,10.7633],[40.4475,10.7678],[40.4412,10.7706],[40.4381,10.7871],[40.4418,10.7875],[40.4507,10.8074],[40.4461,10.8162],[40.451,10.8179],[40.4492,10.8251],[40.4532,10.8274],[40.4484,10.8456],[40.4537,10.8521],[40.4477,10.8607],[40.4489,10.8707],[40.4555,10.8747],[40.4561,10.8817],[40.4494,10.8891],[40.4575,10.894],[40.4574,10.9074],[40.452,10.931],[40.4527,10.9421],[40.4482,10.9652],[40.4506,10.9751],[40.4568,10.9744],[40.4644,10.9818],[40.4582,10.9904],[40.467,10.9943],[40.4621,10.9993],[40.4704,11.0096],[40.473,11.0202],[40.4793,11.0253],[40.4807,11.0378],[40.4931,11.0386],[40.4961,11.0448],[40.5061,11.054],[40.521,11.0592],[40.5343,11.0682],[40.5633,11.093],[40.5805,11.1039],[40.5995,11.1106],[40.6304,11.1097],[40.6419,11.0987],[40.6538,11.1087],[40.6628,11.1097],[40.6766,11.1044],[40.6842,11.0941],[40.6875,11.0849],[40.6861,11.0668],[40.694,11.0297],[40.7056,11.0102],[40.7118,11.0107],[40.7241,11.0184],[40.7499,11.0497],[40.757,11.0544],[40.7575,11.0716],[40.7618,11.0897],[40.7723,11.1082],[40.7728,11.127],[40.7835,11.1614],[40.7924,11.1691],[40.8062,11.1717],[40.8077,11.1929],[40.8106,11.2067],[40.8163,11.2031],[40.8431,11.204],[40.8512,11.2005],[40.8519,11.2078],[40.8621,11.2112],[40.8602,11.2198],[40.8691,11.201],[40.874,11.1826],[40.9099,11.1804],[40.9509,11.1982],[40.967,11.2482],[40.9902,11.2999],[41.0169,11.3356],[41.0511,11.332],[41.0613,11.3281],[41.0905,11.3269],[41.1268,11.3299],[41.2075,11.3414],[41.2242,11.3632],[41.2566,11.3597],[41.273,11.3688],[41.2965,11.3993],[41.2813,11.5136],[41.2661,11.5965],[41.2791,11.5926],[41.2903,11.6024],[41.296,11.6129],[41.3111,11.5955],[41.3252,11.5861],[41.3104,11.58],[41.3919,11.554],[41.4199,11.5187],[41.4395,11.4845],[41.4493,11.4723],[41.4344,11.4554],[41.4242,11.4479],[41.4559,11.3457],[41.4635,11.3305],[41.4742,11.3041],[41.4817,11.2897],[41.4865,11.2475],[41.4961,11.1778],[41.4968,11.1683],[41.5075,11.0894],[41.5184,10.9652],[41.4841,10.9669],[41.4101,10.9585],[41.3922,10.9663],[41.3486,10.9625],[41.3003,10.9641],[41.2682,10.9579],[41.2408,10.9214],[41.2336,10.8912],[41.232,10.8637],[41.2201,10.8345],[41.2075,10.8203],[41.1909,10.7964],[41.1664,10.7797],[41.1492,10.7598],[41.1331,10.7441],[41.1149,10.7203],[41.09,10.697],[41.0773,10.6812],[41.079,10.6588],[41.0779,10.6395],[41.0824,10.6325],[41.087,10.6006],[41.0713,10.541],[41.0614,10.5167],[41.057,10.5003],[41.0471,10.4776],[41.0318,10.422],[41.0304,10.4004],[41.015,10.3432],[41.0051,10.3188],[40.9986,10.2831],[40.9951,10.2887]]]}},{"type":"Feature","properties":{"zone":"North Gondar","region":"Amhara","total_woredas":8,"lersha_woredas":0,"lersha_area_km2":0.0},"geometry":{"type":"Polygon","coordinates":[[[38.3202,12.7598],[38.3122,12.7544],[38.3105,12.7585],[38.3048,12.7928],[38.2958,12.8162],[38.2825,12.8157],[38.2618,12.8252],[38.2605,12.8418],[38.2654,12.8474],[38.2632,12.8563],[38.2664,12.8736],[38.2646,12.8986],[38.2484,12.9026],[38.2376,12.8848],[38.2243,12.8733],[38.2203,12.8807],[38.2101,12.8841],[38.2023,12.8823],[38.203,12.8898],[38.1925,12.8954],[38.1868,12.9047],[38.1888,12.9126],[38.184,12.9229],[38.1923,12.9392],[38.1844,12.9379],[38.1727,12.9428],[38.1574,12.9382],[38.1549,12.92],[38.1561,12.9105],[38.1499,12.9036],[38.1527,12.8979],[38.1446,12.8889],[38.1341,12.8718],[38.124,12.8765],[38.1295,12.8834],[38.1332,12.8979],[38.1283,12.9094],[38.1313,12.9479],[38.1266,12.9679],[38.1173,12.9713],[38.1016,12.9722],[38.0944,12.9812],[38.0877,12.9809],[38.0811,12.9704],[38.0717,12.9701],[38.0661,12.9485],[38.0587,12.9494],[38.0507,12.9362],[38.0431,12.9459],[38.0385,12.9472],[38.0232,12.9646],[38.021,12.9858],[38.0157,13.0067],[38.0011,13.0269],[38.0033,13.0325],[38.0144,13.0401],[38.0156,13.0454],[38.0298,13.0576],[38.0438,13.0741],[38.0288,13.0803],[38.0183,13.0912],[38.0152,13.0885],[37.9933,13.1063],[37.9839,13.1053],[37.9755,13.0933],[37.9745,13.0811],[37.9636,13.0835],[37.9549,13.0789],[37.9482,13.0713],[37.9484,13.0559],[37.9382,13.0573],[37.9158,13.0445],[37.905,13.0419],[37.9109,13.0331],[37.9197,13.0296],[37.9037,13.0146],[37.894,12.9993],[37.9002,12.9837],[37.8976,12.9579],[37.904,12.9332],[37.917,12.9185],[37.9127,12.9053],[37.9016,12.9102],[37.8966,12.9092],[37.8869,12.914],[37.8743,12.9157],[37.8695,12.9217],[37.8576,12.9218],[37.8476,12.9268],[37.8408,12.9233],[37.8259,12.9269],[37.811,12.9201],[37.7865,12.9223],[37.7723,12.9211],[37.7622,12.913],[37.7557,12.8978],[37.7501,12.9003],[37.745,12.8944],[37.727,12.8843],[37.7324,12.8805],[37.7145,12.8772],[37.7031,12.8794],[37.6928,12.8858],[37.6868,12.8944],[37.6803,12.8963],[37.6621,12.8943],[37.6511,12.9021],[37.6457,12.9115],[37.6468,12.9232],[37.65,12.9272],[37.6278,12.9206],[37.6332,12.927],[37.6322,12.9356],[37.6363,12.9565],[37.6139,12.9534],[37.6048,12.9553],[37.5922,12.952],[37.579,12.9454],[37.5632,12.9521],[37.5548,12.9616],[37.5475,12.966],[37.5405,12.9911],[37.5375,13.0135],[37.5334,13.0256],[37.5365,13.0352],[37.532,13.0478],[37.5314,13.0758],[37.524,13.0953],[37.5071,13.1008],[37.4914,13.0984],[37.4551,13.1022],[37.4562,13.1162],[37.4663,13.132],[37.4789,13.1423],[37.4834,13.1571],[37.4913,13.1636],[37.5018,13.168],[37.5049,13.1798],[37.5111,13.1874],[37.5189,13.1905],[37.5311,13.1875],[37.5419,13.195],[37.5447,13.2079],[37.5411,13.2136],[37.5477,13.2206],[37.5462,13.2313],[37.5421,13.2364],[37.5428,13.2464],[37.5345,13.2608],[37.5357,13.2665],[37.5295,13.2908],[37.5301,13.2991],[37.548,13.3092],[37.5492,13.3127],[37.5373,13.3269],[37.5378,13.3337],[37.5216,13.3589],[37.5237,13.3699],[37.5318,13.3776],[37.5572,13.3903],[37.5672,13.3882],[37.5823,13.397],[37.5902,13.3976],[37.599,13.4056],[37.611,13.4111],[37.6254,13.4082],[37.6371,13.4139],[37.6557,13.4348],[37.6566,13.4414],[37.6768,13.4507],[37.6854,13.4653],[37.6941,13.4724],[37.6909,13.4847],[37.6987,13.4954],[37.7079,13.5212],[37.7096,13.5302],[37.7155,13.5345],[37.7144,13.542],[37.7201,13.5462],[37.727,13.5634],[37.7357,13.5721],[37.7461,13.5709],[37.7458,13.5781],[37.7539,13.5912],[37.7599,13.591],[37.7651,13.6022],[37.7644,13.6184],[37.7694,13.6279],[37.776,13.633],[37.7748,13.6117],[37.7846,13.5973],[37.7841,13.5877],[37.7739,13.5743],[37.769,13.5626],[37.7849,13.5392],[37.7927,13.5206],[37.809,13.5191],[37.8119,13.4797],[37.8169,13.4632],[37.8664,13.4751],[37.8751,13.4677],[37.8872,13.4534],[37.9041,13.447],[37.9465,13.4664],[37.9625,13.4896],[37.9684,13.4937],[38.0012,13.5011],[38.0081,13.5008],[38.0149,13.4865],[38.0207,13.4813],[38.0244,13.4857],[38.0456,13.4801],[38.052,13.4679],[38.0594,13.4672],[38.0829,13.4837],[38.1153,13.4943],[38.121,13.5063],[38.1284,13.4923],[38.1299,13.4847],[38.1452,13.4717],[38.1552,13.4765],[38.1585,13.4828],[38.1737,13.4934],[38.1885,13.4844],[38.2009,13.4801],[38.2113,13.4868],[38.2273,13.4892],[38.2431,13.4967],[38.248,13.5017],[38.2498,13.4962],[38.2591,13.4862],[38.2677,13.4878],[38.2789,13.4855],[38.3199,13.5022],[38.323,13.5096],[38.32,13.5238],[38.326,13.5344],[38.3251,13.5433],[38.3279,13.5503],[38.3412,13.5376],[38.3494,13.5424],[38.36,13.553],[38.3798,13.5445],[38.3912,13.5534],[38.3993,13.5455],[38.3994,13.5397],[38.4065,13.5394],[38.4238,13.5613],[38.4264,13.5713],[38.4327,13.5797],[38.4408,13.5844],[38.451,13.5846],[38.4433,13.5689],[38.4428,13.5605],[38.4536,13.5569],[38.4652,13.5676],[38.4729,13.5641],[38.4776,13.5523],[38.4899,13.558],[38.5324,13.5533],[38.5493,13.5526],[38.5539,13.5503],[38.5507,13.5379],[38.5425,13.5258],[38.5326,13.5187],[38.5222,13.5174],[38.4968,13.5068],[38.4907,13.4958],[38.4983,13.4845],[38.4674,13.4849],[38.469,13.4754],[38.461,13.4596],[38.4842,13.4697],[38.5117,13.4729],[38.5342,13.4818],[38.5621,13.4833],[38.5675,13.4865],[38.573,13.4977],[38.5796,13.5035],[38.5901,13.5061],[38.6054,13.4907],[38.614,13.4907],[38.6225,13.4954],[38.6622,13.5312],[38.6725,13.5092],[38.676,13.4976],[38.6756,13.4856],[38.6613,13.4847],[38.6482,13.4814],[38.6333,13.4727],[38.6158,13.4514],[38.6179,13.4283],[38.6224,13.4112],[38.6323,13.4042],[38.6486,13.3965],[38.6691,13.3919],[38.696,13.389],[38.7057,13.3893],[38.7219,13.4081],[38.7286,13.4024],[38.7331,13.3988],[38.7333,13.3841],[38.7372,13.3777],[38.7302,13.3654],[38.7337,13.3498],[38.7418,13.3398],[38.7369,13.3303],[38.7382,13.3123],[38.741,13.3074],[38.7352,13.3024],[38.7395,13.2935],[38.7226,13.2894],[38.7068,13.2929],[38.6952,13.2906],[38.679,13.2964],[38.6684,13.2937],[38.6488,13.2995],[38.6303,13.3093],[38.6108,13.3041],[38.5891,13.3002],[38.5727,13.2924],[38.5734,13.255],[38.5769,13.2484],[38.5731,13.2412],[38.5604,13.237],[38.5585,13.2304],[38.5489,13.2239],[38.5537,13.2086],[38.5597,13.1991],[38.5455,13.1978],[38.5341,13.1992],[38.5506,13.179],[38.5482,13.1691],[38.5285,13.178],[38.5095,13.1798],[38.4953,13.186],[38.5029,13.1693],[38.4973,13.1646],[38.5102,13.1601],[38.5113,13.1489],[38.4979,13.1149],[38.4897,13.1027],[38.4963,13.0967],[38.5037,13.0839],[38.4916,13.0832],[38.4648,13.0848],[38.4492,13.0573],[38.4307,13.0763],[38.4241,13.0949],[38.4173,13.0719],[38.4079,13.0664],[38.3897,13.0759],[38.3787,13.0653],[38.3829,13.0557],[38.3784,13.0364],[38.3804,13.008],[38.3616,13.0223],[38.3528,13.0225],[38.3535,13.0167],[38.3613,13.002],[38.3684,12.9926],[38.3685,12.9836],[38.3532,12.9885],[38.3387,12.9743],[38.3357,12.9524],[38.3538,12.942],[38.3707,12.9462],[38.3799,12.9339],[38.3983,12.9207],[38.3913,12.9111],[38.3814,12.9106],[38.3866,12.8916],[38.3616,12.9062],[38.3551,12.8973],[38.3417,12.8528],[38.3549,12.8493],[38.34,12.8227],[38.3358,12.8084],[38.3293,12.8008],[38.3282,12.7862],[38.3245,12.7774],[38.3301,12.76],[38.3202,12.7598]]]}},{"type":"Feature","properties":{"zone":"South Gondar","region":"Amhara","total_woredas":21,"lersha_woredas":1,"lersha_area_km2":1335.0},"geometry":{"type":"Polygon","coordinates":[[[37.8383,11.2475],[37.8288,11.2571],[37.8145,11.2555],[37.8065,11.2601],[37.7897,11.2641],[37.7569,11.2921],[37.7457,11.2962],[37.7345,11.3072],[37.732,11.3141],[37.7244,11.3186],[37.7226,11.3289],[37.7106,11.3365],[37.7081,11.3453],[37.6856,11.3687],[37.6833,11.3837],[37.6733,11.3903],[37.6733,11.3959],[37.6618,11.4123],[37.659,11.4206],[37.64,11.446],[37.6307,11.4649],[37.6303,11.4758],[37.6258,11.4807],[37.6445,11.4912],[37.6291,11.5203],[37.6171,11.5278],[37.6039,11.5171],[37.5924,11.5102],[37.5845,11.5302],[37.5804,11.5311],[37.5736,11.5497],[37.5564,11.5455],[37.5529,11.5524],[37.5431,11.5618],[37.549,11.5704],[37.5498,11.5786],[37.5402,11.5857],[37.5192,11.5933],[37.5237,11.6021],[37.5126,11.6186],[37.5126,11.6289],[37.5251,11.6266],[37.5419,11.6426],[37.5435,11.6489],[37.5341,11.662],[37.529,11.6641],[37.5173,11.6769],[37.5037,11.6983],[37.5015,11.7132],[37.5046,11.7174],[37.4965,11.7319],[37.4872,11.725],[37.4779,11.7248],[37.4694,11.7201],[37.4645,11.73],[37.456,11.7293],[37.4402,11.72],[37.4358,11.7237],[37.4371,11.7301],[37.4253,11.7377],[37.3802,11.7897],[37.3749,11.8308],[37.4047,11.884],[37.4012,11.9552],[37.4079,12.0398],[37.3996,12.0705],[37.4191,12.0952],[37.4227,12.0981],[37.5394,12.0877],[37.6035,12.13],[37.6269,12.1405],[37.6289,12.151],[37.6398,12.1537],[37.6421,12.1455],[37.6487,12.1421],[37.6622,12.1437],[37.6663,12.1484],[37.6729,12.1449],[37.6836,12.1518],[37.6938,12.1524],[37.6938,12.1694],[37.7023,12.1744],[37.7247,12.1702],[37.7341,12.172],[37.7416,12.1775],[37.7432,12.1847],[37.7526,12.1854],[37.7593,12.1927],[37.7566,12.2041],[37.7619,12.2161],[37.7457,12.212],[37.7348,12.1987],[37.7378,12.2083],[37.7263,12.2179],[37.7259,12.2236],[37.7103,12.2398],[37.7015,12.2377],[37.7004,12.2506],[37.6921,12.2536],[37.6819,12.2672],[37.6822,12.2759],[37.6709,12.2844],[37.6534,12.2831],[37.6473,12.2862],[37.6461,12.2922],[37.6603,12.3001],[37.6604,12.3128],[37.6664,12.3221],[37.6771,12.3251],[37.6845,12.3321],[37.6973,12.3257],[37.7052,12.3357],[37.7292,12.3246],[37.7301,12.3346],[37.7478,12.3561],[37.7558,12.3599],[37.7616,12.3583],[37.7671,12.3677],[37.7746,12.3596],[37.7723,12.3535],[37.7758,12.3472],[37.7835,12.3485],[37.7944,12.3443],[37.7931,12.3324],[37.7872,12.3306],[37.7861,12.3122],[37.7888,12.3038],[37.7972,12.305],[37.8116,12.3012],[37.8168,12.2883],[37.8156,12.2707],[37.8301,12.2515],[37.8432,12.2497],[37.8516,12.2542],[37.8554,12.2512],[37.8636,12.2548],[37.8597,12.2638],[37.8712,12.2783],[37.8836,12.2819],[37.8824,12.2923],[37.8896,12.2874],[37.9046,12.2686],[37.9189,12.2747],[37.9249,12.2643],[37.9286,12.2524],[37.9292,12.2413],[37.9332,12.2415],[37.935,12.2262],[37.9396,12.2209],[37.9463,12.2217],[37.9648,12.2181],[37.9683,12.2207],[37.9594,12.2378],[37.9622,12.2635],[37.9491,12.2794],[37.9507,12.293],[37.9488,12.2994],[37.96,12.305],[37.9585,12.2934],[37.9635,12.288],[37.9689,12.2957],[37.983,12.3082],[37.9894,12.2998],[37.9919,12.3059],[38.004,12.3159],[38.0201,12.3089],[38.0311,12.316],[38.0346,12.3258],[38.0423,12.3249],[38.0604,12.3333],[38.0771,12.3113],[38.0825,12.3168],[38.0912,12.3193],[38.0984,12.3255],[38.1106,12.3177],[38.1126,12.3377],[38.129,12.3356],[38.1403,12.3303],[38.1727,12.3394],[38.1753,12.3476],[38.1879,12.3506],[38.1884,12.3558],[38.1948,12.3585],[38.1963,12.3647],[38.2091,12.3691],[38.2098,12.3741],[38.2184,12.3751],[38.2285,12.3844],[38.2348,12.3831],[38.2427,12.3913],[38.2593,12.3934],[38.281,12.4154],[38.2899,12.4169],[38.2982,12.4422],[38.3091,12.4495],[38.3124,12.462],[38.3339,12.4811],[38.345,12.4863],[38.3533,12.5108],[38.3709,12.5314],[38.3802,12.5378],[38.3945,12.5425],[38.3988,12.5503],[38.4073,12.5531],[38.4208,12.5525],[38.423,12.5357],[38.4151,12.5332],[38.4224,12.5222],[38.4205,12.5098],[38.4295,12.504],[38.4273,12.4831],[38.4357,12.4753],[38.4306,12.4665],[38.4299,12.4474],[38.4378,12.436],[38.4344,12.4244],[38.441,12.4137],[38.4428,12.4019],[38.4687,12.3721],[38.4766,12.3704],[38.4767,12.3601],[38.4888,12.3437],[38.4826,12.3346],[38.4871,12.3278],[38.4805,12.3159],[38.4761,12.3173],[38.473,12.3061],[38.4659,12.2929],[38.4589,12.2901],[38.4531,12.271],[38.455,12.2596],[38.4458,12.2414],[38.4448,12.227],[38.4547,12.2164],[38.4619,12.2135],[38.4663,12.1996],[38.4667,12.1844],[38.4711,12.1695],[38.4737,12.1702],[38.4865,12.1289],[38.4985,12.1225],[38.5032,12.1156],[38.518,12.126],[38.5328,12.1235],[38.5529,12.1098],[38.5577,12.0988],[38.5694,12.0855],[38.5906,12.0792],[38.5978,12.0801],[38.6084,12.0761],[38.6206,12.048],[38.6292,12.0381],[38.6418,12.0295],[38.643,12.018],[38.6319,11.9888],[38.6344,11.9763],[38.6293,11.9677],[38.6173,11.9605],[38.6032,11.9552],[38.6009,11.9451],[38.5803,11.9152],[38.5739,11.9019],[38.5641,11.8876],[38.5595,11.8767],[38.5483,11.8691],[38.5498,11.8512],[38.5678,11.8368],[38.5682,11.831],[38.5748,11.8229],[38.5657,11.8167],[38.5693,11.8104],[38.5654,11.8025],[38.5578,11.8004],[38.5554,11.7914],[38.5627,11.7726],[38.5691,11.7713],[38.5883,11.7597],[38.5973,11.7574],[38.6078,11.7457],[38.6081,11.7322],[38.6215,11.7172],[38.629,11.714],[38.6374,11.701],[38.6308,11.6804],[38.633,11.6644],[38.6306,11.6426],[38.6328,11.6316],[38.6419,11.6173],[38.6479,11.6119],[38.6492,11.6016],[38.6579,11.5967],[38.6682,11.5947],[38.6767,11.5869],[38.6784,11.5772],[38.6955,11.5716],[38.7075,11.5631],[38.716,11.5537],[38.7174,11.5463],[38.7237,11.5395],[38.72,11.5341],[38.7234,11.5266],[38.7112,11.5187],[38.7073,11.5093],[38.7093,11.4942],[38.706,11.4786],[38.7085,11.4681],[38.7065,11.4492],[38.7021,11.4377],[38.7093,11.4294],[38.7069,11.4164],[38.7032,11.4085],[38.6837,11.4032],[38.6766,11.3946],[38.6637,11.39],[38.6532,11.3818],[38.6547,11.3732],[38.6496,11.3652],[38.6449,11.365],[38.6366,11.347],[38.6437,11.3408],[38.6415,11.3329],[38.6331,11.3255],[38.6348,11.318],[38.6303,11.3023],[38.6182,11.2987],[38.6187,11.2881],[38.612,11.2826],[38.6103,11.267],[38.5912,11.2516],[38.5854,11.2375],[38.5738,11.2297],[38.5806,11.2229],[38.5828,11.2144],[38.5756,11.1866],[38.5658,11.1862],[38.5626,11.173],[38.5536,11.1692],[38.5463,11.1568],[38.5258,11.1475],[38.5198,11.1464],[38.5196,11.1389],[38.505,11.1209],[38.4947,11.1132],[38.4811,11.0948],[38.4796,11.0852],[38.4728,11.0765],[38.4841,11.0618],[38.4836,11.0466],[38.4746,11.0367],[38.4724,11.0401],[38.4655,11.0516],[38.4435,11.08],[38.436,11.0859],[38.4216,11.0787],[38.4099,11.0787],[38.3901,11.0853],[38.3814,11.0969],[38.3716,11.1041],[38.3581,11.1079],[38.3442,11.1088],[38.3355,11.1208],[38.3244,11.1305],[38.309,11.1399],[38.2959,11.1505],[38.2903,11.1506],[38.2807,11.1436],[38.2726,11.1429],[38.2591,11.1467],[38.2446,11.1532],[38.2373,11.1531],[38.2117,11.1407],[38.2,11.1393],[38.1893,11.142],[38.1782,11.1416],[38.1632,11.152],[38.1569,11.1603],[38.1527,11.157],[38.1324,11.1589],[38.1236,11.1549],[38.1067,11.157],[38.0764,11.1571],[38.0675,11.1604],[38.0552,11.1708],[38.0385,11.1732],[38.0213,11.1719],[38.0067,11.1819],[38.0001,11.1986],[37.9871,11.2018],[37.9773,11.201],[37.9593,11.1956],[37.9544,11.1918],[37.946,11.1924],[37.9426,11.1996],[37.9373,11.1999],[37.9299,11.208],[37.9167,11.2128],[37.9091,11.2104],[37.8966,11.2145],[37.8801,11.215],[37.8689,11.2216],[37.8654,11.2314],[37.8542,11.2392],[37.8383,11.2475]]]}},{"type":"Feature","properties":{"zone":"North Wello","region":"Amhara","total_woredas":18,"lersha_woredas":0,"lersha_area_km2":0.0},"geometry":{"type":"Polygon","coordinates":[[[38.7093,11.4294],[38.7021,11.4377],[38.7065,11.4492],[38.7085,11.4681],[38.706,11.4786],[38.7093,11.4942],[38.7073,11.5093],[38.7112,11.5187],[38.7234,11.5266],[38.72,11.5341],[38.7237,11.5395],[38.7174,11.5463],[38.716,11.5537],[38.7075,11.5631],[38.6955,11.5716],[38.6784,11.5772],[38.6767,11.5869],[38.6682,11.5947],[38.6579,11.5967],[38.6492,11.6016],[38.6479,11.6119],[38.6419,11.6173],[38.6328,11.6316],[38.6306,11.6426],[38.633,11.6644],[38.6308,11.6804],[38.6374,11.701],[38.629,11.714],[38.6215,11.7172],[38.6081,11.7322],[38.6078,11.7457],[38.5973,11.7574],[38.5883,11.7597],[38.5691,11.7713],[38.5627,11.7726],[38.5554,11.7914],[38.5578,11.8004],[38.5654,11.8025],[38.5693,11.8104],[38.5657,11.8167],[38.5748,11.8229],[38.5682,11.831],[38.5678,11.8368],[38.5498,11.8512],[38.5483,11.8691],[38.5595,11.8767],[38.5641,11.8876],[38.5739,11.9019],[38.5803,11.9152],[38.6009,11.9451],[38.6032,11.9552],[38.6173,11.9605],[38.6293,11.9677],[38.6344,11.9763],[38.6319,11.9888],[38.643,12.018],[38.6418,12.0295],[38.6292,12.0381],[38.6206,12.048],[38.6084,12.0761],[38.5978,12.0801],[38.5906,12.0792],[38.5694,12.0855],[38.5577,12.0988],[38.5529,12.1098],[38.5328,12.1235],[38.518,12.126],[38.5032,12.1156],[38.4985,12.1225],[38.4865,12.1289],[38.4737,12.1702],[38.4711,12.1695],[38.4667,12.1844],[38.4663,12.1996],[38.4619,12.2135],[38.4547,12.2164],[38.4448,12.227],[38.4458,12.2414],[38.455,12.2596],[38.4531,12.271],[38.4589,12.2901],[38.4659,12.2929],[38.473,12.3061],[38.4774,12.3053],[38.4842,12.2949],[38.4949,12.2936],[38.5035,12.2862],[38.5088,12.2889],[38.5202,12.2836],[38.5365,12.288],[38.5421,12.2944],[38.5692,12.2965],[38.5725,12.2928],[38.5889,12.2923],[38.5932,12.2892],[38.6028,12.2899],[38.6329,12.2861],[38.6429,12.2792],[38.6546,12.2787],[38.6741,12.2737],[38.6885,12.2734],[38.6995,12.2788],[38.7067,12.2792],[38.7243,12.2925],[38.7387,12.2975],[38.7702,12.2917],[38.8032,12.2704],[38.8143,12.2678],[38.822,12.269],[38.8301,12.276],[38.842,12.2814],[38.8574,12.2786],[38.8726,12.2788],[38.8813,12.2751],[38.9031,12.2734],[38.9072,12.2695],[38.9168,12.269],[38.945,12.259],[38.9555,12.2531],[38.9679,12.2503],[38.9876,12.2552],[38.9982,12.2521],[39.0214,12.2386],[39.0408,12.2186],[39.0545,12.2116],[39.0562,12.2082],[39.0421,12.2033],[39.0312,12.1911],[39.0257,12.1904],[39.0285,12.1832],[39.0375,12.1808],[39.0418,12.1708],[39.0589,12.1674],[39.0774,12.1655],[39.0901,12.1623],[39.0978,12.1664],[39.0939,12.1589],[39.105,12.1602],[39.1098,12.1537],[39.1088,12.147],[39.1174,12.1403],[39.1214,12.1324],[39.1217,12.1171],[39.1415,12.1275],[39.1484,12.1425],[39.1647,12.1523],[39.1606,12.1623],[39.1537,12.1683],[39.1613,12.2002],[39.166,12.2034],[39.1858,12.2011],[39.196,12.2019],[39.2072,12.2325],[39.2128,12.235],[39.2211,12.2648],[39.2413,12.2879],[39.2588,12.3127],[39.2645,12.3293],[39.2802,12.305],[39.2909,12.2961],[39.3052,12.2973],[39.3217,12.3049],[39.3338,12.3006],[39.3502,12.2984],[39.3726,12.3013],[39.3886,12.3005],[39.4029,12.2953],[39.4195,12.2966],[39.4407,12.3155],[39.4556,12.325],[39.4705,12.3214],[39.5074,12.3329],[39.5227,12.3264],[39.5385,12.2919],[39.5433,12.265],[39.5552,12.2555],[39.5725,12.2559],[39.5919,12.271],[39.605,12.2706],[39.6142,12.2757],[39.6251,12.288],[39.6209,12.3002],[39.6323,12.3077],[39.6587,12.3064],[39.6793,12.3078],[39.7063,12.3062],[39.7215,12.3082],[39.7391,12.3128],[39.7586,12.32],[39.7615,12.3033],[39.7771,12.3109],[39.8003,12.3164],[39.8176,12.324],[39.8247,12.3177],[39.8237,12.2916],[39.8256,12.2564],[39.8276,12.2405],[39.8075,12.2389],[39.8036,12.2297],[39.8027,12.2109],[39.7999,12.195],[39.8071,12.1704],[39.8105,12.1644],[39.8168,12.1387],[39.8192,12.1234],[39.8286,12.0998],[39.8617,12.0884],[39.8598,12.0833],[39.8435,12.0653],[39.8413,12.0535],[39.8541,12.0292],[39.8614,12.0126],[39.8667,11.9952],[39.8765,11.9744],[39.8834,11.9266],[39.8871,11.9057],[39.8781,11.8827],[39.878,11.8584],[39.8746,11.8233],[39.8735,11.7986],[39.8749,11.7788],[39.8792,11.7674],[39.8851,11.7618],[39.9022,11.7366],[39.9115,11.718],[39.927,11.6986],[39.95,11.6824],[39.9697,11.6645],[39.9941,11.6812],[40.0153,11.6456],[39.9638,11.6268],[39.9625,11.6213],[39.9538,11.6159],[39.9562,11.6111],[39.9433,11.6059],[39.931,11.6047],[39.9184,11.5921],[39.9116,11.5823],[39.9016,11.5747],[39.8778,11.5601],[39.8636,11.5558],[39.862,11.5504],[39.8462,11.5308],[39.8504,11.5261],[39.8448,11.5138],[39.8235,11.5048],[39.8156,11.4936],[39.8042,11.4842],[39.7947,11.4799],[39.7787,11.4831],[39.7627,11.4791],[39.7555,11.4813],[39.7441,11.478],[39.7356,11.4712],[39.7236,11.4736],[39.7046,11.4833],[39.7053,11.4801],[39.69,11.4758],[39.6852,11.477],[39.6759,11.4717],[39.6697,11.4756],[39.6658,11.5027],[39.6624,11.5099],[39.6521,11.5057],[39.6457,11.5146],[39.6421,11.5094],[39.6265,11.5292],[39.6182,11.5251],[39.608,11.5267],[39.5976,11.522],[39.5848,11.525],[39.5927,11.5301],[39.6033,11.5488],[39.5996,11.5563],[39.6066,11.562],[39.5963,11.5704],[39.59,11.5836],[39.591,11.5901],[39.5875,11.6013],[39.5787,11.6112],[39.5914,11.6183],[39.5817,11.6225],[39.5915,11.6421],[39.5823,11.6857],[39.5766,11.6945],[39.5793,11.6989],[39.5763,11.7089],[39.5675,11.7048],[39.5568,11.7063],[39.5489,11.7124],[39.5503,11.6932],[39.5466,11.6762],[39.5376,11.6706],[39.5117,11.6659],[39.5049,11.6541],[39.4944,11.642],[39.4885,11.6262],[39.4857,11.607],[39.4738,11.6008],[39.4687,11.5948],[39.4458,11.5884],[39.435,11.5876],[39.4237,11.5904],[39.3959,11.5883],[39.3879,11.5918],[39.3597,11.5945],[39.3426,11.6015],[39.334,11.5968],[39.3507,11.6365],[39.3589,11.6596],[39.3817,11.6706],[39.3888,11.6764],[39.3957,11.6874],[39.4095,11.6952],[39.4209,11.6932],[39.435,11.6951],[39.4314,11.6989],[39.4308,11.7128],[39.4394,11.7149],[39.4603,11.7297],[39.4566,11.7342],[39.4618,11.7406],[39.4624,11.7542],[39.4513,11.7501],[39.4402,11.7593],[39.4329,11.7568],[39.422,11.7584],[39.4416,11.7809],[39.4354,11.7945],[39.4285,11.7973],[39.4305,11.8116],[39.4397,11.8201],[39.4352,11.8231],[39.4218,11.8237],[39.413,11.8291],[39.3965,11.8269],[39.3844,11.8319],[39.3735,11.8306],[39.3586,11.8483],[39.3515,11.8495],[39.3365,11.8426],[39.3288,11.8281],[39.32,11.8252],[39.3151,11.817],[39.3043,11.8222],[39.3004,11.8177],[39.2844,11.8094],[39.2745,11.8073],[39.2645,11.8011],[39.2515,11.7842],[39.2574,11.7708],[39.2602,11.7559],[39.2553,11.7414],[39.2578,11.7332],[39.2558,11.7158],[39.2496,11.7049],[39.2269,11.6998],[39.2238,11.7021],[39.2181,11.6936],[39.2095,11.6871],[39.1949,11.6829],[39.1811,11.6822],[39.161,11.6651],[39.1494,11.6437],[39.1206,11.6393],[39.1141,11.6354],[39.1143,11.627],[39.1053,11.6218],[39.0891,11.6071],[39.0833,11.5994],[39.0713,11.5896],[39.0675,11.5832],[39.0546,11.5719],[39.048,11.5575],[39.0397,11.5534],[39.0242,11.5513],[39.0196,11.5449],[39.0095,11.5397],[38.9905,11.5367],[38.976,11.5255],[38.9807,11.5183],[38.9803,11.5065],[38.9924,11.4928],[38.9962,11.4845],[39.0064,11.483],[39.011,11.4636],[39.0035,11.4459],[38.9885,11.4323],[38.9852,11.4239],[38.9946,11.3995],[38.9787,11.396],[38.9668,11.3971],[38.9574,11.394],[38.9471,11.3817],[38.9426,11.3722],[38.9326,11.3613],[38.9416,11.3601],[38.9312,11.3477],[38.9233,11.3449],[38.9065,11.3472],[38.8996,11.3509],[38.8932,11.3627],[38.8919,11.3764],[38.8852,11.3781],[38.8572,11.3779],[38.8452,11.3855],[38.8347,11.3764],[38.8234,11.3697],[38.8053,11.3706],[38.8006,11.3686],[38.7909,11.3806],[38.7786,11.3824],[38.7692,11.39],[38.76,11.3927],[38.7462,11.4061],[38.7371,11.4077],[38.73,11.4174],[38.723,11.4197],[38.7069,11.4164],[38.7093,11.4294]]]}},{"type":"Feature","properties":{"zone":"South Wello","region":"Amhara","total_woredas":32,"lersha_woredas":0,"lersha_area_km2":0.0},"geometry":{"type":"Polygon","coordinates":[[[38.8156,10.3643],[38.8065,10.3688],[38.7907,10.3665],[38.7721,10.3662],[38.7612,10.3756],[38.7461,10.3837],[38.7382,10.3856],[38.7126,10.3869],[38.6974,10.3794],[38.6823,10.379],[38.6713,10.3741],[38.6565,10.3736],[38.6303,10.3822],[38.6238,10.3783],[38.5991,10.3741],[38.578,10.3772],[38.566,10.3743],[38.5602,10.3759],[38.5412,10.3703],[38.5344,10.3665],[38.5238,10.3678],[38.5028,10.3633],[38.4962,10.3636],[38.4899,10.3689],[38.4913,10.3738],[38.4865,10.3798],[38.4893,10.3849],[38.4891,10.3977],[38.4835,10.4057],[38.4831,10.4229],[38.4883,10.442],[38.4811,10.4523],[38.486,10.4617],[38.4823,10.4701],[38.4888,10.4839],[38.4781,10.5021],[38.4819,10.5124],[38.4703,10.5328],[38.471,10.5415],[38.4666,10.5472],[38.4651,10.5575],[38.4681,10.5725],[38.4638,10.5819],[38.462,10.595],[38.469,10.6021],[38.4734,10.6323],[38.4781,10.6407],[38.492,10.6498],[38.4948,10.6602],[38.5076,10.6742],[38.5072,10.6873],[38.5149,10.6967],[38.5092,10.7105],[38.5106,10.7296],[38.5073,10.7481],[38.51,10.7576],[38.5191,10.7762],[38.5312,10.7899],[38.5225,10.7953],[38.5237,10.8048],[38.5182,10.8157],[38.5164,10.8253],[38.5081,10.8423],[38.5186,10.8558],[38.5197,10.8686],[38.5271,10.8811],[38.5237,10.8917],[38.5234,10.9022],[38.5186,10.9096],[38.5189,10.9176],[38.5092,10.9397],[38.5042,10.9421],[38.4914,10.9682],[38.4968,10.9739],[38.4942,10.9908],[38.4887,10.9995],[38.4796,11.027],[38.4736,11.0331],[38.4724,11.0401],[38.4746,11.0367],[38.4836,11.0466],[38.4841,11.0618],[38.4728,11.0765],[38.4796,11.0852],[38.4811,11.0948],[38.4947,11.1132],[38.505,11.1209],[38.5196,11.1389],[38.5198,11.1464],[38.5258,11.1475],[38.5463,11.1568],[38.5536,11.1692],[38.5626,11.173],[38.5658,11.1862],[38.5756,11.1866],[38.5828,11.2144],[38.5806,11.2229],[38.5738,11.2297],[38.5854,11.2375],[38.5912,11.2516],[38.6103,11.267],[38.612,11.2826],[38.6187,11.2881],[38.6182,11.2987],[38.6303,11.3023],[38.6348,11.318],[38.6331,11.3255],[38.6415,11.3329],[38.6437,11.3408],[38.6366,11.347],[38.6449,11.365],[38.6496,11.3652],[38.6547,11.3732],[38.6532,11.3818],[38.6637,11.39],[38.6766,11.3946],[38.6837,11.4032],[38.7032,11.4085],[38.7069,11.4164],[38.723,11.4197],[38.73,11.4174],[38.7371,11.4077],[38.7462,11.4061],[38.76,11.3927],[38.7692,11.39],[38.7786,11.3824],[38.7909,11.3806],[38.8006,11.3686],[38.8053,11.3706],[38.8234,11.3697],[38.8347,11.3764],[38.8452,11.3855],[38.8572,11.3779],[38.8852,11.3781],[38.8919,11.3764],[38.8932,11.3627],[38.8996,11.3509],[38.9065,11.3472],[38.9233,11.3449],[38.9312,11.3477],[38.9416,11.3601],[38.9326,11.3613],[38.9426,11.3722],[38.9471,11.3817],[38.9574,11.394],[38.9668,11.3971],[38.9787,11.396],[38.9946,11.3995],[38.9852,11.4239],[38.9885,11.4323],[39.0035,11.4459],[39.011,11.4636],[39.0064,11.483],[38.9962,11.4845],[38.9924,11.4928],[38.9803,11.5065],[38.9807,11.5183],[38.976,11.5255],[38.9905,11.5367],[39.0095,11.5397],[39.0196,11.5449],[39.0242,11.5513],[39.0397,11.5534],[39.048,11.5575],[39.0546,11.5719],[39.0675,11.5832],[39.0713,11.5896],[39.0833,11.5994],[39.0891,11.6071],[39.1053,11.6218],[39.1143,11.627],[39.1141,11.6354],[39.1206,11.6393],[39.1494,11.6437],[39.161,11.6651],[39.1811,11.6822],[39.1949,11.6829],[39.2095,11.6871],[39.2181,11.6936],[39.2238,11.7021],[39.2269,11.6998],[39.2496,11.7049],[39.2558,11.7158],[39.2578,11.7332],[39.2553,11.7414],[39.2602,11.7559],[39.2574,11.7708],[39.2515,11.7842],[39.2645,11.8011],[39.2745,11.8073],[39.2844,11.8094],[39.3004,11.8177],[39.3043,11.8222],[39.3151,11.817],[39.32,11.8252],[39.3288,11.8281],[39.3365,11.8426],[39.3515,11.8495],[39.3586,11.8483],[39.3735,11.8306],[39.3844,11.8319],[39.3965,11.8269],[39.413,11.8291],[39.4218,11.8237],[39.4352,11.8231],[39.4397,11.8201],[39.4305,11.8116],[39.4285,11.7973],[39.4354,11.7945],[39.4416,11.7809],[39.422,11.7584],[39.4329,11.7568],[39.4402,11.7593],[39.4513,11.7501],[39.4624,11.7542],[39.4618,11.7406],[39.4566,11.7342],[39.4603,11.7297],[39.4394,11.7149],[39.4308,11.7128],[39.4314,11.6989],[39.435,11.6951],[39.4209,11.6932],[39.4095,11.6952],[39.3957,11.6874],[39.3888,11.6764],[39.3817,11.6706],[39.3589,11.6596],[39.3507,11.6365],[39.334,11.5968],[39.3426,11.6015],[39.3597,11.5945],[39.3879,11.5918],[39.3959,11.5883],[39.4237,11.5904],[39.435,11.5876],[39.4458,11.5884],[39.4687,11.5948],[39.4738,11.6008],[39.4857,11.607],[39.4885,11.6262],[39.4944,11.642],[39.5049,11.6541],[39.5117,11.6659],[39.5376,11.6706],[39.5466,11.6762],[39.5503,11.6932],[39.5489,11.7124],[39.5568,11.7063],[39.5675,11.7048],[39.5763,11.7089],[39.5793,11.6989],[39.5766,11.6945],[39.5823,11.6857],[39.5915,11.6421],[39.5817,11.6225],[39.5914,11.6183],[39.5787,11.6112],[39.5875,11.6013],[39.591,11.5901],[39.59,11.5836],[39.5963,11.5704],[39.6066,11.562],[39.5996,11.5563],[39.6033,11.5488],[39.5927,11.5301],[39.5848,11.525],[39.5976,11.522],[39.608,11.5267],[39.6182,11.5251],[39.6265,11.5292],[39.6421,11.5094],[39.6457,11.5146],[39.6521,11.5057],[39.6624,11.5099],[39.6658,11.5027],[39.6697,11.4756],[39.6759,11.4717],[39.6852,11.477],[39.69,11.4758],[39.7053,11.4801],[39.7046,11.4833],[39.7236,11.4736],[39.7356,11.4712],[39.7441,11.478],[39.7555,11.4813],[39.7627,11.4791],[39.7787,11.4831],[39.7947,11.4799],[39.8042,11.4842],[39.8156,11.4936],[39.8235,11.5048],[39.8448,11.5138],[39.8504,11.5261],[39.8462,11.5308],[39.862,11.5504],[39.8636,11.5558],[39.8778,11.5601],[39.9016,11.5747],[39.9116,11.5823],[39.9184,11.5921],[39.931,11.6047],[39.9433,11.6059],[39.9562,11.6111],[39.9538,11.6159],[39.9625,11.6213],[39.9638,11.6268],[40.0153,11.6456],[39.9975,11.6122],[39.9925,11.5974],[39.9933,11.5838],[40.0065,11.5586],[40.024,11.5309],[40.0549,11.4877],[40.0609,11.4741],[40.0671,11.4429],[40.0666,11.4321],[40.0519,11.4368],[40.0316,11.4273],[40.0147,11.422],[40.0104,11.4185],[40.0014,11.4009],[39.9892,11.3919],[39.9751,11.3749],[39.9642,11.3685],[39.9549,11.3676],[39.9471,11.359],[39.9342,11.3561],[39.9276,11.3516],[39.9118,11.3526],[39.9059,11.3444],[39.8897,11.3451],[39.8739,11.3354],[39.8567,11.3287],[39.8473,11.3222],[39.8487,11.3138],[39.8591,11.3092],[39.8584,11.2978],[39.8618,11.2832],[39.8561,11.2753],[39.8719,11.2718],[39.8709,11.2656],[39.8799,11.2555],[39.8882,11.2513],[39.8859,11.2415],[39.9025,11.2416],[39.9056,11.2484],[39.9166,11.2518],[39.917,11.2271],[39.9292,11.217],[39.9364,11.2184],[39.9435,11.2113],[39.9457,11.2149],[39.9532,11.211],[39.9564,11.2023],[39.9737,11.1897],[39.9675,11.1786],[39.9743,11.1683],[39.9678,11.163],[39.9701,11.1524],[39.9631,11.149],[39.9636,11.1433],[39.9565,11.1411],[39.9601,11.1284],[39.9547,11.1213],[39.9667,11.1015],[39.9741,11.0939],[39.9771,11.0796],[39.9856,11.0674],[39.9838,11.0632],[39.9903,11.0601],[39.9873,11.0515],[39.9888,11.0443],[39.9951,11.0407],[40.0003,11.0258],[40.0065,11.0211],[40.0107,11.0106],[40.0171,11.0046],[40.0276,11.0007],[40.0304,10.9892],[40.0389,10.9926],[40.0453,10.9908],[40.05,10.9812],[40.0355,10.9623],[40.0329,10.9543],[40.0264,10.948],[40.0253,10.9535],[40.0171,10.9587],[40.021,10.9486],[40.0181,10.9369],[40.0324,10.9274],[40.034,10.923],[40.0489,10.9151],[40.0699,10.9071],[40.0692,10.9037],[40.093,10.893],[40.1036,10.876],[40.0809,10.8692],[40.0703,10.8731],[40.0581,10.8669],[40.0379,10.8611],[40.0249,10.8649],[40.0071,10.8592],[40.0039,10.8561],[39.9788,10.8557],[39.9681,10.8523],[39.9631,10.8547],[39.9722,10.8422],[39.9692,10.8386],[39.9616,10.8409],[39.9576,10.8472],[39.9568,10.8395],[39.9445,10.8319],[39.9443,10.8388],[39.9375,10.8392],[39.9367,10.8499],[39.9461,10.8551],[39.9555,10.8688],[39.9474,10.8768],[39.9402,10.8774],[39.9341,10.8853],[39.9332,10.8943],[39.9395,10.9034],[39.9337,10.91],[39.9139,10.9031],[39.9073,10.9099],[39.899,10.9062],[39.8825,10.9041],[39.8753,10.8996],[39.8715,10.8891],[39.8571,10.8919],[39.8459,10.8839],[39.8381,10.8861],[39.8355,10.8789],[39.8267,10.8768],[39.8234,10.892],[39.8155,10.8964],[39.8191,10.9116],[39.8044,10.9065],[39.7998,10.9004],[39.8048,10.8971],[39.8037,10.8909],[39.7976,10.8901],[39.7952,10.8958],[39.7893,10.8942],[39.7911,10.8797],[39.7686,10.888],[39.7596,10.889],[39.7551,10.8837],[39.7455,10.8869],[39.7445,10.8931],[39.7331,10.8897],[39.7333,10.8839],[39.7242,10.8753],[39.7182,10.8747],[39.693,10.8836],[39.6881,10.8888],[39.6688,10.8974],[39.6645,10.8973],[39.6687,10.8892],[39.6667,10.8844],[39.6799,10.874],[39.6785,10.8706],[39.6834,10.8561],[39.6896,10.8537],[39.6919,10.8421],[39.7008,10.8421],[39.7099,10.8374],[39.6938,10.8296],[39.6986,10.8262],[39.7003,10.8139],[39.7094,10.8013],[39.7026,10.7982],[39.6963,10.8002],[39.6869,10.7872],[39.6991,10.7859],[39.6975,10.7784],[39.7132,10.7689],[39.7071,10.7584],[39.711,10.753],[39.7125,10.7378],[39.7087,10.7271],[39.6925,10.7256],[39.6829,10.7217],[39.6721,10.7221],[39.6681,10.729],[39.6486,10.7398],[39.6407,10.7312],[39.6322,10.7273],[39.6204,10.7114],[39.6,10.701],[39.5911,10.6948],[39.5824,10.6775],[39.573,10.667],[39.5534,10.6588],[39.5263,10.6329],[39.5183,10.647],[39.5149,10.6639],[39.504,10.6691],[39.5067,10.6763],[39.491,10.6783],[39.4835,10.6737],[39.4797,10.6576],[39.4803,10.6428],[39.4761,10.6223],[39.4763,10.5928],[39.4722,10.5643],[39.4743,10.5544],[39.4848,10.5462],[39.4938,10.5359],[39.4986,10.5186],[39.4982,10.5085],[39.4923,10.4987],[39.4912,10.4915],[39.4835,10.4828],[39.4674,10.4701],[39.4627,10.4583],[39.4647,10.4452],[39.4587,10.4394],[39.4515,10.4231],[39.4528,10.4156],[39.4472,10.4139],[39.4347,10.3999],[39.438,10.3951],[39.4344,10.381],[39.4217,10.3638],[39.4154,10.3603],[39.4039,10.3403],[39.3779,10.3267],[39.3711,10.3155],[39.3576,10.2997],[39.3483,10.297],[39.3452,10.2915],[39.3371,10.2933],[39.3214,10.2842],[39.3189,10.2723],[39.3095,10.268],[39.2991,10.2577],[39.2938,10.2458],[39.2883,10.2395],[39.288,10.2281],[39.2795,10.2187],[39.2732,10.2039],[39.2778,10.203],[39.2629,10.1862],[39.2557,10.1862],[39.2432,10.1766],[39.2367,10.1759],[39.2265,10.1687],[39.2204,10.1599],[39.2133,10.1592],[39.2114,10.1663],[39.1928,10.1746],[39.1863,10.1846],[39.1713,10.1859],[39.1853,10.2099],[39.1935,10.2199],[39.2018,10.2406],[39.2115,10.2485],[39.2238,10.2547],[39.2243,10.2651],[39.2285,10.2706],[39.2462,10.2804],[39.2485,10.2909],[39.2484,10.3053],[39.2288,10.2912],[39.2197,10.2918],[39.2106,10.2826],[39.1996,10.2872],[39.1854,10.2863],[39.1737,10.2972],[39.1687,10.3061],[39.1699,10.324],[39.1549,10.328],[39.1454,10.3398],[39.1356,10.3409],[39.1233,10.3367],[39.1143,10.3368],[39.1088,10.3326],[39.1086,10.324],[39.09,10.3204],[39.0812,10.3128],[39.0764,10.3143],[39.0748,10.3257],[39.0774,10.3389],[39.0729,10.3499],[39.0762,10.3605],[39.0748,10.3768],[39.0616,10.3857],[39.0543,10.379],[39.04,10.3727],[39.0336,10.3733],[39.0232,10.3687],[39.0157,10.3555],[38.9948,10.3425],[38.9854,10.3401],[38.9797,10.3342],[38.973,10.3331],[38.9583,10.3365],[38.9476,10.3485],[38.94,10.3522],[38.9051,10.3516],[38.8936,10.3597],[38.8684,10.3601],[38.8599,10.3641],[38.8457,10.361],[38.8156,10.3643]]]}},{"type":"Feature","properties":{"zone":"North Shewa (AM)","region":"Amhara","total_woredas":32,"lersha_woredas":3,"lersha_area_km2":1730.0},"geometry":{"type":"Polygon","coordinates":[[[39.2337,9.1579],[39.2146,9.1734],[39.1886,9.2093],[39.2137,9.2281],[39.1997,9.25],[39.1941,9.2524],[39.1777,9.2711],[39.2072,9.2919],[39.2337,9.2936],[39.2576,9.2561],[39.2662,9.2445],[39.2847,9.2775],[39.2662,9.2885],[39.2644,9.3242],[39.2783,9.3122],[39.2854,9.3158],[39.2915,9.3317],[39.293,9.3492],[39.303,9.3566],[39.3065,9.3661],[39.3196,9.3656],[39.3201,9.374],[39.3251,9.3805],[39.3467,9.3785],[39.3567,9.369],[39.373,9.3757],[39.3763,9.384],[39.3949,9.3919],[39.4039,9.3804],[39.4204,9.3715],[39.4259,9.3794],[39.4456,9.3839],[39.4539,9.4012],[39.4431,9.4144],[39.4493,9.4253],[39.4477,9.4325],[39.4303,9.4339],[39.4113,9.4475],[39.3939,9.455],[39.3784,9.4461],[39.3727,9.4468],[39.3751,9.4671],[39.3631,9.4739],[39.3504,9.472],[39.3386,9.4748],[39.3149,9.467],[39.3055,9.4737],[39.3011,9.4878],[39.2941,9.4917],[39.2936,9.5006],[39.3052,9.5052],[39.3021,9.5227],[39.3129,9.5356],[39.3229,9.5257],[39.3297,9.5266],[39.3414,9.5454],[39.3528,9.5492],[39.3606,9.5461],[39.3765,9.5673],[39.3779,9.5802],[39.3733,9.5829],[39.3734,9.592],[39.3842,9.6029],[39.3888,9.6157],[39.3859,9.6308],[39.3755,9.6292],[39.3617,9.6189],[39.3544,9.6177],[39.352,9.6221],[39.3578,9.6569],[39.3682,9.663],[39.3713,9.67],[39.361,9.6803],[39.3697,9.6896],[39.3701,9.6994],[39.3641,9.7015],[39.3445,9.699],[39.338,9.7102],[39.3467,9.7251],[39.3418,9.7275],[39.3205,9.7241],[39.3133,9.7314],[39.3081,9.744],[39.2979,9.748],[39.2917,9.7451],[39.2876,9.734],[39.2804,9.7332],[39.2681,9.7397],[39.2552,9.7198],[39.2499,9.7049],[39.239,9.7024],[39.2281,9.6937],[39.2235,9.7052],[39.2168,9.7084],[39.2114,9.7047],[39.2086,9.7109],[39.2001,9.7087],[39.1974,9.7164],[39.1842,9.7201],[39.184,9.6858],[39.1742,9.6948],[39.1618,9.6888],[39.1454,9.6933],[39.1477,9.7154],[39.1449,9.7286],[39.1393,9.7407],[39.1335,9.7414],[39.1227,9.7349],[39.1096,9.7325],[39.0977,9.7354],[39.0974,9.7438],[39.1045,9.7486],[39.1018,9.7551],[39.0922,9.7631],[39.0821,9.757],[39.0689,9.753],[39.0505,9.7534],[39.036,9.747],[39.035,9.7528],[39.0236,9.7579],[39.0166,9.7577],[39.0122,9.7522],[38.9901,9.746],[38.9808,9.752],[38.9744,9.7611],[38.9641,9.7491],[38.9521,9.7387],[38.9603,9.7108],[38.9538,9.7138],[38.9347,9.7279],[38.9282,9.7251],[38.9178,9.7115],[38.9093,9.7087],[38.8665,9.7336],[38.8585,9.7449],[38.8403,9.757],[38.8289,9.7691],[38.8215,9.7845],[38.8182,9.8027],[38.8137,9.8062],[38.8078,9.8195],[38.8084,9.8353],[38.803,9.8621],[38.7909,9.8826],[38.796,9.8891],[38.8025,9.9095],[38.8013,9.9222],[38.7964,9.9337],[38.8027,9.9536],[38.7969,9.9677],[38.7896,9.9719],[38.7793,9.9824],[38.7712,9.9781],[38.7581,9.9807],[38.7402,9.9875],[38.7336,9.9929],[38.7254,9.9913],[38.7099,9.9984],[38.6941,10.0078],[38.6865,10.008],[38.6811,10.0134],[38.6695,10.0192],[38.6608,10.0338],[38.6605,10.0455],[38.6572,10.0515],[38.6627,10.0574],[38.6887,10.0502],[38.7015,10.0494],[38.7057,10.053],[38.7214,10.0514],[38.741,10.0611],[38.7512,10.0633],[38.7649,10.0708],[38.7773,10.0828],[38.792,10.0894],[38.8109,10.0944],[38.8236,10.1097],[38.8391,10.1144],[38.8426,10.1099],[38.8526,10.1181],[38.8486,10.1239],[38.8472,10.1387],[38.8392,10.149],[38.8337,10.1619],[38.8344,10.1792],[38.8381,10.1981],[38.8327,10.2121],[38.8353,10.2257],[38.8476,10.2443],[38.8446,10.2561],[38.8608,10.278],[38.8557,10.2947],[38.8546,10.3254],[38.8519,10.3391],[38.8451,10.3548],[38.8457,10.361],[38.8599,10.3641],[38.8684,10.3601],[38.8936,10.3597],[38.9051,10.3516],[38.94,10.3522],[38.9476,10.3485],[38.9583,10.3365],[38.973,10.3331],[38.9797,10.3342],[38.9854,10.3401],[38.9948,10.3425],[39.0157,10.3555],[39.0232,10.3687],[39.0336,10.3733],[39.04,10.3727],[39.0543,10.379],[39.0616,10.3857],[39.0748,10.3768],[39.0762,10.3605],[39.0729,10.3499],[39.0774,10.3389],[39.0748,10.3257],[39.0764,10.3143],[39.0812,10.3128],[39.09,10.3204],[39.1086,10.324],[39.1088,10.3326],[39.1143,10.3368],[39.1233,10.3367],[39.1356,10.3409],[39.1454,10.3398],[39.1549,10.328],[39.1699,10.324],[39.1687,10.3061],[39.1737,10.2972],[39.1854,10.2863],[39.1996,10.2872],[39.2106,10.2826],[39.2197,10.2918],[39.2288,10.2912],[39.2484,10.3053],[39.2485,10.2909],[39.2462,10.2804],[39.2285,10.2706],[39.2243,10.2651],[39.2238,10.2547],[39.2115,10.2485],[39.2018,10.2406],[39.1935,10.2199],[39.1853,10.2099],[39.1713,10.1859],[39.1863,10.1846],[39.1928,10.1746],[39.2114,10.1663],[39.2133,10.1592],[39.2204,10.1599],[39.2265,10.1687],[39.2367,10.1759],[39.2432,10.1766],[39.2557,10.1862],[39.2629,10.1862],[39.2778,10.203],[39.2732,10.2039],[39.2795,10.2187],[39.288,10.2281],[39.2883,10.2395],[39.2938,10.2458],[39.2991,10.2577],[39.3095,10.268],[39.3189,10.2723],[39.3214,10.2842],[39.3371,10.2933],[39.3452,10.2915],[39.3483,10.297],[39.3576,10.2997],[39.3711,10.3155],[39.3779,10.3267],[39.4039,10.3403],[39.4154,10.3603],[39.4217,10.3638],[39.4344,10.381],[39.438,10.3951],[39.4347,10.3999],[39.4472,10.4139],[39.4528,10.4156],[39.4515,10.4231],[39.4587,10.4394],[39.4647,10.4452],[39.4627,10.4583],[39.4674,10.4701],[39.4835,10.4828],[39.4912,10.4915],[39.4923,10.4987],[39.4982,10.5085],[39.4986,10.5186],[39.4938,10.5359],[39.4848,10.5462],[39.4743,10.5544],[39.4722,10.5643],[39.4763,10.5928],[39.4761,10.6223],[39.4803,10.6428],[39.4797,10.6576],[39.4835,10.6737],[39.491,10.6783],[39.5067,10.6763],[39.504,10.6691],[39.5149,10.6639],[39.5183,10.647],[39.5263,10.6329],[39.5534,10.6588],[39.573,10.667],[39.5824,10.6775],[39.5911,10.6948],[39.6,10.701],[39.6204,10.7114],[39.6322,10.7273],[39.6407,10.7312],[39.6486,10.7398],[39.6681,10.729],[39.6721,10.7221],[39.6829,10.7217],[39.6925,10.7256],[39.7087,10.7271],[39.7125,10.7378],[39.7155,10.7269],[39.7228,10.7135],[39.7279,10.7086],[39.7401,10.7182],[39.744,10.7098],[39.758,10.713],[39.7738,10.7283],[39.8127,10.7342],[39.8104,10.7311],[39.811,10.7141],[39.8174,10.6898],[39.8419,10.6873],[39.8511,10.6933],[39.8646,10.6974],[39.881,10.6963],[39.8673,10.6836],[39.8651,10.6745],[39.8343,10.654],[39.8414,10.62],[39.86,10.6231],[39.8641,10.6159],[39.8637,10.5898],[39.8699,10.578],[39.8657,10.5749],[39.8852,10.5592],[39.8923,10.5462],[39.9038,10.5439],[39.9136,10.531],[39.9171,10.5318],[39.9249,10.516],[39.9249,10.5089],[39.9294,10.5042],[39.9336,10.4911],[39.9394,10.4823],[39.9292,10.4724],[39.9377,10.4668],[39.9387,10.4512],[39.9433,10.441],[39.9423,10.4275],[39.9374,10.4102],[39.9381,10.3981],[39.9478,10.3951],[39.9471,10.3837],[39.934,10.3825],[39.9337,10.3745],[39.958,10.3582],[39.9647,10.3639],[39.9814,10.3502],[39.9759,10.341],[39.9629,10.3443],[39.958,10.3352],[39.9499,10.3368],[39.9424,10.3275],[39.9381,10.3083],[39.9256,10.3061],[39.9232,10.2967],[39.9308,10.2894],[39.9259,10.2751],[39.9401,10.2772],[39.9441,10.257],[39.9422,10.2529],[39.929,10.2566],[39.9264,10.2392],[39.9379,10.2398],[39.9345,10.2279],[39.944,10.2279],[39.9503,10.2243],[39.952,10.2176],[39.951,10.1934],[39.9473,10.1849],[39.9467,10.1687],[39.9351,10.1596],[39.9336,10.1375],[39.9294,10.1293],[39.9352,10.1281],[39.9337,10.1226],[39.9402,10.1217],[39.9412,10.1151],[39.9481,10.1102],[39.9525,10.1213],[39.9622,10.1143],[39.9686,10.1172],[39.9774,10.116],[39.976,10.124],[39.9875,10.1234],[39.9895,10.1083],[39.9798,10.1052],[39.9747,10.0948],[39.9624,10.0908],[39.9404,10.0958],[39.9306,10.0996],[39.9265,10.0914],[39.9271,10.0834],[39.9238,10.0686],[39.9335,10.0717],[39.9368,10.0622],[39.9434,10.0592],[39.9416,10.0431],[39.9247,10.0141],[39.9313,10.0144],[39.9297,10.0058],[39.9474,9.9934],[39.9611,9.9941],[40.0004,9.9929],[40.0098,9.9912],[40.032,9.9945],[40.0432,9.991],[40.0589,9.9771],[40.0662,9.9663],[40.0673,9.9601],[40.0804,9.9484],[40.0888,9.9348],[40.0778,9.9055],[40.0636,9.9024],[40.0584,9.8643],[40.0707,9.8574],[40.0527,9.8422],[40.0352,9.8428],[40.0278,9.8299],[40.0175,9.82],[40.011,9.8186],[40.0045,9.7952],[40.0081,9.7818],[39.9934,9.7636],[39.9912,9.7567],[40.0018,9.7479],[40.0059,9.741],[40.0138,9.7376],[40.0094,9.7329],[39.9735,9.7292],[39.954,9.7304],[39.9182,9.7418],[39.8758,9.7528],[39.8621,9.754],[39.8498,9.7484],[39.8391,9.7236],[39.8527,9.6987],[39.8499,9.6877],[39.8577,9.6552],[39.8616,9.6516],[39.8793,9.6242],[39.8838,9.6106],[39.8815,9.593],[39.8771,9.5766],[39.8476,9.5643],[39.8568,9.5565],[39.8573,9.5471],[39.8479,9.5252],[39.8471,9.5107],[39.8375,9.5019],[39.8478,9.4812],[39.8725,9.4593],[39.8714,9.4416],[39.8744,9.4078],[39.8786,9.4004],[39.8729,9.3978],[39.8215,9.4174],[39.8072,9.4128],[39.7998,9.3997],[39.7852,9.3956],[39.7915,9.3698],[39.7498,9.3692],[39.752,9.3615],[39.7592,9.3532],[39.7614,9.3428],[39.77,9.3368],[39.7749,9.3142],[39.7891,9.3042],[39.8167,9.3077],[39.8339,9.3148],[39.8441,9.3142],[39.86,9.3071],[39.8662,9.2969],[39.886,9.2694],[39.857,9.2701],[39.863,9.2423],[39.8732,9.2336],[39.873,9.2273],[39.8535,9.2108],[39.8478,9.2015],[39.8361,9.1883],[39.813,9.1711],[39.8162,9.1616],[39.8152,9.1542],[39.8174,9.1363],[39.8077,9.1354],[39.7971,9.1215],[39.7938,9.1127],[39.7639,9.0951],[39.7425,9.0913],[39.7475,9.0631],[39.7402,9.0395],[39.7412,9.023],[39.7462,9.0153],[39.7483,8.9467],[39.748,8.9103],[39.7385,8.8721],[39.7369,8.8572],[39.7313,8.8442],[39.7333,8.8262],[39.7167,8.8161],[39.6792,8.8157],[39.6621,8.8132],[39.6501,8.8028],[39.6341,8.7988],[39.617,8.7869],[39.5915,8.7969],[39.562,8.8178],[39.5518,8.7688],[39.5338,8.758],[39.5008,8.7148],[39.4923,8.7253],[39.4702,8.7418],[39.4492,8.7522],[39.4397,8.7677],[39.4312,8.7901],[39.4178,8.8145],[39.4055,8.81],[39.3862,8.7986],[39.3782,8.7912],[39.3746,8.7797],[39.3736,8.7668],[39.3771,8.7309],[39.3611,8.7209],[39.342,8.7269],[39.3315,8.7409],[39.3245,8.7469],[39.3053,8.7217],[39.299,8.7185],[39.2858,8.7178],[39.2704,8.7245],[39.262,8.7469],[39.273,8.7669],[39.272,8.783],[39.2545,8.8132],[39.2439,8.8277],[39.244,8.8366],[39.2655,8.8431],[39.2605,8.8506],[39.2375,8.862],[39.241,8.8889],[39.2591,8.91],[39.2654,8.9224],[39.2586,8.9626],[39.2696,8.9806],[39.2882,8.999],[39.2968,9.0533],[39.3153,9.0602],[39.347,9.0642],[39.357,9.0621],[39.3542,9.0707],[39.3485,9.0766],[39.3486,9.0881],[39.3288,9.1372],[39.3202,9.1402],[39.3232,9.1488],[39.2941,9.1493],[39.2495,9.1356],[39.2419,9.1455],[39.2337,9.1579]]]}},{"type":"Feature","properties":{"zone":"East Gojam","region":"Amhara","total_woredas":26,"lersha_woredas":0,"lersha_area_km2":0.0},"geometry":{"type":"Polygon","coordinates":[[[37.6619,9.8605],[37.6516,9.8691],[37.6414,9.8825],[37.6236,9.889],[37.6182,9.8939],[37.6128,9.9094],[37.5993,9.9178],[37.5924,9.9188],[37.5906,9.933],[37.5869,9.9394],[37.5743,9.9419],[37.5529,9.9586],[37.5514,9.9734],[37.5292,9.9962],[37.5197,9.9999],[37.5016,9.9979],[37.4831,10.0035],[37.4757,10.0149],[37.4613,10.0121],[37.4445,10.0146],[37.4244,10.0338],[37.3983,10.0462],[37.3873,10.0465],[37.3804,10.0431],[37.3622,10.0432],[37.357,10.0402],[37.3493,10.0119],[37.3393,10.0045],[37.3233,10.0081],[37.3178,10.0181],[37.3056,10.0267],[37.2997,10.0388],[37.2965,10.0528],[37.2877,10.0629],[37.2716,10.0736],[37.2619,10.0767],[37.2407,10.0756],[37.2133,10.0879],[37.1955,10.1045],[37.1884,10.1167],[37.1798,10.1444],[37.1677,10.1633],[37.171,10.174],[37.1825,10.188],[37.1975,10.2139],[37.1999,10.2233],[37.196,10.2309],[37.1818,10.2413],[37.1662,10.2441],[37.141,10.2451],[37.1146,10.2507],[37.0781,10.2634],[37.0697,10.2761],[37.0618,10.2817],[37.0508,10.2836],[37.0459,10.2884],[37.0511,10.2956],[37.0611,10.2964],[37.0728,10.3025],[37.0857,10.3174],[37.0937,10.3222],[37.1059,10.3229],[37.1164,10.3296],[37.1481,10.3407],[37.1525,10.3332],[37.1691,10.3342],[37.1859,10.3297],[37.194,10.3245],[37.2057,10.3215],[37.2354,10.3225],[37.243,10.3254],[37.252,10.3243],[37.2628,10.3355],[37.2677,10.35],[37.2797,10.3602],[37.2747,10.3844],[37.2779,10.3906],[37.2879,10.395],[37.2917,10.4081],[37.2897,10.417],[37.2932,10.4254],[37.3079,10.4381],[37.307,10.4513],[37.3037,10.4554],[37.3106,10.4619],[37.3184,10.4642],[37.3318,10.4725],[37.3413,10.4659],[37.3682,10.4729],[37.3738,10.472],[37.3919,10.4781],[37.3899,10.4805],[37.4046,10.4827],[37.4233,10.4918],[37.4359,10.4867],[37.452,10.486],[37.4573,10.4951],[37.4732,10.5076],[37.4858,10.5144],[37.4962,10.5285],[37.5035,10.5289],[37.5074,10.5348],[37.5192,10.5379],[37.5312,10.5353],[37.5418,10.5459],[37.5562,10.5517],[37.5662,10.5504],[37.5766,10.555],[37.5737,10.5572],[37.5799,10.5852],[37.5866,10.584],[37.5912,10.5986],[37.5968,10.6015],[37.6059,10.6124],[37.6169,10.6372],[37.6176,10.6511],[37.6258,10.6623],[37.6363,10.6723],[37.6512,10.6809],[37.6473,10.6985],[37.6574,10.6991],[37.6638,10.7031],[37.6799,10.7034],[37.6898,10.707],[37.6961,10.7137],[37.7223,10.7191],[37.7329,10.7263],[37.7418,10.7371],[37.7513,10.7423],[37.7616,10.7423],[37.7693,10.7389],[37.7748,10.7416],[37.7671,10.7531],[37.7509,10.7628],[37.7423,10.7543],[37.7278,10.7557],[37.7179,10.7631],[37.7112,10.7724],[37.7122,10.7874],[37.7053,10.7911],[37.7088,10.799],[37.7055,10.8109],[37.7071,10.817],[37.6939,10.8341],[37.6919,10.8421],[37.6917,10.8621],[37.6958,10.8758],[37.6932,10.8879],[37.6968,10.8892],[37.6965,10.8981],[37.7002,10.914],[37.7121,10.9316],[37.7122,10.9524],[37.7185,10.9658],[37.7173,10.9769],[37.7116,10.9877],[37.7188,10.9973],[37.723,11.0075],[37.7293,11.0122],[37.7471,11.0148],[37.7474,11.037],[37.7538,11.0376],[37.7518,11.044],[37.7596,11.0597],[37.7539,11.0662],[37.75,11.0786],[37.7517,11.0845],[37.7438,11.0892],[37.7293,11.0657],[37.7161,11.0608],[37.7001,11.0428],[37.6892,11.0489],[37.6819,11.0566],[37.6734,11.0603],[37.6726,11.0668],[37.679,11.0737],[37.6546,11.0778],[37.6524,11.0871],[37.6436,11.0888],[37.6522,11.0924],[37.6555,11.0995],[37.6646,11.1063],[37.672,11.1012],[37.6929,11.1007],[37.7151,11.1119],[37.7023,11.1195],[37.7037,11.1372],[37.7155,11.1353],[37.7251,11.1416],[37.7332,11.1391],[37.7633,11.1458],[37.7835,11.1537],[37.7952,11.1522],[37.7993,11.1566],[37.8012,11.1665],[37.8183,11.1671],[37.8224,11.1746],[37.8223,11.1882],[37.8173,11.198],[37.8196,11.2109],[37.8258,11.2296],[37.8395,11.2325],[37.8542,11.2392],[37.8654,11.2314],[37.8689,11.2216],[37.8801,11.215],[37.8966,11.2145],[37.9091,11.2104],[37.9167,11.2128],[37.9299,11.208],[37.9373,11.1999],[37.9426,11.1996],[37.946,11.1924],[37.9544,11.1918],[37.9593,11.1956],[37.9773,11.201],[37.9871,11.2018],[38.0001,11.1986],[38.0067,11.1819],[38.0213,11.1719],[38.0385,11.1732],[38.0552,11.1708],[38.0675,11.1604],[38.0764,11.1571],[38.1067,11.157],[38.1236,11.1549],[38.1324,11.1589],[38.1527,11.157],[38.1569,11.1603],[38.1632,11.152],[38.1782,11.1416],[38.1893,11.142],[38.2,11.1393],[38.2117,11.1407],[38.2373,11.1531],[38.2446,11.1532],[38.2591,11.1467],[38.2726,11.1429],[38.2807,11.1436],[38.2903,11.1506],[38.2959,11.1505],[38.309,11.1399],[38.3244,11.1305],[38.3355,11.1208],[38.3442,11.1088],[38.3581,11.1079],[38.3716,11.1041],[38.3814,11.0969],[38.3901,11.0853],[38.4099,11.0787],[38.4216,11.0787],[38.436,11.0859],[38.4435,11.08],[38.4655,11.0516],[38.4724,11.0401],[38.4736,11.0331],[38.4796,11.027],[38.4887,10.9995],[38.4942,10.9908],[38.4968,10.9739],[38.4914,10.9682],[38.5042,10.9421],[38.5092,10.9397],[38.5189,10.9176],[38.5186,10.9096],[38.5234,10.9022],[38.5237,10.8917],[38.5271,10.8811],[38.5197,10.8686],[38.5186,10.8558],[38.5081,10.8423],[38.5164,10.8253],[38.5182,10.8157],[38.5237,10.8048],[38.5225,10.7953],[38.5312,10.7899],[38.5191,10.7762],[38.51,10.7576],[38.5073,10.7481],[38.5106,10.7296],[38.5092,10.7105],[38.5149,10.6967],[38.5072,10.6873],[38.5076,10.6742],[38.4948,10.6602],[38.492,10.6498],[38.4781,10.6407],[38.4734,10.6323],[38.469,10.6021],[38.462,10.595],[38.4638,10.5819],[38.4681,10.5725],[38.4651,10.5575],[38.4666,10.5472],[38.471,10.5415],[38.4703,10.5328],[38.4819,10.5124],[38.4781,10.5021],[38.4888,10.4839],[38.4823,10.4701],[38.486,10.4617],[38.4811,10.4523],[38.4883,10.442],[38.4831,10.4229],[38.4835,10.4057],[38.4891,10.3977],[38.4893,10.3849],[38.4865,10.3798],[38.4913,10.3738],[38.4899,10.3689],[38.4962,10.3636],[38.4835,10.3654],[38.4767,10.3633],[38.4761,10.3562],[38.4812,10.3444],[38.4751,10.3307],[38.4737,10.3146],[38.4661,10.3052],[38.4725,10.2918],[38.4601,10.29],[38.4579,10.282],[38.4627,10.2677],[38.4553,10.2611],[38.4542,10.2467],[38.4481,10.2403],[38.4307,10.2316],[38.4194,10.2198],[38.4194,10.2132],[38.43,10.1931],[38.4211,10.1808],[38.4257,10.1718],[38.4119,10.1645],[38.4021,10.1547],[38.3975,10.1443],[38.3756,10.1404],[38.3663,10.1405],[38.3581,10.1443],[38.357,10.1508],[38.3483,10.1588],[38.3333,10.1514],[38.3237,10.1234],[38.3265,10.1145],[38.3218,10.1072],[38.3086,10.108],[38.3023,10.1034],[38.2953,10.0892],[38.2861,10.0885],[38.2718,10.0918],[38.2581,10.0877],[38.2524,10.0884],[38.2478,10.1019],[38.2404,10.1026],[38.222,10.0923],[38.2164,10.0864],[38.2001,10.0781],[38.1766,10.0631],[38.1706,10.0578],[38.1673,10.0461],[38.1604,10.0441],[38.1506,10.0351],[38.1451,10.0367],[38.137,10.0474],[38.1253,10.0432],[38.1183,10.029],[38.1183,10.0178],[38.1131,10.016],[38.1007,10.0223],[38.0876,10.0203],[38.0803,10.0152],[38.0812,10.0022],[38.0698,10.0015],[38.0643,9.9979],[38.0599,9.9818],[38.0481,9.9815],[38.0436,9.9698],[38.0256,9.9683],[38.0085,9.9641],[37.9934,9.9491],[37.9784,9.9491],[37.9571,9.9386],[37.9519,9.9384],[37.9387,9.9441],[37.9328,9.9413],[37.9308,9.9305],[37.9353,9.926],[37.9335,9.9176],[37.9234,9.9147],[37.9093,9.9304],[37.9014,9.9304],[37.8802,9.9215],[37.8699,9.9075],[37.8604,9.9128],[37.8592,9.9002],[37.8559,9.8959],[37.8427,9.8967],[37.816,9.8672],[37.8006,9.8618],[37.7746,9.8565],[37.7691,9.8514],[37.761,9.8519],[37.754,9.8571],[37.7485,9.8559],[37.7482,9.8467],[37.7429,9.8407],[37.7307,9.8449],[37.7107,9.8426],[37.7007,9.8367],[37.6946,9.8427],[37.6804,9.8623],[37.6691,9.8602],[37.6619,9.8605]]]}},{"type":"Feature","properties":{"zone":"West Gojam","region":"Amhara","total_woredas":12,"lersha_woredas":0,"lersha_area_km2":0.0},"geometry":{"type":"Polygon","coordinates":[[[36.8066,10.3354],[36.792,10.3434],[36.7766,10.346],[36.7618,10.3673],[36.7524,10.366],[36.7457,10.36],[36.7235,10.3608],[36.718,10.3579],[36.6917,10.3573],[36.6881,10.345],[36.6809,10.3346],[36.6859,10.3231],[36.6854,10.3176],[36.6683,10.3138],[36.6554,10.322],[36.637,10.3466],[36.6176,10.355],[36.6055,10.3647],[36.5895,10.3689],[36.5729,10.3629],[36.5485,10.3609],[36.5392,10.365],[36.5312,10.3821],[36.5229,10.3942],[36.5204,10.4059],[36.5326,10.4311],[36.5432,10.4487],[36.5462,10.4569],[36.5372,10.4731],[36.5268,10.4829],[36.5286,10.4956],[36.5379,10.503],[36.5461,10.5046],[36.5708,10.5182],[36.582,10.5219],[36.584,10.5255],[36.6032,10.5316],[36.6089,10.5379],[36.6277,10.5419],[36.6683,10.5533],[36.6895,10.5563],[36.7287,10.5233],[36.7316,10.5265],[36.7448,10.5295],[36.7508,10.5388],[36.7555,10.553],[36.7486,10.5672],[36.7521,10.5834],[36.7574,10.5848],[36.7786,10.5796],[36.7857,10.5837],[36.7902,10.5915],[36.7987,10.5975],[36.7998,10.6022],[36.8228,10.6192],[36.8206,10.6304],[36.8265,10.6398],[36.8297,10.6529],[36.8213,10.6593],[36.8245,10.664],[36.8424,10.6696],[36.8526,10.678],[36.865,10.6793],[36.873,10.6701],[36.8784,10.673],[36.8882,10.672],[36.9009,10.6786],[36.9189,10.6674],[36.9327,10.6851],[36.9265,10.6897],[36.9243,10.7044],[36.9329,10.7229],[36.9414,10.7275],[36.9503,10.7168],[36.9508,10.7101],[36.9618,10.7053],[36.9767,10.7113],[36.9653,10.7187],[36.9623,10.7249],[36.9664,10.7334],[36.9682,10.7271],[36.9762,10.7226],[36.9825,10.7257],[36.983,10.74],[37.0023,10.7396],[37.0033,10.7468],[37.0101,10.7539],[37.0132,10.7623],[37.0197,10.7552],[37.0123,10.7352],[37.0278,10.7414],[37.0263,10.7485],[37.0298,10.7562],[37.0399,10.7518],[37.0381,10.7577],[37.0456,10.7624],[37.058,10.765],[37.0652,10.7634],[37.068,10.7725],[37.0618,10.7947],[37.0771,10.7894],[37.0732,10.7841],[37.0884,10.7881],[37.0942,10.7958],[37.1017,10.7977],[37.0937,10.8054],[37.0917,10.827],[37.0977,10.8262],[37.099,10.8204],[37.1088,10.8201],[37.1186,10.8279],[37.1236,10.8373],[37.1156,10.863],[37.1135,10.8747],[37.1173,10.8781],[37.1101,10.898],[37.1127,10.9107],[37.0931,10.9349],[37.0868,10.9474],[37.0812,10.9442],[37.0923,10.9586],[37.0981,10.9592],[37.1021,10.9665],[37.1063,10.9601],[37.113,10.9576],[37.1182,10.9636],[37.1296,10.9592],[37.1339,10.9609],[37.1328,10.9733],[37.1226,10.9826],[37.1255,10.9886],[37.1073,11.0102],[37.1082,11.0204],[37.1145,11.0299],[37.1082,11.0371],[37.0977,11.0269],[37.0958,11.0112],[37.087,11.0184],[37.0914,11.0336],[37.0836,11.0473],[37.0736,11.0598],[37.078,11.0668],[37.0731,11.0713],[37.0756,11.0769],[37.0717,11.0823],[37.0755,11.0887],[37.0835,11.0927],[37.0858,11.0982],[37.0794,11.1105],[37.075,11.1137],[37.075,11.128],[37.0805,11.1445],[37.0961,11.1391],[37.0979,11.1266],[37.115,11.1357],[37.1154,11.1389],[37.1273,11.1397],[37.1383,11.145],[37.1451,11.14],[37.1466,11.133],[37.1689,11.127],[37.1771,11.1269],[37.1809,11.1308],[37.1945,11.1255],[37.1969,11.1182],[37.192,11.1127],[37.1916,11.1041],[37.1991,11.1038],[37.2065,11.1158],[37.2049,11.1211],[37.2167,11.1419],[37.2235,11.1487],[37.2319,11.135],[37.2261,11.1207],[37.2336,11.1009],[37.244,11.0991],[37.2529,11.1083],[37.2584,11.1217],[37.2641,11.1223],[37.2743,11.1322],[37.2883,11.123],[37.2881,11.1165],[37.2967,11.1064],[37.3052,11.1231],[37.3116,11.1242],[37.319,11.1316],[37.3229,11.1255],[37.3226,11.1141],[37.3485,11.1253],[37.3583,11.1249],[37.3831,11.1294],[37.3974,11.1207],[37.4045,11.1074],[37.4131,11.1052],[37.4228,11.0877],[37.4294,11.0831],[37.4451,11.0787],[37.4544,11.0885],[37.4694,11.1159],[37.4875,11.1222],[37.4875,11.1262],[37.5091,11.1211],[37.501,11.1122],[37.5171,11.1091],[37.5214,11.1171],[37.5305,11.1059],[37.5493,11.0977],[37.5534,11.0884],[37.5582,11.0866],[37.5608,11.0743],[37.5584,11.067],[37.5581,11.0529],[37.5656,11.0445],[37.5603,11.0364],[37.5592,11.0196],[37.5662,11.0128],[37.5791,11.015],[37.5822,11.012],[37.6034,11.0082],[37.6073,11.0059],[37.6315,11.0053],[37.6417,11.0086],[37.6539,11.0157],[37.6462,11.0266],[37.6397,11.0306],[37.6454,11.0371],[37.6568,11.039],[37.6659,11.0366],[37.6692,11.0416],[37.6892,11.0489],[37.7001,11.0428],[37.7161,11.0608],[37.7293,11.0657],[37.7438,11.0892],[37.7517,11.0845],[37.75,11.0786],[37.7539,11.0662],[37.7596,11.0597],[37.7518,11.044],[37.7538,11.0376],[37.7474,11.037],[37.7471,11.0148],[37.7293,11.0122],[37.723,11.0075],[37.7188,10.9973],[37.7116,10.9877],[37.7173,10.9769],[37.7185,10.9658],[37.7122,10.9524],[37.7121,10.9316],[37.7002,10.914],[37.6965,10.8981],[37.6968,10.8892],[37.6932,10.8879],[37.6958,10.8758],[37.6917,10.8621],[37.6919,10.8421],[37.6939,10.8341],[37.7071,10.817],[37.7055,10.8109],[37.7088,10.799],[37.7053,10.7911],[37.7122,10.7874],[37.7112,10.7724],[37.7179,10.7631],[37.7278,10.7557],[37.7423,10.7543],[37.7509,10.7628],[37.7671,10.7531],[37.7748,10.7416],[37.7693,10.7389],[37.7616,10.7423],[37.7513,10.7423],[37.7418,10.7371],[37.7329,10.7263],[37.7223,10.7191],[37.6961,10.7137],[37.6898,10.707],[37.6799,10.7034],[37.6638,10.7031],[37.6574,10.6991],[37.6473,10.6985],[37.6512,10.6809],[37.6363,10.6723],[37.6258,10.6623],[37.6176,10.6511],[37.6169,10.6372],[37.6059,10.6124],[37.5968,10.6015],[37.5912,10.5986],[37.5866,10.584],[37.5799,10.5852],[37.5737,10.5572],[37.5766,10.555],[37.5662,10.5504],[37.5562,10.5517],[37.5418,10.5459],[37.5312,10.5353],[37.5192,10.5379],[37.5074,10.5348],[37.5035,10.5289],[37.4962,10.5285],[37.4858,10.5144],[37.4732,10.5076],[37.4573,10.4951],[37.452,10.486],[37.4359,10.4867],[37.4233,10.4918],[37.4046,10.4827],[37.3899,10.4805],[37.3919,10.4781],[37.3738,10.472],[37.3682,10.4729],[37.3413,10.4659],[37.3318,10.4725],[37.3184,10.4642],[37.3106,10.4619],[37.3037,10.4554],[37.307,10.4513],[37.3079,10.4381],[37.2932,10.4254],[37.2897,10.417],[37.2917,10.4081],[37.2879,10.395],[37.2779,10.3906],[37.2747,10.3844],[37.2797,10.3602],[37.2677,10.35],[37.2628,10.3355],[37.252,10.3243],[37.243,10.3254],[37.2354,10.3225],[37.2057,10.3215],[37.194,10.3245],[37.1859,10.3297],[37.1691,10.3342],[37.1525,10.3332],[37.1481,10.3407],[37.1164,10.3296],[37.1059,10.3229],[37.0937,10.3222],[37.0857,10.3174],[37.0728,10.3025],[37.0611,10.2964],[37.0511,10.2956],[37.0459,10.2884],[37.0401,10.2854],[37.0133,10.2849],[37.0072,10.2889],[36.9971,10.303],[36.9799,10.314],[36.9717,10.3151],[36.9647,10.3119],[36.9308,10.3109],[36.9192,10.3142],[36.898,10.3128],[36.8887,10.3155],[36.8831,10.3207],[36.8758,10.3338],[36.8692,10.3407],[36.8396,10.3408],[36.8336,10.3425],[36.8153,10.3403],[36.8066,10.3354]]]}},{"type":"Feature","properties":{"zone":"Wag Hamra","region":"Amhara","total_woredas":9,"lersha_woredas":0,"lersha_area_km2":0.0},"geometry":{"type":"Polygon","coordinates":[[[39.2588,12.3127],[39.2413,12.2879],[39.2211,12.2648],[39.2128,12.235],[39.2072,12.2325],[39.196,12.2019],[39.1858,12.2011],[39.166,12.2034],[39.1613,12.2002],[39.1537,12.1683],[39.1606,12.1623],[39.1647,12.1523],[39.1484,12.1425],[39.1415,12.1275],[39.1217,12.1171],[39.1214,12.1324],[39.1174,12.1403],[39.1088,12.147],[39.1098,12.1537],[39.105,12.1602],[39.0939,12.1589],[39.0978,12.1664],[39.0901,12.1623],[39.0774,12.1655],[39.0589,12.1674],[39.0418,12.1708],[39.0375,12.1808],[39.0285,12.1832],[39.0257,12.1904],[39.0312,12.1911],[39.0421,12.2033],[39.0562,12.2082],[39.0545,12.2116],[39.0408,12.2186],[39.0214,12.2386],[38.9982,12.2521],[38.9876,12.2552],[38.9679,12.2503],[38.9555,12.2531],[38.945,12.259],[38.9168,12.269],[38.9072,12.2695],[38.9031,12.2734],[38.8813,12.2751],[38.8726,12.2788],[38.8574,12.2786],[38.842,12.2814],[38.8301,12.276],[38.822,12.269],[38.8143,12.2678],[38.8032,12.2704],[38.7702,12.2917],[38.7387,12.2975],[38.7243,12.2925],[38.7067,12.2792],[38.6995,12.2788],[38.6885,12.2734],[38.6741,12.2737],[38.6546,12.2787],[38.6429,12.2792],[38.6329,12.2861],[38.6028,12.2899],[38.5932,12.2892],[38.5889,12.2923],[38.5725,12.2928],[38.5692,12.2965],[38.5421,12.2944],[38.5365,12.288],[38.5202,12.2836],[38.5088,12.2889],[38.5035,12.2862],[38.4949,12.2936],[38.4842,12.2949],[38.4774,12.3053],[38.473,12.3061],[38.4761,12.3173],[38.4805,12.3159],[38.4871,12.3278],[38.4826,12.3346],[38.4888,12.3437],[38.4767,12.3601],[38.4766,12.3704],[38.4687,12.3721],[38.4428,12.4019],[38.441,12.4137],[38.4344,12.4244],[38.4378,12.436],[38.4299,12.4474],[38.4306,12.4665],[38.4357,12.4753],[38.4273,12.4831],[38.4295,12.504],[38.4205,12.5098],[38.4224,12.5222],[38.4151,12.5332],[38.423,12.5357],[38.4208,12.5525],[38.4315,12.5538],[38.4366,12.5595],[38.44,12.5738],[38.4531,12.5773],[38.4539,12.5861],[38.4672,12.5878],[38.468,12.601],[38.4797,12.6083],[38.481,12.615],[38.472,12.6202],[38.4728,12.6245],[38.4816,12.6297],[38.4758,12.6396],[38.4686,12.641],[38.4711,12.6534],[38.4607,12.6557],[38.4608,12.6648],[38.452,12.6768],[38.4554,12.6895],[38.4519,12.7016],[38.4637,12.7181],[38.4561,12.7262],[38.4576,12.7315],[38.4661,12.7376],[38.4643,12.7453],[38.4502,12.7518],[38.4367,12.7416],[38.4278,12.7409],[38.4194,12.7444],[38.4166,12.751],[38.4026,12.7539],[38.3834,12.7486],[38.3738,12.7577],[38.3673,12.7577],[38.3585,12.7631],[38.3513,12.7606],[38.3301,12.76],[38.3245,12.7774],[38.3282,12.7862],[38.3293,12.8008],[38.3358,12.8084],[38.34,12.8227],[38.3549,12.8493],[38.3417,12.8528],[38.3551,12.8973],[38.3616,12.9062],[38.3866,12.8916],[38.3814,12.9106],[38.3913,12.9111],[38.3983,12.9207],[38.3799,12.9339],[38.3707,12.9462],[38.3538,12.942],[38.3357,12.9524],[38.3387,12.9743],[38.3532,12.9885],[38.3685,12.9836],[38.3684,12.9926],[38.3613,13.002],[38.3535,13.0167],[38.3528,13.0225],[38.3616,13.0223],[38.3804,13.008],[38.3784,13.0364],[38.3829,13.0557],[38.3787,13.0653],[38.3897,13.0759],[38.4079,13.0664],[38.4173,13.0719],[38.4241,13.0949],[38.4307,13.0763],[38.4492,13.0573],[38.4648,13.0848],[38.4916,13.0832],[38.5037,13.0839],[38.4963,13.0967],[38.4897,13.1027],[38.4979,13.1149],[38.5113,13.1489],[38.5102,13.1601],[38.4973,13.1646],[38.5029,13.1693],[38.4953,13.186],[38.5095,13.1798],[38.5285,13.178],[38.5482,13.1691],[38.5506,13.179],[38.5341,13.1992],[38.5455,13.1978],[38.5597,13.1991],[38.5537,13.2086],[38.5489,13.2239],[38.5585,13.2304],[38.5604,13.237],[38.5731,13.2412],[38.5769,13.2484],[38.5734,13.255],[38.5727,13.2924],[38.5891,13.3002],[38.6108,13.3041],[38.6303,13.3093],[38.6488,13.2995],[38.6684,13.2937],[38.679,13.2964],[38.6952,13.2906],[38.7068,13.2929],[38.7226,13.2894],[38.7395,13.2935],[38.7401,13.2868],[38.7299,13.2692],[38.7316,13.2623],[38.7433,13.265],[38.7792,13.2494],[38.7897,13.2501],[38.8007,13.2473],[38.8191,13.2347],[38.8339,13.2319],[38.8503,13.2145],[38.8631,13.2095],[38.8762,13.2205],[38.8932,13.2234],[38.9133,13.2245],[38.9296,13.2357],[38.9517,13.2375],[38.9558,13.212],[38.9648,13.2078],[38.9848,13.2028],[38.9974,13.2034],[39.0167,13.1787],[39.036,13.1699],[39.0426,13.1556],[39.0369,13.1342],[39.0202,13.1269],[39.0102,13.114],[38.9786,13.099],[38.9898,13.0813],[38.9905,13.0628],[38.994,13.0453],[39.0001,13.0389],[39.0043,13.0234],[38.9945,13.0117],[39.0002,13.0034],[39.0343,13.0005],[39.0446,12.9934],[39.0536,12.9907],[39.0741,12.9761],[39.0829,12.9593],[39.1005,12.9588],[39.1191,12.9609],[39.1419,12.9558],[39.1548,12.9498],[39.1635,12.9484],[39.1748,12.9382],[39.1928,12.9281],[39.2033,12.9289],[39.2153,12.9221],[39.2331,12.9167],[39.2508,12.918],[39.2587,12.9147],[39.2631,12.8941],[39.2753,12.8673],[39.279,12.8562],[39.2949,12.8709],[39.3068,12.8663],[39.3101,12.8522],[39.2904,12.8379],[39.2777,12.826],[39.3072,12.8117],[39.3036,12.7933],[39.2957,12.7855],[39.2758,12.7878],[39.2677,12.7713],[39.2789,12.7585],[39.2809,12.7433],[39.2739,12.7266],[39.2695,12.7232],[39.2855,12.7044],[39.2805,12.688],[39.2657,12.6771],[39.2389,12.6631],[39.2308,12.6665],[39.212,12.6616],[39.1989,12.6604],[39.1814,12.6527],[39.1744,12.6435],[39.1834,12.6303],[39.1823,12.6181],[39.1857,12.6069],[39.2016,12.5823],[39.2092,12.5606],[39.2087,12.5496],[39.2143,12.5434],[39.2223,12.5167],[39.2298,12.5011],[39.2309,12.4862],[39.2364,12.4731],[39.2373,12.4409],[39.2406,12.4322],[39.2418,12.4036],[39.2399,12.3945],[39.243,12.3803],[39.2455,12.3529],[39.2512,12.3441],[39.2629,12.3347],[39.2645,12.3293],[39.2588,12.3127]]]}},{"type":"Feature","properties":{"zone":"Awi","region":"Amhara","total_woredas":16,"lersha_woredas":0,"lersha_area_km2":0.0},"geometry":{"type":"Polygon","coordinates":[[[36.5109,10.4788],[36.4854,10.4828],[36.4627,10.4792],[36.4557,10.4746],[36.4495,10.4595],[36.4353,10.4525],[36.4238,10.4558],[36.409,10.4553],[36.3909,10.468],[36.3822,10.4896],[36.3715,10.5048],[36.3647,10.5062],[36.3637,10.5181],[36.3591,10.5303],[36.3436,10.5209],[36.3261,10.5233],[36.3182,10.528],[36.3109,10.5421],[36.3082,10.5524],[36.302,10.554],[36.302,10.5712],[36.3059,10.5779],[36.2935,10.5971],[36.2837,10.5987],[36.2816,10.6046],[36.2863,10.6151],[36.2916,10.62],[36.3076,10.6242],[36.303,10.6379],[36.3109,10.649],[36.3183,10.652],[36.3242,10.6617],[36.3125,10.6738],[36.3113,10.6788],[36.318,10.6793],[36.3217,10.6853],[36.3166,10.6972],[36.3176,10.7036],[36.3266,10.7138],[36.3313,10.7262],[36.3526,10.74],[36.3593,10.7416],[36.3627,10.7482],[36.374,10.7584],[36.376,10.7653],[36.3728,10.7728],[36.3772,10.7858],[36.3495,10.7902],[36.3416,10.7888],[36.3313,10.7703],[36.3253,10.7687],[36.3247,10.7632],[36.3135,10.7529],[36.3108,10.7473],[36.2938,10.7434],[36.2852,10.7446],[36.2885,10.7724],[36.2823,10.8039],[36.2995,10.81],[36.2949,10.815],[36.3048,10.8199],[36.3101,10.8272],[36.3097,10.8358],[36.3138,10.8508],[36.3093,10.8546],[36.3091,10.8625],[36.3226,10.8787],[36.3321,10.8874],[36.3316,10.8977],[36.3455,10.9107],[36.3471,10.9172],[36.3531,10.9212],[36.3506,10.93],[36.354,10.937],[36.3658,10.9457],[36.4139,10.9958],[36.4177,11.0007],[36.4226,11.0314],[36.4362,11.039],[36.4442,11.0504],[36.4512,11.0535],[36.4699,11.0552],[36.4783,11.0671],[36.4897,11.0687],[36.4913,11.0759],[36.5007,11.0853],[36.515,11.1048],[36.5251,11.1127],[36.5326,11.1132],[36.534,11.098],[36.5549,11.0932],[36.5594,11.0998],[36.575,11.1007],[36.578,11.1105],[36.5602,11.1133],[36.5528,11.1271],[36.5493,11.1378],[36.5304,11.1416],[36.5114,11.1374],[36.5029,11.1375],[36.4756,11.157],[36.4676,11.1554],[36.4682,11.1783],[36.466,11.1864],[36.4685,11.1972],[36.4676,11.2153],[36.4602,11.2264],[36.4708,11.2333],[36.4758,11.2447],[36.4671,11.265],[36.4832,11.2718],[36.4903,11.2791],[36.495,11.289],[36.505,11.285],[36.5148,11.2896],[36.5296,11.3025],[36.5454,11.3048],[36.5569,11.3021],[36.5624,11.3183],[36.5564,11.3295],[36.5475,11.3373],[36.5345,11.3353],[36.5387,11.3456],[36.5588,11.3543],[36.5636,11.358],[36.5639,11.3713],[36.5514,11.3866],[36.5411,11.3941],[36.5331,11.3941],[36.5299,11.4345],[36.5211,11.4445],[36.5122,11.4583],[36.5035,11.4581],[36.4978,11.4437],[36.4715,11.4363],[36.4672,11.4286],[36.4481,11.4269],[36.4099,11.4139],[36.4095,11.4583],[36.4197,11.4673],[36.4251,11.4767],[36.4384,11.4918],[36.4443,11.4928],[36.4388,11.5043],[36.424,11.5222],[36.4131,11.532],[36.4145,11.5451],[36.4034,11.546],[36.3903,11.5713],[36.3914,11.5833],[36.3794,11.5961],[36.3752,11.6077],[36.3653,11.6003],[36.3484,11.6054],[36.3383,11.6509],[36.3324,11.666],[36.3476,11.6966],[36.3321,11.7041],[36.3338,11.7232],[36.3396,11.7375],[36.3387,11.761],[36.3412,11.7677],[36.3376,11.773],[36.3413,11.7808],[36.3291,11.7967],[36.3088,11.8032],[36.2959,11.7893],[36.2829,11.7727],[36.261,11.7535],[36.2359,11.737],[36.2316,11.7221],[36.2071,11.7214],[36.2008,11.7058],[36.1857,11.69],[36.165,11.6782],[36.1571,11.6859],[36.1448,11.6856],[36.1184,11.7058],[36.1255,11.7192],[36.1166,11.7235],[36.1232,11.7344],[36.1172,11.7742],[36.1052,11.8159],[36.0951,11.8129],[36.0815,11.8244],[36.0843,11.8351],[36.0663,11.8516],[36.0545,11.8493],[36.0491,11.866],[36.0564,11.8743],[36.0451,11.8764],[36.0506,11.883],[36.0381,11.8855],[36.0338,11.8918],[36.0426,11.8951],[36.0212,11.9138],[35.996,11.9269],[35.978,11.9605],[35.969,11.9584],[35.9723,11.9703],[35.9658,11.9846],[35.9405,11.9708],[35.9345,12.0009],[35.9434,12.0125],[35.9513,12.0093],[35.9665,12.0117],[35.9745,12.0056],[35.9917,12.0089],[36.0017,12.015],[36.0075,12.012],[36.0136,12.0178],[36.0288,12.0223],[36.0329,12.02],[36.0476,12.0209],[36.0494,12.0261],[36.0598,12.0245],[36.062,12.0296],[36.0585,12.0363],[36.0521,12.0389],[36.0583,12.0495],[36.0647,12.0529],[36.0739,12.0429],[36.0834,12.0391],[36.0866,12.0272],[36.0979,12.0339],[36.1072,12.0313],[36.1306,12.0118],[36.1376,12.0167],[36.1566,12.0083],[36.1732,12.0034],[36.1757,12.0108],[36.1882,12.0007],[36.1908,12.0057],[36.2028,12.002],[36.2093,12.0076],[36.2169,12.0025],[36.2275,12.0019],[36.2295,12.008],[36.2404,12.0119],[36.2432,12.0184],[36.2613,12.0247],[36.2693,12.0237],[36.2827,12.027],[36.2867,12.0372],[36.2978,12.0415],[36.2978,12.0458],[36.3131,12.0457],[36.3223,12.0499],[36.3274,12.0472],[36.3421,12.0506],[36.343,12.0536],[36.3556,12.0484],[36.369,12.036],[36.377,12.0392],[36.3838,12.0312],[36.3952,12.0235],[36.4182,12.0159],[36.4459,12.0078],[36.4638,12.0006],[36.4726,12.0006],[36.4773,11.996],[36.4928,11.9888],[36.5157,11.9876],[36.5293,11.9789],[36.5317,11.9816],[36.5496,11.9778],[36.5565,11.9711],[36.5664,11.9704],[36.5702,11.9614],[36.5493,11.9513],[36.5459,11.9481],[36.5564,11.9328],[36.5349,11.9316],[36.5224,11.9326],[36.5201,11.9301],[36.5415,11.9142],[36.5527,11.9103],[36.5665,11.8955],[36.5714,11.8956],[36.5776,11.8876],[36.5836,11.8871],[36.5828,11.8814],[36.5993,11.8631],[36.6086,11.8578],[36.6053,11.8529],[36.6139,11.8303],[36.6161,11.8141],[36.6035,11.8029],[36.5906,11.7883],[36.5746,11.7765],[36.5808,11.7671],[36.6098,11.7634],[36.6146,11.7482],[36.6362,11.7304],[36.6599,11.7308],[36.6637,11.7255],[36.6614,11.7095],[36.6621,11.6908],[36.66,11.6808],[36.6633,11.6776],[36.6622,11.6642],[36.6549,11.6572],[36.6549,11.6416],[36.6389,11.6295],[36.6321,11.6205],[36.6218,11.6118],[36.6105,11.5988],[36.598,11.5908],[36.5836,11.5649],[36.5769,11.5601],[36.5672,11.5476],[36.5589,11.5466],[36.5513,11.5378],[36.552,11.5228],[36.6231,11.5336],[36.6516,11.5088],[36.6633,11.4644],[36.66,11.4535],[36.6526,11.4414],[36.6544,11.4224],[36.6486,11.4194],[36.6505,11.404],[36.6652,11.4073],[36.6753,11.4048],[36.6911,11.4148],[36.6954,11.4122],[36.7026,11.4158],[36.7203,11.4199],[36.7239,11.4274],[36.7366,11.433],[36.7462,11.4426],[36.7636,11.4304],[36.7791,11.4097],[36.7919,11.4082],[36.7941,11.4037],[36.8057,11.4038],[36.812,11.385],[36.823,11.3696],[36.8441,11.3584],[36.8596,11.348],[36.8653,11.3478],[36.8708,11.3371],[36.8676,11.3316],[36.8823,11.3151],[36.8924,11.3116],[36.901,11.3172],[36.9057,11.3145],[36.9131,11.3181],[36.9196,11.3048],[36.9257,11.3005],[36.9398,11.3052],[36.9487,11.2938],[36.9432,11.287],[36.9419,11.2773],[36.9304,11.2706],[36.9266,11.2578],[36.9399,11.2566],[36.9516,11.2508],[36.9643,11.2567],[36.9767,11.2578],[36.9831,11.2467],[36.982,11.2377],[36.9851,11.2289],[36.995,11.2194],[36.9969,11.211],[37.0063,11.2088],[37.0127,11.1968],[37.0052,11.1963],[37.0092,11.1905],[37.0075,11.1821],[37.0164,11.1889],[37.0301,11.1898],[37.0335,11.1834],[37.0441,11.1805],[37.0455,11.1901],[37.05,11.1828],[37.0563,11.1839],[37.0622,11.1776],[37.0716,11.1787],[37.0674,11.171],[37.0729,11.1636],[37.0816,11.1593],[37.0805,11.1445],[37.075,11.128],[37.075,11.1137],[37.0794,11.1105],[37.0858,11.0982],[37.0835,11.0927],[37.0755,11.0887],[37.0717,11.0823],[37.0756,11.0769],[37.0731,11.0713],[37.078,11.0668],[37.0736,11.0598],[37.0836,11.0473],[37.0914,11.0336],[37.087,11.0184],[37.0958,11.0112],[37.0977,11.0269],[37.1082,11.0371],[37.1145,11.0299],[37.1082,11.0204],[37.1073,11.0102],[37.1255,10.9886],[37.1226,10.9826],[37.1328,10.9733],[37.1339,10.9609],[37.1296,10.9592],[37.1182,10.9636],[37.113,10.9576],[37.1063,10.9601],[37.1021,10.9665],[37.0981,10.9592],[37.0923,10.9586],[37.0812,10.9442],[37.0868,10.9474],[37.0931,10.9349],[37.1127,10.9107],[37.1101,10.898],[37.1173,10.8781],[37.1135,10.8747],[37.1156,10.863],[37.1236,10.8373],[37.1186,10.8279],[37.1088,10.8201],[37.099,10.8204],[37.0977,10.8262],[37.0917,10.827],[37.0937,10.8054],[37.1017,10.7977],[37.0942,10.7958],[37.0884,10.7881],[37.0732,10.7841],[37.0771,10.7894],[37.0618,10.7947],[37.068,10.7725],[37.0652,10.7634],[37.058,10.765],[37.0456,10.7624],[37.0381,10.7577],[37.0399,10.7518],[37.0298,10.7562],[37.0263,10.7485],[37.0278,10.7414],[37.0123,10.7352],[37.0197,10.7552],[37.0132,10.7623],[37.0101,10.7539],[37.0033,10.7468],[37.0023,10.7396],[36.983,10.74],[36.9825,10.7257],[36.9762,10.7226],[36.9682,10.7271],[36.9664,10.7334],[36.9623,10.7249],[36.9653,10.7187],[36.9767,10.7113],[36.9618,10.7053],[36.9508,10.7101],[36.9503,10.7168],[36.9414,10.7275],[36.9329,10.7229],[36.9243,10.7044],[36.9265,10.6897],[36.9327,10.6851],[36.9189,10.6674],[36.9009,10.6786],[36.8882,10.672],[36.8784,10.673],[36.873,10.6701],[36.865,10.6793],[36.8526,10.678],[36.8424,10.6696],[36.8245,10.664],[36.8213,10.6593],[36.8297,10.6529],[36.8265,10.6398],[36.8206,10.6304],[36.8228,10.6192],[36.7998,10.6022],[36.7987,10.5975],[36.7902,10.5915],[36.7857,10.5837],[36.7786,10.5796],[36.7574,10.5848],[36.7521,10.5834],[36.7486,10.5672],[36.7555,10.553],[36.7508,10.5388],[36.7448,10.5295],[36.7316,10.5265],[36.7287,10.5233],[36.6895,10.5563],[36.6683,10.5533],[36.6277,10.5419],[36.6089,10.5379],[36.6032,10.5316],[36.584,10.5255],[36.582,10.5219],[36.5708,10.5182],[36.5461,10.5046],[36.5379,10.503],[36.5286,10.4956],[36.5268,10.4829],[36.5109,10.4788]]]}},{"type":"Feature","properties":{"zone":"Oromo Nationality Administration","region":"Amhara","total_woredas":9,"lersha_woredas":0,"lersha_area_km2":0.0},"geometry":{"type":"Polygon","coordinates":[[[39.9238,10.0686],[39.9271,10.0834],[39.9265,10.0914],[39.9306,10.0996],[39.9404,10.0958],[39.9624,10.0908],[39.9747,10.0948],[39.9798,10.1052],[39.9895,10.1083],[39.9875,10.1234],[39.976,10.124],[39.9774,10.116],[39.9686,10.1172],[39.9622,10.1143],[39.9525,10.1213],[39.9481,10.1102],[39.9412,10.1151],[39.9402,10.1217],[39.9337,10.1226],[39.9352,10.1281],[39.9294,10.1293],[39.9336,10.1375],[39.9351,10.1596],[39.9467,10.1687],[39.9473,10.1849],[39.951,10.1934],[39.952,10.2176],[39.9503,10.2243],[39.944,10.2279],[39.9345,10.2279],[39.9379,10.2398],[39.9264,10.2392],[39.929,10.2566],[39.9422,10.2529],[39.9441,10.257],[39.9401,10.2772],[39.9259,10.2751],[39.9308,10.2894],[39.9232,10.2967],[39.9256,10.3061],[39.9381,10.3083],[39.9424,10.3275],[39.9499,10.3368],[39.958,10.3352],[39.9629,10.3443],[39.9759,10.341],[39.9814,10.3502],[39.9647,10.3639],[39.958,10.3582],[39.9337,10.3745],[39.934,10.3825],[39.9471,10.3837],[39.9478,10.3951],[39.9381,10.3981],[39.9374,10.4102],[39.9423,10.4275],[39.9433,10.441],[39.9387,10.4512],[39.9377,10.4668],[39.9292,10.4724],[39.9394,10.4823],[39.9336,10.4911],[39.9294,10.5042],[39.9249,10.5089],[39.9249,10.516],[39.9171,10.5318],[39.9136,10.531],[39.9038,10.5439],[39.8923,10.5462],[39.8852,10.5592],[39.8657,10.5749],[39.8699,10.578],[39.8637,10.5898],[39.8641,10.6159],[39.86,10.6231],[39.8414,10.62],[39.8343,10.654],[39.8651,10.6745],[39.8673,10.6836],[39.881,10.6963],[39.8646,10.6974],[39.8511,10.6933],[39.8419,10.6873],[39.8174,10.6898],[39.811,10.7141],[39.8104,10.7311],[39.8127,10.7342],[39.7738,10.7283],[39.758,10.713],[39.744,10.7098],[39.7401,10.7182],[39.7279,10.7086],[39.7228,10.7135],[39.7155,10.7269],[39.7125,10.7378],[39.711,10.753],[39.7071,10.7584],[39.7132,10.7689],[39.6975,10.7784],[39.6991,10.7859],[39.6869,10.7872],[39.6963,10.8002],[39.7026,10.7982],[39.7094,10.8013],[39.7003,10.8139],[39.6986,10.8262],[39.6938,10.8296],[39.7099,10.8374],[39.7008,10.8421],[39.6919,10.8421],[39.6896,10.8537],[39.6834,10.8561],[39.6785,10.8706],[39.6799,10.874],[39.6667,10.8844],[39.6687,10.8892],[39.6645,10.8973],[39.6688,10.8974],[39.6881,10.8888],[39.693,10.8836],[39.7182,10.8747],[39.7242,10.8753],[39.7333,10.8839],[39.7331,10.8897],[39.7445,10.8931],[39.7455,10.8869],[39.7551,10.8837],[39.7596,10.889],[39.7686,10.888],[39.7911,10.8797],[39.7893,10.8942],[39.7952,10.8958],[39.7976,10.8901],[39.8037,10.8909],[39.8048,10.8971],[39.7998,10.9004],[39.8044,10.9065],[39.8191,10.9116],[39.8155,10.8964],[39.8234,10.892],[39.8267,10.8768],[39.8355,10.8789],[39.8381,10.8861],[39.8459,10.8839],[39.8571,10.8919],[39.8715,10.8891],[39.8753,10.8996],[39.8825,10.9041],[39.899,10.9062],[39.9073,10.9099],[39.9139,10.9031],[39.9337,10.91],[39.9395,10.9034],[39.9332,10.8943],[39.9341,10.8853],[39.9402,10.8774],[39.9474,10.8768],[39.9555,10.8688],[39.9461,10.8551],[39.9367,10.8499],[39.9375,10.8392],[39.9443,10.8388],[39.9445,10.8319],[39.9568,10.8395],[39.9576,10.8472],[39.9616,10.8409],[39.9692,10.8386],[39.9722,10.8422],[39.9631,10.8547],[39.9681,10.8523],[39.9788,10.8557],[40.0039,10.8561],[40.0071,10.8592],[40.0249,10.8649],[40.0379,10.8611],[40.0581,10.8669],[40.0703,10.8731],[40.0809,10.8692],[40.1036,10.876],[40.093,10.893],[40.0692,10.9037],[40.0699,10.9071],[40.0489,10.9151],[40.034,10.923],[40.0324,10.9274],[40.0181,10.9369],[40.021,10.9486],[40.0171,10.9587],[40.0253,10.9535],[40.0264,10.948],[40.0329,10.9543],[40.0355,10.9623],[40.05,10.9812],[40.0453,10.9908],[40.0389,10.9926],[40.0304,10.9892],[40.0276,11.0007],[40.0171,11.0046],[40.0107,11.0106],[40.0065,11.0211],[40.0003,11.0258],[39.9951,11.0407],[39.9888,11.0443],[39.9873,11.0515],[39.9903,11.0601],[39.9838,11.0632],[39.9856,11.0674],[39.9771,11.0796],[39.9741,11.0939],[39.9667,11.1015],[39.9547,11.1213],[39.9601,11.1284],[39.9565,11.1411],[39.9636,11.1433],[39.9631,11.149],[39.9701,11.1524],[39.9678,11.163],[39.9743,11.1683],[39.9675,11.1786],[39.9737,11.1897],[39.9564,11.2023],[39.9532,11.211],[39.9457,11.2149],[39.9435,11.2113],[39.9364,11.2184],[39.9292,11.217],[39.917,11.2271],[39.9166,11.2518],[39.9056,11.2484],[39.9025,11.2416],[39.8859,11.2415],[39.8882,11.2513],[39.8799,11.2555],[39.8709,11.2656],[39.8719,11.2718],[39.8561,11.2753],[39.8618,11.2832],[39.8584,11.2978],[39.8591,11.3092],[39.8487,11.3138],[39.8473,11.3222],[39.8567,11.3287],[39.8739,11.3354],[39.8897,11.3451],[39.9059,11.3444],[39.9118,11.3526],[39.9276,11.3516],[39.9342,11.3561],[39.9471,11.359],[39.9549,11.3676],[39.9642,11.3685],[39.9751,11.3749],[39.9892,11.3919],[40.0014,11.4009],[40.0104,11.4185],[40.0147,11.422],[40.0316,11.4273],[40.0519,11.4368],[40.0666,11.4321],[40.0702,11.3737],[40.0672,11.3606],[40.065,11.3378],[40.0712,11.3256],[40.1026,11.3169],[40.1228,11.2961],[40.1456,11.2556],[40.1729,11.24],[40.2013,11.1456],[40.2124,11.1089],[40.1938,11.0964],[40.1955,11.0682],[40.1932,11.0479],[40.1869,11.0253],[40.169,11.0016],[40.1441,10.9521],[40.1238,10.9376],[40.1329,10.9152],[40.1493,10.8958],[40.1805,10.8969],[40.1759,10.8778],[40.17,10.8735],[40.167,10.8475],[40.1671,10.834],[40.1641,10.8286],[40.1667,10.805],[40.1404,10.7822],[40.1332,10.7787],[40.122,10.7682],[40.1084,10.7638],[40.1026,10.755],[40.1025,10.7397],[40.1091,10.7239],[40.1145,10.6979],[40.1213,10.656],[40.1285,10.6175],[40.1506,10.4704],[40.1529,10.4393],[40.1616,10.4353],[40.1636,10.4124],[40.1631,10.3748],[40.1591,10.3563],[40.1604,10.3008],[40.1575,10.2854],[40.1467,10.2772],[40.1556,10.2574],[40.1499,10.2333],[40.129,10.1735],[40.1371,10.145],[40.1581,10.0903],[40.1326,10.0711],[40.1072,10.0712],[40.069,10.0791],[40.024,10.0744],[39.9936,10.0769],[39.989,10.0883],[39.9692,10.0849],[39.9482,10.0845],[39.9273,10.09],[39.9335,10.0717],[39.9238,10.0686]]]}},{"type":"Feature","properties":{"zone":"Central Gondar","region":"Amhara","total_woredas":20,"lersha_woredas":0,"lersha_area_km2":0.0},"geometry":{"type":"Polygon","coordinates":[[[36.5196,13.5855],[36.5378,13.582],[36.5399,13.5755],[36.5547,13.5713],[36.5603,13.5633],[36.5585,13.5515],[36.564,13.5474],[36.5647,13.533],[36.5724,13.5222],[36.5797,13.5203],[36.5981,13.5047],[36.6011,13.4984],[36.5964,13.4891],[36.5788,13.4822],[36.5743,13.4779],[36.571,13.4669],[36.5729,13.4562],[36.5664,13.4462],[36.5695,13.4253],[36.5793,13.4116],[36.5887,13.4028],[36.5927,13.389],[36.6095,13.3752],[36.6281,13.3819],[36.6358,13.3825],[36.6439,13.3781],[36.6491,13.3802],[36.6561,13.3691],[36.6646,13.3666],[36.6851,13.3748],[36.7054,13.3721],[36.7148,13.3671],[36.7314,13.3687],[36.7347,13.3631],[36.7494,13.3714],[36.7622,13.3741],[36.7704,13.3819],[36.7724,13.3889],[36.7884,13.4076],[36.8025,13.4134],[36.8086,13.4185],[36.8125,13.4352],[36.8171,13.4465],[36.8248,13.4482],[36.8437,13.4409],[36.8447,13.4354],[36.8542,13.4314],[36.8712,13.419],[36.8812,13.4075],[36.8955,13.4069],[36.9039,13.3946],[36.9051,13.3882],[36.9154,13.3828],[36.9192,13.3768],[36.9269,13.3776],[36.9297,13.3721],[36.9386,13.38],[36.9461,13.3698],[36.9569,13.3624],[36.9645,13.3696],[36.9821,13.3613],[37.0018,13.3567],[37.013,13.3605],[37.0253,13.3546],[37.0397,13.351],[37.0525,13.333],[37.0656,13.3299],[37.0693,13.3174],[37.0764,13.318],[37.0784,13.3118],[37.0839,13.3147],[37.0987,13.3164],[37.1227,13.3084],[37.1275,13.3051],[37.1503,13.3008],[37.1635,13.2926],[37.1857,13.2826],[37.2047,13.2557],[37.2244,13.2747],[37.2398,13.2769],[37.2462,13.2922],[37.2559,13.295],[37.2638,13.29],[37.2759,13.2884],[37.2806,13.2849],[37.3127,13.2975],[37.3218,13.2972],[37.3355,13.3104],[37.3443,13.3244],[37.3504,13.3267],[37.3519,13.3426],[37.359,13.3575],[37.3652,13.3599],[37.3887,13.3563],[37.403,13.3617],[37.4158,13.374],[37.4196,13.3682],[37.4405,13.3541],[37.4502,13.3549],[37.4765,13.3677],[37.4901,13.3632],[37.4949,13.3678],[37.5178,13.3665],[37.5237,13.3699],[37.5216,13.3589],[37.5378,13.3337],[37.5373,13.3269],[37.5492,13.3127],[37.548,13.3092],[37.5301,13.2991],[37.5295,13.2908],[37.5357,13.2665],[37.5345,13.2608],[37.5428,13.2464],[37.5421,13.2364],[37.5462,13.2313],[37.5477,13.2206],[37.5411,13.2136],[37.5447,13.2079],[37.5419,13.195],[37.5311,13.1875],[37.5189,13.1905],[37.5111,13.1874],[37.5049,13.1798],[37.5018,13.168],[37.4913,13.1636],[37.4834,13.1571],[37.4789,13.1423],[37.4663,13.132],[37.4562,13.1162],[37.4551,13.1022],[37.4914,13.0984],[37.5071,13.1008],[37.524,13.0953],[37.5314,13.0758],[37.532,13.0478],[37.5365,13.0352],[37.5334,13.0256],[37.5375,13.0135],[37.5405,12.9911],[37.5475,12.966],[37.5548,12.9616],[37.5632,12.9521],[37.579,12.9454],[37.5922,12.952],[37.6048,12.9553],[37.6139,12.9534],[37.6363,12.9565],[37.6322,12.9356],[37.6332,12.927],[37.6278,12.9206],[37.65,12.9272],[37.6468,12.9232],[37.6457,12.9115],[37.6511,12.9021],[37.6621,12.8943],[37.6803,12.8963],[37.6868,12.8944],[37.6928,12.8858],[37.7031,12.8794],[37.7145,12.8772],[37.7324,12.8805],[37.727,12.8843],[37.745,12.8944],[37.7501,12.9003],[37.7557,12.8978],[37.7622,12.913],[37.7723,12.9211],[37.7865,12.9223],[37.811,12.9201],[37.8259,12.9269],[37.8408,12.9233],[37.8476,12.9268],[37.8576,12.9218],[37.8695,12.9217],[37.8743,12.9157],[37.8869,12.914],[37.8966,12.9092],[37.9016,12.9102],[37.9127,12.9053],[37.917,12.9185],[37.904,12.9332],[37.8976,12.9579],[37.9002,12.9837],[37.894,12.9993],[37.9037,13.0146],[37.9197,13.0296],[37.9109,13.0331],[37.905,13.0419],[37.9158,13.0445],[37.9382,13.0573],[37.9484,13.0559],[37.9482,13.0713],[37.9549,13.0789],[37.9636,13.0835],[37.9745,13.0811],[37.9755,13.0933],[37.9839,13.1053],[37.9933,13.1063],[38.0152,13.0885],[38.0183,13.0912],[38.0288,13.0803],[38.0438,13.0741],[38.0298,13.0576],[38.0156,13.0454],[38.0144,13.0401],[38.0033,13.0325],[38.0011,13.0269],[38.0157,13.0067],[38.021,12.9858],[38.0232,12.9646],[38.0385,12.9472],[38.0431,12.9459],[38.0507,12.9362],[38.0587,12.9494],[38.0661,12.9485],[38.0717,12.9701],[38.0811,12.9704],[38.0877,12.9809],[38.0944,12.9812],[38.1016,12.9722],[38.1173,12.9713],[38.1266,12.9679],[38.1313,12.9479],[38.1283,12.9094],[38.1332,12.8979],[38.1295,12.8834],[38.124,12.8765],[38.1341,12.8718],[38.1446,12.8889],[38.1527,12.8979],[38.1499,12.9036],[38.1561,12.9105],[38.1549,12.92],[38.1574,12.9382],[38.1727,12.9428],[38.1844,12.9379],[38.1923,12.9392],[38.184,12.9229],[38.1888,12.9126],[38.1868,12.9047],[38.1925,12.8954],[38.203,12.8898],[38.2023,12.8823],[38.2101,12.8841],[38.2203,12.8807],[38.2243,12.8733],[38.2376,12.8848],[38.2484,12.9026],[38.2646,12.8986],[38.2664,12.8736],[38.2632,12.8563],[38.2654,12.8474],[38.2605,12.8418],[38.2618,12.8252],[38.2825,12.8157],[38.2958,12.8162],[38.3048,12.7928],[38.3105,12.7585],[38.3122,12.7544],[38.3202,12.7598],[38.3301,12.76],[38.3513,12.7606],[38.3585,12.7631],[38.3673,12.7577],[38.3738,12.7577],[38.3834,12.7486],[38.4026,12.7539],[38.4166,12.751],[38.4194,12.7444],[38.4278,12.7409],[38.4367,12.7416],[38.4502,12.7518],[38.4643,12.7453],[38.4661,12.7376],[38.4576,12.7315],[38.4561,12.7262],[38.4637,12.7181],[38.4519,12.7016],[38.4554,12.6895],[38.452,12.6768],[38.4608,12.6648],[38.4607,12.6557],[38.4711,12.6534],[38.4686,12.641],[38.4758,12.6396],[38.4816,12.6297],[38.4728,12.6245],[38.472,12.6202],[38.481,12.615],[38.4797,12.6083],[38.468,12.601],[38.4672,12.5878],[38.4539,12.5861],[38.4531,12.5773],[38.44,12.5738],[38.4366,12.5595],[38.4315,12.5538],[38.4208,12.5525],[38.4073,12.5531],[38.3988,12.5503],[38.3945,12.5425],[38.3802,12.5378],[38.3709,12.5314],[38.3533,12.5108],[38.345,12.4863],[38.3339,12.4811],[38.3124,12.462],[38.3091,12.4495],[38.2982,12.4422],[38.2899,12.4169],[38.281,12.4154],[38.2593,12.3934],[38.2427,12.3913],[38.2348,12.3831],[38.2285,12.3844],[38.2184,12.3751],[38.2098,12.3741],[38.2091,12.3691],[38.1963,12.3647],[38.1948,12.3585],[38.1884,12.3558],[38.1879,12.3506],[38.1753,12.3476],[38.1727,12.3394],[38.1403,12.3303],[38.129,12.3356],[38.1126,12.3377],[38.1106,12.3177],[38.0984,12.3255],[38.0912,12.3193],[38.0825,12.3168],[38.0771,12.3113],[38.0604,12.3333],[38.0423,12.3249],[38.0346,12.3258],[38.0311,12.316],[38.0201,12.3089],[38.004,12.3159],[37.9919,12.3059],[37.9894,12.2998],[37.983,12.3082],[37.9689,12.2957],[37.9635,12.288],[37.9585,12.2934],[37.96,12.305],[37.9488,12.2994],[37.9507,12.293],[37.9491,12.2794],[37.9622,12.2635],[37.9594,12.2378],[37.9683,12.2207],[37.9648,12.2181],[37.9463,12.2217],[37.9396,12.2209],[37.935,12.2262],[37.9332,12.2415],[37.9292,12.2413],[37.9286,12.2524],[37.9249,12.2643],[37.9189,12.2747],[37.9046,12.2686],[37.8896,12.2874],[37.8824,12.2923],[37.8836,12.2819],[37.8712,12.2783],[37.8597,12.2638],[37.8636,12.2548],[37.8554,12.2512],[37.8516,12.2542],[37.8432,12.2497],[37.8301,12.2515],[37.8156,12.2707],[37.8168,12.2883],[37.8116,12.3012],[37.7972,12.305],[37.7888,12.3038],[37.7861,12.3122],[37.7872,12.3306],[37.7931,12.3324],[37.7944,12.3443],[37.7835,12.3485],[37.7758,12.3472],[37.7723,12.3535],[37.7746,12.3596],[37.7671,12.3677],[37.7616,12.3583],[37.7558,12.3599],[37.7478,12.3561],[37.7301,12.3346],[37.7292,12.3246],[37.7052,12.3357],[37.6973,12.3257],[37.6845,12.3321],[37.6771,12.3251],[37.6664,12.3221],[37.6604,12.3128],[37.6603,12.3001],[37.6461,12.2922],[37.6473,12.2862],[37.6534,12.2831],[37.6709,12.2844],[37.6822,12.2759],[37.6819,12.2672],[37.6921,12.2536],[37.7004,12.2506],[37.7015,12.2377],[37.7103,12.2398],[37.7259,12.2236],[37.7263,12.2179],[37.7378,12.2083],[37.7348,12.1987],[37.7457,12.212],[37.7619,12.2161],[37.7566,12.2041],[37.7593,12.1927],[37.7526,12.1854],[37.7432,12.1847],[37.7416,12.1775],[37.7341,12.172],[37.7247,12.1702],[37.7023,12.1744],[37.6938,12.1694],[37.6938,12.1524],[37.6836,12.1518],[37.6729,12.1449],[37.6663,12.1484],[37.6622,12.1437],[37.6487,12.1421],[37.6421,12.1455],[37.6398,12.1537],[37.6289,12.151],[37.6269,12.1405],[37.6035,12.13],[37.5394,12.0877],[37.4227,12.0981],[37.4191,12.0952],[37.3996,12.0705],[37.2426,12.0704],[37.1764,12.0539],[37.1554,12.0258],[37.1446,11.9941],[37.111,11.96],[37.0856,11.9226],[37.0065,11.8966],[36.9947,11.907],[36.986,11.9075],[36.9697,11.8922],[36.948,11.8679],[36.9373,11.8644],[36.9065,11.8629],[36.9049,11.8604],[36.8882,11.8568],[36.888,11.851],[36.8709,11.8432],[36.8686,11.8256],[36.8705,11.8024],[36.8606,11.789],[36.865,11.7753],[36.8778,11.7694],[36.8843,11.7579],[36.8823,11.7401],[36.8626,11.7463],[36.8583,11.7428],[36.8476,11.7435],[36.8421,11.7353],[36.8436,11.7262],[36.821,11.7188],[36.8147,11.698],[36.8027,11.6861],[36.8002,11.6868],[36.7892,11.6766],[36.7738,11.677],[36.7558,11.6809],[36.7461,11.686],[36.736,11.6851],[36.7298,11.6889],[36.7174,11.6895],[36.7002,11.6814],[36.6965,11.6704],[36.6909,11.6627],[36.6764,11.6527],[36.6549,11.6416],[36.6549,11.6572],[36.6622,11.6642],[36.6633,11.6776],[36.66,11.6808],[36.6621,11.6908],[36.6614,11.7095],[36.6637,11.7255],[36.6599,11.7308],[36.6362,11.7304],[36.6146,11.7482],[36.6098,11.7634],[36.5808,11.7671],[36.5746,11.7765],[36.5906,11.7883],[36.6035,11.8029],[36.6161,11.8141],[36.6139,11.8303],[36.6053,11.8529],[36.6086,11.8578],[36.5993,11.8631],[36.5828,11.8814],[36.5836,11.8871],[36.5776,11.8876],[36.5714,11.8956],[36.5665,11.8955],[36.5527,11.9103],[36.5415,11.9142],[36.5201,11.9301],[36.5224,11.9326],[36.5349,11.9316],[36.5564,11.9328],[36.5459,11.9481],[36.5493,11.9513],[36.5702,11.9614],[36.5664,11.9704],[36.5565,11.9711],[36.5496,11.9778],[36.5317,11.9816],[36.5293,11.9789],[36.5157,11.9876],[36.4928,11.9888],[36.4773,11.996],[36.4726,12.0006],[36.4638,12.0006],[36.4459,12.0078],[36.4182,12.0159],[36.4191,12.0215],[36.4284,12.0257],[36.4304,12.0315],[36.4421,12.0343],[36.4462,12.0421],[36.4543,12.0459],[36.4728,12.0696],[36.4931,12.1068],[36.4832,12.1148],[36.4758,12.1151],[36.4774,12.12],[36.4665,12.1217],[36.4587,12.1323],[36.4532,12.1318],[36.4448,12.1423],[36.4329,12.1488],[36.4288,12.145],[36.4119,12.1553],[36.4064,12.1615],[36.4076,12.1679],[36.4141,12.1744],[36.4256,12.1809],[36.4305,12.1905],[36.4347,12.1865],[36.4442,12.1907],[36.4472,12.1983],[36.4526,12.1965],[36.4589,12.2138],[36.4661,12.2087],[36.4683,12.2142],[36.4798,12.2171],[36.4882,12.2296],[36.4881,12.2368],[36.4796,12.2415],[36.4785,12.2532],[36.4816,12.2575],[36.4772,12.2669],[36.4828,12.2684],[36.4833,12.2743],[36.4917,12.2729],[36.493,12.2821],[36.4985,12.2933],[36.4947,12.3029],[36.4877,12.3104],[36.4767,12.3164],[36.4787,12.3223],[36.493,12.3237],[36.501,12.3367],[36.5189,12.346],[36.5189,12.3518],[36.5298,12.3546],[36.5287,12.3747],[36.5143,12.3722],[36.5092,12.3772],[36.5266,12.3946],[36.5377,12.3906],[36.5447,12.3925],[36.5519,12.3995],[36.565,12.3921],[36.5707,12.392],[36.5877,12.4041],[36.5935,12.3972],[36.6033,12.3982],[36.613,12.3939],[36.625,12.3921],[36.632,12.3961],[36.6371,12.3901],[36.6506,12.3913],[36.6527,12.3859],[36.6645,12.3955],[36.6706,12.3942],[36.6718,12.4009],[36.6827,12.3965],[36.687,12.4024],[36.6963,12.397],[36.6983,12.3902],[36.7022,12.3943],[36.7163,12.3884],[36.7221,12.3922],[36.7202,12.3987],[36.7315,12.4041],[36.7465,12.407],[36.7531,12.4013],[36.7601,12.4011],[36.7607,12.3956],[36.7747,12.3982],[36.7868,12.3896],[36.7917,12.3917],[36.8066,12.3845],[36.819,12.3823],[36.8485,12.3724],[36.8653,12.3829],[36.8751,12.4072],[36.8732,12.4133],[36.8752,12.4316],[36.8603,12.4425],[36.8638,12.4458],[36.8734,12.4651],[36.8705,12.4741],[36.8717,12.4883],[36.8766,12.4842],[36.8877,12.4848],[36.897,12.5043],[36.915,12.5357],[36.9119,12.5434],[36.8982,12.5529],[36.8726,12.5602],[36.8615,12.5668],[36.8502,12.5675],[36.8567,12.5894],[36.8694,12.5928],[36.8706,12.5896],[36.8875,12.5923],[36.8985,12.5844],[36.9097,12.5812],[36.9278,12.5908],[36.9377,12.5914],[36.9367,12.6023],[36.926,12.6099],[36.926,12.6238],[36.9223,12.6345],[36.9326,12.6475],[36.9246,12.6544],[36.9294,12.657],[36.9213,12.6787],[36.9182,12.693],[36.9226,12.7104],[36.9315,12.7078],[36.9504,12.6956],[36.9586,12.6866],[36.958,12.6808],[36.9647,12.6739],[36.9758,12.6713],[36.9859,12.6725],[36.9886,12.6802],[36.9874,12.6955],[37.029,12.704],[37.0456,12.7318],[37.0552,12.7336],[37.0521,12.7447],[37.0423,12.7436],[37.0376,12.7613],[37.0249,12.7731],[37.0133,12.7696],[37.0089,12.7736],[37.008,12.8019],[37.0013,12.802],[36.9893,12.7965],[36.9811,12.7954],[36.9496,12.8007],[36.9435,12.7967],[36.9297,12.7946],[36.9155,12.7982],[36.9079,12.7963],[36.9024,12.8012],[36.901,12.8091],[36.8947,12.81],[36.8812,12.8195],[36.8803,12.8237],[36.8715,12.8247],[36.8644,12.8215],[36.867,12.8163],[36.8625,12.8103],[36.8576,12.812],[36.849,12.8075],[36.8343,12.8041],[36.8014,12.8171],[36.8006,12.8371],[36.7858,12.8873],[36.7869,12.9062],[36.7856,12.9331],[36.7945,12.9287],[36.8287,12.9175],[36.8152,12.9414],[36.7978,12.9819],[36.7809,13.0042],[36.7687,13.0223],[36.7557,13.035],[36.7603,13.0494],[36.7646,13.0523],[36.7857,13.0492],[36.799,13.0552],[36.8073,13.063],[36.8114,13.0621],[36.8144,13.0496],[36.8198,13.0519],[36.8255,13.0333],[36.8293,13.0391],[36.8301,13.0632],[36.8351,13.0782],[36.8311,13.105],[36.8322,13.1124],[36.826,13.1164],[36.8251,13.1286],[36.8171,13.1449],[36.8154,13.1531],[36.8071,13.156],[36.7988,13.163],[36.7974,13.1698],[36.7837,13.1789],[36.7731,13.1941],[36.7676,13.1964],[36.7612,13.2073],[36.7547,13.2119],[36.7497,13.2213],[36.7415,13.2216],[36.7259,13.2177],[36.7187,13.2244],[36.7066,13.227],[36.7019,13.2229],[36.6948,13.2311],[36.6975,13.2381],[36.6873,13.2362],[36.6849,13.2447],[36.6789,13.2498],[36.6779,13.2568],[36.6844,13.2692],[36.6764,13.2803],[36.6601,13.2876],[36.6463,13.2869],[36.6414,13.2978],[36.621,13.2994],[36.5943,13.308],[36.5893,13.3077],[36.5655,13.3169],[36.5513,13.3199],[36.5455,13.3253],[36.5358,13.3282],[36.5155,13.3494],[36.5016,13.3823],[36.505,13.3897],[36.5049,13.4032],[36.4978,13.4111],[36.5003,13.425],[36.4981,13.4341],[36.4903,13.4391],[36.4924,13.4436],[36.4874,13.4522],[36.4907,13.4636],[36.4846,13.4711],[36.4857,13.4787],[36.4818,13.4849],[36.4868,13.5117],[36.4865,13.5234],[36.5003,13.5385],[36.502,13.5518],[36.4972,13.5604],[36.5135,13.5882],[36.5214,13.5924],[36.5196,13.5855]]]}},{"type":"Feature","properties":{"zone":"West Gondar","region":"Amhara","total_woredas":7,"lersha_woredas":0,"lersha_area_km2":0.0},"geometry":{"type":"Polygon","coordinates":[[[36.4554,13.7544],[36.4676,13.7431],[36.4807,13.7347],[36.4838,13.7271],[36.4778,13.7208],[36.4777,13.6935],[36.4984,13.6657],[36.5044,13.6651],[36.5058,13.6525],[36.5102,13.6496],[36.5128,13.6313],[36.5261,13.6065],[36.5214,13.5924],[36.5135,13.5882],[36.4972,13.5604],[36.502,13.5518],[36.5003,13.5385],[36.4865,13.5234],[36.4868,13.5117],[36.4818,13.4849],[36.4857,13.4787],[36.4846,13.4711],[36.4907,13.4636],[36.4874,13.4522],[36.4924,13.4436],[36.4903,13.4391],[36.4981,13.4341],[36.5003,13.425],[36.4978,13.4111],[36.5049,13.4032],[36.505,13.3897],[36.5016,13.3823],[36.5155,13.3494],[36.5358,13.3282],[36.5455,13.3253],[36.5513,13.3199],[36.5655,13.3169],[36.5893,13.3077],[36.5943,13.308],[36.621,13.2994],[36.6414,13.2978],[36.6463,13.2869],[36.6601,13.2876],[36.6764,13.2803],[36.6844,13.2692],[36.6779,13.2568],[36.6789,13.2498],[36.6849,13.2447],[36.6873,13.2362],[36.6975,13.2381],[36.6948,13.2311],[36.7019,13.2229],[36.7066,13.227],[36.7187,13.2244],[36.7259,13.2177],[36.7415,13.2216],[36.7497,13.2213],[36.7547,13.2119],[36.7612,13.2073],[36.7676,13.1964],[36.7731,13.1941],[36.7837,13.1789],[36.7974,13.1698],[36.7988,13.163],[36.8071,13.156],[36.8154,13.1531],[36.8171,13.1449],[36.8251,13.1286],[36.826,13.1164],[36.8322,13.1124],[36.8311,13.105],[36.8351,13.0782],[36.8301,13.0632],[36.8293,13.0391],[36.8255,13.0333],[36.8198,13.0519],[36.8144,13.0496],[36.8114,13.0621],[36.8073,13.063],[36.799,13.0552],[36.7857,13.0492],[36.7646,13.0523],[36.7603,13.0494],[36.7557,13.035],[36.7687,13.0223],[36.7809,13.0042],[36.7978,12.9819],[36.8152,12.9414],[36.8287,12.9175],[36.7945,12.9287],[36.7856,12.9331],[36.7869,12.9062],[36.7858,12.8873],[36.8006,12.8371],[36.8014,12.8171],[36.8343,12.8041],[36.849,12.8075],[36.8576,12.812],[36.8625,12.8103],[36.867,12.8163],[36.8644,12.8215],[36.8715,12.8247],[36.8803,12.8237],[36.8812,12.8195],[36.8947,12.81],[36.901,12.8091],[36.9024,12.8012],[36.9079,12.7963],[36.9155,12.7982],[36.9297,12.7946],[36.9435,12.7967],[36.9496,12.8007],[36.9811,12.7954],[36.9893,12.7965],[37.0013,12.802],[37.008,12.8019],[37.0089,12.7736],[37.0133,12.7696],[37.0249,12.7731],[37.0376,12.7613],[37.0423,12.7436],[37.0521,12.7447],[37.0552,12.7336],[37.0456,12.7318],[37.029,12.704],[36.9874,12.6955],[36.9886,12.6802],[36.9859,12.6725],[36.9758,12.6713],[36.9647,12.6739],[36.958,12.6808],[36.9586,12.6866],[36.9504,12.6956],[36.9315,12.7078],[36.9226,12.7104],[36.9182,12.693],[36.9213,12.6787],[36.9294,12.657],[36.9246,12.6544],[36.9326,12.6475],[36.9223,12.6345],[36.926,12.6238],[36.926,12.6099],[36.9367,12.6023],[36.9377,12.5914],[36.9278,12.5908],[36.9097,12.5812],[36.8985,12.5844],[36.8875,12.5923],[36.8706,12.5896],[36.8694,12.5928],[36.8567,12.5894],[36.8502,12.5675],[36.8615,12.5668],[36.8726,12.5602],[36.8982,12.5529],[36.9119,12.5434],[36.915,12.5357],[36.897,12.5043],[36.8877,12.4848],[36.8766,12.4842],[36.8717,12.4883],[36.8705,12.4741],[36.8734,12.4651],[36.8638,12.4458],[36.8603,12.4425],[36.8752,12.4316],[36.8732,12.4133],[36.8751,12.4072],[36.8653,12.3829],[36.8485,12.3724],[36.819,12.3823],[36.8066,12.3845],[36.7917,12.3917],[36.7868,12.3896],[36.7747,12.3982],[36.7607,12.3956],[36.7601,12.4011],[36.7531,12.4013],[36.7465,12.407],[36.7315,12.4041],[36.7202,12.3987],[36.7221,12.3922],[36.7163,12.3884],[36.7022,12.3943],[36.6983,12.3902],[36.6963,12.397],[36.687,12.4024],[36.6827,12.3965],[36.6718,12.4009],[36.6706,12.3942],[36.6645,12.3955],[36.6527,12.3859],[36.6506,12.3913],[36.6371,12.3901],[36.632,12.3961],[36.625,12.3921],[36.613,12.3939],[36.6033,12.3982],[36.5935,12.3972],[36.5877,12.4041],[36.5707,12.392],[36.565,12.3921],[36.5519,12.3995],[36.5447,12.3925],[36.5377,12.3906],[36.5266,12.3946],[36.5092,12.3772],[36.5143,12.3722],[36.5287,12.3747],[36.5298,12.3546],[36.5189,12.3518],[36.5189,12.346],[36.501,12.3367],[36.493,12.3237],[36.4787,12.3223],[36.4767,12.3164],[36.4877,12.3104],[36.4947,12.3029],[36.4985,12.2933],[36.493,12.2821],[36.4917,12.2729],[36.4833,12.2743],[36.4828,12.2684],[36.4772,12.2669],[36.4816,12.2575],[36.4785,12.2532],[36.4796,12.2415],[36.4881,12.2368],[36.4882,12.2296],[36.4798,12.2171],[36.4683,12.2142],[36.4661,12.2087],[36.4589,12.2138],[36.4526,12.1965],[36.4472,12.1983],[36.4442,12.1907],[36.4347,12.1865],[36.4305,12.1905],[36.4256,12.1809],[36.4141,12.1744],[36.4076,12.1679],[36.4064,12.1615],[36.4119,12.1553],[36.4288,12.145],[36.4329,12.1488],[36.4448,12.1423],[36.4532,12.1318],[36.4587,12.1323],[36.4665,12.1217],[36.4774,12.12],[36.4758,12.1151],[36.4832,12.1148],[36.4931,12.1068],[36.4728,12.0696],[36.4543,12.0459],[36.4462,12.0421],[36.4421,12.0343],[36.4304,12.0315],[36.4284,12.0257],[36.4191,12.0215],[36.4182,12.0159],[36.3952,12.0235],[36.3838,12.0312],[36.377,12.0392],[36.369,12.036],[36.3556,12.0484],[36.343,12.0536],[36.3421,12.0506],[36.3274,12.0472],[36.3223,12.0499],[36.3131,12.0457],[36.2978,12.0458],[36.2978,12.0415],[36.2867,12.0372],[36.2827,12.027],[36.2693,12.0237],[36.2613,12.0247],[36.2432,12.0184],[36.2404,12.0119],[36.2295,12.008],[36.2275,12.0019],[36.2169,12.0025],[36.2093,12.0076],[36.2028,12.002],[36.1908,12.0057],[36.1882,12.0007],[36.1757,12.0108],[36.1732,12.0034],[36.1566,12.0083],[36.1376,12.0167],[36.1306,12.0118],[36.1072,12.0313],[36.0979,12.0339],[36.0866,12.0272],[36.0834,12.0391],[36.0739,12.0429],[36.0647,12.0529],[36.0583,12.0495],[36.0521,12.0389],[36.0585,12.0363],[36.062,12.0296],[36.0598,12.0245],[36.0494,12.0261],[36.0476,12.0209],[36.0329,12.02],[36.0288,12.0223],[36.0136,12.0178],[36.0075,12.012],[36.0017,12.015],[35.9917,12.0089],[35.9745,12.0056],[35.9665,12.0117],[35.9513,12.0093],[35.9434,12.0125],[35.9345,12.0009],[35.9405,11.9708],[35.9332,11.96],[35.94,11.9544],[35.9429,11.9366],[35.9365,11.9208],[35.9177,11.905],[35.9113,11.9055],[35.8877,11.8908],[35.8744,11.8859],[35.8706,11.8648],[35.8602,11.8499],[35.8483,11.8402],[35.823,11.8269],[35.8148,11.8284],[35.8037,11.838],[35.7739,11.8336],[35.7628,11.8373],[35.7561,11.8313],[35.7368,11.8328],[35.7197,11.8291],[35.7055,11.8224],[35.6944,11.8313],[35.6832,11.8254],[35.6666,11.8259],[35.6617,11.7934],[35.6449,11.7814],[35.6235,11.7758],[35.5899,11.773],[35.5766,11.7674],[35.5346,11.7297],[35.5169,11.718],[35.4733,11.7362],[35.4616,11.7351],[35.441,11.7299],[35.4218,11.7294],[35.3947,11.7462],[35.3638,11.753],[35.3374,11.773],[35.335,11.782],[35.3257,11.7945],[35.3137,11.7922],[35.3033,11.8028],[35.2959,11.7992],[35.2967,11.8195],[35.2881,11.8299],[35.2847,11.8465],[35.2877,11.8559],[35.2873,11.8701],[35.2828,11.8897],[35.2611,11.9277],[35.2672,11.9383],[35.2839,11.9833],[35.3836,12.1655],[35.6474,12.5915],[35.6862,12.6022],[35.7001,12.625],[35.7011,12.6661],[35.9647,12.7156],[36.0126,12.7206],[36.0372,12.715],[36.0723,12.7241],[36.0934,12.7064],[36.1119,12.694],[36.1425,12.7148],[36.1592,12.8814],[36.1353,12.9254],[36.1421,12.9528],[36.1511,12.9717],[36.1689,12.99],[36.1574,13.0331],[36.2486,13.3681],[36.3489,13.5028],[36.3622,13.5194],[36.3975,13.5678],[36.4088,13.5951],[36.4114,13.6156],[36.4074,13.6353],[36.409,13.6575],[36.421,13.6869],[36.4535,13.763],[36.4554,13.7544]]]}},{"type":"Feature","properties":{"zone":"North Gojam","region":"Amhara","total_woredas":10,"lersha_woredas":1,"lersha_area_km2":547.0},"geometry":{"type":"Polygon","coordinates":[[[37.8395,11.2325],[37.8258,11.2296],[37.8196,11.2109],[37.8173,11.198],[37.8223,11.1882],[37.8224,11.1746],[37.8183,11.1671],[37.8012,11.1665],[37.7993,11.1566],[37.7952,11.1522],[37.7835,11.1537],[37.7633,11.1458],[37.7332,11.1391],[37.7251,11.1416],[37.7155,11.1353],[37.7037,11.1372],[37.7023,11.1195],[37.7151,11.1119],[37.6929,11.1007],[37.672,11.1012],[37.6646,11.1063],[37.6555,11.0995],[37.6522,11.0924],[37.6436,11.0888],[37.6524,11.0871],[37.6546,11.0778],[37.679,11.0737],[37.6726,11.0668],[37.6734,11.0603],[37.6819,11.0566],[37.6892,11.0489],[37.6692,11.0416],[37.6659,11.0366],[37.6568,11.039],[37.6454,11.0371],[37.6397,11.0306],[37.6462,11.0266],[37.6539,11.0157],[37.6417,11.0086],[37.6315,11.0053],[37.6073,11.0059],[37.6034,11.0082],[37.5822,11.012],[37.5791,11.015],[37.5662,11.0128],[37.5592,11.0196],[37.5603,11.0364],[37.5656,11.0445],[37.5581,11.0529],[37.5584,11.067],[37.5608,11.0743],[37.5582,11.0866],[37.5534,11.0884],[37.5493,11.0977],[37.5305,11.1059],[37.5214,11.1171],[37.5171,11.1091],[37.501,11.1122],[37.5091,11.1211],[37.4875,11.1262],[37.4875,11.1222],[37.4694,11.1159],[37.4544,11.0885],[37.4451,11.0787],[37.4294,11.0831],[37.4228,11.0877],[37.4131,11.1052],[37.4045,11.1074],[37.3974,11.1207],[37.3831,11.1294],[37.3583,11.1249],[37.3485,11.1253],[37.3226,11.1141],[37.3229,11.1255],[37.319,11.1316],[37.3116,11.1242],[37.3052,11.1231],[37.2967,11.1064],[37.2881,11.1165],[37.2883,11.123],[37.2743,11.1322],[37.2641,11.1223],[37.2584,11.1217],[37.2529,11.1083],[37.244,11.0991],[37.2336,11.1009],[37.2261,11.1207],[37.2319,11.135],[37.2235,11.1487],[37.2167,11.1419],[37.2049,11.1211],[37.2065,11.1158],[37.1991,11.1038],[37.1916,11.1041],[37.192,11.1127],[37.1969,11.1182],[37.1945,11.1255],[37.1809,11.1308],[37.1771,11.1269],[37.1689,11.127],[37.1466,11.133],[37.1451,11.14],[37.1383,11.145],[37.1273,11.1397],[37.1154,11.1389],[37.115,11.1357],[37.0979,11.1266],[37.0961,11.1391],[37.0805,11.1445],[37.0816,11.1593],[37.0729,11.1636],[37.0674,11.171],[37.0716,11.1787],[37.0622,11.1776],[37.0563,11.1839],[37.05,11.1828],[37.0455,11.1901],[37.0441,11.1805],[37.0335,11.1834],[37.0301,11.1898],[37.0164,11.1889],[37.0075,11.1821],[37.0092,11.1905],[37.0052,11.1963],[37.0127,11.1968],[37.0063,11.2088],[36.9969,11.211],[36.995,11.2194],[36.9851,11.2289],[36.982,11.2377],[36.9831,11.2467],[36.9767,11.2578],[36.9643,11.2567],[36.9516,11.2508],[36.9399,11.2566],[36.9266,11.2578],[36.9304,11.2706],[36.9419,11.2773],[36.9432,11.287],[36.9487,11.2938],[36.9398,11.3052],[36.9257,11.3005],[36.9196,11.3048],[36.9131,11.3181],[36.9057,11.3145],[36.901,11.3172],[36.8924,11.3116],[36.8823,11.3151],[36.8676,11.3316],[36.8708,11.3371],[36.8653,11.3478],[36.8596,11.348],[36.8441,11.3584],[36.823,11.3696],[36.812,11.385],[36.8057,11.4038],[36.7941,11.4037],[36.7919,11.4082],[36.7791,11.4097],[36.7636,11.4304],[36.7462,11.4426],[36.7366,11.433],[36.7239,11.4274],[36.7203,11.4199],[36.7026,11.4158],[36.6954,11.4122],[36.6911,11.4148],[36.6753,11.4048],[36.6652,11.4073],[36.6505,11.404],[36.6486,11.4194],[36.6544,11.4224],[36.6526,11.4414],[36.66,11.4535],[36.6633,11.4644],[36.6516,11.5088],[36.6231,11.5336],[36.552,11.5228],[36.5513,11.5378],[36.5589,11.5466],[36.5672,11.5476],[36.5769,11.5601],[36.5836,11.5649],[36.598,11.5908],[36.6105,11.5988],[36.6218,11.6118],[36.6321,11.6205],[36.6389,11.6295],[36.6549,11.6416],[36.6764,11.6527],[36.6909,11.6627],[36.6965,11.6704],[36.7002,11.6814],[36.7174,11.6895],[36.7298,11.6889],[36.736,11.6851],[36.7461,11.686],[36.7558,11.6809],[36.7738,11.677],[36.7892,11.6766],[36.8002,11.6868],[36.8027,11.6861],[36.8147,11.698],[36.821,11.7188],[36.8436,11.7262],[36.8421,11.7353],[36.8476,11.7435],[36.8583,11.7428],[36.8626,11.7463],[36.8823,11.7401],[36.8843,11.7579],[36.8778,11.7694],[36.865,11.7753],[36.8606,11.789],[36.8705,11.8024],[36.8686,11.8256],[36.8709,11.8432],[36.888,11.851],[36.8882,11.8568],[36.9049,11.8604],[36.9065,11.8629],[36.9373,11.8644],[36.948,11.8679],[36.9697,11.8922],[36.986,11.9075],[36.9947,11.907],[37.0065,11.8966],[37.0856,11.9226],[37.111,11.96],[37.1446,11.9941],[37.1934,11.8719],[37.3749,11.8308],[37.3802,11.7897],[37.4253,11.7377],[37.4371,11.7301],[37.4358,11.7237],[37.4402,11.72],[37.456,11.7293],[37.4645,11.73],[37.4694,11.7201],[37.4779,11.7248],[37.4872,11.725],[37.4965,11.7319],[37.5046,11.7174],[37.5015,11.7132],[37.5037,11.6983],[37.5173,11.6769],[37.529,11.6641],[37.5341,11.662],[37.5435,11.6489],[37.5419,11.6426],[37.5251,11.6266],[37.5126,11.6289],[37.5126,11.6186],[37.5237,11.6021],[37.5192,11.5933],[37.5402,11.5857],[37.5498,11.5786],[37.549,11.5704],[37.5431,11.5618],[37.5193,11.5414],[37.5112,11.5213],[37.5158,11.52],[37.5152,11.5095],[37.524,11.5071],[37.5302,11.4996],[37.5201,11.4812],[37.5132,11.4722],[37.5186,11.4656],[37.5327,11.4553],[37.5432,11.4411],[37.5655,11.4449],[37.5742,11.4385],[37.5928,11.4447],[37.6018,11.4408],[37.6062,11.4462],[37.6013,11.4564],[37.598,11.4558],[37.593,11.467],[37.6033,11.4713],[37.6077,11.4831],[37.6136,11.485],[37.6258,11.4807],[37.6303,11.4758],[37.6307,11.4649],[37.64,11.446],[37.659,11.4206],[37.6618,11.4123],[37.6733,11.3959],[37.6733,11.3903],[37.6833,11.3837],[37.6856,11.3687],[37.7081,11.3453],[37.7106,11.3365],[37.7226,11.3289],[37.7244,11.3186],[37.732,11.3141],[37.7345,11.3072],[37.7457,11.2962],[37.7569,11.2921],[37.7897,11.2641],[37.8065,11.2601],[37.8145,11.2555],[37.8288,11.2571],[37.8383,11.2475],[37.8542,11.2392],[37.8395,11.2325]],[[37.2403,11.4641],[37.2478,11.4489],[37.2488,11.4364],[37.2528,11.4351],[37.2833,11.4368],[37.2795,11.4422],[37.2869,11.4427],[37.293,11.4527],[37.2859,11.4668],[37.2955,11.4717],[37.2964,11.4783],[37.2909,11.4849],[37.2837,11.486],[37.2861,11.4914],[37.2856,11.505],[37.2815,11.5079],[37.2666,11.504],[37.2692,11.4864],[37.2615,11.4858],[37.2583,11.4812],[37.2459,11.4744],[37.2373,11.4743],[37.2354,11.4681],[37.2403,11.4641]],[[37.2807,11.6924],[37.2836,11.6834],[37.2894,11.6838],[37.3019,11.6717],[37.3312,11.6635],[37.3154,11.6478],[37.3074,11.6453],[37.3073,11.6407],[37.2989,11.6343],[37.2937,11.6388],[37.2876,11.6338],[37.2895,11.6156],[37.2813,11.6007],[37.2774,11.5981],[37.2846,11.584],[37.296,11.5764],[37.3073,11.5763],[37.3016,11.5685],[37.3109,11.5592],[37.3194,11.5653],[37.3191,11.5732],[37.3127,11.5788],[37.3205,11.5793],[37.3353,11.575],[37.3443,11.5596],[37.3379,11.5625],[37.3359,11.548],[37.3425,11.5442],[37.335,11.5302],[37.3349,11.5222],[37.347,11.516],[37.3535,11.5039],[37.3636,11.5095],[37.3954,11.5105],[37.4013,11.5342],[37.4135,11.543],[37.4168,11.5499],[37.4231,11.5492],[37.4281,11.5434],[37.4374,11.5411],[37.4388,11.5331],[37.4612,11.5311],[37.4713,11.5384],[37.477,11.5369],[37.4743,11.5455],[37.4786,11.5583],[37.4851,11.567],[37.476,11.5851],[37.4678,11.5923],[37.4552,11.5964],[37.4629,11.6062],[37.4734,11.627],[37.4666,11.6288],[37.4768,11.6354],[37.4719,11.6491],[37.462,11.6542],[37.4464,11.6501],[37.4374,11.6553],[37.4214,11.6542],[37.3825,11.6654],[37.3924,11.7128],[37.3618,11.7552],[37.3225,11.7118],[37.2807,11.6924]]]}},{"type":"Feature","properties":{"zone":"Bahir Dar town Admin","region":"Amhara","total_woredas":5,"lersha_woredas":0,"lersha_area_km2":0.0},"geometry":{"type":"MultiPolygon","coordinates":[[[[37.4079,12.0398],[37.4012,11.9552],[37.4047,11.884],[37.3749,11.8308],[37.1934,11.8719],[37.1446,11.9941],[37.1554,12.0258],[37.1764,12.0539],[37.2426,12.0704],[37.3996,12.0705],[37.4079,12.0398]]],[[[37.2373,11.4743],[37.2459,11.4744],[37.2583,11.4812],[37.2615,11.4858],[37.2692,11.4864],[37.2666,11.504],[37.2815,11.5079],[37.2856,11.505],[37.2861,11.4914],[37.2837,11.486],[37.2909,11.4849],[37.2964,11.4783],[37.2955,11.4717],[37.2859,11.4668],[37.293,11.4527],[37.2869,11.4427],[37.2795,11.4422],[37.2833,11.4368],[37.2528,11.4351],[37.2488,11.4364],[37.2478,11.4489],[37.2403,11.4641],[37.2354,11.4681],[37.2373,11.4743]]],[[[37.6136,11.485],[37.6077,11.4831],[37.6033,11.4713],[37.593,11.467],[37.598,11.4558],[37.6013,11.4564],[37.6062,11.4462],[37.6018,11.4408],[37.5928,11.4447],[37.5742,11.4385],[37.5655,11.4449],[37.5432,11.4411],[37.5327,11.4553],[37.5186,11.4656],[37.5132,11.4722],[37.5201,11.4812],[37.5302,11.4996],[37.524,11.5071],[37.5152,11.5095],[37.5158,11.52],[37.5112,11.5213],[37.5193,11.5414],[37.5431,11.5618],[37.5529,11.5524],[37.5564,11.5455],[37.5736,11.5497],[37.5804,11.5311],[37.5845,11.5302],[37.5924,11.5102],[37.6039,11.5171],[37.6171,11.5278],[37.6291,11.5203],[37.6445,11.4912],[37.6258,11.4807],[37.6136,11.485]]],[[[37.3618,11.7552],[37.3924,11.7128],[37.3825,11.6654],[37.4214,11.6542],[37.4374,11.6553],[37.4464,11.6501],[37.462,11.6542],[37.4719,11.6491],[37.4768,11.6354],[37.4666,11.6288],[37.4734,11.627],[37.4629,11.6062],[37.4552,11.5964],[37.4678,11.5923],[37.476,11.5851],[37.4851,11.567],[37.4786,11.5583],[37.4743,11.5455],[37.477,11.5369],[37.4713,11.5384],[37.4612,11.5311],[37.4388,11.5331],[37.4374,11.5411],[37.4281,11.5434],[37.4231,11.5492],[37.4168,11.5499],[37.4135,11.543],[37.4013,11.5342],[37.3954,11.5105],[37.3636,11.5095],[37.3535,11.5039],[37.347,11.516],[37.3349,11.5222],[37.335,11.5302],[37.3425,11.5442],[37.3359,11.548],[37.3379,11.5625],[37.3443,11.5596],[37.3353,11.575],[37.3205,11.5793],[37.3127,11.5788],[37.3191,11.5732],[37.3194,11.5653],[37.3109,11.5592],[37.3016,11.5685],[37.3073,11.5763],[37.296,11.5764],[37.2846,11.584],[37.2774,11.5981],[37.2813,11.6007],[37.2895,11.6156],[37.2876,11.6338],[37.2937,11.6388],[37.2989,11.6343],[37.3073,11.6407],[37.3074,11.6453],[37.3154,11.6478],[37.3312,11.6635],[37.3019,11.6717],[37.2894,11.6838],[37.2836,11.6834],[37.2807,11.6924],[37.3225,11.7118],[37.3618,11.7552]]]]}},{"type":"Feature","properties":{"zone":"West Wellega","region":"Oromia","total_woredas":23,"lersha_woredas":0,"lersha_area_km2":0.0},"geometry":{"type":"MultiPolygon","coordinates":[[[[34.3409,9.1688],[34.4017,9.1866],[34.4396,9.2156],[34.4524,9.2575],[34.4517,9.3087],[34.4663,9.3658],[34.4518,9.4491],[34.513,9.448],[34.4987,9.5142],[34.5232,9.5411],[34.5321,9.5906],[34.5485,9.6297],[34.5675,9.63],[34.5854,9.6304],[34.632,9.588],[34.6859,9.5637],[34.7351,9.5453],[34.783,9.5533],[34.7921,9.6033],[34.8109,9.6301],[34.81,9.7022],[34.7961,9.7362],[34.8073,9.7611],[34.8317,9.8031],[34.8545,9.8167],[34.8697,9.8207],[34.8771,9.8454],[34.8922,9.8646],[34.8977,9.8818],[34.8668,9.9023],[34.8878,9.9082],[34.9044,9.9559],[34.9277,9.9353],[34.943,9.9336],[34.9882,9.9968],[35.015,9.9952],[35.0197,9.9288],[35.0485,9.9177],[35.081,9.9219],[35.0808,9.939],[35.0883,9.9505],[35.1596,9.9484],[35.2208,9.9254],[35.2229,9.9103],[35.2307,9.8933],[35.2785,9.9071],[35.2975,9.9225],[35.311,9.9112],[35.3251,9.8845],[35.3498,9.8661],[35.3638,9.813],[35.3869,9.8019],[35.408,9.7945],[35.4196,9.7851],[35.3788,9.7654],[35.383,9.759],[35.3754,9.75],[35.3651,9.7275],[35.3684,9.7193],[35.3894,9.72],[35.4108,9.7137],[35.4554,9.6722],[35.4684,9.6704],[35.5051,9.6887],[35.5333,9.6904],[35.534,9.6964],[35.5537,9.6961],[35.5611,9.692],[35.5785,9.6655],[35.5944,9.656],[35.6248,9.6512],[35.6347,9.6515],[35.6534,9.6349],[35.6505,9.613],[35.6436,9.5946],[35.6475,9.5533],[35.6714,9.5172],[35.6865,9.5104],[35.7108,9.4868],[35.7319,9.4815],[35.7529,9.4817],[35.765,9.4734],[35.7773,9.4401],[35.7784,9.4307],[35.7659,9.4276],[35.754,9.4165],[35.7501,9.4031],[35.7552,9.3648],[35.7492,9.3486],[35.7506,9.3311],[35.7567,9.3236],[35.774,9.3243],[35.7972,9.3086],[35.8085,9.3089],[35.8599,9.325],[35.9111,9.316],[35.9179,9.2856],[35.9307,9.2672],[35.9493,9.2492],[35.9754,9.2429],[36.0316,9.2334],[36.044,9.1951],[36.0536,9.1194],[36.034,9.1074],[36.0281,9.056],[36.0424,9.0322],[36.0422,9.015],[36.0511,9.017],[36.0428,9.0062],[36.0414,8.9704],[36.0343,8.9684],[36.0349,8.9614],[36.0298,8.9588],[36.0252,8.946],[36.0175,8.9345],[36.0199,8.9315],[36.0173,8.9078],[35.9777,8.9142],[35.9711,8.9087],[35.9635,8.8919],[35.9573,8.8904],[35.9582,8.883],[35.9511,8.8782],[35.936,8.8764],[35.9461,8.8669],[35.9381,8.8592],[35.929,8.8377],[35.917,8.8279],[35.906,8.8298],[35.8874,8.8396],[35.8794,8.8273],[35.8681,8.8205],[35.8875,8.8171],[35.8818,8.8097],[35.8821,8.7952],[35.8951,8.7845],[35.9226,8.7793],[35.9248,8.7721],[35.9208,8.7633],[35.9236,8.754],[35.9123,8.7504],[35.9113,8.741],[35.9026,8.7374],[35.8959,8.7388],[35.8917,8.7279],[35.8821,8.7287],[35.8679,8.725],[35.8754,8.7088],[35.8676,8.7005],[35.8597,8.7011],[35.8568,8.6961],[35.8567,8.6802],[35.8384,8.6766],[35.8336,8.6719],[35.8101,8.6774],[35.7921,8.6846],[35.7819,8.681],[35.7566,8.6855],[35.7479,8.6932],[35.7459,8.7003],[35.7483,8.7174],[35.7541,8.7189],[35.7514,8.7284],[35.7403,8.7343],[35.7262,8.7265],[35.72,8.7283],[35.713,8.7174],[35.7051,8.719],[35.6899,8.7152],[35.683,8.7192],[35.6801,8.7139],[35.6715,8.718],[35.6667,8.7136],[35.6555,8.7172],[35.654,8.7014],[35.642,8.6989],[35.6317,8.681],[35.6192,8.6835],[35.6186,8.6871],[35.5985,8.6942],[35.5843,8.6885],[35.5747,8.7003],[35.5624,8.6947],[35.5542,8.7084],[35.5391,8.7095],[35.5395,8.7177],[35.5341,8.7127],[35.5253,8.7226],[35.5065,8.7338],[35.5021,8.7476],[35.4949,8.7591],[35.4855,8.7602],[35.4765,8.7568],[35.4549,8.7561],[35.4583,8.7712],[35.4498,8.7798],[35.4427,8.7801],[35.4427,8.7918],[35.449,8.8014],[35.4465,8.8126],[35.4401,8.8221],[35.4354,8.8362],[35.4325,8.8341],[35.4244,8.8461],[35.426,8.8532],[35.4421,8.863],[35.4396,8.8671],[35.4476,8.8743],[35.4395,8.885],[35.446,8.8933],[35.4506,8.9079],[35.4407,8.9062],[35.4428,8.9139],[35.4243,8.9173],[35.4211,8.9134],[35.4112,8.9124],[35.4105,8.9271],[35.4033,8.9262],[35.405,8.9369],[35.3985,8.9397],[35.3985,8.9476],[35.3847,8.9439],[35.3785,8.9365],[35.3694,8.9478],[35.3641,8.9506],[35.3626,8.9438],[35.3508,8.9447],[35.3378,8.9595],[35.3371,8.9662],[35.3445,8.9693],[35.3467,8.9859],[35.3437,9.0058],[35.3339,9.0075],[35.3351,9.0232],[35.3325,9.0284],[35.3248,9.0288],[35.3241,9.0383],[35.3129,9.0584],[35.3015,9.0552],[35.2931,9.0587],[35.2922,9.0718],[35.2792,9.0703],[35.2764,9.0835],[35.2813,9.0928],[35.2747,9.0921],[35.2633,9.0783],[35.2531,9.0861],[35.2514,9.093],[35.2463,9.0938],[35.2428,9.1041],[35.2327,9.1087],[35.2318,9.0995],[35.2153,9.0964],[35.2023,9.1031],[35.1979,9.1149],[35.1935,9.1064],[35.1882,9.1049],[35.1791,9.13],[35.1696,9.1372],[35.17,9.151],[35.1631,9.1649],[35.1549,9.1677],[35.1542,9.1731],[35.1409,9.1833],[35.1387,9.2059],[35.1297,9.2105],[35.1254,9.2165],[35.1377,9.2277],[35.1344,9.2376],[35.1294,9.2379],[35.1255,9.2504],[35.1271,9.2592],[35.112,9.2634],[35.1095,9.2751],[35.0973,9.2738],[35.0831,9.2882],[35.0716,9.2976],[35.0631,9.2996],[35.0552,9.3158],[35.0415,9.3177],[35.0364,9.3086],[35.0237,9.31],[35.0189,9.3148],[35.0078,9.3166],[35.0081,9.3224],[35.0013,9.3261],[34.9961,9.3365],[34.9844,9.3351],[34.9852,9.3484],[34.9799,9.3442],[34.9757,9.3532],[34.9683,9.3464],[34.9623,9.3511],[34.9597,9.3587],[34.9494,9.3654],[34.9403,9.364],[34.9386,9.3595],[34.9314,9.3601],[34.926,9.369],[34.9243,9.3816],[34.9276,9.3919],[34.9395,9.3969],[34.9403,9.4007],[34.9232,9.4047],[34.9183,9.3991],[34.9128,9.3809],[34.9193,9.3723],[34.9135,9.3635],[34.9221,9.3483],[34.9052,9.3306],[34.9037,9.323],[34.8913,9.3106],[34.8841,9.3082],[34.8721,9.2904],[34.8708,9.2776],[34.875,9.2683],[34.8707,9.263],[34.8597,9.2604],[34.8516,9.2514],[34.8364,9.2524],[34.8299,9.2561],[34.8214,9.2399],[34.8179,9.2451],[34.7915,9.2496],[34.781,9.228],[34.7806,9.2069],[34.7778,9.2027],[34.7789,9.1869],[34.7815,9.1823],[34.7785,9.1743],[34.7096,9.1728],[34.696,9.1742],[34.6006,9.1421],[34.5908,9.1398],[34.5844,9.1501],[34.5685,9.162],[34.5658,9.1682],[34.5555,9.1688],[34.5447,9.185],[34.5278,9.1887],[34.5173,9.1852],[34.5134,9.1697],[34.5059,9.168],[34.4966,9.1601],[34.4877,9.1564],[34.4862,9.1501],[34.4613,9.1533],[34.4483,9.1493],[34.4209,9.1539],[34.393,9.1408],[34.379,9.1306],[34.3409,9.1688]]],[[[36.1167,9.02],[36.0983,9.0238],[36.094,9.0267],[36.097,9.0324],[36.0755,9.0626],[36.0842,9.0584],[36.0946,9.065],[36.1086,9.08],[36.1287,9.0511],[36.1311,9.0247],[36.1167,9.02]]]]}},{"type":"Feature","properties":{"zone":"East Wellega","region":"Oromia","total_woredas":18,"lersha_woredas":0,"lersha_area_km2":0.0},"geometry":{"type":"Polygon","coordinates":[[[36.1671,9.028],[36.1768,9.0445],[36.2259,9.031],[36.2465,9.041],[36.2358,9.0509],[36.2077,9.0672],[36.1846,9.072],[36.1615,9.1054],[36.1719,9.1083],[36.2039,9.1573],[36.2289,9.229],[36.2263,9.2717],[36.1949,9.289],[36.1946,9.3263],[36.2059,9.3547],[36.2343,9.347],[36.2146,9.3324],[36.2148,9.3149],[36.2184,9.2971],[36.2532,9.3018],[36.2702,9.3284],[36.2751,9.3438],[36.2896,9.3215],[36.2955,9.3017],[36.319,9.3059],[36.3262,9.3308],[36.3338,9.3398],[36.3493,9.3449],[36.3747,9.358],[36.4364,9.358],[36.4614,9.3572],[36.4841,9.3679],[36.4752,9.3946],[36.4836,9.4052],[36.5073,9.4193],[36.5149,9.4441],[36.4987,9.4729],[36.4944,9.5094],[36.4612,9.5281],[36.4006,9.511],[36.3803,9.4805],[36.3551,9.4947],[36.336,9.512],[36.3142,9.5407],[36.301,9.5555],[36.2663,9.5687],[36.2318,9.5703],[36.2291,9.5798],[36.2008,9.6149],[36.1926,9.6585],[36.1919,9.6879],[36.1775,9.7013],[36.1619,9.7305],[36.1591,9.7469],[36.1434,9.7578],[36.1053,9.7733],[36.1365,9.8074],[36.1282,9.8522],[36.1523,9.8489],[36.1522,9.8664],[36.134,9.9159],[36.1198,9.9613],[36.1206,9.9716],[36.1399,10.0097],[36.1846,10.0497],[36.2189,10.0532],[36.2589,10.0785],[36.2679,10.0885],[36.2719,10.1131],[36.2899,10.1212],[36.3323,10.1384],[36.3694,10.1617],[36.3953,10.1871],[36.4162,10.2168],[36.4454,10.2458],[36.4909,10.2343],[36.5155,10.2399],[36.5224,10.2504],[36.5451,10.2693],[36.5545,10.2851],[36.5758,10.2792],[36.5747,10.2642],[36.6106,10.2592],[36.6597,10.277],[36.6922,10.2963],[36.6854,10.3176],[36.6859,10.3231],[36.6809,10.3346],[36.6881,10.345],[36.6917,10.3573],[36.718,10.3579],[36.7235,10.3608],[36.7457,10.36],[36.7524,10.366],[36.7618,10.3673],[36.7766,10.346],[36.792,10.3434],[36.8066,10.3354],[36.8153,10.3403],[36.8174,10.3355],[36.8256,10.3342],[36.8356,10.3158],[36.8344,10.3105],[36.8375,10.2879],[36.8463,10.2824],[36.8463,10.2754],[36.8517,10.2687],[36.8517,10.2584],[36.8654,10.2503],[36.8609,10.2296],[36.8617,10.212],[36.8573,10.1906],[36.8482,10.1837],[36.857,10.1772],[36.8657,10.1768],[36.8631,10.1707],[36.8764,10.1654],[36.879,10.1591],[36.8866,10.1628],[36.8905,10.1535],[36.8887,10.1493],[36.8936,10.1309],[36.8979,10.1256],[36.8963,10.1161],[36.8878,10.1088],[36.8861,10.1019],[36.892,10.1023],[36.8908,10.0931],[36.8968,10.0895],[36.895,10.0762],[36.896,10.0617],[36.9005,10.0587],[36.8969,10.0492],[36.898,10.03],[36.8937,10.0192],[36.9054,10.015],[36.912,10.0168],[36.9171,10.0036],[36.9118,9.9991],[36.9133,9.9933],[36.9032,9.9937],[36.9054,9.9861],[36.8998,9.986],[36.8941,9.9775],[36.9011,9.9725],[36.901,9.9655],[36.915,9.9619],[36.9194,9.9567],[36.9192,9.9477],[36.9078,9.9311],[36.9026,9.9279],[36.8965,9.9154],[36.9076,9.904],[36.9086,9.9093],[36.9191,9.9194],[36.9287,9.9162],[36.9221,9.9144],[36.9147,9.9021],[36.9073,9.8966],[36.9115,9.8925],[36.9086,9.8794],[36.9129,9.8717],[36.9078,9.8662],[36.9152,9.859],[36.9075,9.8557],[36.9046,9.8499],[36.9125,9.8432],[36.9118,9.8339],[36.9174,9.8329],[36.922,9.82],[36.9177,9.8085],[36.913,9.8044],[36.9056,9.8076],[36.903,9.8016],[36.8948,9.7959],[36.8894,9.7962],[36.8861,9.7897],[36.8803,9.7939],[36.8741,9.785],[36.8763,9.78],[36.8666,9.7755],[36.8538,9.7765],[36.8462,9.7674],[36.8348,9.7676],[36.8311,9.7733],[36.8224,9.7747],[36.8035,9.7629],[36.7994,9.7568],[36.7914,9.7598],[36.7862,9.742],[36.7754,9.7417],[36.7763,9.7338],[36.7812,9.7329],[36.7852,9.7217],[36.7825,9.7084],[36.7738,9.7018],[36.7724,9.6966],[36.7628,9.6881],[36.7494,9.6927],[36.7333,9.6878],[36.7224,9.6891],[36.7024,9.6797],[36.7003,9.6751],[36.6929,9.6752],[36.6881,9.659],[36.6894,9.6534],[36.6753,9.6406],[36.6732,9.634],[36.6767,9.6259],[36.6739,9.6212],[36.6795,9.6103],[36.6798,9.6029],[36.6664,9.5864],[36.6687,9.5697],[36.663,9.564],[36.6644,9.551],[36.6712,9.5441],[36.6618,9.5282],[36.6646,9.5217],[36.6617,9.506],[36.6708,9.4988],[36.6761,9.4839],[36.6816,9.4772],[36.681,9.4717],[36.6867,9.4663],[36.7047,9.4568],[36.7077,9.447],[36.7217,9.4396],[36.7273,9.4323],[36.7304,9.4191],[36.742,9.4178],[36.7523,9.4239],[36.7595,9.4199],[36.7615,9.4137],[36.7714,9.4161],[36.775,9.412],[36.7952,9.4119],[36.8075,9.4246],[36.8155,9.4244],[36.8312,9.4331],[36.8275,9.4464],[36.832,9.4556],[36.8297,9.4613],[36.8621,9.4781],[36.8681,9.4748],[36.872,9.4829],[36.8838,9.4881],[36.8894,9.4798],[36.8929,9.4644],[36.8996,9.4684],[36.9092,9.4627],[36.9056,9.4548],[36.918,9.4413],[36.9414,9.4504],[36.9436,9.4615],[36.9552,9.4706],[36.964,9.4583],[36.9809,9.458],[36.9837,9.4533],[36.9983,9.449],[36.9998,9.4529],[37.0315,9.4586],[37.036,9.4482],[37.0349,9.4276],[37.0568,9.4299],[37.0633,9.4258],[37.0624,9.4099],[37.0532,9.3885],[37.0531,9.3679],[37.0602,9.359],[37.0726,9.349],[37.0657,9.3382],[37.0642,9.3292],[37.0675,9.3218],[37.0754,9.3291],[37.0808,9.3245],[37.0844,9.3076],[37.0882,9.3024],[37.1058,9.3108],[37.1133,9.3077],[37.1238,9.2876],[37.1565,9.2679],[37.1608,9.251],[37.144,9.2364],[37.1181,9.2181],[37.1178,9.2026],[37.1215,9.1993],[37.113,9.1937],[37.0973,9.1966],[37.0918,9.1906],[37.0878,9.2027],[37.0617,9.2063],[37.0515,9.203],[37.0552,9.199],[37.0557,9.1771],[37.0526,9.1695],[37.0372,9.1586],[37.0365,9.1399],[37.0486,9.1282],[37.0538,9.1145],[37.0524,9.0986],[37.0568,9.086],[37.0508,9.079],[37.0434,9.0767],[37.0349,9.0836],[37.0301,9.0797],[37.0317,9.0719],[37.0271,9.0542],[37.0219,9.0487],[37.0223,9.0367],[37.0292,9.0253],[37.0386,9.0162],[37.0522,9.0112],[37.0593,9.0009],[37.0668,9.0033],[37.0738,9.0009],[37.08,8.988],[37.0867,8.9851],[37.0933,8.9921],[37.1006,8.9847],[37.1121,8.9885],[37.1139,8.9847],[37.1284,8.9801],[37.1385,8.9612],[37.1421,8.9657],[37.1491,8.9641],[37.1456,8.9551],[37.1447,8.9416],[37.1505,8.9323],[37.1615,8.9308],[37.1733,8.9203],[37.1916,8.9245],[37.1878,8.914],[37.1913,8.9097],[37.1897,8.9023],[37.1852,8.902],[37.1978,8.8926],[37.1987,8.88],[37.1852,8.8689],[37.1757,8.8657],[37.16,8.8714],[37.1529,8.8706],[37.1473,8.8593],[37.1337,8.8687],[37.1189,8.8683],[37.1172,8.8648],[37.0892,8.8697],[37.0796,8.8592],[37.0707,8.841],[37.0646,8.8218],[37.0678,8.8109],[37.0599,8.8039],[37.0425,8.8087],[37.0283,8.8075],[37.0164,8.8097],[37.0158,8.8029],[37.0051,8.8001],[37.0007,8.7944],[36.9926,8.7945],[36.9885,8.7849],[36.9955,8.7863],[36.9935,8.7739],[36.9994,8.7803],[37.0126,8.7775],[37.0192,8.7595],[37.0037,8.7374],[36.9976,8.7332],[36.9995,8.7233],[36.9938,8.7068],[36.9932,8.6983],[36.9877,8.6912],[36.9874,8.6807],[36.9905,8.6677],[36.9867,8.661],[36.986,8.6461],[36.9754,8.6321],[36.9625,8.6339],[36.951,8.6142],[36.9381,8.6096],[36.9292,8.6161],[36.9178,8.6162],[36.9148,8.6246],[36.8977,8.6281],[36.899,8.6336],[36.8927,8.6362],[36.8884,8.6448],[36.8868,8.6628],[36.8772,8.6672],[36.8674,8.6766],[36.8636,8.6764],[36.8631,8.6854],[36.8523,8.685],[36.8423,8.6724],[36.8354,8.6705],[36.8259,8.6626],[36.8198,8.6632],[36.8067,8.657],[36.7938,8.6543],[36.7961,8.6486],[36.7883,8.6342],[36.7797,8.6299],[36.7579,8.5974],[36.7604,8.5938],[36.7578,8.5766],[36.7484,8.5683],[36.7495,8.5631],[36.7363,8.5455],[36.724,8.5452],[36.7224,8.5534],[36.7149,8.5436],[36.6911,8.5386],[36.6855,8.5338],[36.6606,8.5313],[36.6472,8.5243],[36.6354,8.5303],[36.6156,8.5287],[36.6136,8.5338],[36.6236,8.5408],[36.6262,8.5458],[36.6188,8.5461],[36.6152,8.5534],[36.601,8.5706],[36.5888,8.5769],[36.5666,8.5701],[36.5574,8.5749],[36.5515,8.5662],[36.5538,8.563],[36.5412,8.559],[36.5338,8.5612],[36.5364,8.5688],[36.5287,8.5758],[36.5268,8.5897],[36.518,8.5938],[36.5116,8.5898],[36.505,8.592],[36.5018,8.6005],[36.4921,8.5997],[36.4846,8.6105],[36.469,8.6179],[36.4631,8.6147],[36.4531,8.6178],[36.4493,8.6238],[36.4395,8.6294],[36.4393,8.64],[36.4302,8.6493],[36.4204,8.6537],[36.4229,8.6616],[36.4142,8.6931],[36.409,8.7002],[36.4044,8.7228],[36.4084,8.7331],[36.3987,8.7451],[36.3902,8.7506],[36.3878,8.7586],[36.3829,8.7611],[36.3818,8.7774],[36.3771,8.7924],[36.3663,8.7929],[36.3516,8.8071],[36.3524,8.8184],[36.3455,8.8281],[36.352,8.8332],[36.3524,8.8392],[36.3356,8.8447],[36.3339,8.8623],[36.3237,8.8735],[36.3233,8.8821],[36.3106,8.8883],[36.3001,8.8866],[36.2928,8.894],[36.2926,8.9009],[36.2861,8.9023],[36.2808,8.9103],[36.2829,8.9166],[36.2738,8.9218],[36.2732,8.9288],[36.2592,8.9481],[36.2452,8.954],[36.2357,8.9673],[36.2219,8.9693],[36.2142,8.9586],[36.2075,8.9601],[36.2038,8.9682],[36.1875,8.9741],[36.1846,8.978],[36.1678,8.9886],[36.1656,8.9937],[36.1566,8.9945],[36.1487,9.0038],[36.1509,9.0142],[36.1562,9.0134],[36.1569,9.0207],[36.1671,9.028]]]}},{"type":"Feature","properties":{"zone":"Ilu Aba Bora","region":"Oromia","total_woredas":14,"lersha_woredas":0,"lersha_area_km2":0.0},"geometry":{"type":"Polygon","coordinates":[[[35.0771,7.731],[35.0385,7.7395],[35.0004,7.747],[34.9955,7.748],[34.932,7.7282],[34.9371,7.7648],[34.9323,7.828],[34.9443,7.8794],[34.9507,7.8903],[35.0006,7.8623],[35.0131,7.8825],[35.0085,7.9235],[35.0483,7.9544],[35.1086,7.9571],[35.141,7.989],[35.1407,8.0217],[35.1179,8.0826],[35.0891,8.1139],[35.1039,8.1151],[35.1433,8.1429],[35.1577,8.1367],[35.1381,8.1818],[35.1189,8.2006],[35.0732,8.2202],[35.0183,8.2196],[34.965,8.2472],[34.9689,8.2619],[34.9652,8.2654],[34.9721,8.2834],[34.9771,8.2908],[34.9793,8.3024],[34.977,8.3101],[34.9821,8.326],[34.9687,8.3405],[34.9611,8.3378],[34.953,8.3477],[34.9527,8.3539],[34.9573,8.3724],[34.9652,8.3838],[34.9645,8.4019],[34.9736,8.4106],[34.9714,8.4196],[34.979,8.4445],[34.9916,8.4559],[34.9944,8.4712],[35.0001,8.4867],[35.0203,8.4913],[35.0302,8.4952],[35.0307,8.5105],[35.0357,8.5154],[35.042,8.5123],[35.0501,8.5208],[35.0684,8.5182],[35.0724,8.5103],[35.1075,8.4998],[35.1224,8.4995],[35.1292,8.5047],[35.1552,8.5077],[35.1748,8.5082],[35.1814,8.5109],[35.1881,8.5194],[35.1894,8.5405],[35.2002,8.5399],[35.1822,8.5559],[35.1796,8.5647],[35.1687,8.5714],[35.1639,8.5805],[35.143,8.585],[35.1425,8.5919],[35.1355,8.5937],[35.1306,8.6032],[35.1208,8.607],[35.1157,8.6145],[35.1119,8.6344],[35.124,8.6625],[35.1314,8.6667],[35.144,8.6672],[35.1422,8.6835],[35.1468,8.6875],[35.16,8.7072],[35.1721,8.7104],[35.1783,8.7199],[35.1948,8.7234],[35.1956,8.7289],[35.2056,8.7332],[35.2067,8.7392],[35.2159,8.7569],[35.2275,8.7446],[35.2264,8.7312],[35.2361,8.722],[35.2427,8.7391],[35.2509,8.7444],[35.2518,8.7554],[35.2723,8.7536],[35.285,8.7361],[35.2982,8.7367],[35.3063,8.7472],[35.3351,8.744],[35.3493,8.7413],[35.3505,8.7374],[35.3621,8.7377],[35.364,8.7479],[35.3727,8.7501],[35.3726,8.7589],[35.3782,8.7583],[35.3866,8.7694],[35.3959,8.7702],[35.3991,8.7744],[35.4082,8.7743],[35.4101,8.7808],[35.4064,8.792],[35.4094,8.7969],[35.4021,8.8031],[35.4104,8.8074],[35.4117,8.8151],[35.4285,8.8249],[35.4401,8.8221],[35.4465,8.8126],[35.449,8.8014],[35.4427,8.7918],[35.4427,8.7801],[35.4498,8.7798],[35.4583,8.7712],[35.4549,8.7561],[35.4765,8.7568],[35.4855,8.7602],[35.4949,8.7591],[35.5021,8.7476],[35.5065,8.7338],[35.5253,8.7226],[35.5341,8.7127],[35.5395,8.7177],[35.5391,8.7095],[35.5542,8.7084],[35.5624,8.6947],[35.5747,8.7003],[35.5843,8.6885],[35.5985,8.6942],[35.6186,8.6871],[35.6192,8.6835],[35.6317,8.681],[35.642,8.6989],[35.654,8.7014],[35.6555,8.7172],[35.6667,8.7136],[35.6715,8.718],[35.6801,8.7139],[35.683,8.7192],[35.6899,8.7152],[35.7051,8.719],[35.713,8.7174],[35.72,8.7283],[35.7262,8.7265],[35.7403,8.7343],[35.7514,8.7284],[35.7541,8.7189],[35.7483,8.7174],[35.7459,8.7003],[35.7479,8.6932],[35.7566,8.6855],[35.7819,8.681],[35.7921,8.6846],[35.8101,8.6774],[35.8336,8.6719],[35.8384,8.6766],[35.8567,8.6802],[35.877,8.6668],[35.8899,8.6672],[35.9009,8.6762],[35.9076,8.6738],[35.9207,8.6609],[35.9408,8.6455],[35.9445,8.6297],[35.9806,8.6328],[35.9808,8.6119],[35.9851,8.6086],[35.9901,8.5932],[35.9886,8.5834],[35.992,8.5761],[35.9919,8.5664],[35.9878,8.5651],[35.9802,8.5495],[35.9857,8.5436],[35.9935,8.5275],[35.989,8.5268],[35.9904,8.5003],[35.9874,8.4963],[35.9961,8.4801],[35.9983,8.4667],[35.9942,8.4652],[35.9918,8.4424],[35.9957,8.4478],[36.0044,8.4497],[36.0005,8.4346],[36.0051,8.4267],[36.0031,8.4158],[36.0078,8.4105],[36.0007,8.4028],[36.0093,8.3965],[36.0223,8.3831],[36.0345,8.362],[36.0365,8.3529],[36.045,8.3372],[36.0675,8.3308],[36.0873,8.316],[36.0861,8.284],[36.0825,8.2772],[36.0827,8.2652],[36.0803,8.2586],[36.0726,8.255],[36.0714,8.244],[36.0672,8.241],[36.0697,8.2112],[36.0752,8.2087],[36.0701,8.1953],[36.0742,8.1919],[36.0741,8.1834],[36.0813,8.1784],[36.081,8.1739],[36.0687,8.1551],[36.059,8.1477],[36.0523,8.1367],[36.0465,8.1358],[36.0346,8.1406],[36.0116,8.1466],[35.9979,8.1323],[35.9877,8.1282],[35.9839,8.1171],[35.9761,8.1192],[35.9698,8.1168],[35.9628,8.1047],[35.9546,8.0957],[35.9355,8.0864],[35.9116,8.0828],[35.9254,8.0328],[35.9289,8.0168],[35.884,8.0165],[35.8727,8.0588],[35.8609,8.0772],[35.8163,8.0824],[35.7981,8.0791],[35.7658,8.0812],[35.7533,8.0678],[35.744,8.0509],[35.728,8.0396],[35.7229,8.0225],[35.7385,7.9888],[35.7674,7.9691],[35.7714,7.9629],[35.7825,7.954],[35.7953,7.948],[35.7999,7.9407],[35.7997,7.9326],[35.7923,7.9207],[35.7621,7.8826],[35.7395,7.8666],[35.7164,7.8555],[35.7035,7.8591],[35.6937,7.8644],[35.6764,7.8535],[35.667,7.8449],[35.6183,7.8147],[35.6062,7.8096],[35.5915,7.8087],[35.5702,7.8129],[35.5546,7.8202],[35.5444,7.831],[35.5362,7.8494],[35.5305,7.88],[35.5207,7.8956],[35.5122,7.8923],[35.4972,7.8803],[35.4902,7.8826],[35.4743,7.8735],[35.4597,7.8725],[35.4335,7.8828],[35.4287,7.8808],[35.4184,7.8641],[35.4095,7.8434],[35.4006,7.8296],[35.3891,7.827],[35.372,7.8325],[35.3581,7.843],[35.3499,7.8349],[35.342,7.8214],[35.3409,7.7766],[35.3249,7.7653],[35.3108,7.761],[35.293,7.7519],[35.2899,7.7472],[35.2756,7.746],[35.2479,7.7265],[35.2227,7.7031],[35.2202,7.6802],[35.2203,7.6626],[35.2123,7.6515],[35.1729,7.6542],[35.116,7.6451],[35.0771,7.731]]]}},{"type":"Feature","properties":{"zone":"Jimma","region":"Oromia","total_woredas":22,"lersha_woredas":4,"lersha_area_km2":3325.0},"geometry":{"type":"Polygon","coordinates":[[[35.9289,8.0168],[35.9254,8.0328],[35.9116,8.0828],[35.9355,8.0864],[35.9546,8.0957],[35.9628,8.1047],[35.9698,8.1168],[35.9761,8.1192],[35.9839,8.1171],[35.9877,8.1282],[35.9979,8.1323],[36.0116,8.1466],[36.0346,8.1406],[36.0465,8.1358],[36.0523,8.1367],[36.059,8.1477],[36.0687,8.1551],[36.081,8.1739],[36.0813,8.1784],[36.0741,8.1834],[36.0742,8.1919],[36.0701,8.1953],[36.0752,8.2087],[36.0697,8.2112],[36.0672,8.241],[36.0714,8.244],[36.0726,8.255],[36.0803,8.2586],[36.0827,8.2652],[36.087,8.2625],[36.096,8.2405],[36.1066,8.2387],[36.1119,8.2334],[36.1347,8.2275],[36.1476,8.2265],[36.1596,8.2167],[36.1697,8.2265],[36.189,8.2323],[36.2242,8.2358],[36.234,8.2359],[36.2449,8.2571],[36.2531,8.2496],[36.272,8.2425],[36.2758,8.2335],[36.2824,8.2271],[36.2783,8.221],[36.272,8.2007],[36.2721,8.1923],[36.2657,8.1834],[36.2678,8.177],[36.2812,8.1734],[36.2862,8.1775],[36.2881,8.153],[36.3083,8.1478],[36.3153,8.1376],[36.3145,8.1313],[36.327,8.1183],[36.3358,8.1178],[36.3466,8.1232],[36.3475,8.1329],[36.3608,8.1365],[36.3729,8.1301],[36.3685,8.1273],[36.3659,8.118],[36.376,8.1029],[36.3933,8.0962],[36.3975,8.0846],[36.3916,8.0762],[36.4048,8.065],[36.409,8.0562],[36.4229,8.0512],[36.4509,8.0534],[36.4542,8.0508],[36.4793,8.0447],[36.4982,8.0557],[36.5045,8.0542],[36.5153,8.0569],[36.5202,8.0542],[36.5328,8.0572],[36.535,8.068],[36.5444,8.0667],[36.552,8.0619],[36.5635,8.062],[36.5677,8.0662],[36.5763,8.0597],[36.5827,8.0589],[36.594,8.0371],[36.6021,8.0318],[36.5985,8.0195],[36.592,8.0173],[36.589,8.0068],[36.5831,8.001],[36.5881,7.9951],[36.6104,7.9979],[36.6244,7.9935],[36.6277,7.9962],[36.6394,7.9949],[36.6425,8.0071],[36.6462,8.0073],[36.6419,8.0169],[36.6458,8.0284],[36.6531,8.0342],[36.6561,8.0316],[36.6601,8.0445],[36.6673,8.0538],[36.6641,8.0593],[36.6702,8.0592],[36.691,8.0659],[36.6921,8.0721],[36.6993,8.064],[36.7069,8.0682],[36.7127,8.0672],[36.716,8.0592],[36.7272,8.0554],[36.7306,8.0591],[36.7427,8.0598],[36.7436,8.0761],[36.7483,8.0788],[36.7486,8.0905],[36.7571,8.1019],[36.7594,8.097],[36.7612,8.1072],[36.7702,8.1129],[36.7772,8.1098],[36.7849,8.117],[36.7888,8.1164],[36.7878,8.0947],[36.7978,8.0981],[36.8037,8.1053],[36.8057,8.1155],[36.8175,8.1192],[36.8253,8.1256],[36.8262,8.1412],[36.8189,8.155],[36.8177,8.1737],[36.8088,8.1788],[36.8039,8.188],[36.8056,8.1979],[36.7969,8.2157],[36.7999,8.2237],[36.7896,8.2298],[36.7967,8.2469],[36.7922,8.2596],[36.7848,8.2552],[36.772,8.2595],[36.7616,8.2551],[36.7587,8.2657],[36.7514,8.266],[36.7465,8.2721],[36.7466,8.2817],[36.7517,8.2878],[36.7505,8.2953],[36.7433,8.3012],[36.7411,8.3158],[36.7452,8.3266],[36.7412,8.3342],[36.7431,8.3396],[36.7372,8.3445],[36.7384,8.3568],[36.7362,8.3793],[36.7306,8.3882],[36.7392,8.3961],[36.7323,8.3995],[36.7298,8.4153],[36.7216,8.4182],[36.7269,8.4334],[36.7202,8.4379],[36.7205,8.4496],[36.7237,8.4536],[36.7224,8.4634],[36.7089,8.4699],[36.701,8.4693],[36.6965,8.4753],[36.6986,8.4836],[36.6906,8.4932],[36.6841,8.495],[36.679,8.5091],[36.6694,8.5073],[36.6707,8.5179],[36.6606,8.5313],[36.6855,8.5338],[36.6911,8.5386],[36.7149,8.5436],[36.7224,8.5534],[36.724,8.5452],[36.7363,8.5455],[36.7495,8.5631],[36.7484,8.5683],[36.7578,8.5766],[36.7604,8.5938],[36.7579,8.5974],[36.7797,8.6299],[36.7883,8.6342],[36.7961,8.6486],[36.7938,8.6543],[36.8067,8.657],[36.8198,8.6632],[36.8259,8.6626],[36.8354,8.6705],[36.8423,8.6724],[36.8523,8.685],[36.8631,8.6854],[36.8636,8.6764],[36.8674,8.6766],[36.8772,8.6672],[36.8868,8.6628],[36.8884,8.6448],[36.8927,8.6362],[36.899,8.6336],[36.8977,8.6281],[36.9148,8.6246],[36.9178,8.6162],[36.9292,8.6161],[36.9381,8.6096],[36.951,8.6142],[36.9625,8.6339],[36.9754,8.6321],[36.986,8.6461],[36.9867,8.661],[36.9905,8.6677],[36.9874,8.6807],[36.9877,8.6912],[36.9932,8.6983],[36.9938,8.7068],[36.9995,8.7233],[36.9976,8.7332],[37.0037,8.7374],[37.0192,8.7595],[37.0126,8.7775],[36.9994,8.7803],[36.9935,8.7739],[36.9955,8.7863],[36.9885,8.7849],[36.9926,8.7945],[37.0007,8.7944],[37.0051,8.8001],[37.0158,8.8029],[37.0164,8.8097],[37.0283,8.8075],[37.0425,8.8087],[37.0599,8.8039],[37.0678,8.8109],[37.0646,8.8218],[37.0707,8.841],[37.0796,8.8592],[37.0892,8.8697],[37.1172,8.8648],[37.1189,8.8683],[37.1337,8.8687],[37.1473,8.8593],[37.1529,8.8706],[37.16,8.8714],[37.1757,8.8657],[37.1852,8.8689],[37.1987,8.88],[37.203,8.8741],[37.21,8.8772],[37.2147,8.8674],[37.2089,8.8565],[37.1991,8.8485],[37.2,8.839],[37.2123,8.8332],[37.2127,8.8251],[37.2008,8.8088],[37.21,8.8034],[37.2021,8.7968],[37.2043,8.7804],[37.1897,8.7693],[37.1906,8.7665],[37.1789,8.7634],[37.1815,8.7523],[37.1793,8.748],[37.1691,8.7433],[37.1475,8.7401],[37.1511,8.7367],[37.1465,8.7214],[37.1377,8.7074],[37.1415,8.7046],[37.1375,8.6899],[37.1483,8.6868],[37.1628,8.6875],[37.1701,8.6922],[37.176,8.683],[37.1738,8.6734],[37.1763,8.6658],[37.1726,8.6625],[37.1753,8.6458],[37.1847,8.6366],[37.1955,8.632],[37.204,8.6234],[37.2085,8.6116],[37.2213,8.5997],[37.2392,8.5979],[37.2468,8.6104],[37.2556,8.6009],[37.2562,8.5932],[37.2618,8.5893],[37.274,8.5901],[37.2819,8.5864],[37.2905,8.5705],[37.303,8.5631],[37.3136,8.5368],[37.3149,8.5226],[37.3237,8.5123],[37.3241,8.5061],[37.3386,8.4937],[37.3421,8.479],[37.3535,8.4794],[37.3633,8.4681],[37.3647,8.4549],[37.3701,8.442],[37.3756,8.4352],[37.3745,8.4258],[37.3825,8.4238],[37.3883,8.4141],[37.3858,8.4098],[37.3911,8.4049],[37.3913,8.3976],[37.3864,8.3884],[37.3999,8.3832],[37.402,8.377],[37.412,8.373],[37.4139,8.3672],[37.4231,8.3586],[37.4235,8.3432],[37.4311,8.3351],[37.4403,8.3434],[37.4478,8.3409],[37.4564,8.3316],[37.4565,8.3214],[37.4642,8.3173],[37.4626,8.3059],[37.4641,8.2824],[37.472,8.2661],[37.4809,8.2586],[37.5063,8.2544],[37.5302,8.2654],[37.5402,8.2496],[37.5477,8.2496],[37.5612,8.2396],[37.568,8.2398],[37.5761,8.2326],[37.5879,8.2351],[37.5958,8.23],[37.6018,8.2346],[37.6079,8.2281],[37.618,8.2234],[37.6153,8.2115],[37.6217,8.209],[37.6239,8.2],[37.617,8.1772],[37.6058,8.1504],[37.5954,8.1117],[37.5921,8.0931],[37.5918,8.074],[37.6016,8.0107],[37.6015,7.986],[37.6028,7.9649],[37.5728,7.9522],[37.5575,7.9483],[37.5393,7.9539],[37.5328,7.9596],[37.5217,7.9771],[37.5184,7.9919],[37.514,7.9997],[37.5017,8.0118],[37.4908,8.0171],[37.4776,8.0142],[37.4596,8.0077],[37.4167,8.0012],[37.4041,7.9936],[37.3918,7.9929],[37.3877,7.9744],[37.3898,7.962],[37.399,7.954],[37.4166,7.9436],[37.4289,7.9307],[37.4367,7.9185],[37.4344,7.8981],[37.4118,7.8539],[37.4048,7.8273],[37.4021,7.7705],[37.4,7.7411],[37.4016,7.7096],[37.4012,7.6827],[37.407,7.6576],[37.4198,7.6338],[37.428,7.6105],[37.4354,7.5841],[37.4451,7.5643],[37.4387,7.5461],[37.4072,7.4922],[37.4006,7.4606],[37.3967,7.4335],[37.3903,7.4024],[37.3797,7.38],[37.3566,7.3609],[37.3495,7.3577],[37.3312,7.3497],[37.3312,7.3434],[37.2876,7.3344],[37.2623,7.3254],[37.2378,7.3121],[37.2116,7.2927],[37.1828,7.2649],[37.1542,7.2407],[37.1286,7.2284],[37.1048,7.2245],[37.0681,7.2352],[37.0395,7.24],[37.0033,7.2344],[36.9647,7.225],[36.9658,7.2419],[36.9555,7.2605],[36.8792,7.3297],[36.8409,7.326],[36.8035,7.2693],[36.7911,7.2523],[36.7625,7.2659],[36.7394,7.2847],[36.7142,7.3021],[36.6941,7.3131],[36.6726,7.328],[36.6517,7.345],[36.6381,7.3712],[36.633,7.3779],[36.6228,7.3792],[36.606,7.3684],[36.5983,7.369],[36.5412,7.393],[36.5066,7.4058],[36.4839,7.416],[36.4702,7.4154],[36.4532,7.4174],[36.4271,7.4132],[36.4063,7.4085],[36.3746,7.4156],[36.3487,7.4454],[36.3237,7.447],[36.3018,7.4499],[36.2869,7.4597],[36.2654,7.4693],[36.2409,7.4773],[36.2247,7.4844],[36.2006,7.5036],[36.1809,7.5236],[36.1566,7.5426],[36.1276,7.5556],[36.0869,7.5539],[36.0622,7.5575],[36.0451,7.5655],[36.0353,7.5726],[36.0325,7.5915],[36.0471,7.6343],[36.0519,7.6539],[36.0419,7.6744],[36.0206,7.692],[36.0122,7.7095],[35.9972,7.7451],[35.9864,7.7547],[35.9611,7.7664],[35.9416,7.7739],[35.9226,7.7867],[35.8978,7.8069],[35.8751,7.8218],[35.86,7.8293],[35.8486,7.839],[35.8511,7.848],[35.8591,7.8601],[35.8742,7.8758],[35.8869,7.8925],[35.9024,7.9262],[35.9051,7.946],[35.8988,7.9711],[35.888,8.0005],[35.884,8.0165],[35.9289,8.0168]]]}},{"type":"Feature","properties":{"zone":"West Shewa","region":"Oromia","total_woredas":25,"lersha_woredas":2,"lersha_area_km2":1019.0},"geometry":{"type":"Polygon","coordinates":[[[37.5122,8.417],[37.4986,8.4036],[37.4714,8.3507],[37.4662,8.3313],[37.4642,8.3173],[37.4565,8.3214],[37.4564,8.3316],[37.4478,8.3409],[37.4403,8.3434],[37.4311,8.3351],[37.4235,8.3432],[37.4231,8.3586],[37.4139,8.3672],[37.412,8.373],[37.402,8.377],[37.3999,8.3832],[37.3864,8.3884],[37.3913,8.3976],[37.3911,8.4049],[37.3858,8.4098],[37.3883,8.4141],[37.3825,8.4238],[37.3745,8.4258],[37.3756,8.4352],[37.3701,8.442],[37.3647,8.4549],[37.3633,8.4681],[37.3535,8.4794],[37.3421,8.479],[37.3386,8.4937],[37.3241,8.5061],[37.3237,8.5123],[37.3149,8.5226],[37.3136,8.5368],[37.303,8.5631],[37.2905,8.5705],[37.2819,8.5864],[37.274,8.5901],[37.2618,8.5893],[37.2562,8.5932],[37.2556,8.6009],[37.2468,8.6104],[37.2392,8.5979],[37.2213,8.5997],[37.2085,8.6116],[37.204,8.6234],[37.1955,8.632],[37.1847,8.6366],[37.1753,8.6458],[37.1726,8.6625],[37.1763,8.6658],[37.1738,8.6734],[37.176,8.683],[37.1701,8.6922],[37.1628,8.6875],[37.1483,8.6868],[37.1375,8.6899],[37.1415,8.7046],[37.1377,8.7074],[37.1465,8.7214],[37.1511,8.7367],[37.1475,8.7401],[37.1691,8.7433],[37.1793,8.748],[37.1815,8.7523],[37.1789,8.7634],[37.1906,8.7665],[37.1897,8.7693],[37.2043,8.7804],[37.2021,8.7968],[37.21,8.8034],[37.2008,8.8088],[37.2127,8.8251],[37.2123,8.8332],[37.2,8.839],[37.1991,8.8485],[37.2089,8.8565],[37.2147,8.8674],[37.21,8.8772],[37.203,8.8741],[37.1987,8.88],[37.1978,8.8926],[37.1852,8.902],[37.1897,8.9023],[37.1913,8.9097],[37.1878,8.914],[37.1916,8.9245],[37.1733,8.9203],[37.1615,8.9308],[37.1505,8.9323],[37.1447,8.9416],[37.1456,8.9551],[37.1491,8.9641],[37.1421,8.9657],[37.1385,8.9612],[37.1284,8.9801],[37.1139,8.9847],[37.1121,8.9885],[37.1006,8.9847],[37.0933,8.9921],[37.0867,8.9851],[37.08,8.988],[37.0738,9.0009],[37.0668,9.0033],[37.0593,9.0009],[37.0522,9.0112],[37.0386,9.0162],[37.0292,9.0253],[37.0223,9.0367],[37.0219,9.0487],[37.0271,9.0542],[37.0317,9.0719],[37.0301,9.0797],[37.0349,9.0836],[37.0434,9.0767],[37.0508,9.079],[37.0568,9.086],[37.0524,9.0986],[37.0538,9.1145],[37.0486,9.1282],[37.0365,9.1399],[37.0372,9.1586],[37.0526,9.1695],[37.0557,9.1771],[37.0552,9.199],[37.0515,9.203],[37.0617,9.2063],[37.0878,9.2027],[37.0918,9.1906],[37.0973,9.1966],[37.113,9.1937],[37.1215,9.1993],[37.1178,9.2026],[37.1181,9.2181],[37.144,9.2364],[37.1608,9.251],[37.1726,9.2486],[37.1795,9.2423],[37.1982,9.2383],[37.2107,9.2186],[37.2321,9.2132],[37.2727,9.1839],[37.2901,9.1725],[37.3065,9.1688],[37.337,9.1588],[37.3654,9.1583],[37.3906,9.1634],[37.3916,9.184],[37.4021,9.1975],[37.4099,9.2204],[37.4181,9.2388],[37.4179,9.2449],[37.4251,9.2558],[37.4331,9.2619],[37.4383,9.2818],[37.4472,9.2959],[37.4668,9.3199],[37.4774,9.3244],[37.4982,9.3292],[37.5321,9.321],[37.5396,9.3243],[37.5536,9.324],[37.5763,9.3165],[37.5856,9.3214],[37.5929,9.3345],[37.6024,9.3409],[37.6033,9.3468],[37.6126,9.348],[37.6244,9.3562],[37.6264,9.3608],[37.6399,9.3578],[37.6478,9.3632],[37.6463,9.3682],[37.6518,9.3735],[37.6502,9.382],[37.6535,9.3851],[37.6502,9.3924],[37.6537,9.4032],[37.6585,9.4033],[37.6573,9.417],[37.6437,9.4392],[37.6436,9.4443],[37.6353,9.4541],[37.6399,9.4788],[37.6356,9.4829],[37.6391,9.496],[37.6361,9.5161],[37.6306,9.5185],[37.6203,9.5447],[37.6255,9.5542],[37.625,9.5687],[37.6186,9.5773],[37.6167,9.598],[37.6291,9.6222],[37.6271,9.6375],[37.6235,9.6419],[37.6206,9.6596],[37.6163,9.6712],[37.6186,9.6845],[37.6284,9.6936],[37.6304,9.7105],[37.6314,9.7387],[37.6421,9.7512],[37.6391,9.7651],[37.6374,9.7836],[37.6327,9.7921],[37.6358,9.8127],[37.6363,9.8314],[37.6463,9.8438],[37.6691,9.8521],[37.6691,9.8602],[37.6804,9.8623],[37.6946,9.8427],[37.7007,9.8367],[37.7107,9.8426],[37.7307,9.8449],[37.7429,9.8407],[37.7482,9.8467],[37.7485,9.8559],[37.754,9.8571],[37.761,9.8519],[37.7691,9.8514],[37.7746,9.8565],[37.8006,9.8618],[37.816,9.8672],[37.8427,9.8967],[37.8559,9.8959],[37.8592,9.9002],[37.8604,9.9128],[37.8699,9.9075],[37.8802,9.9215],[37.9014,9.9304],[37.9093,9.9304],[37.9234,9.9147],[37.9335,9.9176],[37.9544,9.8992],[37.9569,9.8926],[37.9712,9.8699],[37.9964,9.8709],[38.0045,9.8679],[38.0145,9.8598],[38.0163,9.855],[38.0343,9.8469],[38.036,9.8328],[38.0448,9.8307],[38.0505,9.8229],[38.05,9.8142],[38.054,9.8073],[38.0546,9.7939],[38.0584,9.7891],[38.0554,9.7708],[38.0757,9.7393],[38.0773,9.7277],[38.0844,9.7156],[38.0918,9.691],[38.0995,9.6827],[38.0995,9.6756],[38.109,9.6559],[38.1304,9.6377],[38.1495,9.6442],[38.1549,9.6512],[38.1621,9.6674],[38.1719,9.6778],[38.1778,9.688],[38.2076,9.6967],[38.2341,9.6927],[38.2461,9.6933],[38.2716,9.6852],[38.2845,9.6826],[38.3059,9.6715],[38.3205,9.6754],[38.3324,9.6588],[38.3437,9.6476],[38.358,9.6437],[38.3635,9.6365],[38.3943,9.6139],[38.3965,9.609],[38.4091,9.6104],[38.4333,9.6073],[38.4384,9.6029],[38.4446,9.6056],[38.4631,9.5885],[38.4745,9.5814],[38.4885,9.5788],[38.509,9.5794],[38.5284,9.5651],[38.5312,9.5524],[38.5383,9.5457],[38.5391,9.5253],[38.5454,9.5107],[38.5538,9.498],[38.568,9.4924],[38.5589,9.4854],[38.5517,9.4835],[38.5337,9.4722],[38.5255,9.4713],[38.5217,9.4608],[38.5281,9.4622],[38.5463,9.4525],[38.5552,9.442],[38.5518,9.437],[38.5341,9.4228],[38.531,9.4163],[38.5363,9.4118],[38.5478,9.3893],[38.5438,9.3754],[38.5452,9.3684],[38.5242,9.3608],[38.5181,9.3613],[38.5068,9.3469],[38.4995,9.3438],[38.4982,9.3345],[38.5105,9.327],[38.4993,9.3184],[38.4969,9.296],[38.4841,9.277],[38.4826,9.2629],[38.4839,9.2534],[38.4944,9.251],[38.5044,9.2381],[38.5058,9.2186],[38.5089,9.2009],[38.5186,9.1992],[38.5202,9.2044],[38.5305,9.2127],[38.5307,9.204],[38.5371,9.2092],[38.5359,9.2147],[38.5487,9.2088],[38.5462,9.2047],[38.5346,9.2022],[38.5387,9.1911],[38.5522,9.1852],[38.5523,9.1738],[38.5596,9.1741],[38.5648,9.1684],[38.574,9.179],[38.5786,9.1727],[38.5979,9.1805],[38.6114,9.1817],[38.6143,9.1918],[38.6215,9.193],[38.6293,9.1849],[38.6492,9.1868],[38.6513,9.179],[38.6577,9.1731],[38.6722,9.1738],[38.6737,9.1645],[38.6652,9.1516],[38.6526,9.1508],[38.6327,9.1602],[38.6251,9.1576],[38.6199,9.1614],[38.6042,9.1452],[38.5931,9.1384],[38.5708,9.1357],[38.5638,9.1287],[38.5546,9.1309],[38.5523,9.1231],[38.5442,9.1157],[38.5417,9.0878],[38.5474,9.0731],[38.5435,9.0627],[38.5269,9.0468],[38.527,9.0358],[38.5338,9.0321],[38.5345,9.0205],[38.5412,9.0197],[38.5522,9.0134],[38.5486,9.0074],[38.53,8.9879],[38.5234,8.9843],[38.5216,8.9552],[38.5252,8.9488],[38.5362,8.9395],[38.5456,8.9386],[38.5383,8.9307],[38.536,8.9181],[38.5294,8.9163],[38.5252,8.8847],[38.5182,8.8613],[38.5146,8.8599],[38.5023,8.8584],[38.4605,8.8787],[38.444,8.8795],[38.4366,8.876],[38.431,8.8619],[38.4164,8.8615],[38.4162,8.8526],[38.4099,8.8518],[38.4019,8.8598],[38.3931,8.8637],[38.3901,8.8759],[38.3796,8.8823],[38.3768,8.8909],[38.3681,8.8893],[38.3468,8.8928],[38.3437,8.9095],[38.3337,8.9136],[38.3232,8.9083],[38.32,8.9021],[38.2948,8.8941],[38.2919,8.8854],[38.282,8.8752],[38.2753,8.858],[38.2597,8.8525],[38.2526,8.8522],[38.2536,8.8622],[38.2489,8.8714],[38.2392,8.8794],[38.2308,8.8821],[38.2248,8.8801],[38.2009,8.8878],[38.1981,8.8938],[38.1873,8.8947],[38.1653,8.9021],[38.1582,8.8855],[38.131,8.889],[38.1235,8.8933],[38.1315,8.9],[38.1382,8.9218],[38.1258,8.9252],[38.1216,8.9315],[38.1081,8.915],[38.1005,8.9102],[38.0959,8.9158],[38.0896,8.9054],[38.0827,8.9022],[38.0806,8.8926],[38.0862,8.8882],[38.0956,8.8914],[38.105,8.889],[38.109,8.8924],[38.1167,8.8879],[38.1211,8.8761],[38.1259,8.8704],[38.1294,8.8584],[38.1344,8.8504],[38.1423,8.8486],[38.1421,8.8277],[38.1457,8.8265],[38.1441,8.817],[38.1344,8.8172],[38.1335,8.8218],[38.1267,8.8199],[38.1194,8.8229],[38.1194,8.8302],[38.1099,8.8371],[38.0981,8.8362],[38.0891,8.8405],[38.0771,8.8392],[38.0751,8.8342],[38.0595,8.8298],[38.0513,8.8337],[38.046,8.829],[38.0393,8.8168],[38.0262,8.8113],[38.0216,8.812],[38.0238,8.8017],[38.0199,8.803],[38.0138,8.7948],[38.0344,8.7811],[38.0226,8.7754],[38.0188,8.7524],[38.0087,8.7519],[38.009,8.7625],[37.9888,8.7691],[37.9669,8.7721],[37.9656,8.7756],[37.948,8.7724],[37.9474,8.7791],[37.9255,8.7825],[37.9165,8.7925],[37.914,8.805],[37.9001,8.8107],[37.895,8.818],[37.8886,8.8164],[37.8906,8.8226],[37.8714,8.8197],[37.8697,8.8118],[37.8569,8.8158],[37.854,8.8226],[37.8453,8.8197],[37.8403,8.8019],[37.8252,8.8009],[37.8164,8.8027],[37.7952,8.8143],[37.7955,8.8108],[37.809,8.7985],[37.8067,8.7855],[37.7904,8.7852],[37.7815,8.7874],[37.7844,8.7735],[37.7765,8.7601],[37.7695,8.7584],[37.7597,8.747],[37.732,8.7413],[37.7262,8.7364],[37.7153,8.7348],[37.6986,8.7226],[37.6893,8.7235],[37.6804,8.7187],[37.6734,8.7106],[37.6728,8.6888],[37.666,8.6895],[37.6584,8.6974],[37.6565,8.7036],[37.6444,8.7007],[37.6391,8.6948],[37.6375,8.6857],[37.6255,8.6735],[37.6251,8.6587],[37.6165,8.6613],[37.6165,8.6724],[37.6035,8.6816],[37.6085,8.6688],[37.6051,8.6633],[37.611,8.6531],[37.6041,8.6529],[37.6083,8.6404],[37.6002,8.6272],[37.6053,8.6228],[37.6035,8.6172],[37.6049,8.6031],[37.6016,8.6017],[37.605,8.5889],[37.5957,8.5811],[37.5939,8.5666],[37.58,8.5652],[37.582,8.5463],[37.581,8.5355],[37.5714,8.5144],[37.561,8.5196],[37.5576,8.5158],[37.5592,8.5063],[37.5502,8.4949],[37.5349,8.4902],[37.528,8.476],[37.5249,8.4551],[37.5199,8.4507],[37.5202,8.4422],[37.5249,8.4341],[37.5214,8.4289],[37.5248,8.4206],[37.5122,8.417]]]}},{"type":"Feature","properties":{"zone":"North Shewa (OR)","region":"Oromia","total_woredas":21,"lersha_woredas":5,"lersha_area_km2":2595.0},"geometry":{"type":"Polygon","coordinates":[[[37.9353,9.926],[37.9308,9.9305],[37.9328,9.9413],[37.9387,9.9441],[37.9519,9.9384],[37.9571,9.9386],[37.9784,9.9491],[37.9934,9.9491],[38.0085,9.9641],[38.0256,9.9683],[38.0436,9.9698],[38.0481,9.9815],[38.0599,9.9818],[38.0643,9.9979],[38.0698,10.0015],[38.0812,10.0022],[38.0803,10.0152],[38.0876,10.0203],[38.1007,10.0223],[38.1131,10.016],[38.1183,10.0178],[38.1183,10.029],[38.1253,10.0432],[38.137,10.0474],[38.1451,10.0367],[38.1506,10.0351],[38.1604,10.0441],[38.1673,10.0461],[38.1706,10.0578],[38.1766,10.0631],[38.2001,10.0781],[38.2164,10.0864],[38.222,10.0923],[38.2404,10.1026],[38.2478,10.1019],[38.2524,10.0884],[38.2581,10.0877],[38.2718,10.0918],[38.2861,10.0885],[38.2953,10.0892],[38.3023,10.1034],[38.3086,10.108],[38.3218,10.1072],[38.3265,10.1145],[38.3237,10.1234],[38.3333,10.1514],[38.3483,10.1588],[38.357,10.1508],[38.3581,10.1443],[38.3663,10.1405],[38.3756,10.1404],[38.3975,10.1443],[38.4021,10.1547],[38.4119,10.1645],[38.4257,10.1718],[38.4211,10.1808],[38.43,10.1931],[38.4194,10.2132],[38.4194,10.2198],[38.4307,10.2316],[38.4481,10.2403],[38.4542,10.2467],[38.4553,10.2611],[38.4627,10.2677],[38.4579,10.282],[38.4601,10.29],[38.4725,10.2918],[38.4661,10.3052],[38.4737,10.3146],[38.4751,10.3307],[38.4812,10.3444],[38.4761,10.3562],[38.4767,10.3633],[38.4835,10.3654],[38.4962,10.3636],[38.5028,10.3633],[38.5238,10.3678],[38.5344,10.3665],[38.5412,10.3703],[38.5602,10.3759],[38.566,10.3743],[38.578,10.3772],[38.5991,10.3741],[38.6238,10.3783],[38.6303,10.3822],[38.6565,10.3736],[38.6713,10.3741],[38.6823,10.379],[38.6974,10.3794],[38.7126,10.3869],[38.7382,10.3856],[38.7461,10.3837],[38.7612,10.3756],[38.7721,10.3662],[38.7907,10.3665],[38.8065,10.3688],[38.8156,10.3643],[38.8457,10.361],[38.8451,10.3548],[38.8519,10.3391],[38.8546,10.3254],[38.8557,10.2947],[38.8608,10.278],[38.8446,10.2561],[38.8476,10.2443],[38.8353,10.2257],[38.8327,10.2121],[38.8381,10.1981],[38.8344,10.1792],[38.8337,10.1619],[38.8392,10.149],[38.8472,10.1387],[38.8486,10.1239],[38.8526,10.1181],[38.8426,10.1099],[38.8391,10.1144],[38.8236,10.1097],[38.8109,10.0944],[38.792,10.0894],[38.7773,10.0828],[38.7649,10.0708],[38.7512,10.0633],[38.741,10.0611],[38.7214,10.0514],[38.7057,10.053],[38.7015,10.0494],[38.6887,10.0502],[38.6627,10.0574],[38.6572,10.0515],[38.6605,10.0455],[38.6608,10.0338],[38.6695,10.0192],[38.6811,10.0134],[38.6865,10.008],[38.6941,10.0078],[38.7099,9.9984],[38.7254,9.9913],[38.7336,9.9929],[38.7402,9.9875],[38.7581,9.9807],[38.7712,9.9781],[38.7793,9.9824],[38.7896,9.9719],[38.7969,9.9677],[38.8027,9.9536],[38.7964,9.9337],[38.8013,9.9222],[38.8025,9.9095],[38.796,9.8891],[38.7909,9.8826],[38.803,9.8621],[38.8084,9.8353],[38.8078,9.8195],[38.8137,9.8062],[38.8182,9.8027],[38.8215,9.7845],[38.8289,9.7691],[38.8403,9.757],[38.8585,9.7449],[38.8665,9.7336],[38.9093,9.7087],[38.9178,9.7115],[38.9282,9.7251],[38.9347,9.7279],[38.9538,9.7138],[38.9603,9.7108],[38.9521,9.7387],[38.9641,9.7491],[38.9744,9.7611],[38.9808,9.752],[38.9901,9.746],[39.0122,9.7522],[39.0166,9.7577],[39.0236,9.7579],[39.035,9.7528],[39.036,9.747],[39.0505,9.7534],[39.0689,9.753],[39.0821,9.757],[39.0922,9.7631],[39.1018,9.7551],[39.1045,9.7486],[39.0974,9.7438],[39.0977,9.7354],[39.1096,9.7325],[39.1227,9.7349],[39.1335,9.7414],[39.1393,9.7407],[39.1449,9.7286],[39.1477,9.7154],[39.1454,9.6933],[39.1618,9.6888],[39.1742,9.6948],[39.184,9.6858],[39.1842,9.7201],[39.1974,9.7164],[39.2001,9.7087],[39.2086,9.7109],[39.2114,9.7047],[39.2168,9.7084],[39.2235,9.7052],[39.2281,9.6937],[39.239,9.7024],[39.2499,9.7049],[39.2552,9.7198],[39.2681,9.7397],[39.2804,9.7332],[39.2876,9.734],[39.2917,9.7451],[39.2979,9.748],[39.3081,9.744],[39.3133,9.7314],[39.3205,9.7241],[39.3418,9.7275],[39.3467,9.7251],[39.338,9.7102],[39.3445,9.699],[39.3641,9.7015],[39.3701,9.6994],[39.3697,9.6896],[39.361,9.6803],[39.3713,9.67],[39.3682,9.663],[39.3578,9.6569],[39.352,9.6221],[39.3544,9.6177],[39.3617,9.6189],[39.3755,9.6292],[39.3859,9.6308],[39.3888,9.6157],[39.3842,9.6029],[39.3734,9.592],[39.3733,9.5829],[39.3779,9.5802],[39.3765,9.5673],[39.3606,9.5461],[39.3528,9.5492],[39.3414,9.5454],[39.3297,9.5266],[39.3229,9.5257],[39.3129,9.5356],[39.3021,9.5227],[39.3052,9.5052],[39.2936,9.5006],[39.2941,9.4917],[39.3011,9.4878],[39.3055,9.4737],[39.3149,9.467],[39.3386,9.4748],[39.3504,9.472],[39.3631,9.4739],[39.3751,9.4671],[39.3727,9.4468],[39.3784,9.4461],[39.3939,9.455],[39.4113,9.4475],[39.4303,9.4339],[39.4477,9.4325],[39.4493,9.4253],[39.4431,9.4144],[39.4539,9.4012],[39.4456,9.3839],[39.4259,9.3794],[39.4204,9.3715],[39.4039,9.3804],[39.3949,9.3919],[39.3763,9.384],[39.373,9.3757],[39.3567,9.369],[39.3467,9.3785],[39.3251,9.3805],[39.3201,9.374],[39.3196,9.3656],[39.3065,9.3661],[39.303,9.3566],[39.293,9.3492],[39.2915,9.3317],[39.2854,9.3158],[39.2783,9.3122],[39.2644,9.3242],[39.2662,9.2885],[39.2847,9.2775],[39.2662,9.2445],[39.2576,9.2561],[39.2337,9.2936],[39.2072,9.2919],[39.1777,9.2711],[39.1941,9.2524],[39.1997,9.25],[39.2137,9.2281],[39.1886,9.2093],[39.2146,9.1734],[39.2337,9.1579],[39.2419,9.1455],[39.2351,9.1361],[39.2245,9.1294],[39.2085,9.1132],[39.1988,9.1115],[39.1849,9.1043],[39.1714,9.0903],[39.1575,9.0817],[39.1442,9.0888],[39.1434,9.0925],[39.1252,9.0993],[39.1215,9.0884],[39.1167,9.0895],[39.1096,9.0836],[39.1002,9.0828],[39.0951,9.0692],[39.0993,9.0612],[39.1039,9.0219],[39.096,9.014],[39.0853,9.0142],[39.0763,9.0101],[39.0718,9.0189],[39.0643,9.0208],[39.0521,9.0108],[39.0453,9.0094],[39.0363,9.0018],[39.0287,9.009],[39.0284,9.0187],[39.0124,9.0017],[39.0171,8.9899],[39.0201,8.9671],[39.0123,8.9631],[39.0118,8.9564],[39.0008,8.9434],[39.0091,8.9305],[39.001,8.9305],[38.9987,8.9246],[38.9868,8.9121],[38.9822,8.9105],[38.9769,8.898],[38.9787,8.8893],[38.9656,8.8957],[38.9691,8.9094],[38.9796,8.9353],[38.9697,8.9313],[38.9696,8.9389],[38.9834,8.9443],[38.9903,8.9598],[38.9882,8.9736],[38.9838,8.9728],[38.9774,8.9824],[38.9773,8.9878],[38.9685,8.9923],[38.9675,9.0058],[38.9781,9.0031],[38.9882,9.01],[38.9885,9.0155],[38.9975,9.0176],[39.001,9.0349],[38.999,9.0499],[38.9902,9.0679],[38.9992,9.078],[39.0038,9.0933],[38.9986,9.095],[38.9999,9.1015],[38.9954,9.1054],[38.9936,9.1144],[38.9847,9.1186],[38.9715,9.1388],[38.9633,9.1439],[38.9606,9.1549],[38.9447,9.1669],[38.9525,9.184],[38.9522,9.1918],[38.9462,9.1994],[38.9372,9.2039],[38.9152,9.1952],[38.9126,9.1981],[38.9017,9.1964],[38.8919,9.1887],[38.8652,9.1855],[38.8576,9.1858],[38.836,9.1956],[38.8262,9.1969],[38.8112,9.2026],[38.7983,9.2196],[38.7787,9.2239],[38.7736,9.2294],[38.7609,9.2325],[38.7512,9.2309],[38.7463,9.2268],[38.7451,9.2192],[38.7499,9.2159],[38.7281,9.2079],[38.7209,9.2156],[38.7126,9.2077],[38.7135,9.1971],[38.7059,9.1872],[38.691,9.1865],[38.6837,9.1777],[38.6722,9.1738],[38.6577,9.1731],[38.6513,9.179],[38.6492,9.1868],[38.6293,9.1849],[38.6215,9.193],[38.6143,9.1918],[38.6114,9.1817],[38.5979,9.1805],[38.5786,9.1727],[38.574,9.179],[38.5648,9.1684],[38.5596,9.1741],[38.5523,9.1738],[38.5522,9.1852],[38.5387,9.1911],[38.5346,9.2022],[38.5462,9.2047],[38.5487,9.2088],[38.5359,9.2147],[38.5371,9.2092],[38.5307,9.204],[38.5305,9.2127],[38.5202,9.2044],[38.5186,9.1992],[38.5089,9.2009],[38.5058,9.2186],[38.5044,9.2381],[38.4944,9.251],[38.4839,9.2534],[38.4826,9.2629],[38.4841,9.277],[38.4969,9.296],[38.4993,9.3184],[38.5105,9.327],[38.4982,9.3345],[38.4995,9.3438],[38.5068,9.3469],[38.5181,9.3613],[38.5242,9.3608],[38.5452,9.3684],[38.5438,9.3754],[38.5478,9.3893],[38.5363,9.4118],[38.531,9.4163],[38.5341,9.4228],[38.5518,9.437],[38.5552,9.442],[38.5463,9.4525],[38.5281,9.4622],[38.5217,9.4608],[38.5255,9.4713],[38.5337,9.4722],[38.5517,9.4835],[38.5589,9.4854],[38.568,9.4924],[38.5538,9.498],[38.5454,9.5107],[38.5391,9.5253],[38.5383,9.5457],[38.5312,9.5524],[38.5284,9.5651],[38.509,9.5794],[38.4885,9.5788],[38.4745,9.5814],[38.4631,9.5885],[38.4446,9.6056],[38.4384,9.6029],[38.4333,9.6073],[38.4091,9.6104],[38.3965,9.609],[38.3943,9.6139],[38.3635,9.6365],[38.358,9.6437],[38.3437,9.6476],[38.3324,9.6588],[38.3205,9.6754],[38.3059,9.6715],[38.2845,9.6826],[38.2716,9.6852],[38.2461,9.6933],[38.2341,9.6927],[38.2076,9.6967],[38.1778,9.688],[38.1719,9.6778],[38.1621,9.6674],[38.1549,9.6512],[38.1495,9.6442],[38.1304,9.6377],[38.109,9.6559],[38.0995,9.6756],[38.0995,9.6827],[38.0918,9.691],[38.0844,9.7156],[38.0773,9.7277],[38.0757,9.7393],[38.0554,9.7708],[38.0584,9.7891],[38.0546,9.7939],[38.054,9.8073],[38.05,9.8142],[38.0505,9.8229],[38.0448,9.8307],[38.036,9.8328],[38.0343,9.8469],[38.0163,9.855],[38.0145,9.8598],[38.0045,9.8679],[37.9964,9.8709],[37.9712,9.8699],[37.9569,9.8926],[37.9544,9.8992],[37.9335,9.9176],[37.9353,9.926]]]}},{"type":"Feature","properties":{"zone":"East Shewa","region":"Oromia","total_woredas":16,"lersha_woredas":4,"lersha_area_km2":2513.0},"geometry":{"type":"Polygon","coordinates":[[[38.8637,7.7042],[38.8421,7.7066],[38.8389,7.7015],[38.8337,7.7041],[38.8245,7.6988],[38.8104,7.6994],[38.8051,7.6799],[38.8063,7.6774],[38.7984,7.6588],[38.7989,7.6478],[38.7899,7.6594],[38.7893,7.6661],[38.7814,7.6697],[38.7767,7.6631],[38.7723,7.6677],[38.7649,7.6631],[38.7548,7.6775],[38.7594,7.6796],[38.773,7.6782],[38.7796,7.683],[38.7794,7.6887],[38.7512,7.6932],[38.7523,7.6838],[38.7489,7.6746],[38.7454,7.6855],[38.7365,7.6958],[38.723,7.6914],[38.7102,7.6796],[38.697,7.6835],[38.6684,7.6793],[38.6391,7.6708],[38.6125,7.6672],[38.6054,7.6685],[38.5458,7.6853],[38.5361,7.6698],[38.5126,7.6503],[38.4992,7.6345],[38.4751,7.6231],[38.4587,7.6104],[38.4643,7.6085],[38.463,7.5974],[38.4532,7.5904],[38.4484,7.5836],[38.4274,7.5797],[38.4228,7.5667],[38.419,7.5692],[38.401,7.5787],[38.4008,7.5953],[38.4086,7.6051],[38.4203,7.6243],[38.4182,7.6425],[38.4109,7.6622],[38.4123,7.6799],[38.4258,7.6968],[38.4387,7.7189],[38.4426,7.7388],[38.4448,7.7595],[38.4924,7.7954],[38.5,7.8112],[38.5035,7.831],[38.5129,7.8489],[38.5495,7.8709],[38.5631,7.8852],[38.5666,7.9054],[38.5758,7.9243],[38.5865,7.9383],[38.5887,7.9611],[38.5974,7.9906],[38.6122,8.0068],[38.61,8.0116],[38.6245,8.0262],[38.6277,8.0336],[38.6127,8.0433],[38.6161,8.0567],[38.6219,8.0684],[38.598,8.0869],[38.5934,8.0909],[38.5839,8.1081],[38.5885,8.1272],[38.5873,8.1562],[38.5815,8.1719],[38.568,8.1939],[38.5516,8.213],[38.5426,8.2258],[38.5421,8.2461],[38.5493,8.2627],[38.5607,8.2661],[38.5935,8.2602],[38.6007,8.2496],[38.6035,8.2229],[38.63,8.1441],[38.6351,8.1323],[38.6541,8.1137],[38.6666,8.0956],[38.6728,8.0899],[38.6793,8.0958],[38.6845,8.1225],[38.6786,8.1712],[38.6822,8.1904],[38.6932,8.2034],[38.716,8.2194],[38.7159,8.2312],[38.7021,8.2445],[38.6621,8.2708],[38.651,8.2851],[38.666,8.327],[38.6672,8.3505],[38.6842,8.3636],[38.6866,8.3716],[38.696,8.3837],[38.708,8.3825],[38.7267,8.3854],[38.7428,8.3905],[38.745,8.3861],[38.7655,8.3934],[38.7679,8.4017],[38.7653,8.4139],[38.7664,8.4228],[38.76,8.4488],[38.7501,8.4497],[38.7489,8.4905],[38.7598,8.5142],[38.7607,8.5327],[38.7631,8.5455],[38.7497,8.5473],[38.735,8.5649],[38.7253,8.568],[38.7012,8.5685],[38.6975,8.5731],[38.7061,8.5908],[38.701,8.592],[38.7032,8.6037],[38.6899,8.6035],[38.6912,8.6154],[38.6954,8.6161],[38.6985,8.6348],[38.7123,8.6339],[38.7179,8.6374],[38.7252,8.6361],[38.7326,8.6298],[38.7503,8.6191],[38.748,8.6306],[38.7529,8.6426],[38.7503,8.6522],[38.7533,8.6623],[38.7476,8.6637],[38.7485,8.674],[38.7406,8.6818],[38.7452,8.697],[38.7455,8.7076],[38.7421,8.7128],[38.7248,8.719],[38.7214,8.7246],[38.727,8.7313],[38.7214,8.7451],[38.7163,8.7482],[38.71,8.768],[38.7193,8.7796],[38.7359,8.7811],[38.7425,8.7885],[38.7605,8.7919],[38.7755,8.7809],[38.7867,8.7771],[38.7973,8.7933],[38.8044,8.7896],[38.8169,8.7878],[38.8258,8.7893],[38.8308,8.7956],[38.8458,8.803],[38.8624,8.8083],[38.8681,8.8197],[38.8735,8.8202],[38.8868,8.8456],[38.9102,8.8404],[38.9263,8.8339],[38.9395,8.8381],[38.9389,8.8441],[38.9452,8.8585],[38.9564,8.8698],[38.9632,8.8805],[38.9627,8.8904],[38.9656,8.8957],[38.9787,8.8893],[38.9769,8.898],[38.9822,8.9105],[38.9868,8.9121],[38.9987,8.9246],[39.001,8.9305],[39.0091,8.9305],[39.0008,8.9434],[39.0118,8.9564],[39.0123,8.9631],[39.0201,8.9671],[39.0171,8.9899],[39.0124,9.0017],[39.0284,9.0187],[39.0287,9.009],[39.0363,9.0018],[39.0453,9.0094],[39.0521,9.0108],[39.0643,9.0208],[39.0718,9.0189],[39.0763,9.0101],[39.0853,9.0142],[39.096,9.014],[39.1039,9.0219],[39.0993,9.0612],[39.0951,9.0692],[39.1002,9.0828],[39.1096,9.0836],[39.1167,9.0895],[39.1215,9.0884],[39.1252,9.0993],[39.1434,9.0925],[39.1442,9.0888],[39.1575,9.0817],[39.1714,9.0903],[39.1849,9.1043],[39.1988,9.1115],[39.2085,9.1132],[39.2245,9.1294],[39.2351,9.1361],[39.2419,9.1455],[39.2495,9.1356],[39.2941,9.1493],[39.3232,9.1488],[39.3202,9.1402],[39.3288,9.1372],[39.3486,9.0881],[39.3485,9.0766],[39.3542,9.0707],[39.357,9.0621],[39.347,9.0642],[39.3153,9.0602],[39.2968,9.0533],[39.2882,8.999],[39.2696,8.9806],[39.2586,8.9626],[39.2654,8.9224],[39.2591,8.91],[39.241,8.8889],[39.2375,8.862],[39.2605,8.8506],[39.2655,8.8431],[39.244,8.8366],[39.2439,8.8277],[39.2545,8.8132],[39.272,8.783],[39.273,8.7669],[39.262,8.7469],[39.2704,8.7245],[39.2858,8.7178],[39.299,8.7185],[39.3053,8.7217],[39.3245,8.7469],[39.3315,8.7409],[39.342,8.7269],[39.3611,8.7209],[39.3771,8.7309],[39.3736,8.7668],[39.3746,8.7797],[39.3782,8.7912],[39.3862,8.7986],[39.4055,8.81],[39.4178,8.8145],[39.4312,8.7901],[39.4397,8.7677],[39.4492,8.7522],[39.4702,8.7418],[39.4923,8.7253],[39.5008,8.7148],[39.5338,8.758],[39.5518,8.7688],[39.562,8.8178],[39.5915,8.7969],[39.617,8.7869],[39.6341,8.7988],[39.6501,8.8028],[39.6621,8.8132],[39.6792,8.8157],[39.7167,8.8161],[39.7333,8.8262],[39.7313,8.8442],[39.7369,8.8572],[39.7385,8.8721],[39.748,8.9103],[39.7483,8.9467],[39.7462,9.0153],[39.7412,9.023],[39.7402,9.0395],[39.7475,9.0631],[39.7425,9.0913],[39.7639,9.0951],[39.7938,9.1127],[39.7971,9.1215],[39.8077,9.1354],[39.8174,9.1363],[39.849,9.1381],[39.8777,9.1447],[39.8984,9.1389],[39.909,9.1318],[39.9156,9.0973],[39.9187,9.0684],[39.9284,9.0541],[39.9425,9.0477],[39.9519,9.03],[39.9476,9.0036],[39.9682,9.0036],[39.9996,9.0072],[40.0219,9.0023],[40.0348,8.9944],[40.0475,8.9779],[40.0511,8.9614],[40.0439,8.9423],[40.0366,8.9065],[40.0193,8.8891],[40.0109,8.8708],[40.0104,8.8561],[40.0242,8.845],[40.0403,8.8411],[40.0512,8.8406],[40.067,8.844],[40.081,8.8513],[40.0964,8.8648],[40.092,8.8553],[40.094,8.849],[40.0816,8.833],[40.0738,8.8196],[40.0765,8.8117],[40.0729,8.8049],[40.0761,8.7967],[40.085,8.7908],[40.09,8.7785],[40.082,8.7574],[40.0758,8.7455],[40.0652,8.7444],[40.059,8.7359],[40.0567,8.7148],[40.054,8.709],[40.0399,8.7024],[40.0348,8.6929],[40.0229,8.684],[40.0186,8.6796],[40.0072,8.6768],[40.0015,8.6687],[39.9917,8.6618],[39.9731,8.6635],[39.9516,8.6773],[39.9431,8.7047],[39.9362,8.7019],[39.9305,8.7074],[39.9201,8.7096],[39.9049,8.7162],[39.8887,8.7048],[39.88,8.6947],[39.8614,8.6843],[39.8583,8.6711],[39.8551,8.6674],[39.8364,8.6734],[39.8032,8.6607],[39.7963,8.6615],[39.7831,8.6472],[39.773,8.6498],[39.77,8.6451],[39.7647,8.6501],[39.7557,8.6509],[39.7466,8.6425],[39.7351,8.6426],[39.731,8.6377],[39.7181,8.6339],[39.7133,8.6253],[39.7147,8.618],[39.7104,8.6087],[39.6954,8.5993],[39.6939,8.5907],[39.6844,8.5801],[39.6772,8.5807],[39.6523,8.5679],[39.6528,8.5571],[39.648,8.551],[39.6375,8.5528],[39.6331,8.5419],[39.6395,8.54],[39.6262,8.5284],[39.6187,8.5339],[39.6164,8.5291],[39.606,8.5356],[39.5912,8.5326],[39.5824,8.5239],[39.5735,8.5239],[39.5691,8.5194],[39.5638,8.5065],[39.551,8.4992],[39.5413,8.4868],[39.5297,8.4784],[39.5214,8.4626],[39.5079,8.4567],[39.5017,8.4433],[39.4939,8.4333],[39.4698,8.4192],[39.4619,8.4223],[39.4538,8.4163],[39.4432,8.4144],[39.432,8.4078],[39.4268,8.4082],[39.4224,8.4189],[39.4078,8.4204],[39.4032,8.4242],[39.3927,8.4174],[39.3912,8.4056],[39.3971,8.3891],[39.3892,8.378],[39.3842,8.3763],[39.376,8.3821],[39.3549,8.3778],[39.3535,8.3923],[39.3463,8.3938],[39.342,8.3993],[39.3281,8.4003],[39.3224,8.3964],[39.3125,8.3973],[39.3048,8.3928],[39.3028,8.3826],[39.2959,8.3833],[39.294,8.3892],[39.2718,8.3667],[39.2638,8.3642],[39.2641,8.3549],[39.2586,8.3403],[39.2627,8.3308],[39.2619,8.3172],[39.2494,8.2827],[39.2522,8.2695],[39.2509,8.2563],[39.2454,8.2424],[39.2355,8.2384],[39.2219,8.2417],[39.2004,8.234],[39.1828,8.2349],[39.1839,8.2465],[39.1912,8.27],[39.1831,8.2722],[39.186,8.2784],[39.1747,8.2876],[39.165,8.3232],[39.1594,8.3272],[39.1502,8.3272],[39.1417,8.3214],[39.1283,8.3233],[39.1122,8.3303],[39.1087,8.3362],[39.0788,8.3705],[39.0592,8.3721],[39.0561,8.3195],[39.0394,8.3132],[39.0177,8.3026],[39.0024,8.2922],[39.0032,8.2899],[38.9852,8.2607],[38.9821,8.2447],[38.9871,8.2202],[38.9892,8.1997],[38.9836,8.1836],[38.9711,8.1842],[38.9563,8.1736],[38.9465,8.1624],[38.9432,8.1531],[38.9408,8.1349],[38.9365,8.1226],[38.9358,8.1055],[38.9273,8.0807],[38.9173,8.0422],[38.9147,8.027],[38.9052,8.0159],[38.8942,7.9977],[38.8724,7.9851],[38.8519,7.9613],[38.8193,7.9264],[38.8066,7.9094],[38.7773,7.8876],[38.7792,7.8822],[38.8039,7.8607],[38.8141,7.8568],[38.8301,7.8542],[38.8391,7.8563],[38.8388,7.8458],[38.8481,7.829],[38.8493,7.8233],[38.8567,7.8154],[38.8581,7.8084],[38.8528,7.7973],[38.8552,7.7901],[38.8702,7.7852],[38.8658,7.7796],[38.8636,7.765],[38.8784,7.7573],[38.8769,7.7484],[38.8811,7.7357],[38.8909,7.7291],[38.8874,7.7037],[38.876,7.6928],[38.8637,7.7042]]]}},{"type":"Feature","properties":{"zone":"Arsi","region":"Oromia","total_woredas":28,"lersha_woredas":7,"lersha_area_km2":5311.0},"geometry":{"type":"Polygon","coordinates":[[[38.8874,7.7037],[38.8909,7.7291],[38.8811,7.7357],[38.8769,7.7484],[38.8784,7.7573],[38.8636,7.765],[38.8658,7.7796],[38.8702,7.7852],[38.8552,7.7901],[38.8528,7.7973],[38.8581,7.8084],[38.8567,7.8154],[38.8493,7.8233],[38.8481,7.829],[38.8388,7.8458],[38.8391,7.8563],[38.8301,7.8542],[38.8141,7.8568],[38.8039,7.8607],[38.7792,7.8822],[38.7773,7.8876],[38.8066,7.9094],[38.8193,7.9264],[38.8519,7.9613],[38.8724,7.9851],[38.8942,7.9977],[38.9052,8.0159],[38.9147,8.027],[38.9173,8.0422],[38.9273,8.0807],[38.9358,8.1055],[38.9365,8.1226],[38.9408,8.1349],[38.9432,8.1531],[38.9465,8.1624],[38.9563,8.1736],[38.9711,8.1842],[38.9836,8.1836],[38.9892,8.1997],[38.9871,8.2202],[38.9821,8.2447],[38.9852,8.2607],[39.0032,8.2899],[39.0024,8.2922],[39.0177,8.3026],[39.0394,8.3132],[39.0561,8.3195],[39.0592,8.3721],[39.0788,8.3705],[39.1087,8.3362],[39.1122,8.3303],[39.1283,8.3233],[39.1417,8.3214],[39.1502,8.3272],[39.1594,8.3272],[39.165,8.3232],[39.1747,8.2876],[39.186,8.2784],[39.1831,8.2722],[39.1912,8.27],[39.1839,8.2465],[39.1828,8.2349],[39.2004,8.234],[39.2219,8.2417],[39.2355,8.2384],[39.2454,8.2424],[39.2509,8.2563],[39.2522,8.2695],[39.2494,8.2827],[39.2619,8.3172],[39.2627,8.3308],[39.2586,8.3403],[39.2641,8.3549],[39.2638,8.3642],[39.2718,8.3667],[39.294,8.3892],[39.2959,8.3833],[39.3028,8.3826],[39.3048,8.3928],[39.3125,8.3973],[39.3224,8.3964],[39.3281,8.4003],[39.342,8.3993],[39.3463,8.3938],[39.3535,8.3923],[39.3549,8.3778],[39.376,8.3821],[39.3842,8.3763],[39.3892,8.378],[39.3971,8.3891],[39.3912,8.4056],[39.3927,8.4174],[39.4032,8.4242],[39.4078,8.4204],[39.4224,8.4189],[39.4268,8.4082],[39.432,8.4078],[39.4432,8.4144],[39.4538,8.4163],[39.4619,8.4223],[39.4698,8.4192],[39.4939,8.4333],[39.5017,8.4433],[39.5079,8.4567],[39.5214,8.4626],[39.5297,8.4784],[39.5413,8.4868],[39.551,8.4992],[39.5638,8.5065],[39.5691,8.5194],[39.5735,8.5239],[39.5824,8.5239],[39.5912,8.5326],[39.606,8.5356],[39.6164,8.5291],[39.6187,8.5339],[39.6262,8.5284],[39.6395,8.54],[39.6331,8.5419],[39.6375,8.5528],[39.648,8.551],[39.6528,8.5571],[39.6523,8.5679],[39.6772,8.5807],[39.6844,8.5801],[39.6939,8.5907],[39.6954,8.5993],[39.7104,8.6087],[39.7147,8.618],[39.7133,8.6253],[39.7181,8.6339],[39.731,8.6377],[39.7351,8.6426],[39.7466,8.6425],[39.7557,8.6509],[39.7647,8.6501],[39.77,8.6451],[39.773,8.6498],[39.7831,8.6472],[39.7963,8.6615],[39.8032,8.6607],[39.8364,8.6734],[39.8551,8.6674],[39.8583,8.6711],[39.8614,8.6843],[39.88,8.6947],[39.8887,8.7048],[39.9049,8.7162],[39.9201,8.7096],[39.9305,8.7074],[39.9362,8.7019],[39.9431,8.7047],[39.9516,8.6773],[39.9731,8.6635],[39.9917,8.6618],[40.0015,8.6687],[40.0072,8.6768],[40.0186,8.6796],[40.0229,8.684],[40.0306,8.6731],[40.0302,8.647],[40.0428,8.6334],[40.0598,8.6312],[40.066,8.6365],[40.079,8.6396],[40.0955,8.6354],[40.1205,8.6181],[40.1354,8.6254],[40.1444,8.6273],[40.1604,8.6188],[40.1763,8.6148],[40.1806,8.6092],[40.1794,8.5993],[40.165,8.5801],[40.1693,8.5709],[40.1674,8.556],[40.177,8.5413],[40.1842,8.5391],[40.1914,8.5415],[40.2107,8.5557],[40.2221,8.5662],[40.2348,8.5711],[40.258,8.5716],[40.2619,8.5835],[40.2582,8.6066],[40.2788,8.6182],[40.2911,8.6066],[40.3006,8.5887],[40.3015,8.5806],[40.3015,8.5455],[40.3037,8.5341],[40.3019,8.5278],[40.3074,8.515],[40.3045,8.4995],[40.3079,8.4862],[40.3028,8.4734],[40.3003,8.4319],[40.3076,8.4245],[40.3058,8.4134],[40.3086,8.4088],[40.3068,8.3975],[40.3129,8.3809],[40.3126,8.3732],[40.3184,8.3617],[40.3217,8.3616],[40.3259,8.3513],[40.3223,8.3436],[40.3243,8.3354],[40.3331,8.3241],[40.3308,8.3178],[40.3362,8.3148],[40.3408,8.3011],[40.3515,8.2927],[40.3542,8.2781],[40.3688,8.2495],[40.3747,8.2435],[40.3735,8.2283],[40.3755,8.2128],[40.3802,8.2042],[40.3809,8.1959],[40.3854,8.1942],[40.3896,8.1808],[40.3862,8.1605],[40.3827,8.1522],[40.361,8.1341],[40.3574,8.128],[40.3636,8.1093],[40.3821,8.0796],[40.3872,8.0675],[40.3842,8.0623],[40.3938,8.053],[40.3856,8.0389],[40.402,8.0271],[40.4042,8.0158],[40.4102,8.0014],[40.4293,7.9961],[40.4383,7.9903],[40.4465,7.9794],[40.4475,7.9719],[40.4568,7.9717],[40.4578,7.9623],[40.466,7.9589],[40.4685,7.9492],[40.476,7.9478],[40.4794,7.9411],[40.494,7.9397],[40.4995,7.9308],[40.506,7.933],[40.5292,7.915],[40.542,7.913],[40.5461,7.8982],[40.5562,7.8957],[40.5661,7.8818],[40.5913,7.8697],[40.5957,7.8636],[40.6056,7.8703],[40.6144,7.8701],[40.6122,7.877],[40.6176,7.8772],[40.6399,7.8925],[40.6471,7.8888],[40.6522,7.901],[40.6563,7.8936],[40.6654,7.8894],[40.6789,7.9007],[40.6924,7.8931],[40.6966,7.8983],[40.7084,7.897],[40.7135,7.9031],[40.7289,7.9063],[40.7334,7.8997],[40.7272,7.8859],[40.728,7.8708],[40.7224,7.8601],[40.7139,7.8524],[40.7088,7.8374],[40.7116,7.8323],[40.7085,7.8247],[40.695,7.8191],[40.6874,7.8246],[40.6739,7.8081],[40.6666,7.8123],[40.6586,7.805],[40.6513,7.8055],[40.646,7.8007],[40.6394,7.801],[40.6247,7.7904],[40.6182,7.7739],[40.6082,7.7681],[40.6095,7.7597],[40.6028,7.7585],[40.6045,7.7491],[40.5973,7.744],[40.5857,7.7441],[40.5883,7.7335],[40.5813,7.7285],[40.5753,7.7187],[40.5753,7.713],[40.5622,7.7004],[40.568,7.6955],[40.5586,7.6835],[40.5608,7.6736],[40.5523,7.6584],[40.5504,7.6495],[40.535,7.6482],[40.5302,7.6536],[40.5235,7.6533],[40.5178,7.659],[40.4941,7.6545],[40.4809,7.6442],[40.4656,7.6372],[40.4639,7.6328],[40.4356,7.6309],[40.4292,7.6324],[40.4159,7.6193],[40.4072,7.6199],[40.3954,7.6133],[40.3963,7.6056],[40.3804,7.6013],[40.3667,7.5922],[40.3626,7.5834],[40.3503,7.5788],[40.3488,7.5722],[40.3416,7.5702],[40.3376,7.5611],[40.3259,7.5499],[40.3119,7.5481],[40.3054,7.5409],[40.3044,7.5325],[40.2985,7.5306],[40.2919,7.5216],[40.2924,7.5157],[40.2807,7.5077],[40.2704,7.5108],[40.2658,7.5036],[40.2507,7.4941],[40.2467,7.496],[40.2382,7.4872],[40.2353,7.489],[40.2218,7.4735],[40.2158,7.4743],[40.2124,7.4637],[40.2023,7.4631],[40.1914,7.4518],[40.1842,7.4566],[40.1821,7.4478],[40.1656,7.444],[40.1595,7.4384],[40.1461,7.4387],[40.1297,7.4339],[40.1165,7.4354],[40.1096,7.4403],[40.1016,7.4386],[40.0863,7.4437],[40.0846,7.4517],[40.0781,7.4625],[40.0697,7.4662],[40.0542,7.4622],[40.0483,7.467],[40.0397,7.4681],[40.038,7.4724],[40.0244,7.477],[40.0153,7.4731],[40.01,7.4781],[40.005,7.4742],[39.9947,7.4789],[39.9755,7.4767],[39.972,7.4819],[39.9644,7.4811],[39.959,7.4903],[39.9493,7.4892],[39.9513,7.4854],[39.939,7.4887],[39.9257,7.4893],[39.9193,7.486],[39.8954,7.4834],[39.8886,7.4786],[39.8764,7.4795],[39.8671,7.4673],[39.8558,7.462],[39.8421,7.4694],[39.8373,7.4659],[39.8263,7.4688],[39.8149,7.463],[39.8032,7.4447],[39.7918,7.4423],[39.7834,7.4453],[39.7763,7.4382],[39.7639,7.4412],[39.7534,7.4535],[39.7283,7.4646],[39.7211,7.4636],[39.7128,7.4699],[39.6989,7.4738],[39.6862,7.4669],[39.6813,7.4698],[39.6736,7.4671],[39.6685,7.4767],[39.6579,7.4815],[39.6451,7.4774],[39.6419,7.48],[39.633,7.4755],[39.6218,7.4586],[39.6096,7.4519],[39.6034,7.4458],[39.5843,7.4493],[39.5744,7.443],[39.5707,7.4465],[39.5565,7.4398],[39.5562,7.4356],[39.5456,7.4282],[39.5431,7.4234],[39.5432,7.4039],[39.5319,7.3982],[39.5241,7.3983],[39.5095,7.3709],[39.5105,7.3603],[39.4983,7.3555],[39.5014,7.3389],[39.4994,7.3281],[39.5059,7.3176],[39.5018,7.3115],[39.499,7.2986],[39.4994,7.2874],[39.4932,7.2846],[39.4736,7.2646],[39.4601,7.2264],[39.4527,7.2256],[39.4452,7.2138],[39.4433,7.2029],[39.4446,7.1876],[39.4482,7.1829],[39.439,7.1787],[39.4282,7.1836],[39.4203,7.1756],[39.4113,7.1777],[39.4048,7.1857],[39.3917,7.1927],[39.3676,7.2227],[39.356,7.2352],[39.3461,7.2525],[39.3386,7.2513],[39.3372,7.2631],[39.3317,7.2738],[39.3233,7.2752],[39.3132,7.2663],[39.3052,7.2686],[39.3044,7.2752],[39.2938,7.2759],[39.2893,7.2929],[39.2828,7.2921],[39.2818,7.2975],[39.2735,7.2952],[39.272,7.3052],[39.2609,7.3012],[39.2522,7.3037],[39.2528,7.297],[39.2334,7.2885],[39.221,7.2943],[39.2092,7.2782],[39.2064,7.2893],[39.2113,7.3127],[39.214,7.3168],[39.2075,7.331],[39.198,7.3347],[39.1821,7.3539],[39.1708,7.3618],[39.1633,7.3642],[39.1354,7.3509],[39.1236,7.3474],[39.1272,7.3619],[39.1112,7.359],[39.0968,7.3511],[39.0833,7.3469],[39.0702,7.3461],[39.0654,7.3509],[39.0585,7.3489],[39.055,7.353],[39.0469,7.3403],[39.0432,7.3452],[39.0266,7.3303],[39.014,7.33],[39.0123,7.3329],[38.9985,7.3337],[38.9933,7.3276],[38.9763,7.3265],[38.9713,7.3211],[38.9514,7.3283],[38.9458,7.3363],[38.9335,7.3339],[38.9261,7.3282],[38.9063,7.3266],[38.8854,7.3468],[38.8776,7.3502],[38.8498,7.3523],[38.8613,7.369],[38.86,7.3887],[38.8526,7.3966],[38.8556,7.4094],[38.8417,7.4133],[38.851,7.4375],[38.8581,7.441],[38.8615,7.4551],[38.859,7.4682],[38.8494,7.4729],[38.8634,7.4729],[38.8674,7.4786],[38.8691,7.4906],[38.873,7.494],[38.8665,7.5005],[38.8727,7.5238],[38.8767,7.5486],[38.8863,7.575],[38.8719,7.5787],[38.8918,7.6057],[38.8844,7.6349],[38.8963,7.6675],[38.8808,7.674],[38.8771,7.6729],[38.876,7.6928],[38.8874,7.7037]]]}},{"type":"Feature","properties":{"zone":"West Hararge","region":"Oromia","total_woredas":17,"lersha_woredas":0,"lersha_area_km2":0.0},"geometry":{"type":"Polygon","coordinates":[[[40.7289,7.9063],[40.7135,7.9031],[40.7084,7.897],[40.6966,7.8983],[40.6924,7.8931],[40.6789,7.9007],[40.6654,7.8894],[40.6563,7.8936],[40.6522,7.901],[40.6471,7.8888],[40.6399,7.8925],[40.6176,7.8772],[40.6122,7.877],[40.6144,7.8701],[40.6056,7.8703],[40.5957,7.8636],[40.5913,7.8697],[40.5661,7.8818],[40.5562,7.8957],[40.5461,7.8982],[40.542,7.913],[40.5292,7.915],[40.506,7.933],[40.4995,7.9308],[40.494,7.9397],[40.4794,7.9411],[40.476,7.9478],[40.4685,7.9492],[40.466,7.9589],[40.4578,7.9623],[40.4568,7.9717],[40.4475,7.9719],[40.4465,7.9794],[40.4383,7.9903],[40.4293,7.9961],[40.4102,8.0014],[40.4042,8.0158],[40.402,8.0271],[40.3856,8.0389],[40.3938,8.053],[40.3842,8.0623],[40.3872,8.0675],[40.3821,8.0796],[40.3636,8.1093],[40.3574,8.128],[40.361,8.1341],[40.3827,8.1522],[40.3862,8.1605],[40.3896,8.1808],[40.3854,8.1942],[40.3809,8.1959],[40.3802,8.2042],[40.3755,8.2128],[40.3735,8.2283],[40.3747,8.2435],[40.3688,8.2495],[40.3542,8.2781],[40.3515,8.2927],[40.3408,8.3011],[40.3362,8.3148],[40.3308,8.3178],[40.3331,8.3241],[40.3243,8.3354],[40.3223,8.3436],[40.3259,8.3513],[40.3217,8.3616],[40.3184,8.3617],[40.3126,8.3732],[40.3129,8.3809],[40.3068,8.3975],[40.3086,8.4088],[40.3058,8.4134],[40.3076,8.4245],[40.3003,8.4319],[40.3028,8.4734],[40.3079,8.4862],[40.3045,8.4995],[40.3074,8.515],[40.3019,8.5278],[40.3037,8.5341],[40.3015,8.5455],[40.3015,8.5806],[40.3006,8.5887],[40.2911,8.6066],[40.2788,8.6182],[40.2582,8.6066],[40.2619,8.5835],[40.258,8.5716],[40.2348,8.5711],[40.2221,8.5662],[40.2107,8.5557],[40.1914,8.5415],[40.1842,8.5391],[40.177,8.5413],[40.1674,8.556],[40.1693,8.5709],[40.165,8.5801],[40.1794,8.5993],[40.1806,8.6092],[40.1763,8.6148],[40.1604,8.6188],[40.1444,8.6273],[40.1354,8.6254],[40.1205,8.6181],[40.0955,8.6354],[40.079,8.6396],[40.066,8.6365],[40.0598,8.6312],[40.0428,8.6334],[40.0302,8.647],[40.0306,8.6731],[40.0229,8.684],[40.0348,8.6929],[40.0399,8.7024],[40.054,8.709],[40.0567,8.7148],[40.059,8.7359],[40.0652,8.7444],[40.0758,8.7455],[40.082,8.7574],[40.09,8.7785],[40.085,8.7908],[40.0761,8.7967],[40.0729,8.8049],[40.0765,8.8117],[40.0738,8.8196],[40.0816,8.833],[40.094,8.849],[40.092,8.8553],[40.0964,8.8648],[40.1205,8.8958],[40.1522,8.932],[40.1699,8.9645],[40.1875,8.9743],[40.2223,8.9877],[40.2378,8.9973],[40.2423,9.0132],[40.246,9.0354],[40.2443,9.0556],[40.2455,9.0749],[40.2543,9.0861],[40.3006,9.1281],[40.327,9.1547],[40.3495,9.1871],[40.3695,9.2183],[40.4081,9.2812],[40.4258,9.3043],[40.4497,9.3296],[40.471,9.3548],[40.4988,9.375],[40.5284,9.3855],[40.606,9.391],[40.636,9.3959],[40.6596,9.4043],[40.6755,9.4175],[40.6889,9.4384],[40.6961,9.4461],[40.6986,9.4476],[40.7195,9.4439],[40.7486,9.4449],[40.7832,9.4479],[40.8158,9.4527],[40.8424,9.4636],[40.8622,9.463],[40.89,9.4486],[40.9175,9.4218],[40.9275,9.4051],[40.9139,9.3972],[40.8912,9.3895],[40.8582,9.3854],[40.8281,9.3931],[40.7976,9.3956],[40.7888,9.3869],[40.7926,9.3674],[40.8003,9.3451],[40.8085,9.3268],[40.8126,9.3109],[40.8248,9.3054],[40.8441,9.3048],[40.8741,9.3094],[40.903,9.3182],[40.927,9.3231],[40.9536,9.3356],[40.9707,9.3515],[41.0141,9.3572],[41.0301,9.3725],[41.0565,9.3911],[41.0835,9.4044],[41.1147,9.4141],[41.1454,9.4246],[41.1705,9.4414],[41.1918,9.4598],[41.1921,9.453],[41.1987,9.4435],[41.1993,9.4366],[41.211,9.4257],[41.2072,9.4184],[41.2161,9.416],[41.2209,9.4082],[41.2187,9.4008],[41.2246,9.3878],[41.2377,9.3728],[41.2414,9.3574],[41.2407,9.3507],[41.2507,9.3468],[41.2578,9.3397],[41.26,9.3324],[41.2496,9.3252],[41.2515,9.3134],[41.2607,9.2912],[41.2718,9.2843],[41.2808,9.2672],[41.2751,9.2663],[41.2722,9.259],[41.2769,9.255],[41.2666,9.244],[41.256,9.2414],[41.2464,9.2287],[41.2405,9.216],[41.2314,9.2051],[41.2128,9.1926],[41.2067,9.1792],[41.2144,9.172],[41.2336,9.1628],[41.2372,9.1661],[41.231,9.1697],[41.233,9.1762],[41.2415,9.1727],[41.2406,9.1653],[41.245,9.1616],[41.2531,9.1668],[41.2577,9.1594],[41.2738,9.1518],[41.2665,9.1327],[41.283,9.1171],[41.2822,9.1118],[41.2882,9.0997],[41.2891,9.086],[41.2784,9.0636],[41.2758,9.0541],[41.28,9.0316],[41.274,9.0296],[41.267,9.0105],[41.26,9.0079],[41.2583,8.9893],[41.2451,8.9652],[41.2396,8.9424],[41.241,8.9232],[41.2338,8.9036],[41.2325,8.8907],[41.2281,8.8728],[41.2079,8.8376],[41.2063,8.8207],[41.1969,8.8055],[41.1869,8.797],[41.1875,8.7897],[41.1732,8.7682],[41.1826,8.7497],[41.1888,8.7226],[41.1925,8.7166],[41.2023,8.7131],[41.208,8.7],[41.2106,8.6843],[41.2203,8.6813],[41.2252,8.6745],[41.2348,8.6686],[41.2435,8.6593],[41.26,8.6267],[41.2659,8.6214],[41.2687,8.6101],[41.2658,8.6012],[41.2696,8.5974],[41.2663,8.5872],[41.2718,8.5821],[41.2732,8.5602],[41.2772,8.5574],[41.2723,8.5483],[41.2768,8.5415],[41.2773,8.5289],[41.2686,8.5167],[41.2725,8.5083],[41.2625,8.4877],[41.2642,8.4809],[41.2614,8.469],[41.2529,8.4667],[41.2457,8.456],[41.2467,8.4434],[41.2534,8.4292],[41.2636,8.4223],[41.2651,8.4172],[41.2779,8.4008],[41.2832,8.3987],[41.2828,8.3894],[41.2906,8.3917],[41.2939,8.3854],[41.3109,8.379],[41.3171,8.373],[41.3314,8.3644],[41.3384,8.3653],[41.3437,8.3579],[41.3657,8.3539],[41.3665,8.3594],[41.3858,8.3622],[41.3953,8.3537],[41.3974,8.3477],[41.4048,8.3419],[41.4126,8.3292],[41.4222,8.3268],[41.4421,8.3158],[41.45,8.3047],[41.4482,8.2943],[41.4437,8.2918],[41.4484,8.2798],[41.458,8.2736],[41.4593,8.2657],[41.4658,8.263],[41.4815,8.2623],[41.4885,8.2507],[41.4866,8.2344],[41.4889,8.2303],[41.4892,8.2143],[41.4955,8.2069],[41.4956,8.2008],[41.5053,8.1912],[41.5171,8.1899],[41.5308,8.1757],[41.5316,8.169],[41.5373,8.1644],[41.553,8.1639],[41.5625,8.1701],[41.5707,8.161],[41.5769,8.1482],[41.5681,8.1246],[41.5736,8.1131],[41.5709,8.099],[41.5721,8.0851],[41.5698,8.0757],[41.5775,8.0581],[41.5803,8.0446],[41.577,8.0322],[41.5776,8.0243],[41.5699,7.9997],[41.5642,7.9912],[41.5462,7.9765],[41.5408,7.9781],[41.5366,7.9692],[41.5287,7.9744],[41.5252,7.9939],[41.5247,8.014],[41.5281,8.0251],[41.5273,8.0521],[41.5235,8.0594],[41.5223,8.0771],[41.5156,8.0847],[41.5132,8.1042],[41.5018,8.1193],[41.5026,8.1237],[41.4957,8.1311],[41.4779,8.1352],[41.4578,8.1236],[41.4525,8.1245],[41.4432,8.1163],[41.434,8.1137],[41.4282,8.117],[41.4174,8.1132],[41.4022,8.1236],[41.3919,8.1218],[41.387,8.128],[41.3628,8.1341],[41.3492,8.1492],[41.3342,8.1576],[41.3136,8.1534],[41.3022,8.1549],[41.2892,8.1518],[41.2775,8.1394],[41.2481,8.1321],[41.2364,8.1277],[41.2247,8.1297],[41.2207,8.1237],[41.2138,8.1265],[41.2145,8.1329],[41.2098,8.136],[41.2018,8.1299],[41.1957,8.132],[41.1903,8.126],[41.1729,8.1179],[41.1612,8.1017],[41.1554,8.1004],[41.1461,8.089],[41.1394,8.0868],[41.1338,8.08],[41.1239,8.077],[41.1171,8.081],[41.1117,8.0789],[41.1088,8.0718],[41.0979,8.0717],[41.0948,8.0615],[41.0864,8.0623],[41.0826,8.0507],[41.0681,8.0363],[41.0682,8.0288],[41.0569,8.0214],[41.0518,8.0114],[41.0427,8.0094],[41.0323,8.0143],[41.0274,8.0046],[41.0189,8.0073],[41.0092,8.0005],[41.0027,8.0019],[40.9897,7.9954],[40.9838,7.9859],[40.9828,7.9753],[40.9759,7.9708],[40.9673,7.9734],[40.9563,7.9662],[40.9368,7.9694],[40.9309,7.9625],[40.9133,7.9575],[40.9095,7.9635],[40.8973,7.9568],[40.8872,7.9624],[40.8776,7.9553],[40.8682,7.9611],[40.8636,7.9544],[40.8565,7.9574],[40.8463,7.9537],[40.8328,7.9619],[40.8221,7.9588],[40.8127,7.9637],[40.81,7.9559],[40.8038,7.9552],[40.799,7.9611],[40.7886,7.9527],[40.7811,7.9524],[40.779,7.9468],[40.7652,7.9423],[40.7493,7.9282],[40.7403,7.927],[40.7384,7.9168],[40.7315,7.9084],[40.7334,7.8997],[40.7289,7.9063]]]}},{"type":"Feature","properties":{"zone":"East Hararge","region":"Oromia","total_woredas":24,"lersha_woredas":0,"lersha_area_km2":0.0},"geometry":{"type":"Polygon","coordinates":[[[41.8614,7.5306],[41.8461,7.557],[41.8194,7.5618],[41.7529,7.6129],[41.7007,7.634],[41.7057,7.6585],[41.6765,7.6704],[41.6738,7.6954],[41.6484,7.711],[41.647,7.7209],[41.6334,7.7271],[41.6226,7.7353],[41.6188,7.7531],[41.6039,7.7669],[41.6054,7.7751],[41.6124,7.7872],[41.6111,7.7987],[41.6014,7.8109],[41.6043,7.8283],[41.6037,7.8412],[41.5876,7.8624],[41.5848,7.8625],[41.5737,7.847],[41.57,7.8514],[41.5701,7.8683],[41.5627,7.8788],[41.5641,7.8963],[41.5564,7.9088],[41.5596,7.9191],[41.5525,7.9286],[41.5469,7.9261],[41.5369,7.9344],[41.5384,7.9459],[41.5359,7.9559],[41.5366,7.9692],[41.5408,7.9781],[41.5462,7.9765],[41.5642,7.9912],[41.5699,7.9997],[41.5776,8.0243],[41.577,8.0322],[41.5803,8.0446],[41.5775,8.0581],[41.5698,8.0757],[41.5721,8.0851],[41.5709,8.099],[41.5736,8.1131],[41.5681,8.1246],[41.5769,8.1482],[41.5707,8.161],[41.5625,8.1701],[41.553,8.1639],[41.5373,8.1644],[41.5316,8.169],[41.5308,8.1757],[41.5171,8.1899],[41.5053,8.1912],[41.4956,8.2008],[41.4955,8.2069],[41.4892,8.2143],[41.4889,8.2303],[41.4866,8.2344],[41.4885,8.2507],[41.4815,8.2623],[41.4658,8.263],[41.4593,8.2657],[41.458,8.2736],[41.4484,8.2798],[41.4437,8.2918],[41.4482,8.2943],[41.45,8.3047],[41.4421,8.3158],[41.4222,8.3268],[41.4126,8.3292],[41.4048,8.3419],[41.3974,8.3477],[41.3953,8.3537],[41.3858,8.3622],[41.3665,8.3594],[41.3657,8.3539],[41.3437,8.3579],[41.3384,8.3653],[41.3314,8.3644],[41.3171,8.373],[41.3109,8.379],[41.2939,8.3854],[41.2906,8.3917],[41.2828,8.3894],[41.2832,8.3987],[41.2779,8.4008],[41.2651,8.4172],[41.2636,8.4223],[41.2534,8.4292],[41.2467,8.4434],[41.2457,8.456],[41.2529,8.4667],[41.2614,8.469],[41.2642,8.4809],[41.2625,8.4877],[41.2725,8.5083],[41.2686,8.5167],[41.2773,8.5289],[41.2768,8.5415],[41.2723,8.5483],[41.2772,8.5574],[41.2732,8.5602],[41.2718,8.5821],[41.2663,8.5872],[41.2696,8.5974],[41.2658,8.6012],[41.2687,8.6101],[41.2659,8.6214],[41.26,8.6267],[41.2435,8.6593],[41.2348,8.6686],[41.2252,8.6745],[41.2203,8.6813],[41.2106,8.6843],[41.208,8.7],[41.2023,8.7131],[41.1925,8.7166],[41.1888,8.7226],[41.1826,8.7497],[41.1732,8.7682],[41.1875,8.7897],[41.1869,8.797],[41.1969,8.8055],[41.2063,8.8207],[41.2079,8.8376],[41.2281,8.8728],[41.2325,8.8907],[41.2338,8.9036],[41.241,8.9232],[41.2396,8.9424],[41.2451,8.9652],[41.2583,8.9893],[41.26,9.0079],[41.267,9.0105],[41.274,9.0296],[41.28,9.0316],[41.2758,9.0541],[41.2784,9.0636],[41.2891,9.086],[41.2882,9.0997],[41.2822,9.1118],[41.283,9.1171],[41.2665,9.1327],[41.2738,9.1518],[41.2577,9.1594],[41.2531,9.1668],[41.245,9.1616],[41.2406,9.1653],[41.2415,9.1727],[41.233,9.1762],[41.231,9.1697],[41.2372,9.1661],[41.2336,9.1628],[41.2144,9.172],[41.2067,9.1792],[41.2128,9.1926],[41.2314,9.2051],[41.2405,9.216],[41.2464,9.2287],[41.256,9.2414],[41.2666,9.244],[41.2769,9.255],[41.2722,9.259],[41.2751,9.2663],[41.2808,9.2672],[41.2718,9.2843],[41.2607,9.2912],[41.2515,9.3134],[41.2496,9.3252],[41.26,9.3324],[41.2578,9.3397],[41.2507,9.3468],[41.2407,9.3507],[41.2414,9.3574],[41.2377,9.3728],[41.2246,9.3878],[41.2187,9.4008],[41.2209,9.4082],[41.2161,9.416],[41.2072,9.4184],[41.211,9.4257],[41.1993,9.4366],[41.1987,9.4435],[41.1921,9.453],[41.1918,9.4598],[41.2199,9.4907],[41.2393,9.4988],[41.2523,9.5004],[41.2676,9.4994],[41.2797,9.5015],[41.3087,9.5031],[41.3365,9.4946],[41.359,9.4901],[41.3931,9.4858],[41.4326,9.4759],[41.479,9.46],[41.491,9.4574],[41.5221,9.4853],[41.5406,9.4996],[41.5642,9.5069],[41.5977,9.5114],[41.6327,9.5133],[41.6426,9.5151],[41.6542,9.4812],[41.6702,9.4706],[41.7023,9.4667],[41.7219,9.4675],[41.7346,9.4715],[41.7545,9.4846],[41.773,9.4911],[41.7925,9.4895],[41.8152,9.4767],[41.8387,9.4779],[41.8597,9.488],[41.9134,9.4725],[41.9387,9.4795],[41.9545,9.4891],[41.9825,9.5085],[41.99,9.5066],[42.0191,9.5082],[42.0317,9.5044],[42.0521,9.492],[42.0676,9.4748],[42.0748,9.4737],[42.0811,9.4882],[42.0963,9.5013],[42.1097,9.508],[42.1389,9.5347],[42.1526,9.5564],[42.1461,9.5706],[42.1334,9.5825],[42.1278,9.5984],[42.1249,9.6145],[42.1422,9.6203],[42.1804,9.6443],[42.2005,9.6531],[42.2205,9.6562],[42.2408,9.6566],[42.2586,9.6516],[42.2719,9.667],[42.2859,9.6761],[42.3181,9.7057],[42.3398,9.7196],[42.3462,9.7214],[42.3558,9.7179],[42.3766,9.7138],[42.3953,9.7155],[42.4485,9.722],[42.499,9.7211],[42.5298,9.7276],[42.5681,9.7369],[42.6185,9.7584],[42.6474,9.7752],[42.6638,9.7765],[42.681,9.7743],[42.6941,9.7687],[42.7035,9.7584],[42.7137,9.7407],[42.7271,9.7251],[42.7305,9.7211],[42.7501,9.7108],[42.7791,9.6986],[42.823,9.6744],[42.8538,9.6622],[42.8977,9.6501],[42.9079,9.6501],[42.9173,9.6576],[42.9257,9.6725],[42.935,9.68],[42.9509,9.6725],[42.964,9.6557],[42.978,9.6286],[42.9798,9.6071],[42.9686,9.5922],[42.9434,9.5875],[42.921,9.5651],[42.9089,9.5632],[42.8921,9.5745],[42.8799,9.5847],[42.8641,9.5866],[42.8407,9.5829],[42.8136,9.5726],[42.7875,9.5231],[42.7763,9.5119],[42.7473,9.5016],[42.7361,9.4951],[42.7287,9.4829],[42.7147,9.4745],[42.682,9.4699],[42.6661,9.4587],[42.6558,9.4559],[42.6409,9.4475],[42.6175,9.4269],[42.6035,9.4166],[42.5849,9.4092],[42.5671,9.3961],[42.5522,9.3821],[42.5375,9.373],[42.5516,9.3452],[42.5563,9.3211],[42.547,9.3052],[42.5514,9.2866],[42.5611,9.2703],[42.571,9.2582],[42.5796,9.2375],[42.5836,9.2154],[42.5955,9.1936],[42.6143,9.174],[42.6347,9.1585],[42.6351,9.144],[42.626,9.1321],[42.6094,9.1185],[42.5993,9.1062],[42.6193,9.0893],[42.6443,9.073],[42.6623,9.049],[42.6741,9.0285],[42.6801,9.015],[42.7031,8.9809],[42.7306,8.948],[42.7612,8.9177],[42.8052,8.87],[42.8281,8.8558],[42.8495,8.8443],[42.8653,8.8251],[42.8654,8.8044],[42.8575,8.7851],[42.8439,8.7579],[42.8371,8.7278],[42.832,8.6952],[42.8384,8.6644],[42.8599,8.6363],[42.8988,8.6027],[42.9053,8.5822],[42.9076,8.549],[42.9124,8.5221],[42.9108,8.4988],[42.897,8.4578],[42.8988,8.4091],[42.8844,8.3985],[42.8581,8.3917],[42.8309,8.3812],[42.7982,8.3701],[42.7794,8.3733],[42.7682,8.3632],[42.7539,8.3371],[42.7349,8.2944],[42.7191,8.2457],[42.7112,8.2068],[42.7016,8.1796],[42.6785,8.1473],[42.6614,8.1303],[42.6586,8.1301],[42.6514,8.1297],[42.6306,8.1404],[42.616,8.1596],[42.5781,8.2285],[42.567,8.2556],[42.56,8.292],[42.5501,8.3505],[42.5387,8.3972],[42.5345,8.429],[42.5298,8.4548],[42.5201,8.4787],[42.5026,8.4921],[42.323,8.5368],[42.3071,8.5596],[42.2947,8.586],[42.275,8.6151],[42.2631,8.636],[42.2397,8.6399],[42.2327,8.635],[42.2156,8.6112],[42.1759,8.5801],[42.0977,8.519],[42.0697,8.494],[42.0413,8.4475],[42.026,8.4258],[42.0271,8.323],[41.9626,8.2236],[41.9484,8.2009],[41.9375,8.1436],[41.9263,8.0806],[41.9254,8.0397],[41.9222,7.9781],[41.9171,7.9129],[41.9124,7.8444],[41.9571,7.7748],[41.9425,7.7275],[41.9295,7.697],[41.9048,7.6359],[41.8781,7.5626],[41.8678,7.5382],[41.8675,7.5312],[41.8614,7.5306]],[[42.0589,9.2494],[42.0613,9.2265],[42.0737,9.221],[42.1124,9.2307],[42.1273,9.2266],[42.1486,9.2063],[42.1657,9.2104],[42.1821,9.2169],[42.1975,9.2199],[42.2085,9.2119],[42.2208,9.1964],[42.2337,9.1859],[42.246,9.187],[42.2594,9.1923],[42.2647,9.1979],[42.272,9.2157],[42.2687,9.2296],[42.2563,9.2526],[42.2493,9.27],[42.2503,9.2855],[42.266,9.3098],[42.265,9.3213],[42.2585,9.3344],[42.2703,9.3617],[42.253,9.3838],[42.2381,9.3849],[42.2219,9.3795],[42.1874,9.3617],[42.1686,9.3628],[42.1466,9.3875],[42.1291,9.3887],[42.1142,9.3725],[42.0853,9.3291],[42.0705,9.3039],[42.0605,9.2659],[42.0589,9.2494]]]}},{"type":"Feature","properties":{"zone":"Bale","region":"Oromia","total_woredas":12,"lersha_woredas":5,"lersha_area_km2":5280.0},"geometry":{"type":"Polygon","coordinates":[[[39.2868,6.392],[39.2957,6.4123],[39.2965,6.43],[39.3054,6.4355],[39.3257,6.465],[39.3377,6.474],[39.3353,6.4816],[39.3401,6.4973],[39.3371,6.5148],[39.3407,6.5199],[39.3561,6.5312],[39.3745,6.54],[39.4012,6.5555],[39.4269,6.5447],[39.4295,6.5535],[39.421,6.5812],[39.4204,6.6047],[39.4276,6.6195],[39.4362,6.6276],[39.4429,6.6298],[39.4551,6.6423],[39.4611,6.6581],[39.4695,6.6648],[39.4931,6.667],[39.5095,6.6744],[39.5218,6.6952],[39.5193,6.7128],[39.5287,6.72],[39.5797,6.6711],[39.5982,6.6842],[39.5983,6.6907],[39.6149,6.6899],[39.632,6.6856],[39.642,6.6913],[39.6441,6.7131],[39.6366,6.7242],[39.6341,6.7352],[39.6204,6.758],[39.6153,6.7607],[39.6291,6.7833],[39.6735,6.8242],[39.6852,6.8361],[39.7045,6.8496],[39.7156,6.8539],[39.7404,6.8708],[39.7609,6.9028],[39.7707,6.9151],[39.7578,6.9191],[39.7451,6.9283],[39.7376,6.9373],[39.7292,6.9516],[39.7272,6.9605],[39.7313,6.9714],[39.71,6.9928],[39.7205,7.0161],[39.7156,7.02],[39.6788,7.0171],[39.6748,7.0132],[39.6721,7.0209],[39.6801,7.0359],[39.6732,7.0529],[39.6608,7.0537],[39.6613,7.0695],[39.6558,7.0815],[39.643,7.0876],[39.6371,7.081],[39.621,7.093],[39.6207,7.0992],[39.6127,7.1038],[39.6113,7.1187],[39.6153,7.1187],[39.6166,7.1272],[39.6068,7.1236],[39.6028,7.1256],[39.5977,7.1381],[39.5935,7.1412],[39.6026,7.1454],[39.6141,7.1432],[39.6202,7.1476],[39.6282,7.1479],[39.6646,7.191],[39.6805,7.1886],[39.6929,7.1914],[39.685,7.2017],[39.6889,7.2198],[39.6841,7.2286],[39.6693,7.2302],[39.6639,7.228],[39.6484,7.2371],[39.6456,7.2504],[39.6347,7.2526],[39.6405,7.2609],[39.6344,7.2681],[39.6334,7.2772],[39.6268,7.2742],[39.6205,7.2813],[39.6241,7.2825],[39.6182,7.3033],[39.6036,7.3147],[39.5965,7.3238],[39.5866,7.3268],[39.5815,7.3403],[39.5848,7.3494],[39.5787,7.3538],[39.5775,7.3631],[39.5679,7.3648],[39.5525,7.3517],[39.5357,7.3518],[39.5309,7.3626],[39.5305,7.3807],[39.5241,7.3983],[39.5319,7.3982],[39.5432,7.4039],[39.5431,7.4234],[39.5456,7.4282],[39.5562,7.4356],[39.5565,7.4398],[39.5707,7.4465],[39.5744,7.443],[39.5843,7.4493],[39.6034,7.4458],[39.6096,7.4519],[39.6218,7.4586],[39.633,7.4755],[39.6419,7.48],[39.6451,7.4774],[39.6579,7.4815],[39.6685,7.4767],[39.6736,7.4671],[39.6813,7.4698],[39.6862,7.4669],[39.6989,7.4738],[39.7128,7.4699],[39.7211,7.4636],[39.7283,7.4646],[39.7534,7.4535],[39.7639,7.4412],[39.7763,7.4382],[39.7834,7.4453],[39.7918,7.4423],[39.8032,7.4447],[39.8149,7.463],[39.8263,7.4688],[39.8373,7.4659],[39.8421,7.4694],[39.8558,7.462],[39.8671,7.4673],[39.8764,7.4795],[39.8886,7.4786],[39.8954,7.4834],[39.9193,7.486],[39.9257,7.4893],[39.939,7.4887],[39.9513,7.4854],[39.9493,7.4892],[39.959,7.4903],[39.9644,7.4811],[39.972,7.4819],[39.9755,7.4767],[39.9947,7.4789],[40.005,7.4742],[40.01,7.4781],[40.0153,7.4731],[40.0244,7.477],[40.038,7.4724],[40.0397,7.4681],[40.0483,7.467],[40.0542,7.4622],[40.0697,7.4662],[40.0781,7.4625],[40.0846,7.4517],[40.0863,7.4437],[40.1016,7.4386],[40.1096,7.4403],[40.1165,7.4354],[40.1297,7.4339],[40.1461,7.4387],[40.1595,7.4384],[40.1656,7.444],[40.1821,7.4478],[40.1842,7.4566],[40.1914,7.4518],[40.2023,7.4631],[40.2124,7.4637],[40.2158,7.4743],[40.2218,7.4735],[40.2353,7.489],[40.2382,7.4872],[40.2467,7.496],[40.2507,7.4941],[40.2658,7.5036],[40.2704,7.5108],[40.2807,7.5077],[40.2924,7.5157],[40.2919,7.5216],[40.2985,7.5306],[40.3044,7.5325],[40.3054,7.5409],[40.3119,7.5481],[40.3259,7.5499],[40.3376,7.5611],[40.3416,7.5702],[40.3522,7.5503],[40.3613,7.5425],[40.3661,7.5327],[40.3633,7.5156],[40.3847,7.4892],[40.3722,7.465],[40.3481,7.4594],[40.3379,7.4448],[40.3423,7.4395],[40.3396,7.4262],[40.3506,7.4392],[40.3579,7.438],[40.3471,7.4141],[40.3602,7.4123],[40.3441,7.4009],[40.3305,7.4001],[40.3542,7.3888],[40.3689,7.3971],[40.3655,7.3804],[40.3705,7.3674],[40.3649,7.3573],[40.3504,7.356],[40.336,7.3584],[40.3265,7.3554],[40.3215,7.3461],[40.3228,7.3271],[40.3368,7.313],[40.3251,7.3103],[40.3223,7.2947],[40.3018,7.2764],[40.3,7.2786],[40.291,7.2675],[40.2877,7.2567],[40.2769,7.2539],[40.2812,7.2456],[40.283,7.2318],[40.2915,7.2216],[40.2995,7.1971],[40.295,7.1942],[40.3075,7.1838],[40.321,7.1836],[40.3351,7.1769],[40.3447,7.1779],[40.3606,7.1708],[40.3645,7.1577],[40.3748,7.1379],[40.3732,7.136],[40.3903,7.1208],[40.3916,7.1152],[40.3984,7.1139],[40.4009,7.1255],[40.434,7.1211],[40.4379,7.1089],[40.4548,7.1015],[40.4608,7.0956],[40.4612,7.1005],[40.4546,7.1071],[40.4722,7.1097],[40.4668,7.1181],[40.4709,7.1222],[40.4675,7.1281],[40.4364,7.1318],[40.4337,7.1386],[40.4467,7.1436],[40.4667,7.1428],[40.5071,7.1205],[40.5201,7.133],[40.5178,7.1379],[40.533,7.1532],[40.5675,7.1111],[40.5782,7.1079],[40.5889,7.1012],[40.6009,7.1002],[40.6134,7.1019],[40.6169,7.0916],[40.6156,7.0782],[40.6178,7.0746],[40.6135,7.0542],[40.6166,7.0418],[40.6166,7.0306],[40.624,7.0249],[40.6423,7.0223],[40.6477,7.0146],[40.6446,7.0031],[40.6549,6.9909],[40.672,6.9833],[40.6823,6.9851],[40.7068,6.973],[40.7108,6.9669],[40.7124,6.9482],[40.7218,6.9461],[40.7103,6.9265],[40.7015,6.9191],[40.7257,6.8912],[40.74,6.8926],[40.7648,6.8892],[40.7546,6.8694],[40.7585,6.8341],[40.7677,6.8177],[40.7658,6.8096],[40.76,6.8055],[40.7518,6.8111],[40.7477,6.801],[40.7457,6.7866],[40.7536,6.7773],[40.6921,6.7303],[40.677,6.7321],[40.6597,6.7289],[40.6433,6.7226],[40.6585,6.6936],[40.6503,6.6855],[40.6535,6.6758],[40.663,6.6688],[40.6468,6.6504],[40.6513,6.6266],[40.6605,6.6147],[40.6576,6.5995],[40.653,6.5977],[40.6557,6.586],[40.6522,6.583],[40.6437,6.5631],[40.6406,6.5486],[40.6447,6.5366],[40.6614,6.521],[40.6672,6.5039],[40.6672,6.4939],[40.6709,6.4892],[40.6731,6.4775],[40.6955,6.4559],[40.7152,6.4491],[40.718,6.4443],[40.7369,6.4265],[40.74,6.4285],[40.753,6.4199],[40.7538,6.4157],[40.7639,6.4077],[40.7692,6.3854],[40.7748,6.3817],[40.7869,6.3603],[40.7969,6.3516],[40.7979,6.3424],[40.8052,6.3277],[40.8123,6.342],[40.8243,6.3501],[40.8305,6.3479],[40.8387,6.3508],[40.8506,6.3441],[40.864,6.351],[40.8619,6.3457],[40.8645,6.3203],[40.8797,6.2665],[40.8816,6.2443],[40.878,6.1877],[40.8679,6.1513],[40.8664,6.1138],[40.8695,6.0945],[40.8667,6.0766],[40.8712,6.0558],[40.8784,5.9875],[40.8748,5.8079],[40.8931,5.7611],[40.8806,5.7741],[40.8802,5.7771],[40.8674,5.7785],[40.8615,5.7762],[40.8531,5.7793],[40.8446,5.7863],[40.8374,5.7833],[40.8339,5.7973],[40.8266,5.7985],[40.8208,5.8203],[40.8184,5.8157],[40.8045,5.8112],[40.8022,5.8061],[40.796,5.8082],[40.7886,5.818],[40.7862,5.8317],[40.7781,5.8413],[40.7703,5.8439],[40.7629,5.8564],[40.7556,5.8576],[40.7437,5.8523],[40.732,5.8566],[40.7276,5.8647],[40.718,5.873],[40.7153,5.8637],[40.6971,5.8653],[40.6885,5.8719],[40.6822,5.8728],[40.679,5.8828],[40.6699,5.8855],[40.6554,5.8654],[40.6461,5.8609],[40.6363,5.8618],[40.6372,5.8717],[40.6316,5.8726],[40.6255,5.8636],[40.6074,5.859],[40.6035,5.8681],[40.5864,5.8698],[40.5811,5.8594],[40.57,5.8577],[40.5646,5.8649],[40.5561,5.8677],[40.5491,5.8569],[40.5373,5.8659],[40.5201,5.858],[40.5105,5.8629],[40.5,5.8638],[40.4926,5.8709],[40.482,5.8714],[40.4717,5.8814],[40.4617,5.8858],[40.4517,5.8781],[40.4403,5.8734],[40.4313,5.877],[40.4227,5.8768],[40.4118,5.8823],[40.405,5.889],[40.3943,5.8912],[40.3889,5.8972],[40.3788,5.8957],[40.3705,5.8901],[40.3522,5.8861],[40.3435,5.8771],[40.3329,5.8839],[40.3261,5.8812],[40.3182,5.8715],[40.3085,5.8698],[40.3035,5.8754],[40.2978,5.8708],[40.2773,5.8683],[40.2653,5.8605],[40.2652,5.8561],[40.2575,5.8475],[40.2498,5.8441],[40.2334,5.847],[40.2312,5.8509],[40.2163,5.8496],[40.2041,5.855],[40.1915,5.8534],[40.1908,5.8474],[40.1835,5.8447],[40.17,5.8509],[40.1536,5.8481],[40.1427,5.8551],[40.1325,5.8544],[40.1286,5.8602],[40.1178,5.8677],[40.0992,5.8672],[40.0935,5.8707],[40.0759,5.8717],[40.0707,5.8658],[40.0591,5.8657],[40.0455,5.8751],[40.0282,5.8752],[40.0141,5.8828],[40.0075,5.8917],[39.9972,5.8915],[39.9849,5.9013],[39.9757,5.9302],[39.9649,5.9337],[39.9629,5.9301],[39.9468,5.9325],[39.9348,5.9391],[39.9275,5.9361],[39.9054,5.9489],[39.9009,5.9644],[39.8945,5.9692],[39.8813,5.973],[39.8653,5.9833],[39.86,5.9908],[39.8689,6.0051],[39.869,6.0129],[39.8618,6.0182],[39.8655,6.0226],[39.8602,6.0313],[39.8718,6.0371],[39.8744,6.048],[39.8812,6.0588],[39.8876,6.0621],[39.89,6.0714],[39.8949,6.0744],[39.9064,6.0978],[39.9075,6.1066],[39.9055,6.1451],[39.897,6.1482],[39.8918,6.1549],[39.8946,6.162],[39.8895,6.175],[39.8792,6.1785],[39.8754,6.1875],[39.8791,6.1949],[39.8723,6.2065],[39.8635,6.2111],[39.8542,6.2222],[39.8365,6.2259],[39.8299,6.2295],[39.8163,6.2283],[39.8137,6.2309],[39.8021,6.2299],[39.7895,6.2397],[39.7753,6.2429],[39.7693,6.239],[39.7642,6.2285],[39.7563,6.2218],[39.7459,6.2181],[39.7323,6.2201],[39.7025,6.2104],[39.6835,6.2065],[39.6827,6.1867],[39.6719,6.1813],[39.6679,6.1713],[39.6584,6.1611],[39.6483,6.1562],[39.6423,6.1571],[39.6243,6.1674],[39.616,6.1673],[39.6093,6.1871],[39.6011,6.1711],[39.5795,6.1458],[39.5593,6.1285],[39.5566,6.1283],[39.5085,6.1582],[39.4976,6.1677],[39.4808,6.1889],[39.4665,6.213],[39.4697,6.2196],[39.4625,6.2389],[39.461,6.2509],[39.4347,6.267],[39.427,6.2738],[39.419,6.2757],[39.4147,6.2814],[39.4139,6.2914],[39.4075,6.3087],[39.4032,6.3508],[39.3684,6.3638],[39.3435,6.3563],[39.303,6.3605],[39.2969,6.3566],[39.2861,6.3662],[39.2794,6.3693],[39.2868,6.392]]]}},{"type":"Feature","properties":{"zone":"Borena","region":"Oromia","total_woredas":11,"lersha_woredas":0,"lersha_area_km2":0.0},"geometry":{"type":"Polygon","coordinates":[[[36.6915,4.4955],[36.6575,4.5804],[36.6808,4.6043],[36.6464,4.7108],[36.8285,4.7092],[36.8547,4.7361],[36.8635,4.793],[36.8608,4.9351],[36.8648,4.9442],[36.8607,4.9788],[36.8675,5.007],[36.8714,5.0291],[36.8822,5.075],[36.893,5.1098],[36.9212,5.1451],[36.949,5.1947],[36.9831,5.1924],[37.0033,5.1991],[37.0522,5.1918],[37.0821,5.1864],[37.1122,5.1863],[37.1453,5.1889],[37.1818,5.1939],[37.1972,5.2103],[37.2169,5.2127],[37.2381,5.1994],[37.2924,5.1944],[37.3172,5.1735],[37.3407,5.1596],[37.3672,5.1551],[37.4172,5.1666],[37.4656,5.1932],[37.4913,5.2029],[37.5179,5.2205],[37.5514,5.2339],[37.5779,5.2424],[37.5798,5.2477],[37.6297,5.266],[37.6373,5.2832],[37.6455,5.2972],[37.6467,5.2993],[37.6742,5.3076],[37.7009,5.3059],[37.7289,5.2922],[37.7471,5.2766],[37.7728,5.2834],[37.7926,5.2742],[37.8101,5.2683],[37.8271,5.2497],[37.8527,5.2346],[37.8851,5.2343],[37.8868,5.2354],[37.9077,5.2433],[37.9106,5.2463],[37.9127,5.2609],[37.9186,5.2651],[37.9346,5.2596],[37.9428,5.2652],[37.95,5.2616],[37.9637,5.2605],[37.9605,5.245],[37.9685,5.242],[37.9692,5.2373],[37.9793,5.235],[37.9866,5.2284],[37.9935,5.2275],[37.9964,5.2331],[38.0014,5.2311],[38.0058,5.2194],[38.0123,5.214],[38.0209,5.2177],[38.0285,5.2326],[38.0353,5.2379],[38.0423,5.2344],[38.0496,5.237],[38.0592,5.2357],[38.0709,5.2462],[38.0796,5.2481],[38.0976,5.2435],[38.1068,5.26],[38.1017,5.2967],[38.1058,5.3074],[38.1216,5.3245],[38.1231,5.3046],[38.1263,5.2943],[38.1387,5.29],[38.1449,5.3026],[38.1595,5.3163],[38.1721,5.3235],[38.1773,5.3192],[38.1842,5.3209],[38.1984,5.3114],[38.2203,5.3127],[38.2286,5.301],[38.2307,5.2921],[38.2453,5.2923],[38.249,5.2892],[38.2626,5.2915],[38.272,5.287],[38.2879,5.2875],[38.2973,5.2798],[38.308,5.2821],[38.3113,5.2906],[38.3226,5.2817],[38.3213,5.278],[38.3296,5.2709],[38.3381,5.269],[38.337,5.2603],[38.3475,5.2595],[38.3673,5.2471],[38.3733,5.2491],[38.3788,5.2432],[38.3957,5.2393],[38.4005,5.2321],[38.3983,5.2194],[38.3922,5.2149],[38.4136,5.1961],[38.4273,5.1893],[38.429,5.1821],[38.4384,5.177],[38.4431,5.1596],[38.4492,5.1498],[38.4438,5.1445],[38.4594,5.1274],[38.467,5.1242],[38.4877,5.1282],[38.4962,5.1217],[38.4987,5.1257],[38.5215,5.1229],[38.5302,5.1286],[38.5293,5.1438],[38.5337,5.1402],[38.5395,5.145],[38.5523,5.1491],[38.5602,5.1435],[38.5666,5.1499],[38.5699,5.1453],[38.576,5.1471],[38.5844,5.1416],[38.5888,5.1477],[38.5916,5.1439],[38.6058,5.1425],[38.6111,5.133],[38.6181,5.1335],[38.6131,5.1244],[38.6263,5.1179],[38.632,5.1077],[38.6214,5.1012],[38.6095,5.0996],[38.6081,5.0904],[38.6027,5.0875],[38.5953,5.0755],[38.5886,5.0709],[38.5767,5.0731],[38.5514,5.0675],[38.5458,5.0683],[38.5298,5.0536],[38.5244,5.046],[38.5161,5.0422],[38.5096,5.0433],[38.4941,5.0371],[38.4867,5.043],[38.4509,5.041],[38.4504,5.0036],[38.4598,4.9943],[38.4544,4.99],[38.4596,4.9876],[38.457,4.9824],[38.4557,4.8687],[38.4564,4.8591],[38.4503,4.8541],[38.4496,4.8385],[38.4518,4.8322],[38.4586,4.8292],[38.4582,4.8204],[38.4677,4.7958],[38.4572,4.7862],[38.4518,4.7758],[38.4408,4.7735],[38.4442,4.73],[38.4365,4.6656],[38.4404,4.6554],[38.439,4.6471],[38.416,4.6092],[38.4087,4.6053],[38.3898,4.5745],[38.3952,4.573],[38.4209,4.5128],[38.4289,4.5112],[38.446,4.4509],[38.4574,4.438],[38.4667,4.4234],[38.4812,4.4068],[38.4662,4.3987],[38.4616,4.4002],[38.4615,4.3667],[38.4145,4.3344],[38.3905,4.313],[38.397,4.2664],[38.4345,4.2606],[38.4206,4.2053],[38.4458,4.1803],[38.4521,4.1476],[38.4498,4.1335],[38.4933,4.1336],[38.5534,4.154],[38.5828,4.1528],[38.6558,4.1052],[38.7027,4.0694],[38.7443,4.0513],[38.7563,4.0675],[38.7636,4.0714],[38.7965,4.027],[38.7965,4.0181],[38.8384,4.013],[38.8373,4.0205],[38.911,4.0143],[38.9898,4.0045],[39.0232,4.0012],[39.0478,4.0051],[39.048,4.0267],[39.0729,4.0488],[39.0906,4.0614],[39.1012,4.0715],[39.1117,4.0857],[39.1172,4.0974],[39.1246,4.1027],[39.1397,4.1088],[39.2975,4.1088],[39.3903,4.1345],[39.4059,4.14],[39.4226,4.1498],[39.458,4.1801],[39.4897,4.2025],[39.5298,4.2355],[39.575,4.2783],[39.567,4.2646],[39.5397,4.2352],[39.5288,4.1667],[39.5091,4.1144],[39.4783,4.0403],[39.4997,3.9657],[39.4828,3.942],[39.4318,3.853],[39.3996,3.7957],[39.2847,3.6231],[39.2205,3.6025],[39.0979,3.5367],[39.0911,3.5311],[39.0847,3.5344],[39.0461,3.5289],[38.9136,3.5139],[38.81,3.5433],[38.7294,3.5672],[38.6219,3.6017],[38.5169,3.6269],[38.4481,3.5994],[38.3239,3.6089],[38.1211,3.6117],[38.0561,3.6519],[38.0336,3.6981],[37.9981,3.7286],[37.2806,4.1944],[37.1303,4.2864],[37.0992,4.3317],[37.0397,4.3756],[36.8878,4.4347],[36.7143,4.4339],[36.6915,4.4955]]]}},{"type":"Feature","properties":{"zone":"South West Shewa","region":"Oromia","total_woredas":13,"lersha_woredas":4,"lersha_area_km2":2182.0},"geometry":{"type":"Polygon","coordinates":[[[37.748,8.3518],[37.7309,8.3432],[37.717,8.3341],[37.7045,8.337],[37.6922,8.3536],[37.6787,8.3777],[37.6661,8.3835],[37.612,8.3541],[37.598,8.3653],[37.5761,8.4141],[37.558,8.4255],[37.5349,8.4236],[37.5248,8.4206],[37.5214,8.4289],[37.5249,8.4341],[37.5202,8.4422],[37.5199,8.4507],[37.5249,8.4551],[37.528,8.476],[37.5349,8.4902],[37.5502,8.4949],[37.5592,8.5063],[37.5576,8.5158],[37.561,8.5196],[37.5714,8.5144],[37.581,8.5355],[37.582,8.5463],[37.58,8.5652],[37.5939,8.5666],[37.5957,8.5811],[37.605,8.5889],[37.6016,8.6017],[37.6049,8.6031],[37.6035,8.6172],[37.6053,8.6228],[37.6002,8.6272],[37.6083,8.6404],[37.6041,8.6529],[37.611,8.6531],[37.6051,8.6633],[37.6085,8.6688],[37.6035,8.6816],[37.6165,8.6724],[37.6165,8.6613],[37.6251,8.6587],[37.6255,8.6735],[37.6375,8.6857],[37.6391,8.6948],[37.6444,8.7007],[37.6565,8.7036],[37.6584,8.6974],[37.666,8.6895],[37.6728,8.6888],[37.6734,8.7106],[37.6804,8.7187],[37.6893,8.7235],[37.6986,8.7226],[37.7153,8.7348],[37.7262,8.7364],[37.732,8.7413],[37.7597,8.747],[37.7695,8.7584],[37.7765,8.7601],[37.7844,8.7735],[37.7815,8.7874],[37.7904,8.7852],[37.8067,8.7855],[37.809,8.7985],[37.7955,8.8108],[37.7952,8.8143],[37.8164,8.8027],[37.8252,8.8009],[37.8403,8.8019],[37.8453,8.8197],[37.854,8.8226],[37.8569,8.8158],[37.8697,8.8118],[37.8714,8.8197],[37.8906,8.8226],[37.8886,8.8164],[37.895,8.818],[37.9001,8.8107],[37.914,8.805],[37.9165,8.7925],[37.9255,8.7825],[37.9474,8.7791],[37.948,8.7724],[37.9656,8.7756],[37.9669,8.7721],[37.9888,8.7691],[38.009,8.7625],[38.0087,8.7519],[38.0188,8.7524],[38.0226,8.7754],[38.0344,8.7811],[38.0138,8.7948],[38.0199,8.803],[38.0238,8.8017],[38.0216,8.812],[38.0262,8.8113],[38.0393,8.8168],[38.046,8.829],[38.0513,8.8337],[38.0595,8.8298],[38.0751,8.8342],[38.0771,8.8392],[38.0891,8.8405],[38.0981,8.8362],[38.1099,8.8371],[38.1194,8.8302],[38.1194,8.8229],[38.1267,8.8199],[38.1335,8.8218],[38.1344,8.8172],[38.1441,8.817],[38.1457,8.8265],[38.1421,8.8277],[38.1423,8.8486],[38.1344,8.8504],[38.1294,8.8584],[38.1259,8.8704],[38.1211,8.8761],[38.1167,8.8879],[38.109,8.8924],[38.105,8.889],[38.0956,8.8914],[38.0862,8.8882],[38.0806,8.8926],[38.0827,8.9022],[38.0896,8.9054],[38.0959,8.9158],[38.1005,8.9102],[38.1081,8.915],[38.1216,8.9315],[38.1258,8.9252],[38.1382,8.9218],[38.1315,8.9],[38.1235,8.8933],[38.131,8.889],[38.1582,8.8855],[38.1653,8.9021],[38.1873,8.8947],[38.1981,8.8938],[38.2009,8.8878],[38.2248,8.8801],[38.2308,8.8821],[38.2392,8.8794],[38.2489,8.8714],[38.2536,8.8622],[38.2526,8.8522],[38.2597,8.8525],[38.2753,8.858],[38.282,8.8752],[38.2919,8.8854],[38.2948,8.8941],[38.32,8.9021],[38.3232,8.9083],[38.3337,8.9136],[38.3437,8.9095],[38.3468,8.8928],[38.3681,8.8893],[38.3768,8.8909],[38.3796,8.8823],[38.3901,8.8759],[38.3931,8.8637],[38.4019,8.8598],[38.4099,8.8518],[38.4162,8.8526],[38.4164,8.8615],[38.431,8.8619],[38.4366,8.876],[38.444,8.8795],[38.4605,8.8787],[38.5023,8.8584],[38.5146,8.8599],[38.5159,8.8504],[38.5358,8.8384],[38.5341,8.8351],[38.5644,8.8215],[38.5767,8.8184],[38.5932,8.8179],[38.6013,8.8074],[38.6082,8.8052],[38.627,8.8084],[38.6348,8.8048],[38.6396,8.7848],[38.6399,8.7757],[38.6512,8.7663],[38.6733,8.7606],[38.6792,8.764],[38.6951,8.7659],[38.7011,8.7705],[38.71,8.768],[38.7163,8.7482],[38.7214,8.7451],[38.727,8.7313],[38.7214,8.7246],[38.7248,8.719],[38.7421,8.7128],[38.7455,8.7076],[38.7452,8.697],[38.7406,8.6818],[38.7485,8.674],[38.7476,8.6637],[38.7533,8.6623],[38.7503,8.6522],[38.7529,8.6426],[38.748,8.6306],[38.7503,8.6191],[38.7326,8.6298],[38.7252,8.6361],[38.7179,8.6374],[38.7123,8.6339],[38.6985,8.6348],[38.6954,8.6161],[38.6912,8.6154],[38.6899,8.6035],[38.7032,8.6037],[38.701,8.592],[38.7061,8.5908],[38.6975,8.5731],[38.7012,8.5685],[38.7253,8.568],[38.735,8.5649],[38.7497,8.5473],[38.7631,8.5455],[38.7607,8.5327],[38.7598,8.5142],[38.7489,8.4905],[38.7501,8.4497],[38.76,8.4488],[38.7664,8.4228],[38.7653,8.4139],[38.7679,8.4017],[38.7655,8.3934],[38.745,8.3861],[38.7428,8.3905],[38.7267,8.3854],[38.708,8.3825],[38.696,8.3837],[38.6866,8.3716],[38.6842,8.3636],[38.6672,8.3505],[38.6616,8.376],[38.6545,8.3946],[38.6396,8.4121],[38.6168,8.4311],[38.6043,8.4316],[38.5909,8.426],[38.5758,8.4449],[38.5481,8.4531],[38.5268,8.4576],[38.5015,8.444],[38.4779,8.4474],[38.4683,8.435],[38.4616,8.3998],[38.4517,8.385],[38.4407,8.3353],[38.4325,8.3122],[38.4302,8.2988],[38.4216,8.289],[38.4009,8.2795],[38.3824,8.2735],[38.3755,8.2659],[38.3473,8.2542],[38.3332,8.2586],[38.3262,8.267],[38.3219,8.2723],[38.307,8.2997],[38.3079,8.3299],[38.3122,8.3524],[38.3115,8.3699],[38.2893,8.3807],[38.282,8.3996],[38.2663,8.4066],[38.2383,8.4093],[38.2175,8.4088],[38.18,8.3929],[38.1642,8.4081],[38.139,8.4094],[38.1225,8.4066],[38.11,8.3904],[38.0865,8.3901],[38.0771,8.3806],[38.0667,8.376],[38.059,8.3795],[38.0389,8.3892],[38.028,8.3903],[38.0082,8.3725],[37.9882,8.3595],[37.9484,8.3674],[37.928,8.3782],[37.91,8.3705],[37.8876,8.3499],[37.8629,8.3357],[37.8391,8.3321],[37.8163,8.3318],[37.7966,8.3347],[37.779,8.3397],[37.7665,8.3465],[37.748,8.3518]]]}},{"type":"Feature","properties":{"zone":"Guji","region":"Oromia","total_woredas":14,"lersha_woredas":0,"lersha_area_km2":0.0},"geometry":{"type":"Polygon","coordinates":[[[38.3515,6.0962],[38.3625,6.1202],[38.3653,6.1428],[38.377,6.1645],[38.3942,6.1818],[38.4347,6.1988],[38.439,6.2169],[38.433,6.2655],[38.4254,6.2901],[38.4275,6.3002],[38.4249,6.3066],[38.4218,6.3482],[38.4243,6.3687],[38.4276,6.3859],[38.441,6.4054],[38.4533,6.4168],[38.4753,6.4304],[38.5038,6.4363],[38.5376,6.4368],[38.5665,6.4405],[38.5833,6.437],[38.6063,6.4228],[38.6267,6.417],[38.645,6.4232],[38.6547,6.4214],[38.6615,6.4191],[38.672,6.409],[38.6906,6.4062],[38.7072,6.3925],[38.7387,6.409],[38.758,6.4091],[38.7715,6.3998],[38.7834,6.3881],[38.7955,6.3725],[38.8121,6.3559],[38.832,6.3432],[38.8525,6.3203],[38.8741,6.3008],[38.8856,6.2848],[38.8977,6.2586],[38.9209,6.2286],[38.9365,6.2003],[38.95,6.1804],[38.9606,6.1593],[38.9881,6.1471],[39.0345,6.1374],[39.0556,6.1459],[39.0797,6.153],[39.1029,6.1573],[39.1319,6.1588],[39.1304,6.166],[39.1132,6.1766],[39.1036,6.2022],[39.0997,6.2185],[39.086,6.252],[39.0909,6.2708],[39.1094,6.2873],[39.1195,6.299],[39.1257,6.3219],[39.1274,6.3444],[39.1253,6.357],[39.1345,6.3596],[39.1365,6.3516],[39.1354,6.3355],[39.1412,6.3227],[39.1595,6.3065],[39.1662,6.2914],[39.1777,6.2842],[39.1958,6.2984],[39.2063,6.2986],[39.2105,6.289],[39.2201,6.2789],[39.2379,6.2796],[39.2532,6.2821],[39.2747,6.2732],[39.2787,6.262],[39.2903,6.2483],[39.2895,6.2417],[39.3073,6.2232],[39.3097,6.2139],[39.3181,6.2017],[39.3136,6.1893],[39.3134,6.1804],[39.3172,6.1761],[39.3175,6.1672],[39.3242,6.1605],[39.3359,6.1556],[39.3303,6.1419],[39.3301,6.1246],[39.3357,6.1176],[39.3512,6.1082],[39.3578,6.0953],[39.3442,6.0914],[39.3436,6.082],[39.3375,6.0755],[39.3401,6.0582],[39.3569,6.0504],[39.3742,6.0313],[39.3747,6.0195],[39.3698,6.0081],[39.3796,6.0077],[39.3835,6.0036],[39.3819,5.995],[39.3765,5.9876],[39.3848,5.9844],[39.3838,5.9681],[39.4006,5.9476],[39.4065,5.9341],[39.4199,5.9262],[39.4293,5.9176],[39.4323,5.911],[39.4482,5.8962],[39.4653,5.8912],[39.4667,5.8841],[39.4503,5.8613],[39.4435,5.8459],[39.4499,5.8317],[39.447,5.8215],[39.4589,5.8103],[39.4491,5.7953],[39.4491,5.7875],[39.4533,5.7837],[39.4425,5.7693],[39.4402,5.7589],[39.4323,5.7531],[39.4259,5.7537],[39.4215,5.7484],[39.4157,5.7524],[39.4017,5.7493],[39.402,5.7329],[39.393,5.7275],[39.3921,5.7221],[39.3845,5.7245],[39.3772,5.738],[39.3664,5.7417],[39.3568,5.7414],[39.3545,5.7372],[39.3383,5.7338],[39.3234,5.7267],[39.3201,5.703],[39.3137,5.6985],[39.3149,5.6866],[39.3096,5.69],[39.3048,5.6799],[39.2869,5.6779],[39.2817,5.6811],[39.2683,5.6803],[39.2575,5.6751],[39.2503,5.6765],[39.2412,5.6644],[39.2325,5.6626],[39.2313,5.6663],[39.2217,5.659],[39.2218,5.6488],[39.2276,5.6427],[39.2227,5.6381],[39.2272,5.6316],[39.2227,5.6257],[39.2194,5.6067],[39.2222,5.5841],[39.2284,5.5641],[39.2184,5.552],[39.23,5.536],[39.2383,5.5284],[39.2368,5.5172],[39.2466,5.5057],[39.2619,5.496],[39.2496,5.4711],[39.2443,5.4681],[39.2426,5.4601],[39.2359,5.4493],[39.2338,5.4318],[39.2369,5.4273],[39.2337,5.4043],[39.227,5.3974],[39.2239,5.3824],[39.2297,5.3741],[39.2237,5.3669],[39.2148,5.3673],[39.2142,5.3394],[39.2056,5.3218],[39.2019,5.3217],[39.1992,5.3116],[39.1953,5.3101],[39.2015,5.2984],[39.1936,5.2806],[39.1907,5.2631],[39.1829,5.2555],[39.1802,5.243],[39.1746,5.2438],[39.174,5.2272],[39.1694,5.2185],[39.1684,5.2093],[39.1642,5.2049],[39.1654,5.1952],[39.146,5.1582],[39.1505,5.1428],[39.1579,5.1391],[39.1574,5.1329],[39.1374,5.1378],[39.1399,5.1251],[39.1339,5.1168],[39.1318,5.1031],[39.1252,5.1008],[39.1217,5.0922],[39.1237,5.0821],[39.1176,5.0757],[39.1191,5.0685],[39.1128,5.0617],[39.1097,5.0508],[39.0958,5.0524],[39.0744,5.0464],[39.0655,5.0475],[39.0618,5.0541],[39.0478,5.0648],[39.05,5.0672],[39.0318,5.0806],[39.0289,5.0892],[39.0251,5.0879],[39.0173,5.0959],[39.0097,5.1196],[39.0035,5.1325],[38.99,5.1365],[38.9817,5.1419],[38.9674,5.1391],[38.9604,5.135],[38.9589,5.1255],[38.9499,5.1249],[38.9477,5.1192],[38.9271,5.122],[38.9164,5.1193],[38.9139,5.1048],[38.9047,5.1003],[38.9105,5.1072],[38.9014,5.1097],[38.8952,5.1169],[38.8966,5.1228],[38.8905,5.1227],[38.8703,5.1539],[38.8617,5.1594],[38.862,5.1647],[38.8478,5.1621],[38.8431,5.1718],[38.8509,5.1788],[38.8535,5.187],[38.8475,5.1977],[38.8427,5.1972],[38.8342,5.2125],[38.8401,5.2146],[38.8374,5.2216],[38.8452,5.2193],[38.8497,5.2303],[38.8584,5.2342],[38.8595,5.2415],[38.8542,5.2456],[38.8564,5.2513],[38.8431,5.2621],[38.839,5.2605],[38.8385,5.2832],[38.8405,5.2908],[38.8338,5.3014],[38.8229,5.3058],[38.8175,5.3033],[38.8153,5.2959],[38.8107,5.3039],[38.8127,5.3124],[38.8086,5.3172],[38.7914,5.3112],[38.7898,5.3165],[38.7982,5.3244],[38.7867,5.3273],[38.7858,5.341],[38.7788,5.3421],[38.7802,5.3489],[38.7658,5.3518],[38.7696,5.363],[38.7597,5.3807],[38.7491,5.3794],[38.7397,5.3839],[38.7335,5.398],[38.7352,5.4035],[38.7291,5.4039],[38.7305,5.4124],[38.7206,5.4334],[38.7201,5.4441],[38.7161,5.4485],[38.7155,5.4721],[38.7171,5.4753],[38.7318,5.4819],[38.7385,5.4789],[38.7495,5.5001],[38.7472,5.5019],[38.7508,5.5174],[38.7534,5.5492],[38.7568,5.5591],[38.7544,5.5727],[38.7454,5.5796],[38.7496,5.586],[38.7494,5.5954],[38.7405,5.6015],[38.7404,5.61],[38.7339,5.613],[38.7271,5.6113],[38.7134,5.6198],[38.7064,5.6296],[38.6991,5.6244],[38.6888,5.6317],[38.68,5.6335],[38.6716,5.6526],[38.6725,5.6589],[38.665,5.6692],[38.655,5.6678],[38.6544,5.6717],[38.6453,5.6738],[38.6421,5.6703],[38.6355,5.6809],[38.6375,5.6838],[38.6258,5.698],[38.6229,5.709],[38.6251,5.7193],[38.6257,5.7371],[38.6207,5.7436],[38.6237,5.7471],[38.6218,5.7575],[38.6156,5.764],[38.6183,5.7729],[38.6107,5.7781],[38.6062,5.7872],[38.6008,5.7797],[38.5933,5.7895],[38.5882,5.8045],[38.5725,5.8191],[38.5757,5.8303],[38.5869,5.8416],[38.6115,5.8317],[38.622,5.8249],[38.6224,5.8132],[38.6321,5.8065],[38.635,5.7941],[38.6394,5.7905],[38.6671,5.7939],[38.6734,5.8006],[38.6881,5.8044],[38.6891,5.8142],[38.7017,5.8122],[38.7015,5.8255],[38.7039,5.8296],[38.7005,5.8375],[38.6912,5.8361],[38.687,5.8557],[38.6872,5.8628],[38.6755,5.8695],[38.6759,5.8784],[38.6718,5.8847],[38.6642,5.8827],[38.6566,5.876],[38.6511,5.8859],[38.6458,5.8858],[38.6389,5.8955],[38.6294,5.9011],[38.6295,5.9087],[38.6167,5.9091],[38.6191,5.916],[38.6057,5.9277],[38.6037,5.9432],[38.5928,5.9429],[38.5877,5.939],[38.5818,5.9446],[38.5786,5.9422],[38.5668,5.9549],[38.5517,5.9646],[38.5278,5.9953],[38.5186,6.0007],[38.5119,5.9963],[38.4988,6.0112],[38.4791,6.0271],[38.4628,6.0277],[38.4439,6.0458],[38.4457,6.0596],[38.4321,6.0706],[38.4153,6.0755],[38.4043,6.0719],[38.399,6.0788],[38.3952,6.0984],[38.3887,6.094],[38.3869,6.0784],[38.3774,6.0873],[38.3731,6.0773],[38.3672,6.0798],[38.3629,6.0743],[38.3422,6.0824],[38.3515,6.0962]]]}},{"type":"Feature","properties":{"zone":"West Guji","region":"Oromia","total_woredas":11,"lersha_woredas":0,"lersha_area_km2":0.0},"geometry":{"type":"Polygon","coordinates":[[[38.8449,5.1656],[38.8323,5.1584],[38.8295,5.1519],[38.8229,5.1509],[38.818,5.1362],[38.8058,5.1187],[38.8153,5.0965],[38.8121,5.0916],[38.8033,5.101],[38.7928,5.1047],[38.7852,5.0993],[38.7762,5.0814],[38.7796,5.0792],[38.772,5.0695],[38.7675,5.0759],[38.7542,5.0731],[38.7521,5.0694],[38.7371,5.0726],[38.7394,5.0667],[38.7297,5.0571],[38.7281,5.0613],[38.719,5.0629],[38.7127,5.0594],[38.7162,5.0672],[38.71,5.0776],[38.7093,5.0865],[38.7004,5.0934],[38.6947,5.1053],[38.681,5.1089],[38.678,5.1162],[38.6624,5.1203],[38.6512,5.1154],[38.6471,5.1083],[38.6338,5.1102],[38.632,5.1077],[38.6263,5.1179],[38.6131,5.1244],[38.6181,5.1335],[38.6111,5.133],[38.6058,5.1425],[38.5916,5.1439],[38.5888,5.1477],[38.5844,5.1416],[38.576,5.1471],[38.5699,5.1453],[38.5666,5.1499],[38.5602,5.1435],[38.5523,5.1491],[38.5395,5.145],[38.5337,5.1402],[38.5293,5.1438],[38.5302,5.1286],[38.5215,5.1229],[38.4987,5.1257],[38.4962,5.1217],[38.4877,5.1282],[38.467,5.1242],[38.4594,5.1274],[38.4438,5.1445],[38.4492,5.1498],[38.4431,5.1596],[38.4384,5.177],[38.429,5.1821],[38.4273,5.1893],[38.4136,5.1961],[38.3922,5.2149],[38.3983,5.2194],[38.4005,5.2321],[38.3957,5.2393],[38.3788,5.2432],[38.3733,5.2491],[38.3673,5.2471],[38.3475,5.2595],[38.337,5.2603],[38.3381,5.269],[38.3296,5.2709],[38.3213,5.278],[38.3226,5.2817],[38.3113,5.2906],[38.308,5.2821],[38.2973,5.2798],[38.2879,5.2875],[38.272,5.287],[38.2626,5.2915],[38.249,5.2892],[38.2453,5.2923],[38.2307,5.2921],[38.2286,5.301],[38.2203,5.3127],[38.1984,5.3114],[38.1842,5.3209],[38.1773,5.3192],[38.1721,5.3235],[38.1595,5.3163],[38.1449,5.3026],[38.1387,5.29],[38.1263,5.2943],[38.1231,5.3046],[38.1216,5.3245],[38.1058,5.3074],[38.1017,5.2967],[38.1068,5.26],[38.0976,5.2435],[38.0796,5.2481],[38.0709,5.2462],[38.0592,5.2357],[38.0496,5.237],[38.0423,5.2344],[38.0353,5.2379],[38.0285,5.2326],[38.0209,5.2177],[38.0123,5.214],[38.0058,5.2194],[38.0014,5.2311],[37.9964,5.2331],[37.9935,5.2275],[37.9866,5.2284],[37.9793,5.235],[37.9692,5.2373],[37.9685,5.242],[37.9605,5.245],[37.9637,5.2605],[37.95,5.2616],[37.9428,5.2652],[37.9346,5.2596],[37.9186,5.2651],[37.9127,5.2609],[37.9106,5.2463],[37.9077,5.2433],[37.8868,5.2354],[37.9008,5.2449],[37.9044,5.2794],[37.9048,5.304],[37.8964,5.3499],[37.9012,5.3732],[37.9193,5.396],[37.9352,5.423],[37.9402,5.4499],[37.9468,5.4743],[37.9493,5.5076],[37.9478,5.5377],[37.9415,5.5684],[37.9411,5.5851],[37.9302,5.6167],[37.9435,5.6395],[37.9775,5.6494],[38.008,5.6502],[38.0241,5.6601],[38.0408,5.6736],[38.0752,5.6889],[38.0871,5.7213],[38.0889,5.7456],[38.0721,5.7626],[38.0542,5.7641],[38.0392,5.7724],[38.0199,5.79],[38.0123,5.8043],[38.009,5.8265],[38.0071,5.8493],[37.9825,5.8878],[37.979,5.9076],[37.9776,5.9278],[37.9686,5.956],[37.9527,5.9633],[37.9228,5.9601],[37.904,5.9605],[37.895,5.9745],[37.8805,5.985],[37.8655,5.9866],[37.8565,5.999],[37.843,6.0109],[37.8271,6.01],[37.8133,5.9978],[37.8037,5.9932],[37.7915,5.9959],[37.7832,6.0106],[37.7898,6.0494],[37.7851,6.0726],[37.7777,6.0981],[37.7747,6.1239],[37.7781,6.1496],[37.7905,6.1725],[37.8098,6.1961],[37.8256,6.2207],[37.8403,6.2483],[37.848,6.2788],[37.8522,6.3048],[37.8503,6.3268],[37.8401,6.3787],[37.8196,6.3934],[37.8078,6.4102],[37.7975,6.4292],[37.7963,6.4495],[37.7999,6.4782],[37.8078,6.5007],[37.8131,6.5083],[37.8425,6.5417],[37.8715,6.5822],[37.8928,6.5961],[37.9126,6.5907],[37.9185,6.5744],[37.9327,6.5572],[37.9527,6.5496],[37.9688,6.549],[37.9772,6.5509],[37.9809,6.5563],[37.9896,6.5582],[38.001,6.5685],[38.0188,6.5733],[38.0335,6.5615],[38.0516,6.5347],[38.0734,6.529],[38.0907,6.5261],[38.1011,6.5127],[38.1145,6.4996],[38.1393,6.506],[38.1497,6.4966],[38.1435,6.4582],[38.1552,6.4393],[38.1706,6.4498],[38.2159,6.4633],[38.2215,6.4611],[38.2456,6.4682],[38.2601,6.4522],[38.2824,6.4378],[38.2829,6.4083],[38.2928,6.3959],[38.2932,6.372],[38.2882,6.3598],[38.2725,6.3479],[38.2486,6.3363],[38.2314,6.3311],[38.2139,6.3302],[38.1976,6.319],[38.1884,6.3043],[38.1818,6.2843],[38.1737,6.2668],[38.1719,6.2553],[38.1791,6.2383],[38.1933,6.2262],[38.1979,6.2064],[38.1874,6.1822],[38.171,6.1669],[38.1584,6.1595],[38.1414,6.1545],[38.1251,6.1551],[38.117,6.1671],[38.1023,6.1804],[38.0867,6.161],[38.0799,6.117],[38.0986,6.0871],[38.105,6.066],[38.1165,6.0502],[38.1216,6.0167],[38.1388,6.0103],[38.1503,6.0004],[38.1593,5.985],[38.1702,5.957],[38.181,5.9417],[38.2037,5.935],[38.2118,5.9167],[38.2148,5.8932],[38.2089,5.8791],[38.1997,5.8648],[38.1984,5.8495],[38.208,5.8402],[38.2234,5.8386],[38.2392,5.8444],[38.2545,5.8585],[38.2704,5.8685],[38.3037,5.8614],[38.3253,5.8688],[38.3494,5.8923],[38.3581,5.9021],[38.3809,5.904],[38.3961,5.9201],[38.3884,5.933],[38.3748,5.943],[38.3383,5.9556],[38.3275,5.9554],[38.3189,5.9751],[38.3045,5.98],[38.2931,5.9733],[38.2823,5.9707],[38.2717,5.9866],[38.2792,6.0063],[38.3139,6.0278],[38.3199,6.0474],[38.3422,6.0824],[38.3629,6.0743],[38.3672,6.0798],[38.3731,6.0773],[38.3774,6.0873],[38.3869,6.0784],[38.3887,6.094],[38.3952,6.0984],[38.399,6.0788],[38.4043,6.0719],[38.4153,6.0755],[38.4321,6.0706],[38.4457,6.0596],[38.4439,6.0458],[38.4628,6.0277],[38.4791,6.0271],[38.4988,6.0112],[38.5119,5.9963],[38.5186,6.0007],[38.5278,5.9953],[38.5517,5.9646],[38.5668,5.9549],[38.5786,5.9422],[38.5818,5.9446],[38.5877,5.939],[38.5928,5.9429],[38.6037,5.9432],[38.6057,5.9277],[38.6191,5.916],[38.6167,5.9091],[38.6295,5.9087],[38.6294,5.9011],[38.6389,5.8955],[38.6458,5.8858],[38.6511,5.8859],[38.6566,5.876],[38.6642,5.8827],[38.6718,5.8847],[38.6759,5.8784],[38.6755,5.8695],[38.6872,5.8628],[38.687,5.8557],[38.6912,5.8361],[38.7005,5.8375],[38.7039,5.8296],[38.7015,5.8255],[38.7017,5.8122],[38.6891,5.8142],[38.6881,5.8044],[38.6734,5.8006],[38.6671,5.7939],[38.6394,5.7905],[38.635,5.7941],[38.6321,5.8065],[38.6224,5.8132],[38.622,5.8249],[38.6115,5.8317],[38.5869,5.8416],[38.5757,5.8303],[38.5725,5.8191],[38.5882,5.8045],[38.5933,5.7895],[38.6008,5.7797],[38.6062,5.7872],[38.6107,5.7781],[38.6183,5.7729],[38.6156,5.764],[38.6218,5.7575],[38.6237,5.7471],[38.6207,5.7436],[38.6257,5.7371],[38.6251,5.7193],[38.6229,5.709],[38.6258,5.698],[38.6375,5.6838],[38.6355,5.6809],[38.6421,5.6703],[38.6453,5.6738],[38.6544,5.6717],[38.655,5.6678],[38.665,5.6692],[38.6725,5.6589],[38.6716,5.6526],[38.68,5.6335],[38.6888,5.6317],[38.6991,5.6244],[38.7064,5.6296],[38.7134,5.6198],[38.7271,5.6113],[38.7339,5.613],[38.7404,5.61],[38.7405,5.6015],[38.7494,5.5954],[38.7496,5.586],[38.7454,5.5796],[38.7544,5.5727],[38.7568,5.5591],[38.7534,5.5492],[38.7508,5.5174],[38.7472,5.5019],[38.7495,5.5001],[38.7385,5.4789],[38.7318,5.4819],[38.7171,5.4753],[38.7155,5.4721],[38.7161,5.4485],[38.7201,5.4441],[38.7206,5.4334],[38.7305,5.4124],[38.7291,5.4039],[38.7352,5.4035],[38.7335,5.398],[38.7397,5.3839],[38.7491,5.3794],[38.7597,5.3807],[38.7696,5.363],[38.7658,5.3518],[38.7802,5.3489],[38.7788,5.3421],[38.7858,5.341],[38.7867,5.3273],[38.7982,5.3244],[38.7898,5.3165],[38.7914,5.3112],[38.8086,5.3172],[38.8127,5.3124],[38.8107,5.3039],[38.8153,5.2959],[38.8175,5.3033],[38.8229,5.3058],[38.8338,5.3014],[38.8405,5.2908],[38.8385,5.2832],[38.839,5.2605],[38.8431,5.2621],[38.8564,5.2513],[38.8542,5.2456],[38.8595,5.2415],[38.8584,5.2342],[38.8497,5.2303],[38.8452,5.2193],[38.8374,5.2216],[38.8401,5.2146],[38.8342,5.2125],[38.8427,5.1972],[38.8475,5.1977],[38.8535,5.187],[38.8509,5.1788],[38.8431,5.1718],[38.8478,5.1621],[38.8449,5.1656]]]}},{"type":"Feature","properties":{"zone":"Buno Bedele","region":"Oromia","total_woredas":10,"lersha_woredas":3,"lersha_area_km2":2221.0},"geometry":{"type":"Polygon","coordinates":[[[36.0825,8.2772],[36.0861,8.284],[36.0873,8.316],[36.0675,8.3308],[36.045,8.3372],[36.0365,8.3529],[36.0345,8.362],[36.0223,8.3831],[36.0093,8.3965],[36.0007,8.4028],[36.0078,8.4105],[36.0031,8.4158],[36.0051,8.4267],[36.0005,8.4346],[36.0044,8.4497],[35.9957,8.4478],[35.9918,8.4424],[35.9942,8.4652],[35.9983,8.4667],[35.9961,8.4801],[35.9874,8.4963],[35.9904,8.5003],[35.989,8.5268],[35.9935,8.5275],[35.9857,8.5436],[35.9802,8.5495],[35.9878,8.5651],[35.9919,8.5664],[35.992,8.5761],[35.9886,8.5834],[35.9901,8.5932],[35.9851,8.6086],[35.9808,8.6119],[35.9806,8.6328],[35.9445,8.6297],[35.9408,8.6455],[35.9207,8.6609],[35.9076,8.6738],[35.9009,8.6762],[35.8899,8.6672],[35.877,8.6668],[35.8567,8.6802],[35.8568,8.6961],[35.8597,8.7011],[35.8676,8.7005],[35.8754,8.7088],[35.8679,8.725],[35.8821,8.7287],[35.8917,8.7279],[35.8959,8.7388],[35.9026,8.7374],[35.9113,8.741],[35.9123,8.7504],[35.9236,8.754],[35.9208,8.7633],[35.9248,8.7721],[35.9226,8.7793],[35.8951,8.7845],[35.8821,8.7952],[35.8818,8.8097],[35.8875,8.8171],[35.8681,8.8205],[35.8794,8.8273],[35.8874,8.8396],[35.906,8.8298],[35.917,8.8279],[35.929,8.8377],[35.9381,8.8592],[35.9461,8.8669],[35.936,8.8764],[35.9511,8.8782],[35.9582,8.883],[35.9573,8.8904],[35.9635,8.8919],[35.9711,8.9087],[35.9777,8.9142],[36.0173,8.9078],[36.0199,8.9315],[36.0175,8.9345],[36.0252,8.946],[36.0298,8.9588],[36.0349,8.9614],[36.0343,8.9684],[36.0414,8.9704],[36.0428,9.0062],[36.0511,9.017],[36.0639,9.0199],[36.0865,9.0126],[36.094,9.0267],[36.0983,9.0238],[36.1167,9.02],[36.1311,9.0247],[36.1314,9.0208],[36.1569,9.0207],[36.1562,9.0134],[36.1509,9.0142],[36.1487,9.0038],[36.1566,8.9945],[36.1656,8.9937],[36.1678,8.9886],[36.1846,8.978],[36.1875,8.9741],[36.2038,8.9682],[36.2075,8.9601],[36.2142,8.9586],[36.2219,8.9693],[36.2357,8.9673],[36.2452,8.954],[36.2592,8.9481],[36.2732,8.9288],[36.2738,8.9218],[36.2829,8.9166],[36.2808,8.9103],[36.2861,8.9023],[36.2926,8.9009],[36.2928,8.894],[36.3001,8.8866],[36.3106,8.8883],[36.3233,8.8821],[36.3237,8.8735],[36.3339,8.8623],[36.3356,8.8447],[36.3524,8.8392],[36.352,8.8332],[36.3455,8.8281],[36.3524,8.8184],[36.3516,8.8071],[36.3663,8.7929],[36.3771,8.7924],[36.3818,8.7774],[36.3829,8.7611],[36.3878,8.7586],[36.3902,8.7506],[36.3987,8.7451],[36.4084,8.7331],[36.4044,8.7228],[36.409,8.7002],[36.4142,8.6931],[36.4229,8.6616],[36.4204,8.6537],[36.4302,8.6493],[36.4393,8.64],[36.4395,8.6294],[36.4493,8.6238],[36.4531,8.6178],[36.4631,8.6147],[36.469,8.6179],[36.4846,8.6105],[36.4921,8.5997],[36.5018,8.6005],[36.505,8.592],[36.5116,8.5898],[36.518,8.5938],[36.5268,8.5897],[36.5287,8.5758],[36.5364,8.5688],[36.5338,8.5612],[36.5412,8.559],[36.5538,8.563],[36.5515,8.5662],[36.5574,8.5749],[36.5666,8.5701],[36.5888,8.5769],[36.601,8.5706],[36.6152,8.5534],[36.6188,8.5461],[36.6262,8.5458],[36.6236,8.5408],[36.6136,8.5338],[36.6156,8.5287],[36.6354,8.5303],[36.6472,8.5243],[36.6606,8.5313],[36.6707,8.5179],[36.6694,8.5073],[36.679,8.5091],[36.6841,8.495],[36.6906,8.4932],[36.6986,8.4836],[36.6965,8.4753],[36.701,8.4693],[36.7089,8.4699],[36.7224,8.4634],[36.7237,8.4536],[36.7205,8.4496],[36.7202,8.4379],[36.7269,8.4334],[36.7216,8.4182],[36.7298,8.4153],[36.7323,8.3995],[36.7392,8.3961],[36.7306,8.3882],[36.7362,8.3793],[36.7384,8.3568],[36.7372,8.3445],[36.7431,8.3396],[36.7412,8.3342],[36.7452,8.3266],[36.7411,8.3158],[36.7433,8.3012],[36.7505,8.2953],[36.7517,8.2878],[36.7466,8.2817],[36.7465,8.2721],[36.7514,8.266],[36.7587,8.2657],[36.7616,8.2551],[36.772,8.2595],[36.7848,8.2552],[36.7922,8.2596],[36.7967,8.2469],[36.7896,8.2298],[36.7999,8.2237],[36.7969,8.2157],[36.8056,8.1979],[36.8039,8.188],[36.8088,8.1788],[36.8177,8.1737],[36.8189,8.155],[36.8262,8.1412],[36.8253,8.1256],[36.8175,8.1192],[36.8057,8.1155],[36.8037,8.1053],[36.7978,8.0981],[36.7878,8.0947],[36.7888,8.1164],[36.7849,8.117],[36.7772,8.1098],[36.7702,8.1129],[36.7612,8.1072],[36.7594,8.097],[36.7571,8.1019],[36.7486,8.0905],[36.7483,8.0788],[36.7436,8.0761],[36.7427,8.0598],[36.7306,8.0591],[36.7272,8.0554],[36.716,8.0592],[36.7127,8.0672],[36.7069,8.0682],[36.6993,8.064],[36.6921,8.0721],[36.691,8.0659],[36.6702,8.0592],[36.6641,8.0593],[36.6673,8.0538],[36.6601,8.0445],[36.6561,8.0316],[36.6531,8.0342],[36.6458,8.0284],[36.6419,8.0169],[36.6462,8.0073],[36.6425,8.0071],[36.6394,7.9949],[36.6277,7.9962],[36.6244,7.9935],[36.6104,7.9979],[36.5881,7.9951],[36.5831,8.001],[36.589,8.0068],[36.592,8.0173],[36.5985,8.0195],[36.6021,8.0318],[36.594,8.0371],[36.5827,8.0589],[36.5763,8.0597],[36.5677,8.0662],[36.5635,8.062],[36.552,8.0619],[36.5444,8.0667],[36.535,8.068],[36.5328,8.0572],[36.5202,8.0542],[36.5153,8.0569],[36.5045,8.0542],[36.4982,8.0557],[36.4793,8.0447],[36.4542,8.0508],[36.4509,8.0534],[36.4229,8.0512],[36.409,8.0562],[36.4048,8.065],[36.3916,8.0762],[36.3975,8.0846],[36.3933,8.0962],[36.376,8.1029],[36.3659,8.118],[36.3685,8.1273],[36.3729,8.1301],[36.3608,8.1365],[36.3475,8.1329],[36.3466,8.1232],[36.3358,8.1178],[36.327,8.1183],[36.3145,8.1313],[36.3153,8.1376],[36.3083,8.1478],[36.2881,8.153],[36.2862,8.1775],[36.2812,8.1734],[36.2678,8.177],[36.2657,8.1834],[36.2721,8.1923],[36.272,8.2007],[36.2783,8.221],[36.2824,8.2271],[36.2758,8.2335],[36.272,8.2425],[36.2531,8.2496],[36.2449,8.2571],[36.234,8.2359],[36.2242,8.2358],[36.189,8.2323],[36.1697,8.2265],[36.1596,8.2167],[36.1476,8.2265],[36.1347,8.2275],[36.1119,8.2334],[36.1066,8.2387],[36.096,8.2405],[36.087,8.2625],[36.0827,8.2652],[36.0825,8.2772]]]}},{"type":"Feature","properties":{"zone":"West Arsi","region":"Oromia","total_woredas":17,"lersha_woredas":8,"lersha_area_km2":4846.0},"geometry":{"type":"Polygon","coordinates":[[[38.5461,7.0909],[38.5281,7.091],[38.5051,7.0878],[38.48,7.0904],[38.4639,7.0998],[38.4602,7.1172],[38.4425,7.1268],[38.4208,7.1225],[38.4006,7.1215],[38.3781,7.1298],[38.3569,7.1459],[38.3422,7.1645],[38.3219,7.1617],[38.3134,7.1471],[38.3053,7.1216],[38.2892,7.1071],[38.2544,7.0599],[38.2379,7.0201],[38.2164,7.0144],[38.1938,7.0123],[38.1701,7.0009],[38.1466,6.9775],[38.1302,6.974],[38.1171,6.9809],[38.1089,6.9996],[38.1019,7.0108],[38.0879,7.0229],[38.0734,7.0296],[38.0642,7.0434],[38.0628,7.0764],[38.0665,7.0877],[38.0695,7.1224],[38.0764,7.1541],[38.078,7.1803],[38.087,7.1949],[38.101,7.2078],[38.1043,7.2109],[38.144,7.2322],[38.1638,7.245],[38.1811,7.2579],[38.1986,7.2615],[38.22,7.2755],[38.2336,7.2879],[38.2465,7.2966],[38.2652,7.3067],[38.2757,7.3189],[38.2815,7.3387],[38.2772,7.3612],[38.2794,7.3806],[38.2925,7.3914],[38.3089,7.4015],[38.3189,7.4142],[38.3252,7.4339],[38.3282,7.4564],[38.3272,7.4617],[38.3412,7.4786],[38.3784,7.4948],[38.3917,7.5019],[38.4139,7.5042],[38.4267,7.5147],[38.4295,7.5339],[38.4257,7.5539],[38.419,7.5692],[38.4228,7.5667],[38.4274,7.5797],[38.4484,7.5836],[38.4532,7.5904],[38.463,7.5974],[38.4643,7.6085],[38.4587,7.6104],[38.4751,7.6231],[38.4992,7.6345],[38.5126,7.6503],[38.5361,7.6698],[38.5458,7.6853],[38.6054,7.6685],[38.6125,7.6672],[38.6391,7.6708],[38.6684,7.6793],[38.697,7.6835],[38.7102,7.6796],[38.723,7.6914],[38.7365,7.6958],[38.7454,7.6855],[38.7489,7.6746],[38.7523,7.6838],[38.7512,7.6932],[38.7794,7.6887],[38.7796,7.683],[38.773,7.6782],[38.7594,7.6796],[38.7548,7.6775],[38.7649,7.6631],[38.7723,7.6677],[38.7767,7.6631],[38.7814,7.6697],[38.7893,7.6661],[38.7899,7.6594],[38.7989,7.6478],[38.7984,7.6588],[38.8063,7.6774],[38.8051,7.6799],[38.8104,7.6994],[38.8245,7.6988],[38.8337,7.7041],[38.8389,7.7015],[38.8421,7.7066],[38.8637,7.7042],[38.876,7.6928],[38.8771,7.6729],[38.8808,7.674],[38.8963,7.6675],[38.8844,7.6349],[38.8918,7.6057],[38.8719,7.5787],[38.8863,7.575],[38.8767,7.5486],[38.8727,7.5238],[38.8665,7.5005],[38.873,7.494],[38.8691,7.4906],[38.8674,7.4786],[38.8634,7.4729],[38.8494,7.4729],[38.859,7.4682],[38.8615,7.4551],[38.8581,7.441],[38.851,7.4375],[38.8417,7.4133],[38.8556,7.4094],[38.8526,7.3966],[38.86,7.3887],[38.8613,7.369],[38.8498,7.3523],[38.8776,7.3502],[38.8854,7.3468],[38.9063,7.3266],[38.9261,7.3282],[38.9335,7.3339],[38.9458,7.3363],[38.9514,7.3283],[38.9713,7.3211],[38.9763,7.3265],[38.9933,7.3276],[38.9985,7.3337],[39.0123,7.3329],[39.014,7.33],[39.0266,7.3303],[39.0432,7.3452],[39.0469,7.3403],[39.055,7.353],[39.0585,7.3489],[39.0654,7.3509],[39.0702,7.3461],[39.0833,7.3469],[39.0968,7.3511],[39.1112,7.359],[39.1272,7.3619],[39.1236,7.3474],[39.1354,7.3509],[39.1633,7.3642],[39.1708,7.3618],[39.1821,7.3539],[39.198,7.3347],[39.2075,7.331],[39.214,7.3168],[39.2113,7.3127],[39.2064,7.2893],[39.2092,7.2782],[39.221,7.2943],[39.2334,7.2885],[39.2528,7.297],[39.2522,7.3037],[39.2609,7.3012],[39.272,7.3052],[39.2735,7.2952],[39.2818,7.2975],[39.2828,7.2921],[39.2893,7.2929],[39.2938,7.2759],[39.3044,7.2752],[39.3052,7.2686],[39.3132,7.2663],[39.3233,7.2752],[39.3317,7.2738],[39.3372,7.2631],[39.3386,7.2513],[39.3461,7.2525],[39.356,7.2352],[39.3676,7.2227],[39.3917,7.1927],[39.4048,7.1857],[39.4113,7.1777],[39.4203,7.1756],[39.4282,7.1836],[39.439,7.1787],[39.4482,7.1829],[39.4446,7.1876],[39.4433,7.2029],[39.4452,7.2138],[39.4527,7.2256],[39.4601,7.2264],[39.4736,7.2646],[39.4932,7.2846],[39.4994,7.2874],[39.499,7.2986],[39.5018,7.3115],[39.5059,7.3176],[39.4994,7.3281],[39.5014,7.3389],[39.4983,7.3555],[39.5105,7.3603],[39.5095,7.3709],[39.5241,7.3983],[39.5305,7.3807],[39.5309,7.3626],[39.5357,7.3518],[39.5525,7.3517],[39.5679,7.3648],[39.5775,7.3631],[39.5787,7.3538],[39.5848,7.3494],[39.5815,7.3403],[39.5866,7.3268],[39.5965,7.3238],[39.6036,7.3147],[39.6182,7.3033],[39.6241,7.2825],[39.6205,7.2813],[39.6268,7.2742],[39.6334,7.2772],[39.6344,7.2681],[39.6405,7.2609],[39.6347,7.2526],[39.6456,7.2504],[39.6484,7.2371],[39.6639,7.228],[39.6693,7.2302],[39.6841,7.2286],[39.6889,7.2198],[39.685,7.2017],[39.6929,7.1914],[39.6805,7.1886],[39.6646,7.191],[39.6282,7.1479],[39.6202,7.1476],[39.6141,7.1432],[39.6026,7.1454],[39.5935,7.1412],[39.5977,7.1381],[39.6028,7.1256],[39.6068,7.1236],[39.6166,7.1272],[39.6153,7.1187],[39.6113,7.1187],[39.6127,7.1038],[39.6207,7.0992],[39.621,7.093],[39.6371,7.081],[39.643,7.0876],[39.6558,7.0815],[39.6613,7.0695],[39.6608,7.0537],[39.6732,7.0529],[39.6801,7.0359],[39.6721,7.0209],[39.6748,7.0132],[39.6788,7.0171],[39.7156,7.02],[39.7205,7.0161],[39.71,6.9928],[39.7313,6.9714],[39.7272,6.9605],[39.7292,6.9516],[39.7376,6.9373],[39.7451,6.9283],[39.7578,6.9191],[39.7707,6.9151],[39.7609,6.9028],[39.7404,6.8708],[39.7156,6.8539],[39.7045,6.8496],[39.6852,6.8361],[39.6735,6.8242],[39.6291,6.7833],[39.6153,6.7607],[39.6204,6.758],[39.6341,6.7352],[39.6366,6.7242],[39.6441,6.7131],[39.642,6.6913],[39.632,6.6856],[39.6149,6.6899],[39.5983,6.6907],[39.5982,6.6842],[39.5797,6.6711],[39.5287,6.72],[39.5193,6.7128],[39.5218,6.6952],[39.5095,6.6744],[39.4931,6.667],[39.4695,6.6648],[39.4611,6.6581],[39.4551,6.6423],[39.4429,6.6298],[39.4362,6.6276],[39.4276,6.6195],[39.4204,6.6047],[39.421,6.5812],[39.4295,6.5535],[39.4269,6.5447],[39.4012,6.5555],[39.3745,6.54],[39.3561,6.5312],[39.3407,6.5199],[39.3371,6.5148],[39.3401,6.4973],[39.3353,6.4816],[39.3377,6.474],[39.3257,6.465],[39.3054,6.4355],[39.2965,6.43],[39.2957,6.4123],[39.2868,6.392],[39.2794,6.3693],[39.271,6.3719],[39.2522,6.3722],[39.242,6.3592],[39.2353,6.3319],[39.2232,6.3226],[39.2158,6.3079],[39.2063,6.2986],[39.1958,6.2984],[39.1777,6.2842],[39.1662,6.2914],[39.1595,6.3065],[39.1412,6.3227],[39.1354,6.3355],[39.1365,6.3516],[39.1345,6.3596],[39.1253,6.357],[39.1212,6.3806],[39.1075,6.4377],[39.1,6.4556],[39.0954,6.4721],[39.0966,6.5216],[39.0862,6.5452],[39.0698,6.5533],[39.0526,6.557],[39.0484,6.5698],[39.0529,6.584],[39.0645,6.5988],[39.0593,6.6088],[39.0322,6.6118],[39.0113,6.6091],[38.9833,6.6039],[38.9596,6.6009],[38.9417,6.6103],[38.9445,6.6303],[38.9494,6.6438],[38.9344,6.6556],[38.9178,6.6592],[38.9018,6.6657],[38.8769,6.6682],[38.8551,6.6687],[38.8378,6.6749],[38.836,6.6818],[38.8335,6.6917],[38.8179,6.7036],[38.8099,6.7013],[38.7793,6.7002],[38.7542,6.697],[38.7423,6.7009],[38.7274,6.712],[38.7209,6.7301],[38.7056,6.742],[38.6885,6.7444],[38.6784,6.749],[38.672,6.7623],[38.6582,6.7696],[38.6435,6.7687],[38.6357,6.7717],[38.636,6.7893],[38.6399,6.8127],[38.6676,6.8323],[38.6983,6.8486],[38.7141,6.8606],[38.7048,6.8854],[38.6998,6.9033],[38.7046,6.9306],[38.7012,6.9451],[38.6948,6.9575],[38.7005,6.9686],[38.7112,6.9738],[38.7144,6.9914],[38.7105,7.013],[38.6977,7.0138],[38.6894,7.0009],[38.6774,7.0054],[38.6744,7.0165],[38.6781,7.0288],[38.6845,7.034],[38.6809,7.0484],[38.668,7.0599],[38.6535,7.0617],[38.637,7.0661],[38.6462,7.0955],[38.6303,7.1108],[38.6115,7.1242],[38.5836,7.1263],[38.5635,7.1093],[38.5461,7.0909]]]}},{"type":"Feature","properties":{"zone":"Kelem Wellega","region":"Oromia","total_woredas":12,"lersha_woredas":0,"lersha_area_km2":0.0},"geometry":{"type":"Polygon","coordinates":[[[34.8826,8.2509],[34.8551,8.2506],[34.8264,8.2619],[34.7858,8.3036],[34.7951,8.3269],[34.7853,8.3552],[34.7676,8.3634],[34.7288,8.39],[34.6674,8.395],[34.6303,8.402],[34.5743,8.4035],[34.5565,8.4551],[34.5227,8.4755],[34.4712,8.4476],[34.4364,8.4218],[34.3838,8.3951],[34.3473,8.3766],[34.3292,8.387],[34.3133,8.3899],[34.3152,8.4068],[34.3349,8.4386],[34.3441,8.4692],[34.3574,8.4999],[34.3582,8.522],[34.3536,8.5557],[34.3455,8.6001],[34.3124,8.6821],[34.2794,8.7088],[34.2557,8.7026],[34.2352,8.6861],[34.2235,8.6698],[34.1896,8.6516],[34.1242,8.6515],[34.13,8.8058],[34.135,8.9553],[34.1344,8.9626],[34.1447,8.9622],[34.2215,8.9634],[34.4307,8.9674],[34.5037,9.0041],[34.4837,9.0471],[34.4583,9.0732],[34.4268,9.0718],[34.3933,9.1163],[34.379,9.1306],[34.393,9.1408],[34.4209,9.1539],[34.4483,9.1493],[34.4613,9.1533],[34.4862,9.1501],[34.4877,9.1564],[34.4966,9.1601],[34.5059,9.168],[34.5134,9.1697],[34.5173,9.1852],[34.5278,9.1887],[34.5447,9.185],[34.5555,9.1688],[34.5658,9.1682],[34.5685,9.162],[34.5844,9.1501],[34.5908,9.1398],[34.6006,9.1421],[34.696,9.1742],[34.7096,9.1728],[34.7785,9.1743],[34.7815,9.1823],[34.7789,9.1869],[34.7778,9.2027],[34.7806,9.2069],[34.781,9.228],[34.7915,9.2496],[34.8179,9.2451],[34.8214,9.2399],[34.8299,9.2561],[34.8364,9.2524],[34.8516,9.2514],[34.8597,9.2604],[34.8707,9.263],[34.875,9.2683],[34.8708,9.2776],[34.8721,9.2904],[34.8841,9.3082],[34.8913,9.3106],[34.9037,9.323],[34.9052,9.3306],[34.9221,9.3483],[34.9135,9.3635],[34.9193,9.3723],[34.9128,9.3809],[34.9183,9.3991],[34.9232,9.4047],[34.9403,9.4007],[34.9395,9.3969],[34.9276,9.3919],[34.9243,9.3816],[34.926,9.369],[34.9314,9.3601],[34.9386,9.3595],[34.9403,9.364],[34.9494,9.3654],[34.9597,9.3587],[34.9623,9.3511],[34.9683,9.3464],[34.9757,9.3532],[34.9799,9.3442],[34.9852,9.3484],[34.9844,9.3351],[34.9961,9.3365],[35.0013,9.3261],[35.0081,9.3224],[35.0078,9.3166],[35.0189,9.3148],[35.0237,9.31],[35.0364,9.3086],[35.0415,9.3177],[35.0552,9.3158],[35.0631,9.2996],[35.0716,9.2976],[35.0831,9.2882],[35.0973,9.2738],[35.1095,9.2751],[35.112,9.2634],[35.1271,9.2592],[35.1255,9.2504],[35.1294,9.2379],[35.1344,9.2376],[35.1377,9.2277],[35.1254,9.2165],[35.1297,9.2105],[35.1387,9.2059],[35.1409,9.1833],[35.1542,9.1731],[35.1549,9.1677],[35.1631,9.1649],[35.17,9.151],[35.1696,9.1372],[35.1791,9.13],[35.1882,9.1049],[35.1935,9.1064],[35.1979,9.1149],[35.2023,9.1031],[35.2153,9.0964],[35.2318,9.0995],[35.2327,9.1087],[35.2428,9.1041],[35.2463,9.0938],[35.2514,9.093],[35.2531,9.0861],[35.2633,9.0783],[35.2747,9.0921],[35.2813,9.0928],[35.2764,9.0835],[35.2792,9.0703],[35.2922,9.0718],[35.2931,9.0587],[35.3015,9.0552],[35.3129,9.0584],[35.3241,9.0383],[35.3248,9.0288],[35.3325,9.0284],[35.3351,9.0232],[35.3339,9.0075],[35.3437,9.0058],[35.3467,8.9859],[35.3445,8.9693],[35.3371,8.9662],[35.3378,8.9595],[35.3508,8.9447],[35.3626,8.9438],[35.3641,8.9506],[35.3694,8.9478],[35.3785,8.9365],[35.3847,8.9439],[35.3985,8.9476],[35.3985,8.9397],[35.405,8.9369],[35.4033,8.9262],[35.4105,8.9271],[35.4112,8.9124],[35.4211,8.9134],[35.4243,8.9173],[35.4428,8.9139],[35.4407,8.9062],[35.4506,8.9079],[35.446,8.8933],[35.4395,8.885],[35.4476,8.8743],[35.4396,8.8671],[35.4421,8.863],[35.426,8.8532],[35.4244,8.8461],[35.4325,8.8341],[35.4354,8.8362],[35.4401,8.8221],[35.4285,8.8249],[35.4117,8.8151],[35.4104,8.8074],[35.4021,8.8031],[35.4094,8.7969],[35.4064,8.792],[35.4101,8.7808],[35.4082,8.7743],[35.3991,8.7744],[35.3959,8.7702],[35.3866,8.7694],[35.3782,8.7583],[35.3726,8.7589],[35.3727,8.7501],[35.364,8.7479],[35.3621,8.7377],[35.3505,8.7374],[35.3493,8.7413],[35.3351,8.744],[35.3063,8.7472],[35.2982,8.7367],[35.285,8.7361],[35.2723,8.7536],[35.2518,8.7554],[35.2509,8.7444],[35.2427,8.7391],[35.2361,8.722],[35.2264,8.7312],[35.2275,8.7446],[35.2159,8.7569],[35.2067,8.7392],[35.2056,8.7332],[35.1956,8.7289],[35.1948,8.7234],[35.1783,8.7199],[35.1721,8.7104],[35.16,8.7072],[35.1468,8.6875],[35.1422,8.6835],[35.144,8.6672],[35.1314,8.6667],[35.124,8.6625],[35.1119,8.6344],[35.1157,8.6145],[35.1208,8.607],[35.1306,8.6032],[35.1355,8.5937],[35.1425,8.5919],[35.143,8.585],[35.1639,8.5805],[35.1687,8.5714],[35.1796,8.5647],[35.1822,8.5559],[35.2002,8.5399],[35.1894,8.5405],[35.1881,8.5194],[35.1814,8.5109],[35.1748,8.5082],[35.1552,8.5077],[35.1292,8.5047],[35.1224,8.4995],[35.1075,8.4998],[35.0724,8.5103],[35.0684,8.5182],[35.0501,8.5208],[35.042,8.5123],[35.0357,8.5154],[35.0307,8.5105],[35.0302,8.4952],[35.0203,8.4913],[35.0001,8.4867],[34.9944,8.4712],[34.9916,8.4559],[34.979,8.4445],[34.9714,8.4196],[34.9736,8.4106],[34.9645,8.4019],[34.9652,8.3838],[34.9573,8.3724],[34.9527,8.3539],[34.953,8.3477],[34.9611,8.3378],[34.9687,8.3405],[34.9821,8.326],[34.977,8.3101],[34.9793,8.3024],[34.9771,8.2908],[34.9721,8.2834],[34.9652,8.2654],[34.9689,8.2619],[34.965,8.2472],[34.8826,8.2509]]]}},{"type":"Feature","properties":{"zone":"Horo Gudru Wellega","region":"Oromia","total_woredas":13,"lersha_woredas":0,"lersha_area_km2":0.0},"geometry":{"type":"Polygon","coordinates":[[[37.1565,9.2679],[37.1238,9.2876],[37.1133,9.3077],[37.1058,9.3108],[37.0882,9.3024],[37.0844,9.3076],[37.0808,9.3245],[37.0754,9.3291],[37.0675,9.3218],[37.0642,9.3292],[37.0657,9.3382],[37.0726,9.349],[37.0602,9.359],[37.0531,9.3679],[37.0532,9.3885],[37.0624,9.4099],[37.0633,9.4258],[37.0568,9.4299],[37.0349,9.4276],[37.036,9.4482],[37.0315,9.4586],[36.9998,9.4529],[36.9983,9.449],[36.9837,9.4533],[36.9809,9.458],[36.964,9.4583],[36.9552,9.4706],[36.9436,9.4615],[36.9414,9.4504],[36.918,9.4413],[36.9056,9.4548],[36.9092,9.4627],[36.8996,9.4684],[36.8929,9.4644],[36.8894,9.4798],[36.8838,9.4881],[36.872,9.4829],[36.8681,9.4748],[36.8621,9.4781],[36.8297,9.4613],[36.832,9.4556],[36.8275,9.4464],[36.8312,9.4331],[36.8155,9.4244],[36.8075,9.4246],[36.7952,9.4119],[36.775,9.412],[36.7714,9.4161],[36.7615,9.4137],[36.7595,9.4199],[36.7523,9.4239],[36.742,9.4178],[36.7304,9.4191],[36.7273,9.4323],[36.7217,9.4396],[36.7077,9.447],[36.7047,9.4568],[36.6867,9.4663],[36.681,9.4717],[36.6816,9.4772],[36.6761,9.4839],[36.6708,9.4988],[36.6617,9.506],[36.6646,9.5217],[36.6618,9.5282],[36.6712,9.5441],[36.6644,9.551],[36.663,9.564],[36.6687,9.5697],[36.6664,9.5864],[36.6798,9.6029],[36.6795,9.6103],[36.6739,9.6212],[36.6767,9.6259],[36.6732,9.634],[36.6753,9.6406],[36.6894,9.6534],[36.6881,9.659],[36.6929,9.6752],[36.7003,9.6751],[36.7024,9.6797],[36.7224,9.6891],[36.7333,9.6878],[36.7494,9.6927],[36.7628,9.6881],[36.7724,9.6966],[36.7738,9.7018],[36.7825,9.7084],[36.7852,9.7217],[36.7812,9.7329],[36.7763,9.7338],[36.7754,9.7417],[36.7862,9.742],[36.7914,9.7598],[36.7994,9.7568],[36.8035,9.7629],[36.8224,9.7747],[36.8311,9.7733],[36.8348,9.7676],[36.8462,9.7674],[36.8538,9.7765],[36.8666,9.7755],[36.8763,9.78],[36.8741,9.785],[36.8803,9.7939],[36.8861,9.7897],[36.8894,9.7962],[36.8948,9.7959],[36.903,9.8016],[36.9056,9.8076],[36.913,9.8044],[36.9177,9.8085],[36.922,9.82],[36.9174,9.8329],[36.9118,9.8339],[36.9125,9.8432],[36.9046,9.8499],[36.9075,9.8557],[36.9152,9.859],[36.9078,9.8662],[36.9129,9.8717],[36.9086,9.8794],[36.9115,9.8925],[36.9073,9.8966],[36.9147,9.9021],[36.9221,9.9144],[36.9287,9.9162],[36.9191,9.9194],[36.9086,9.9093],[36.9076,9.904],[36.8965,9.9154],[36.9026,9.9279],[36.9078,9.9311],[36.9192,9.9477],[36.9194,9.9567],[36.915,9.9619],[36.901,9.9655],[36.9011,9.9725],[36.8941,9.9775],[36.8998,9.986],[36.9054,9.9861],[36.9032,9.9937],[36.9133,9.9933],[36.9118,9.9991],[36.9171,10.0036],[36.912,10.0168],[36.9054,10.015],[36.8937,10.0192],[36.898,10.03],[36.8969,10.0492],[36.9005,10.0587],[36.896,10.0617],[36.895,10.0762],[36.8968,10.0895],[36.8908,10.0931],[36.892,10.1023],[36.8861,10.1019],[36.8878,10.1088],[36.8963,10.1161],[36.8979,10.1256],[36.8936,10.1309],[36.8887,10.1493],[36.8905,10.1535],[36.8866,10.1628],[36.879,10.1591],[36.8764,10.1654],[36.8631,10.1707],[36.8657,10.1768],[36.857,10.1772],[36.8482,10.1837],[36.8573,10.1906],[36.8617,10.212],[36.8609,10.2296],[36.8654,10.2503],[36.8517,10.2584],[36.8517,10.2687],[36.8463,10.2754],[36.8463,10.2824],[36.8375,10.2879],[36.8344,10.3105],[36.8356,10.3158],[36.8256,10.3342],[36.8174,10.3355],[36.8153,10.3403],[36.8336,10.3425],[36.8396,10.3408],[36.8692,10.3407],[36.8758,10.3338],[36.8831,10.3207],[36.8887,10.3155],[36.898,10.3128],[36.9192,10.3142],[36.9308,10.3109],[36.9647,10.3119],[36.9717,10.3151],[36.9799,10.314],[36.9971,10.303],[37.0072,10.2889],[37.0133,10.2849],[37.0401,10.2854],[37.0459,10.2884],[37.0508,10.2836],[37.0618,10.2817],[37.0697,10.2761],[37.0781,10.2634],[37.1146,10.2507],[37.141,10.2451],[37.1662,10.2441],[37.1818,10.2413],[37.196,10.2309],[37.1999,10.2233],[37.1975,10.2139],[37.1825,10.188],[37.171,10.174],[37.1677,10.1633],[37.1798,10.1444],[37.1884,10.1167],[37.1955,10.1045],[37.2133,10.0879],[37.2407,10.0756],[37.2619,10.0767],[37.2716,10.0736],[37.2877,10.0629],[37.2965,10.0528],[37.2997,10.0388],[37.3056,10.0267],[37.3178,10.0181],[37.3233,10.0081],[37.3393,10.0045],[37.3493,10.0119],[37.357,10.0402],[37.3622,10.0432],[37.3804,10.0431],[37.3873,10.0465],[37.3983,10.0462],[37.4244,10.0338],[37.4445,10.0146],[37.4613,10.0121],[37.4757,10.0149],[37.4831,10.0035],[37.5016,9.9979],[37.5197,9.9999],[37.5292,9.9962],[37.5514,9.9734],[37.5529,9.9586],[37.5743,9.9419],[37.5869,9.9394],[37.5906,9.933],[37.5924,9.9188],[37.5993,9.9178],[37.6128,9.9094],[37.6182,9.8939],[37.6236,9.889],[37.6414,9.8825],[37.6516,9.8691],[37.6619,9.8605],[37.6691,9.8602],[37.6691,9.8521],[37.6463,9.8438],[37.6363,9.8314],[37.6358,9.8127],[37.6327,9.7921],[37.6374,9.7836],[37.6391,9.7651],[37.6421,9.7512],[37.6314,9.7387],[37.6304,9.7105],[37.6284,9.6936],[37.6186,9.6845],[37.6163,9.6712],[37.6206,9.6596],[37.6235,9.6419],[37.6271,9.6375],[37.6291,9.6222],[37.6167,9.598],[37.6186,9.5773],[37.625,9.5687],[37.6255,9.5542],[37.6203,9.5447],[37.6306,9.5185],[37.6361,9.5161],[37.6391,9.496],[37.6356,9.4829],[37.6399,9.4788],[37.6353,9.4541],[37.6436,9.4443],[37.6437,9.4392],[37.6573,9.417],[37.6585,9.4033],[37.6537,9.4032],[37.6502,9.3924],[37.6535,9.3851],[37.6502,9.382],[37.6518,9.3735],[37.6463,9.3682],[37.6478,9.3632],[37.6399,9.3578],[37.6264,9.3608],[37.6244,9.3562],[37.6126,9.348],[37.6033,9.3468],[37.6024,9.3409],[37.5929,9.3345],[37.5856,9.3214],[37.5763,9.3165],[37.5536,9.324],[37.5396,9.3243],[37.5321,9.321],[37.4982,9.3292],[37.4774,9.3244],[37.4668,9.3199],[37.4472,9.2959],[37.4383,9.2818],[37.4331,9.2619],[37.4251,9.2558],[37.4179,9.2449],[37.4181,9.2388],[37.4099,9.2204],[37.4021,9.1975],[37.3916,9.184],[37.3906,9.1634],[37.3654,9.1583],[37.337,9.1588],[37.3065,9.1688],[37.2901,9.1725],[37.2727,9.1839],[37.2321,9.2132],[37.2107,9.2186],[37.1982,9.2383],[37.1795,9.2423],[37.1726,9.2486],[37.1608,9.251],[37.1565,9.2679]]]}},{"type":"Feature","properties":{"zone":"Shager City","region":"Oromia","total_woredas":12,"lersha_woredas":4,"lersha_area_km2":735.0},"geometry":{"type":"Polygon","coordinates":[[[38.5182,8.8613],[38.5252,8.8847],[38.5294,8.9163],[38.536,8.9181],[38.5383,8.9307],[38.5456,8.9386],[38.5362,8.9395],[38.5252,8.9488],[38.5216,8.9552],[38.5234,8.9843],[38.53,8.9879],[38.5486,9.0074],[38.5522,9.0134],[38.5412,9.0197],[38.5345,9.0205],[38.5338,9.0321],[38.527,9.0358],[38.5269,9.0468],[38.5435,9.0627],[38.5474,9.0731],[38.5417,9.0878],[38.5442,9.1157],[38.5523,9.1231],[38.5546,9.1309],[38.5638,9.1287],[38.5708,9.1357],[38.5931,9.1384],[38.6042,9.1452],[38.6199,9.1614],[38.6251,9.1576],[38.6327,9.1602],[38.6526,9.1508],[38.6652,9.1516],[38.6737,9.1645],[38.6722,9.1738],[38.6837,9.1777],[38.691,9.1865],[38.7059,9.1872],[38.7135,9.1971],[38.7126,9.2077],[38.7209,9.2156],[38.7281,9.2079],[38.7499,9.2159],[38.7451,9.2192],[38.7463,9.2268],[38.7512,9.2309],[38.7609,9.2325],[38.7736,9.2294],[38.7787,9.2239],[38.7983,9.2196],[38.8112,9.2026],[38.8262,9.1969],[38.836,9.1956],[38.8576,9.1858],[38.8652,9.1855],[38.8919,9.1887],[38.9017,9.1964],[38.9126,9.1981],[38.9152,9.1952],[38.9372,9.2039],[38.9462,9.1994],[38.9522,9.1918],[38.9525,9.184],[38.9447,9.1669],[38.9606,9.1549],[38.9633,9.1439],[38.9715,9.1388],[38.9847,9.1186],[38.9936,9.1144],[38.9954,9.1054],[38.9999,9.1015],[38.9986,9.095],[39.0038,9.0933],[38.9992,9.078],[38.9902,9.0679],[38.999,9.0499],[39.001,9.0349],[38.9975,9.0176],[38.9885,9.0155],[38.9882,9.01],[38.9781,9.0031],[38.9675,9.0058],[38.9685,8.9923],[38.9773,8.9878],[38.9774,8.9824],[38.9838,8.9728],[38.9882,8.9736],[38.9903,8.9598],[38.9834,8.9443],[38.9696,8.9389],[38.9697,8.9313],[38.9796,8.9353],[38.9691,8.9094],[38.9656,8.8957],[38.9627,8.8904],[38.9632,8.8805],[38.9564,8.8698],[38.9452,8.8585],[38.9389,8.8441],[38.9395,8.8381],[38.9263,8.8339],[38.9102,8.8404],[38.8868,8.8456],[38.8735,8.8202],[38.8681,8.8197],[38.8624,8.8083],[38.8458,8.803],[38.8308,8.7956],[38.8258,8.7893],[38.8169,8.7878],[38.8044,8.7896],[38.7973,8.7933],[38.7867,8.7771],[38.7755,8.7809],[38.7605,8.7919],[38.7425,8.7885],[38.7359,8.7811],[38.7193,8.7796],[38.71,8.768],[38.7011,8.7705],[38.6951,8.7659],[38.6792,8.764],[38.6733,8.7606],[38.6512,8.7663],[38.6399,8.7757],[38.6396,8.7848],[38.6348,8.8048],[38.627,8.8084],[38.6082,8.8052],[38.6013,8.8074],[38.5932,8.8179],[38.5767,8.8184],[38.5644,8.8215],[38.5341,8.8351],[38.5358,8.8384],[38.5159,8.8504],[38.5146,8.8599],[38.5182,8.8613]],[[38.6726,9.0387],[38.6672,9.0262],[38.667,9.01],[38.6519,9.0103],[38.6511,9.0025],[38.6578,8.9948],[38.6594,8.9854],[38.6546,8.9769],[38.6394,8.974],[38.6428,8.9659],[38.6762,8.9576],[38.681,8.9497],[38.6806,8.9411],[38.6938,8.9419],[38.6968,8.9327],[38.7084,8.9209],[38.7191,8.9197],[38.7311,8.9051],[38.7365,8.9013],[38.7436,8.9026],[38.7432,8.8804],[38.7473,8.8772],[38.7455,8.8634],[38.7541,8.8586],[38.7565,8.8532],[38.773,8.8575],[38.7775,8.8524],[38.7806,8.8359],[38.7976,8.8335],[38.8125,8.84],[38.8244,8.8413],[38.8239,8.8528],[38.8294,8.8688],[38.826,8.8802],[38.833,8.8829],[38.8471,8.88],[38.8638,8.8829],[38.8687,8.873],[38.8698,8.8808],[38.8775,8.8958],[38.8733,8.9051],[38.8794,8.9183],[38.8608,8.9322],[38.8556,8.9383],[38.8614,8.9427],[38.8914,8.9343],[38.8968,8.937],[38.9011,8.9461],[38.8962,8.9548],[38.9028,8.9624],[38.9062,8.9774],[38.9043,8.9922],[38.905,9.0095],[38.8933,9.0372],[38.8829,9.0521],[38.882,9.0686],[38.8763,9.0816],[38.8682,9.0849],[38.8568,9.0835],[38.8495,9.0782],[38.8247,9.0759],[38.8051,9.0823],[38.7913,9.0777],[38.7782,9.0937],[38.7652,9.0982],[38.7509,9.0905],[38.7271,9.0857],[38.7166,9.0878],[38.6854,9.073],[38.6835,9.05],[38.6726,9.0387]]]}},{"type":"Feature","properties":{"zone":"East Bale","region":"Oromia","total_woredas":7,"lersha_woredas":0,"lersha_area_km2":0.0},"geometry":{"type":"Polygon","coordinates":[[[40.8506,6.3441],[40.8387,6.3508],[40.8305,6.3479],[40.8243,6.3501],[40.8123,6.342],[40.8052,6.3277],[40.7979,6.3424],[40.7969,6.3516],[40.7869,6.3603],[40.7748,6.3817],[40.7692,6.3854],[40.7639,6.4077],[40.7538,6.4157],[40.753,6.4199],[40.74,6.4285],[40.7369,6.4265],[40.718,6.4443],[40.7152,6.4491],[40.6955,6.4559],[40.6731,6.4775],[40.6709,6.4892],[40.6672,6.4939],[40.6672,6.5039],[40.6614,6.521],[40.6447,6.5366],[40.6406,6.5486],[40.6437,6.5631],[40.6522,6.583],[40.6557,6.586],[40.653,6.5977],[40.6576,6.5995],[40.6605,6.6147],[40.6513,6.6266],[40.6468,6.6504],[40.663,6.6688],[40.6535,6.6758],[40.6503,6.6855],[40.6585,6.6936],[40.6433,6.7226],[40.6597,6.7289],[40.677,6.7321],[40.6921,6.7303],[40.7536,6.7773],[40.7457,6.7866],[40.7477,6.801],[40.7518,6.8111],[40.76,6.8055],[40.7658,6.8096],[40.7677,6.8177],[40.7585,6.8341],[40.7546,6.8694],[40.7648,6.8892],[40.74,6.8926],[40.7257,6.8912],[40.7015,6.9191],[40.7103,6.9265],[40.7218,6.9461],[40.7124,6.9482],[40.7108,6.9669],[40.7068,6.973],[40.6823,6.9851],[40.672,6.9833],[40.6549,6.9909],[40.6446,7.0031],[40.6477,7.0146],[40.6423,7.0223],[40.624,7.0249],[40.6166,7.0306],[40.6166,7.0418],[40.6135,7.0542],[40.6178,7.0746],[40.6156,7.0782],[40.6169,7.0916],[40.6134,7.1019],[40.6009,7.1002],[40.5889,7.1012],[40.5782,7.1079],[40.5675,7.1111],[40.533,7.1532],[40.5178,7.1379],[40.5201,7.133],[40.5071,7.1205],[40.4667,7.1428],[40.4467,7.1436],[40.4337,7.1386],[40.4364,7.1318],[40.4675,7.1281],[40.4709,7.1222],[40.4668,7.1181],[40.4722,7.1097],[40.4546,7.1071],[40.4612,7.1005],[40.4608,7.0956],[40.4548,7.1015],[40.4379,7.1089],[40.434,7.1211],[40.4009,7.1255],[40.3984,7.1139],[40.3916,7.1152],[40.3903,7.1208],[40.3732,7.136],[40.3748,7.1379],[40.3645,7.1577],[40.3606,7.1708],[40.3447,7.1779],[40.3351,7.1769],[40.321,7.1836],[40.3075,7.1838],[40.295,7.1942],[40.2995,7.1971],[40.2915,7.2216],[40.283,7.2318],[40.2812,7.2456],[40.2769,7.2539],[40.2877,7.2567],[40.291,7.2675],[40.3,7.2786],[40.3018,7.2764],[40.3223,7.2947],[40.3251,7.3103],[40.3368,7.313],[40.3228,7.3271],[40.3215,7.3461],[40.3265,7.3554],[40.336,7.3584],[40.3504,7.356],[40.3649,7.3573],[40.3705,7.3674],[40.3655,7.3804],[40.3689,7.3971],[40.3542,7.3888],[40.3305,7.4001],[40.3441,7.4009],[40.3602,7.4123],[40.3471,7.4141],[40.3579,7.438],[40.3506,7.4392],[40.3396,7.4262],[40.3423,7.4395],[40.3379,7.4448],[40.3481,7.4594],[40.3722,7.465],[40.3847,7.4892],[40.3633,7.5156],[40.3661,7.5327],[40.3613,7.5425],[40.3522,7.5503],[40.3416,7.5702],[40.3488,7.5722],[40.3503,7.5788],[40.3626,7.5834],[40.3667,7.5922],[40.3804,7.6013],[40.3963,7.6056],[40.3954,7.6133],[40.4072,7.6199],[40.4159,7.6193],[40.4292,7.6324],[40.4356,7.6309],[40.4639,7.6328],[40.4656,7.6372],[40.4809,7.6442],[40.4941,7.6545],[40.5178,7.659],[40.5235,7.6533],[40.5302,7.6536],[40.535,7.6482],[40.5504,7.6495],[40.5523,7.6584],[40.5608,7.6736],[40.5586,7.6835],[40.568,7.6955],[40.5622,7.7004],[40.5753,7.713],[40.5753,7.7187],[40.5813,7.7285],[40.5883,7.7335],[40.5857,7.7441],[40.5973,7.744],[40.6045,7.7491],[40.6028,7.7585],[40.6095,7.7597],[40.6082,7.7681],[40.6182,7.7739],[40.6247,7.7904],[40.6394,7.801],[40.646,7.8007],[40.6513,7.8055],[40.6586,7.805],[40.6666,7.8123],[40.6739,7.8081],[40.6874,7.8246],[40.695,7.8191],[40.7085,7.8247],[40.7116,7.8323],[40.7088,7.8374],[40.7139,7.8524],[40.7224,7.8601],[40.728,7.8708],[40.7272,7.8859],[40.7334,7.8997],[40.7315,7.9084],[40.7384,7.9168],[40.7403,7.927],[40.7493,7.9282],[40.7652,7.9423],[40.779,7.9468],[40.7811,7.9524],[40.7886,7.9527],[40.799,7.9611],[40.8038,7.9552],[40.81,7.9559],[40.8127,7.9637],[40.8221,7.9588],[40.8328,7.9619],[40.8463,7.9537],[40.8565,7.9574],[40.8636,7.9544],[40.8682,7.9611],[40.8776,7.9553],[40.8872,7.9624],[40.8973,7.9568],[40.9095,7.9635],[40.9133,7.9575],[40.9309,7.9625],[40.9368,7.9694],[40.9563,7.9662],[40.9673,7.9734],[40.9759,7.9708],[40.9828,7.9753],[40.9838,7.9859],[40.9897,7.9954],[41.0027,8.0019],[41.0092,8.0005],[41.0189,8.0073],[41.0274,8.0046],[41.0323,8.0143],[41.0427,8.0094],[41.0518,8.0114],[41.0569,8.0214],[41.0682,8.0288],[41.0681,8.0363],[41.0826,8.0507],[41.0864,8.0623],[41.0948,8.0615],[41.0979,8.0717],[41.1088,8.0718],[41.1117,8.0789],[41.1171,8.081],[41.1239,8.077],[41.1338,8.08],[41.1394,8.0868],[41.1461,8.089],[41.1554,8.1004],[41.1612,8.1017],[41.1729,8.1179],[41.1903,8.126],[41.1957,8.132],[41.2018,8.1299],[41.2098,8.136],[41.2145,8.1329],[41.2138,8.1265],[41.2207,8.1237],[41.2247,8.1297],[41.2364,8.1277],[41.2481,8.1321],[41.2775,8.1394],[41.2892,8.1518],[41.3022,8.1549],[41.3136,8.1534],[41.3342,8.1576],[41.3492,8.1492],[41.3628,8.1341],[41.387,8.128],[41.3919,8.1218],[41.4022,8.1236],[41.4174,8.1132],[41.4282,8.117],[41.434,8.1137],[41.4432,8.1163],[41.4525,8.1245],[41.4578,8.1236],[41.4779,8.1352],[41.4957,8.1311],[41.5026,8.1237],[41.5018,8.1193],[41.5132,8.1042],[41.5156,8.0847],[41.5223,8.0771],[41.5235,8.0594],[41.5273,8.0521],[41.5281,8.0251],[41.5247,8.014],[41.5252,7.9939],[41.5287,7.9744],[41.5366,7.9692],[41.5359,7.9559],[41.5384,7.9459],[41.5369,7.9344],[41.5469,7.9261],[41.5525,7.9286],[41.5596,7.9191],[41.5564,7.9088],[41.5641,7.8963],[41.5627,7.8788],[41.5701,7.8683],[41.57,7.8514],[41.5737,7.847],[41.5848,7.8625],[41.5876,7.8624],[41.6037,7.8412],[41.6043,7.8283],[41.6014,7.8109],[41.6111,7.7987],[41.6124,7.7872],[41.6054,7.7751],[41.6039,7.7669],[41.6188,7.7531],[41.6226,7.7353],[41.6334,7.7271],[41.647,7.7209],[41.6484,7.711],[41.6738,7.6954],[41.6765,7.6704],[41.7057,7.6585],[41.7007,7.634],[41.7529,7.6129],[41.8194,7.5618],[41.8461,7.557],[41.8614,7.5306],[41.8675,7.5312],[41.8936,7.4187],[41.8961,7.4112],[42.0707,7.3428],[42.1336,7.3173],[42.146,7.3132],[42.1749,7.3001],[42.1991,7.2914],[42.2099,7.264],[42.2098,7.2269],[42.2035,7.1946],[42.2047,7.141],[42.187,7.0964],[42.1576,7.0513],[42.1626,7.0071],[42.1399,6.9673],[42.1361,6.9585],[42.1342,6.9542],[42.1061,6.9302],[42.0987,6.9157],[42.0762,6.8867],[42.0755,6.864],[42.0669,6.8411],[42.0629,6.8259],[42.0555,6.7488],[42.0255,6.7064],[42.0146,6.6804],[42.0135,6.6586],[42.0102,6.6547],[41.9992,6.6416],[42.0004,6.6286],[42.0065,6.6144],[42.004,6.5976],[41.9995,6.5898],[41.9879,6.5824],[41.9647,6.5703],[41.9364,6.5532],[41.9137,6.544],[41.888,6.5353],[41.8607,6.5353],[41.8537,6.5689],[41.8197,6.5705],[41.7988,6.5575],[41.7579,6.5405],[41.7389,6.5199],[41.7045,6.4524],[41.6903,6.4294],[41.6842,6.4241],[41.6561,6.4092],[41.6333,6.3914],[41.6197,6.3617],[41.528,6.4649],[41.5199,6.472],[41.4378,6.544],[41.38,6.5655],[41.3584,6.5655],[41.2285,6.623],[41.1743,6.6589],[41.1563,6.6769],[41.131,6.6913],[41.0721,6.6943],[41.0712,6.6879],[41.0155,6.6446],[40.99,6.6042],[40.9361,6.5512],[40.9001,6.5116],[40.8856,6.4721],[40.8604,6.4362],[40.8567,6.3859],[40.864,6.351],[40.8506,6.3441]]]}},{"type":"Feature","properties":{"zone":"East Borena","region":"Oromia","total_woredas":9,"lersha_woredas":0,"lersha_area_km2":0.0},"geometry":{"type":"Polygon","coordinates":[[[38.6338,5.1102],[38.6471,5.1083],[38.6512,5.1154],[38.6624,5.1203],[38.678,5.1162],[38.681,5.1089],[38.6947,5.1053],[38.7004,5.0934],[38.7093,5.0865],[38.71,5.0776],[38.7162,5.0672],[38.7127,5.0594],[38.719,5.0629],[38.7281,5.0613],[38.7297,5.0571],[38.7394,5.0667],[38.7371,5.0726],[38.7521,5.0694],[38.7542,5.0731],[38.7675,5.0759],[38.772,5.0695],[38.7796,5.0792],[38.7762,5.0814],[38.7852,5.0993],[38.7928,5.1047],[38.8033,5.101],[38.8121,5.0916],[38.8153,5.0965],[38.8058,5.1187],[38.818,5.1362],[38.8229,5.1509],[38.8295,5.1519],[38.8323,5.1584],[38.8449,5.1656],[38.8478,5.1621],[38.862,5.1647],[38.8617,5.1594],[38.8703,5.1539],[38.8905,5.1227],[38.8966,5.1228],[38.8952,5.1169],[38.9014,5.1097],[38.9105,5.1072],[38.9047,5.1003],[38.9139,5.1048],[38.9164,5.1193],[38.9271,5.122],[38.9477,5.1192],[38.9499,5.1249],[38.9589,5.1255],[38.9604,5.135],[38.9674,5.1391],[38.9817,5.1419],[38.99,5.1365],[39.0035,5.1325],[39.0097,5.1196],[39.0173,5.0959],[39.0251,5.0879],[39.0289,5.0892],[39.0318,5.0806],[39.05,5.0672],[39.0478,5.0648],[39.0618,5.0541],[39.0655,5.0475],[39.0744,5.0464],[39.0958,5.0524],[39.1097,5.0508],[39.1128,5.0617],[39.1191,5.0685],[39.1176,5.0757],[39.1237,5.0821],[39.1217,5.0922],[39.1252,5.1008],[39.1318,5.1031],[39.1339,5.1168],[39.1399,5.1251],[39.1374,5.1378],[39.1574,5.1329],[39.1579,5.1391],[39.1505,5.1428],[39.146,5.1582],[39.1654,5.1952],[39.1642,5.2049],[39.1684,5.2093],[39.1694,5.2185],[39.174,5.2272],[39.1746,5.2438],[39.1802,5.243],[39.1829,5.2555],[39.1907,5.2631],[39.1936,5.2806],[39.2015,5.2984],[39.1953,5.3101],[39.1992,5.3116],[39.2019,5.3217],[39.2056,5.3218],[39.2142,5.3394],[39.2148,5.3673],[39.2237,5.3669],[39.2297,5.3741],[39.2239,5.3824],[39.227,5.3974],[39.2337,5.4043],[39.2369,5.4273],[39.2338,5.4318],[39.2359,5.4493],[39.2426,5.4601],[39.2443,5.4681],[39.2496,5.4711],[39.2619,5.496],[39.2466,5.5057],[39.2368,5.5172],[39.2383,5.5284],[39.23,5.536],[39.2184,5.552],[39.2284,5.5641],[39.2222,5.5841],[39.2194,5.6067],[39.2227,5.6257],[39.2272,5.6316],[39.2227,5.6381],[39.2276,5.6427],[39.2218,5.6488],[39.2217,5.659],[39.2313,5.6663],[39.2325,5.6626],[39.2412,5.6644],[39.2503,5.6765],[39.2575,5.6751],[39.2683,5.6803],[39.2817,5.6811],[39.2869,5.6779],[39.3048,5.6799],[39.3096,5.69],[39.3149,5.6866],[39.3137,5.6985],[39.3201,5.703],[39.3234,5.7267],[39.3383,5.7338],[39.3545,5.7372],[39.3568,5.7414],[39.3664,5.7417],[39.3772,5.738],[39.3845,5.7245],[39.3921,5.7221],[39.393,5.7275],[39.402,5.7329],[39.4017,5.7493],[39.4157,5.7524],[39.4215,5.7484],[39.4259,5.7537],[39.4323,5.7531],[39.4402,5.7589],[39.4425,5.7693],[39.4533,5.7837],[39.4491,5.7875],[39.4491,5.7953],[39.4589,5.8103],[39.447,5.8215],[39.4499,5.8317],[39.4435,5.8459],[39.4503,5.8613],[39.4667,5.8841],[39.4653,5.8912],[39.4482,5.8962],[39.4323,5.911],[39.4293,5.9176],[39.4199,5.9262],[39.4065,5.9341],[39.4006,5.9476],[39.3838,5.9681],[39.3848,5.9844],[39.3765,5.9876],[39.3819,5.995],[39.3835,6.0036],[39.3796,6.0077],[39.3698,6.0081],[39.3747,6.0195],[39.3742,6.0313],[39.3569,6.0504],[39.3401,6.0582],[39.3375,6.0755],[39.3436,6.082],[39.3442,6.0914],[39.3578,6.0953],[39.3512,6.1082],[39.3357,6.1176],[39.3301,6.1246],[39.3303,6.1419],[39.3359,6.1556],[39.3242,6.1605],[39.3175,6.1672],[39.3172,6.1761],[39.3134,6.1804],[39.3136,6.1893],[39.3181,6.2017],[39.3097,6.2139],[39.3073,6.2232],[39.2895,6.2417],[39.2903,6.2483],[39.2787,6.262],[39.2747,6.2732],[39.2532,6.2821],[39.2379,6.2796],[39.2201,6.2789],[39.2105,6.289],[39.2063,6.2986],[39.2158,6.3079],[39.2232,6.3226],[39.2353,6.3319],[39.242,6.3592],[39.2522,6.3722],[39.271,6.3719],[39.2794,6.3693],[39.2861,6.3662],[39.2969,6.3566],[39.303,6.3605],[39.3435,6.3563],[39.3684,6.3638],[39.4032,6.3508],[39.4075,6.3087],[39.4139,6.2914],[39.4147,6.2814],[39.419,6.2757],[39.427,6.2738],[39.4347,6.267],[39.461,6.2509],[39.4625,6.2389],[39.4697,6.2196],[39.4665,6.213],[39.4808,6.1889],[39.4976,6.1677],[39.5085,6.1582],[39.5566,6.1283],[39.5593,6.1285],[39.5795,6.1458],[39.6011,6.1711],[39.6093,6.1871],[39.616,6.1673],[39.6243,6.1674],[39.6423,6.1571],[39.6483,6.1562],[39.6584,6.1611],[39.6679,6.1713],[39.6719,6.1813],[39.6827,6.1867],[39.6835,6.2065],[39.7025,6.2104],[39.7323,6.2201],[39.7459,6.2181],[39.7563,6.2218],[39.7642,6.2285],[39.7693,6.239],[39.7753,6.2429],[39.7895,6.2397],[39.8021,6.2299],[39.8137,6.2309],[39.8163,6.2283],[39.8299,6.2295],[39.8365,6.2259],[39.8542,6.2222],[39.8635,6.2111],[39.8723,6.2065],[39.8791,6.1949],[39.8754,6.1875],[39.8792,6.1785],[39.8895,6.175],[39.8946,6.162],[39.8918,6.1549],[39.897,6.1482],[39.9055,6.1451],[39.9075,6.1066],[39.9064,6.0978],[39.8949,6.0744],[39.89,6.0714],[39.8876,6.0621],[39.8812,6.0588],[39.8744,6.048],[39.8718,6.0371],[39.8602,6.0313],[39.8655,6.0226],[39.8618,6.0182],[39.869,6.0129],[39.8689,6.0051],[39.86,5.9908],[39.8653,5.9833],[39.8813,5.973],[39.8945,5.9692],[39.9009,5.9644],[39.9054,5.9489],[39.9275,5.9361],[39.9348,5.9391],[39.9468,5.9325],[39.9629,5.9301],[39.9649,5.9337],[39.9757,5.9302],[39.9849,5.9013],[39.9972,5.8915],[40.0075,5.8917],[40.0141,5.8828],[40.0282,5.8752],[40.0455,5.8751],[40.0591,5.8657],[40.0707,5.8658],[40.0759,5.8717],[40.0935,5.8707],[40.0992,5.8672],[40.1178,5.8677],[40.1286,5.8602],[40.1325,5.8544],[40.1427,5.8551],[40.1536,5.8481],[40.17,5.8509],[40.1835,5.8447],[40.1908,5.8474],[40.1915,5.8534],[40.2041,5.855],[40.2163,5.8496],[40.2312,5.8509],[40.2334,5.847],[40.2498,5.8441],[40.2575,5.8475],[40.2652,5.8561],[40.2653,5.8605],[40.2773,5.8683],[40.2978,5.8708],[40.3035,5.8754],[40.3085,5.8698],[40.3182,5.8715],[40.3261,5.8812],[40.3329,5.8839],[40.3435,5.8771],[40.3522,5.8861],[40.3705,5.8901],[40.3788,5.8957],[40.3889,5.8972],[40.3943,5.8912],[40.405,5.889],[40.4118,5.8823],[40.4227,5.8768],[40.4313,5.877],[40.4403,5.8734],[40.4517,5.8781],[40.4617,5.8858],[40.4717,5.8814],[40.482,5.8714],[40.4926,5.8709],[40.5,5.8638],[40.5105,5.8629],[40.5201,5.858],[40.5373,5.8659],[40.5491,5.8569],[40.5561,5.8677],[40.5646,5.8649],[40.57,5.8577],[40.5811,5.8594],[40.5864,5.8698],[40.6035,5.8681],[40.6074,5.859],[40.6255,5.8636],[40.6316,5.8726],[40.6372,5.8717],[40.6363,5.8618],[40.6461,5.8609],[40.6554,5.8654],[40.6699,5.8855],[40.679,5.8828],[40.6822,5.8728],[40.6885,5.8719],[40.6971,5.8653],[40.7153,5.8637],[40.718,5.873],[40.7276,5.8647],[40.732,5.8566],[40.7437,5.8523],[40.7556,5.8576],[40.7629,5.8564],[40.7703,5.8439],[40.7781,5.8413],[40.7862,5.8317],[40.7886,5.818],[40.796,5.8082],[40.8022,5.8061],[40.8045,5.8112],[40.8184,5.8157],[40.8208,5.8203],[40.8266,5.7985],[40.8339,5.7973],[40.8374,5.7833],[40.8446,5.7863],[40.8531,5.7793],[40.8615,5.7762],[40.8674,5.7785],[40.8802,5.7771],[40.8806,5.7741],[40.8931,5.7611],[40.9223,5.6834],[40.865,5.669],[40.8322,5.6559],[40.8115,5.6349],[40.7834,5.6146],[40.7529,5.5944],[40.6944,5.5672],[40.6796,5.5406],[40.6331,5.5301],[40.616,5.5069],[40.6054,5.4903],[40.581,5.4759],[40.5635,5.4539],[40.549,5.4277],[40.5329,5.4106],[40.4559,5.3987],[40.3695,5.3864],[40.3104,5.3763],[40.2767,5.3682],[40.2406,5.3661],[40.2084,5.3555],[40.1744,5.3534],[40.1346,5.3579],[40.098,5.3649],[40.0634,5.3785],[40.0337,5.3968],[39.9423,5.285],[39.9073,5.2196],[39.8784,5.1403],[39.8336,5.0328],[39.8129,5.0021],[39.8044,4.9515],[39.784,4.8906],[39.7651,4.8468],[39.7585,4.8011],[39.7436,4.7235],[39.7441,4.7097],[39.7459,4.6666],[39.7397,4.6547],[39.7251,4.6331],[39.7098,4.5974],[39.7033,4.5682],[39.6901,4.5433],[39.6746,4.5052],[39.6556,4.4689],[39.6421,4.4359],[39.6315,4.4027],[39.6188,4.3685],[39.5858,4.2965],[39.575,4.2783],[39.5298,4.2355],[39.4897,4.2025],[39.458,4.1801],[39.4226,4.1498],[39.4059,4.14],[39.3903,4.1345],[39.2975,4.1088],[39.1397,4.1088],[39.1246,4.1027],[39.1172,4.0974],[39.1117,4.0857],[39.1012,4.0715],[39.0906,4.0614],[39.0729,4.0488],[39.048,4.0267],[39.0478,4.0051],[39.0232,4.0012],[38.9898,4.0045],[38.911,4.0143],[38.8373,4.0205],[38.8384,4.013],[38.7965,4.0181],[38.7965,4.027],[38.7636,4.0714],[38.7563,4.0675],[38.7443,4.0513],[38.7027,4.0694],[38.6558,4.1052],[38.5828,4.1528],[38.5534,4.154],[38.4933,4.1336],[38.4498,4.1335],[38.4521,4.1476],[38.4458,4.1803],[38.4206,4.2053],[38.4345,4.2606],[38.397,4.2664],[38.3905,4.313],[38.4145,4.3344],[38.4615,4.3667],[38.4616,4.4002],[38.4662,4.3987],[38.4812,4.4068],[38.4667,4.4234],[38.4574,4.438],[38.446,4.4509],[38.4289,4.5112],[38.4209,4.5128],[38.3952,4.573],[38.3898,4.5745],[38.4087,4.6053],[38.416,4.6092],[38.439,4.6471],[38.4404,4.6554],[38.4365,4.6656],[38.4442,4.73],[38.4408,4.7735],[38.4518,4.7758],[38.4572,4.7862],[38.4677,4.7958],[38.4582,4.8204],[38.4586,4.8292],[38.4518,4.8322],[38.4496,4.8385],[38.4503,4.8541],[38.4564,4.8591],[38.4557,4.8687],[38.457,4.9824],[38.4596,4.9876],[38.4544,4.99],[38.4598,4.9943],[38.4504,5.0036],[38.4509,5.041],[38.4867,5.043],[38.4941,5.0371],[38.5096,5.0433],[38.5161,5.0422],[38.5244,5.046],[38.5298,5.0536],[38.5458,5.0683],[38.5514,5.0675],[38.5767,5.0731],[38.5886,5.0709],[38.5953,5.0755],[38.6027,5.0875],[38.6081,5.0904],[38.6095,5.0996],[38.6214,5.1012],[38.632,5.1077],[38.6338,5.1102]]]}},{"type":"Feature","properties":{"zone":"Siti","region":"Somali","total_woredas":11,"lersha_woredas":0,"lersha_area_km2":0.0},"geometry":{"type":"Polygon","coordinates":[[[40.6962,9.5022],[40.7022,9.5361],[40.7177,9.5693],[40.725,9.5936],[40.7337,9.6101],[40.7385,9.625],[40.7519,9.6546],[40.7663,9.6708],[40.7787,9.6921],[40.8256,9.7635],[40.8473,9.7903],[40.913,9.8509],[40.9467,9.8804],[40.9966,9.9287],[41.0139,9.9392],[41.0196,9.9488],[41.0134,9.96],[40.9989,9.9678],[40.9658,9.9717],[40.9535,9.9875],[40.946,10.0013],[40.9366,10.0352],[40.9487,10.0678],[40.9538,10.0957],[40.9747,10.1566],[40.9788,10.1947],[40.9899,10.2399],[40.9986,10.2831],[41.0051,10.3188],[41.015,10.3432],[41.0304,10.4004],[41.0318,10.422],[41.0471,10.4776],[41.057,10.5003],[41.0614,10.5167],[41.0713,10.541],[41.087,10.6006],[41.0824,10.6325],[41.0779,10.6395],[41.079,10.6588],[41.0773,10.6812],[41.09,10.697],[41.1149,10.7203],[41.1331,10.7441],[41.1492,10.7598],[41.1664,10.7797],[41.1909,10.7964],[41.2075,10.8203],[41.2201,10.8345],[41.232,10.8637],[41.2336,10.8912],[41.2408,10.9214],[41.2682,10.9579],[41.3003,10.9641],[41.3486,10.9625],[41.3922,10.9663],[41.4101,10.9585],[41.4841,10.9669],[41.5184,10.9652],[41.5822,10.9621],[41.6342,10.9653],[41.6808,10.9639],[41.6995,10.9693],[41.7176,10.9648],[41.7395,10.9683],[41.7605,10.9819],[41.7634,10.9909],[41.7689,10.9912],[41.8117,10.9839],[41.8372,10.9731],[41.8819,10.9608],[41.9181,10.9536],[41.9919,10.9422],[42.0197,10.9447],[42.0803,10.9774],[42.1256,10.9994],[42.1717,11.0003],[42.3006,11.0114],[42.3589,11.0192],[42.5011,11.0636],[42.6082,11.0916],[42.6404,11.0971],[42.7482,11.0779],[42.7598,11.0591],[42.7693,11.0232],[42.7922,10.9978],[42.811,10.9883],[42.891,10.9821],[42.9441,11.0024],[42.9175,10.9553],[42.855,10.8922],[42.8386,10.8739],[42.7642,10.7804],[42.6648,10.6329],[42.6811,10.5828],[42.7094,10.5361],[42.7222,10.5179],[42.7467,10.4957],[42.7861,10.4556],[42.7971,10.4228],[42.8033,10.3805],[42.8061,10.35],[42.821,10.3025],[42.7997,10.2762],[42.7702,10.2212],[42.707,10.1196],[42.7333,10.0428],[42.7853,9.9768],[42.8442,9.9425],[42.8847,9.9085],[42.88,9.879],[42.8203,9.8379],[42.7939,9.8099],[42.7838,9.7704],[42.73,9.7531],[42.7259,9.7399],[42.7271,9.7251],[42.7137,9.7407],[42.7035,9.7584],[42.6941,9.7687],[42.681,9.7743],[42.6638,9.7765],[42.6474,9.7752],[42.6185,9.7584],[42.5681,9.7369],[42.5298,9.7276],[42.499,9.7211],[42.4485,9.722],[42.3953,9.7155],[42.3766,9.7138],[42.3558,9.7179],[42.3462,9.7214],[42.3398,9.7196],[42.2935,9.7575],[42.251,9.7835],[42.2134,9.7837],[42.1858,9.7736],[42.0308,9.6185],[42.0189,9.6179],[42.0084,9.6222],[41.9964,9.6312],[41.9061,9.6793],[41.8732,9.6839],[41.862,9.6782],[41.8533,9.6737],[41.8087,9.6406],[41.791,9.649],[41.7738,9.6537],[41.7607,9.644],[41.7486,9.6364],[41.7491,9.6006],[41.728,9.489],[41.7346,9.4715],[41.7219,9.4675],[41.7023,9.4667],[41.6702,9.4706],[41.6542,9.4812],[41.6426,9.5151],[41.6327,9.5133],[41.5977,9.5114],[41.5642,9.5069],[41.5406,9.4996],[41.5221,9.4853],[41.491,9.4574],[41.479,9.46],[41.4326,9.4759],[41.3931,9.4858],[41.359,9.4901],[41.3365,9.4946],[41.3087,9.5031],[41.2797,9.5015],[41.2676,9.4994],[41.2523,9.5004],[41.2393,9.4988],[41.2199,9.4907],[41.1918,9.4598],[41.1705,9.4414],[41.1454,9.4246],[41.1147,9.4141],[41.0835,9.4044],[41.0565,9.3911],[41.0301,9.3725],[41.0141,9.3572],[40.9707,9.3515],[40.9536,9.3356],[40.927,9.3231],[40.903,9.3182],[40.8741,9.3094],[40.8441,9.3048],[40.8248,9.3054],[40.8126,9.3109],[40.8085,9.3268],[40.8003,9.3451],[40.7926,9.3674],[40.7888,9.3869],[40.7976,9.3956],[40.8281,9.3931],[40.8582,9.3854],[40.8912,9.3895],[40.9139,9.3972],[40.9275,9.4051],[40.9175,9.4218],[40.89,9.4486],[40.8622,9.463],[40.8424,9.4636],[40.8158,9.4527],[40.7832,9.4479],[40.7486,9.4449],[40.7195,9.4439],[40.6986,9.4476],[40.6961,9.4461],[40.6962,9.5022]]]}},{"type":"Feature","properties":{"zone":"Fafan","region":"Somali","total_woredas":14,"lersha_woredas":0,"lersha_area_km2":0.0},"geometry":{"type":"MultiPolygon","coordinates":[[[[42.6586,8.1301],[42.6614,8.1303],[42.6785,8.1473],[42.7016,8.1796],[42.7112,8.2068],[42.7191,8.2457],[42.7349,8.2944],[42.7539,8.3371],[42.7682,8.3632],[42.7794,8.3733],[42.7982,8.3701],[42.8309,8.3812],[42.8581,8.3917],[42.8844,8.3985],[42.8988,8.4091],[42.897,8.4578],[42.9108,8.4988],[42.9124,8.5221],[42.9076,8.549],[42.9053,8.5822],[42.8988,8.6027],[42.8599,8.6363],[42.8384,8.6644],[42.832,8.6952],[42.8371,8.7278],[42.8439,8.7579],[42.8575,8.7851],[42.8654,8.8044],[42.8653,8.8251],[42.8495,8.8443],[42.8281,8.8558],[42.8052,8.87],[42.7612,8.9177],[42.7306,8.948],[42.7031,8.9809],[42.6801,9.015],[42.6741,9.0285],[42.6623,9.049],[42.6443,9.073],[42.6193,9.0893],[42.5993,9.1062],[42.6094,9.1185],[42.626,9.1321],[42.6351,9.144],[42.6347,9.1585],[42.6143,9.174],[42.5955,9.1936],[42.5836,9.2154],[42.5796,9.2375],[42.571,9.2582],[42.5611,9.2703],[42.5514,9.2866],[42.547,9.3052],[42.5563,9.3211],[42.5516,9.3452],[42.5375,9.373],[42.5522,9.3821],[42.5671,9.3961],[42.5849,9.4092],[42.6035,9.4166],[42.6175,9.4269],[42.6409,9.4475],[42.6558,9.4559],[42.6661,9.4587],[42.682,9.4699],[42.7147,9.4745],[42.7287,9.4829],[42.7361,9.4951],[42.7473,9.5016],[42.7763,9.5119],[42.7875,9.5231],[42.8136,9.5726],[42.8407,9.5829],[42.8641,9.5866],[42.8799,9.5847],[42.8921,9.5745],[42.9089,9.5632],[42.921,9.5651],[42.9434,9.5875],[42.9686,9.5922],[42.9798,9.6071],[42.978,9.6286],[42.964,9.6557],[42.9509,9.6725],[42.935,9.68],[42.9257,9.6725],[42.9173,9.6576],[42.9079,9.6501],[42.8977,9.6501],[42.8538,9.6622],[42.823,9.6744],[42.7791,9.6986],[42.7501,9.7108],[42.7305,9.7211],[42.7271,9.7251],[42.7259,9.7399],[42.73,9.7531],[42.7838,9.7704],[42.7939,9.8099],[42.8203,9.8379],[42.88,9.879],[42.8847,9.9085],[42.8442,9.9425],[42.7853,9.9768],[42.7333,10.0428],[42.707,10.1196],[42.7702,10.2212],[42.7997,10.2762],[42.821,10.3025],[42.8507,10.2194],[42.8642,10.2006],[42.891,10.1721],[42.9228,10.1478],[42.9533,10.1325],[42.9806,10.1176],[43.0131,10.0811],[43.0347,10.025],[43.0428,9.9931],[43.0517,9.9682],[43.0631,9.9488],[43.0843,9.9249],[43.1103,9.9089],[43.1478,9.9028],[43.1804,9.9028],[43.2041,9.8923],[43.2249,9.8632],[43.2378,9.7993],[43.2464,9.7508],[43.2606,9.6847],[43.2672,9.6644],[43.2753,9.6456],[43.2833,9.6347],[43.3053,9.6283],[43.3285,9.6196],[43.3867,9.5569],[43.4278,9.4853],[43.4251,9.4608],[43.4258,9.4346],[43.4417,9.4176],[43.5553,9.3485],[43.5831,9.3361],[43.6272,9.3544],[43.7278,9.2628],[44.0106,9.0072],[44.1151,8.9726],[44.1119,8.9612],[44.1058,8.9117],[44.1225,8.8409],[44.162,8.7466],[43.9785,8.5036],[43.7074,8.6047],[43.6686,8.6337],[43.6345,8.6472],[43.4739,8.8023],[43.4698,8.8227],[43.4628,8.8311],[43.451,8.8391],[43.4497,8.845],[43.4363,8.8613],[43.4298,8.8984],[43.4201,8.8975],[43.3901,8.8993],[43.3397,8.8786],[43.3254,8.8584],[43.3244,8.841],[43.3247,8.8006],[43.2876,8.7969],[43.2326,8.7938],[43.2604,8.6754],[43.2097,8.5991],[43.2322,8.5391],[43.1007,8.4628],[42.9576,8.4699],[42.9305,8.4076],[42.8905,8.3391],[42.8285,8.2354],[42.8142,8.1723],[42.7821,8.1354],[42.7298,8.1188],[42.7036,8.114],[42.6867,8.1216],[42.6586,8.1301]]],[[[42.4489,8.4533],[42.3746,8.4514],[42.2279,8.4744],[42.1759,8.5801],[42.2156,8.6112],[42.2327,8.635],[42.2397,8.6399],[42.2631,8.636],[42.275,8.6151],[42.2947,8.586],[42.3071,8.5596],[42.323,8.5368],[42.5026,8.4921],[42.5201,8.4787],[42.5298,8.4548],[42.4489,8.4533]]]]}},{"type":"Feature","properties":{"zone":"Jarar","region":"Somali","total_woredas":12,"lersha_woredas":0,"lersha_area_km2":0.0},"geometry":{"type":"Polygon","coordinates":[[[43.5621,7.3354],[43.4793,7.3854],[43.5017,7.4569],[43.4824,7.5405],[43.3179,7.6573],[42.7117,7.9448],[42.7041,7.9453],[42.6916,7.9674],[42.6892,7.9917],[42.6933,8.0],[42.6919,8.0119],[42.7016,8.0326],[42.7044,8.0466],[42.7029,8.0542],[42.695,8.0687],[42.6806,8.0779],[42.6747,8.0892],[42.6867,8.1216],[42.7036,8.114],[42.7298,8.1188],[42.7821,8.1354],[42.8142,8.1723],[42.8285,8.2354],[42.8905,8.3391],[42.9305,8.4076],[42.9576,8.4699],[43.1007,8.4628],[43.2322,8.5391],[43.2097,8.5991],[43.2604,8.6754],[43.2326,8.7938],[43.2876,8.7969],[43.3247,8.8006],[43.3244,8.841],[43.3254,8.8584],[43.3397,8.8786],[43.3901,8.8993],[43.4201,8.8975],[43.4298,8.8984],[43.4363,8.8613],[43.4497,8.845],[43.451,8.8391],[43.4628,8.8311],[43.4698,8.8227],[43.4739,8.8023],[43.6345,8.6472],[43.6686,8.6337],[43.7074,8.6047],[43.9785,8.5036],[44.162,8.7466],[44.1225,8.8409],[44.1058,8.9117],[44.1119,8.9612],[44.1151,8.9726],[44.6971,8.7797],[45.5044,8.5078],[45.9356,8.3654],[46.0944,8.312],[46.0691,8.2862],[46.0212,8.2323],[46.0086,8.1139],[46.0107,8.0988],[45.918,7.9954],[45.8187,7.9422],[45.758,7.8725],[45.6818,7.7927],[45.6361,7.6989],[45.6148,7.6515],[45.46,7.6634],[45.3545,7.6567],[44.9807,7.7367],[44.9831,7.7635],[44.7177,7.7505],[44.6745,7.6854],[44.652,7.6233],[44.6499,7.5947],[44.6542,7.5782],[44.6621,7.5632],[44.67,7.5404],[44.6586,7.5132],[44.6514,7.506],[44.6364,7.5039],[44.6213,7.5039],[44.6149,7.4946],[44.5519,7.4866],[44.4987,7.4874],[44.4716,7.401],[44.4592,7.3268],[44.3925,7.2997],[44.3579,7.3071],[44.3239,7.3398],[44.293,7.3473],[44.28,7.3825],[44.2503,7.3954],[44.2392,7.4418],[44.2077,7.4584],[44.1948,7.4881],[44.1596,7.5048],[44.1392,7.5344],[44.1029,7.5676],[44.0961,7.5658],[43.9329,7.5587],[43.8249,7.4411],[43.7084,7.3339],[43.7013,7.2889],[43.5621,7.3354]]]}},{"type":"Feature","properties":{"zone":"Erer","region":"Somali","total_woredas":8,"lersha_woredas":0,"lersha_area_km2":0.0},"geometry":{"type":"Polygon","coordinates":[[[42.1576,7.0513],[42.187,7.0964],[42.2047,7.141],[42.2035,7.1946],[42.2098,7.2269],[42.2099,7.264],[42.1991,7.2914],[42.1749,7.3001],[42.146,7.3132],[42.1336,7.3173],[42.0707,7.3428],[41.8961,7.4112],[41.8936,7.4187],[41.8675,7.5312],[41.8678,7.5382],[41.8781,7.5626],[41.9048,7.6359],[41.9295,7.697],[41.9425,7.7275],[41.9571,7.7748],[41.9124,7.8444],[41.9171,7.9129],[41.9222,7.9781],[41.9254,8.0397],[41.9263,8.0806],[41.9375,8.1436],[41.9484,8.2009],[41.9626,8.2236],[42.0271,8.323],[42.026,8.4258],[42.0413,8.4475],[42.0697,8.494],[42.0977,8.519],[42.1759,8.5801],[42.2279,8.4744],[42.3746,8.4514],[42.4489,8.4533],[42.5298,8.4548],[42.5345,8.429],[42.5387,8.3972],[42.5501,8.3505],[42.56,8.292],[42.567,8.2556],[42.5781,8.2285],[42.616,8.1596],[42.6306,8.1404],[42.6514,8.1297],[42.6586,8.1301],[42.6867,8.1216],[42.6747,8.0892],[42.6806,8.0779],[42.695,8.0687],[42.7029,8.0542],[42.7044,8.0466],[42.7016,8.0326],[42.6919,8.0119],[42.6933,8.0],[42.6892,7.9917],[42.6916,7.9674],[42.7041,7.9453],[42.7105,7.932],[42.7018,7.9101],[42.6999,7.8979],[42.6958,7.8907],[42.6991,7.8834],[42.7087,7.8742],[42.7126,7.8595],[42.7093,7.8299],[42.7114,7.8221],[42.7238,7.8108],[42.7264,7.8018],[42.7387,7.7818],[42.7394,7.7609],[42.732,7.7425],[42.7359,7.7117],[42.7341,7.7028],[42.7213,7.6899],[42.7113,7.6722],[42.7146,7.6628],[42.7131,7.6541],[42.7041,7.642],[42.6915,7.6324],[42.6816,7.622],[42.6715,7.6189],[42.649,7.5945],[42.633,7.5862],[42.5979,7.5757],[42.5789,7.5685],[42.5628,7.5692],[42.552,7.5611],[42.5804,7.5299],[42.6694,7.4593],[42.5976,7.4343],[42.5438,7.4163],[42.403,7.3682],[42.3091,7.3339],[42.2572,7.3246],[42.2468,7.3125],[42.2399,7.2911],[42.2396,7.2791],[42.2233,7.2633],[42.2325,7.2462],[42.2325,7.2276],[42.2297,7.217],[42.2322,7.2104],[42.2707,7.1964],[42.2784,7.1507],[42.2688,7.0993],[42.2487,7.0762],[42.2301,7.0624],[42.2073,7.0524],[42.1626,7.0071],[42.1576,7.0513]]]}},{"type":"Feature","properties":{"zone":"Korahe","region":"Somali","total_woredas":11,"lersha_woredas":0,"lersha_area_km2":0.0},"geometry":{"type":"Polygon","coordinates":[[[43.6547,6.9935],[43.7013,7.2889],[43.7084,7.3339],[43.8249,7.4411],[43.9329,7.5587],[44.0961,7.5658],[44.1029,7.5676],[44.1392,7.5344],[44.1596,7.5048],[44.1948,7.4881],[44.2077,7.4584],[44.2392,7.4418],[44.2503,7.3954],[44.28,7.3825],[44.293,7.3473],[44.3239,7.3398],[44.3579,7.3071],[44.3925,7.2997],[44.4592,7.3268],[44.4716,7.401],[44.4987,7.4874],[44.5519,7.4866],[44.6149,7.4946],[44.6213,7.5039],[44.6364,7.5039],[44.6514,7.506],[44.6586,7.5132],[44.67,7.5404],[44.6621,7.5632],[44.6542,7.5782],[44.6499,7.5947],[44.652,7.6233],[44.6745,7.6854],[44.7177,7.7505],[44.9831,7.7635],[44.9807,7.7367],[44.961,7.693],[44.9643,7.6736],[44.9739,7.6464],[44.981,7.6131],[44.9815,7.596],[44.9851,7.5814],[44.9677,7.5679],[44.9581,7.5582],[44.943,7.5557],[44.8669,7.4902],[44.7958,7.3746],[44.8452,7.2417],[44.9184,7.2121],[44.9195,7.1946],[44.8639,7.1915],[44.8716,7.1707],[44.8075,6.9645],[44.8292,6.5419],[45.0279,6.4738],[45.1133,6.3709],[45.3188,6.3054],[45.5428,6.2978],[45.8452,6.1136],[45.9892,6.0344],[45.9558,5.9992],[45.7167,5.7386],[45.3792,5.3691],[45.2745,5.4028],[45.0573,5.4497],[44.9564,5.5073],[44.8733,5.5051],[44.8134,5.5231],[44.7694,5.4931],[44.639,5.4829],[44.5741,5.4649],[44.5666,5.4773],[44.4409,5.6129],[44.3574,5.6281],[44.1956,5.6876],[44.1529,5.9252],[44.2009,5.9835],[44.2134,6.0126],[44.2324,6.0436],[44.2628,6.087],[44.258,6.1078],[44.22,6.1167],[44.2027,6.1346],[44.1979,6.1649],[44.2075,6.1834],[44.2265,6.1965],[44.2265,6.2101],[44.2057,6.2214],[44.117,6.2458],[44.1213,6.2723],[44.1295,6.3052],[44.1301,6.3491],[44.0912,6.3503],[44.0227,6.3588],[43.9984,6.3579],[43.9689,6.3472],[43.9561,6.3315],[43.8383,6.4719],[43.7922,6.4927],[43.7566,6.4915],[43.7251,6.4758],[43.7148,6.5154],[43.7147,6.5418],[43.7429,6.5825],[43.761,6.614],[43.5918,6.8195],[43.6547,6.9935]]]}},{"type":"Feature","properties":{"zone":"Shabelle","region":"Somali","total_woredas":11,"lersha_woredas":0,"lersha_area_km2":0.0},"geometry":{"type":"Polygon","coordinates":[[[43.304,5.225],[43.2358,5.5023],[43.2538,5.5482],[43.3103,5.6294],[43.2786,5.684],[43.2338,5.7238],[43.1437,5.7151],[43.0948,5.689],[43.0713,5.6435],[42.8567,5.8205],[42.8129,5.8269],[42.8114,5.9429],[42.8663,5.9949],[42.9013,6.067],[42.9157,6.101],[42.9055,6.1105],[42.9111,6.12],[42.9074,6.1248],[42.9031,6.116],[42.8938,6.1134],[42.8851,6.1236],[42.891,6.1292],[42.8807,6.1295],[42.8627,6.1332],[42.855,6.1435],[42.8507,6.1372],[42.8404,6.1387],[42.8303,6.1344],[42.8066,6.1428],[42.8069,6.1514],[42.8114,6.1567],[42.8038,6.1571],[42.8118,6.1648],[42.801,6.181],[42.8105,6.1776],[42.8117,6.1855],[42.7995,6.1894],[42.8004,6.1954],[42.788,6.1944],[42.7813,6.1968],[42.7805,6.2048],[42.772,6.2047],[42.7629,6.2159],[42.7543,6.2185],[42.7511,6.2346],[42.7409,6.2441],[42.7454,6.2506],[42.7403,6.2538],[42.7375,6.2627],[42.732,6.2596],[42.7248,6.2648],[42.7147,6.2668],[42.7088,6.2605],[42.7011,6.2673],[42.6883,6.2632],[42.6873,6.2694],[42.6785,6.2704],[42.6759,6.2628],[42.6694,6.2653],[42.6665,6.2577],[42.658,6.2596],[42.657,6.2651],[42.651,6.2632],[42.6404,6.2667],[42.6362,6.2552],[42.6307,6.2526],[42.6175,6.2593],[42.6199,6.2699],[42.6143,6.2795],[42.6107,6.2703],[42.607,6.278],[42.6022,6.2755],[42.5641,6.286],[42.5547,6.282],[42.5487,6.2911],[42.5358,6.2893],[42.5148,6.2957],[42.5101,6.3042],[42.5022,6.296],[42.4964,6.2987],[42.4847,6.2958],[42.4764,6.2977],[42.4786,6.2897],[42.4728,6.2949],[42.4666,6.2926],[42.4637,6.3042],[42.4481,6.3036],[42.4439,6.3077],[42.4396,6.303],[42.4333,6.3098],[42.4285,6.3047],[42.4321,6.2944],[42.4263,6.2973],[42.4211,6.3067],[42.4142,6.2965],[42.4103,6.3102],[42.4001,6.3128],[42.4065,6.3184],[42.4032,6.3239],[42.3952,6.319],[42.3921,6.3288],[42.3866,6.3281],[42.374,6.3183],[42.3663,6.3202],[42.3653,6.3262],[42.3577,6.3258],[42.3456,6.316],[42.3435,6.3192],[42.3481,6.3351],[42.346,6.3397],[42.3365,6.332],[42.3235,6.3371],[42.3197,6.3322],[42.3207,6.3238],[42.3147,6.3262],[42.3086,6.3342],[42.3011,6.3276],[42.2931,6.3259],[42.2972,6.3326],[42.2952,6.3411],[42.2888,6.3417],[42.2859,6.3493],[42.2792,6.3558],[42.2679,6.355],[42.269,6.3725],[42.2645,6.3849],[42.2565,6.3857],[42.2503,6.3801],[42.2374,6.3831],[42.2478,6.3964],[42.2388,6.4013],[42.2359,6.4114],[42.2265,6.408],[42.22,6.4148],[42.2177,6.4286],[42.2026,6.4266],[42.1958,6.4347],[42.1805,6.4288],[42.1813,6.4368],[42.175,6.4414],[42.1821,6.4481],[42.171,6.4519],[42.1662,6.4468],[42.1459,6.4561],[42.149,6.4633],[42.1372,6.4659],[42.1328,6.4707],[42.1304,6.4932],[42.1405,6.4945],[42.1441,6.5009],[42.1279,6.5099],[42.1262,6.52],[42.1135,6.5196],[42.1121,6.5263],[42.1192,6.5266],[42.1179,6.536],[42.1054,6.5407],[42.091,6.5503],[42.0796,6.5638],[42.0734,6.5609],[42.0676,6.5686],[42.0753,6.5731],[42.0677,6.5792],[42.0587,6.597],[42.0517,6.6002],[42.0431,6.5941],[42.0412,6.5986],[42.0456,6.6083],[42.0436,6.6162],[42.0343,6.6135],[42.0227,6.6209],[42.0247,6.6294],[42.0311,6.63],[42.0305,6.6376],[42.018,6.6452],[42.0102,6.6547],[42.0135,6.6586],[42.0146,6.6804],[42.0255,6.7064],[42.0555,6.7488],[42.0629,6.8259],[42.0669,6.8411],[42.0755,6.864],[42.0762,6.8867],[42.0987,6.9157],[42.1061,6.9302],[42.1342,6.9542],[42.1361,6.9585],[42.1646,6.9418],[42.1628,6.9274],[42.1969,6.9094],[42.3156,6.8929],[42.4453,6.9041],[42.5153,6.928],[42.5506,6.8274],[42.6049,6.7618],[42.682,6.7304],[42.7448,6.7404],[42.7776,6.7489],[42.8442,6.7619],[42.8419,6.6726],[42.8097,6.4798],[42.9289,6.4016],[42.9451,6.3098],[42.9954,6.3133],[43.0468,6.3267],[43.0962,6.3445],[43.1384,6.3666],[43.1824,6.3761],[43.211,6.3909],[43.2639,6.4106],[43.3026,6.4201],[43.334,6.4298],[43.3191,6.4628],[43.287,6.5375],[43.2483,6.6296],[43.219,6.7097],[43.1937,6.8056],[43.1972,6.8095],[43.4035,6.7432],[43.4862,6.7552],[43.5172,6.7649],[43.5429,6.7763],[43.5622,6.7963],[43.5918,6.8195],[43.761,6.614],[43.7429,6.5825],[43.7147,6.5418],[43.7148,6.5154],[43.7251,6.4758],[43.7566,6.4915],[43.7922,6.4927],[43.8383,6.4719],[43.9561,6.3315],[43.9689,6.3472],[43.9984,6.3579],[44.0227,6.3588],[44.0912,6.3503],[44.1301,6.3491],[44.1295,6.3052],[44.1213,6.2723],[44.117,6.2458],[44.2057,6.2214],[44.2265,6.2101],[44.2265,6.1965],[44.2075,6.1834],[44.1979,6.1649],[44.2027,6.1346],[44.22,6.1167],[44.258,6.1078],[44.2628,6.087],[44.2324,6.0436],[44.2134,6.0126],[44.2009,5.9835],[44.1529,5.9252],[44.1956,5.6876],[44.3574,5.6281],[44.4409,5.6129],[44.5666,5.4773],[44.5741,5.4649],[44.639,5.4829],[44.7694,5.4931],[44.8134,5.5231],[44.8733,5.5051],[44.9564,5.5073],[45.0573,5.4497],[45.2745,5.4028],[45.3792,5.3691],[45.0961,5.0603],[45.0078,4.9626],[44.9508,4.9025],[44.5128,4.9303],[44.4669,4.9335],[44.2217,4.9483],[44.059,4.9586],[43.9819,4.9631],[43.9599,4.9514],[43.9222,4.9344],[43.8872,4.9228],[43.8558,4.9139],[43.8234,4.909],[43.7986,4.8692],[43.5397,4.7897],[43.5127,4.8212],[43.5085,4.8293],[43.304,5.225]]]}},{"type":"Feature","properties":{"zone":"Doolo","region":"Somali","total_woredas":7,"lersha_woredas":0,"lersha_area_km2":0.0},"geometry":{"type":"Polygon","coordinates":[[[45.3545,7.6567],[45.46,7.6634],[45.6148,7.6515],[45.6361,7.6989],[45.6818,7.7927],[45.758,7.8725],[45.8187,7.9422],[45.918,7.9954],[46.0107,8.0988],[46.0086,8.1139],[46.0212,8.2323],[46.0691,8.2862],[46.0944,8.312],[46.3187,8.2366],[46.7908,8.0764],[46.9947,8.0061],[47.0119,8.0011],[47.0869,8.0019],[47.6075,8.0033],[47.7464,8.0036],[47.9025,8.0031],[47.9882,8.0041],[47.9872,8.0011],[47.9041,7.9205],[47.6581,7.6889],[47.5556,7.5922],[47.219,7.2733],[46.9914,7.0569],[46.5614,6.6194],[46.3045,6.357],[45.9892,6.0344],[45.8452,6.1136],[45.5428,6.2978],[45.3188,6.3054],[45.1133,6.3709],[45.0279,6.4738],[44.8292,6.5419],[44.8075,6.9645],[44.8716,7.1707],[44.8639,7.1915],[44.9195,7.1946],[44.9184,7.2121],[44.8452,7.2417],[44.7958,7.3746],[44.8669,7.4902],[44.943,7.5557],[44.9581,7.5582],[44.9677,7.5679],[44.9851,7.5814],[44.9815,7.596],[44.981,7.6131],[44.9739,7.6464],[44.9643,7.6736],[44.961,7.693],[44.9807,7.7367],[45.3545,7.6567]]]}},{"type":"Feature","properties":{"zone":"Afder","region":"Somali","total_woredas":9,"lersha_woredas":0,"lersha_area_km2":0.0},"geometry":{"type":"Polygon","coordinates":[[[42.0751,4.1837],[42.0558,4.2146],[42.0562,4.2344],[42.0591,4.2786],[42.0269,4.2808],[42.0019,4.29],[41.9994,4.2985],[41.9976,4.2885],[41.9799,4.2893],[41.9738,4.3126],[41.9662,4.3016],[41.9662,4.3085],[41.9552,4.2998],[41.9497,4.2987],[41.9454,4.3081],[41.9358,4.3174],[41.9406,4.3268],[41.9405,4.3337],[41.935,4.3401],[41.9295,4.3381],[41.9312,4.3254],[41.9184,4.326],[41.9216,4.3305],[41.9191,4.337],[41.8853,4.3491],[41.8824,4.3659],[41.8856,4.3809],[41.8825,4.3887],[41.8687,4.3874],[41.8637,4.3952],[41.8593,4.3847],[41.8517,4.385],[41.8497,4.4004],[41.8454,4.4068],[41.8525,4.4151],[41.8347,4.4322],[41.8233,4.4387],[41.8111,4.4323],[41.805,4.4593],[41.797,4.4651],[41.7847,4.4676],[41.7783,4.476],[41.7712,4.4919],[41.7775,4.4941],[41.7871,4.4916],[41.7846,4.4982],[41.764,4.5052],[41.7595,4.5195],[41.7437,4.5297],[41.7435,4.5403],[41.722,4.5547],[41.7179,4.5692],[41.722,4.6021],[41.7098,4.5998],[41.6983,4.5934],[41.701,4.5879],[41.7136,4.5846],[41.7102,4.575],[41.701,4.5725],[41.6827,4.5926],[41.6733,4.5887],[41.6647,4.6088],[41.6573,4.6136],[41.66,4.6047],[41.6543,4.6015],[41.6448,4.6254],[41.6391,4.6303],[41.6314,4.6586],[41.6239,4.6679],[41.5971,4.6816],[41.5976,4.6905],[41.6017,4.6921],[41.6141,4.6863],[41.618,4.6914],[41.6125,4.7027],[41.598,4.7246],[41.5968,4.7294],[41.5994,4.7469],[41.5981,4.7586],[41.5904,4.7867],[41.5704,4.8087],[41.5745,4.8158],[41.5828,4.8162],[41.5844,4.821],[41.5812,4.8316],[41.5707,4.8439],[41.556,4.843],[41.5536,4.8587],[41.5569,4.875],[41.5542,4.881],[41.5391,4.8969],[41.5314,4.916],[41.5263,4.9188],[41.5151,4.9182],[41.5027,4.9293],[41.4961,4.9408],[41.4892,4.9434],[41.4891,4.9606],[41.4848,4.9659],[41.4701,4.9704],[41.4642,4.9863],[41.4438,4.9963],[41.425,4.9993],[41.4184,5.0033],[41.4007,5.0505],[41.3913,5.0542],[41.3796,5.0692],[41.3753,5.081],[41.3648,5.0955],[41.3623,5.1059],[41.3543,5.1126],[41.3466,5.1292],[41.3503,5.1441],[41.3481,5.1545],[41.3448,5.1538],[41.3418,5.1421],[41.334,5.141],[41.3311,5.1509],[41.324,5.1564],[41.3199,5.1705],[41.3206,5.1769],[41.3264,5.1838],[41.3294,5.1985],[41.323,5.2084],[41.316,5.2245],[41.3124,5.2393],[41.3166,5.2611],[41.3185,5.2846],[41.3149,5.2945],[41.303,5.3056],[41.2997,5.3247],[41.3022,5.3345],[41.2949,5.3514],[41.2579,5.3787],[41.2512,5.3814],[41.2492,5.3964],[41.2554,5.407],[41.2534,5.4221],[41.2475,5.4291],[41.2331,5.4365],[41.2117,5.4423],[41.2017,5.4562],[41.1983,5.4766],[41.1904,5.4999],[41.1773,5.511],[41.1868,5.5238],[41.1831,5.5371],[41.1717,5.5379],[41.1575,5.5495],[41.1504,5.564],[41.1424,5.573],[41.1558,5.5913],[41.1543,5.6003],[41.1469,5.6054],[41.1377,5.6057],[41.1371,5.6126],[41.1415,5.6183],[41.1517,5.6236],[41.2286,5.7126],[41.4085,5.6656],[41.5459,5.7615],[41.6199,5.8778],[41.6235,5.937],[41.5663,6.0417],[41.4815,6.4465],[41.4845,6.4495],[41.5199,6.472],[41.528,6.4649],[41.6197,6.3617],[41.6333,6.3914],[41.6561,6.4092],[41.6842,6.4241],[41.6903,6.4294],[41.7045,6.4524],[41.7389,6.5199],[41.7579,6.5405],[41.7988,6.5575],[41.8197,6.5705],[41.8537,6.5689],[41.8607,6.5353],[41.888,6.5353],[41.9137,6.544],[41.9364,6.5532],[41.9647,6.5703],[41.9879,6.5824],[41.9995,6.5898],[42.004,6.5976],[42.0065,6.6144],[42.0004,6.6286],[41.9992,6.6416],[42.0102,6.6547],[42.018,6.6452],[42.0305,6.6376],[42.0311,6.63],[42.0247,6.6294],[42.0227,6.6209],[42.0343,6.6135],[42.0436,6.6162],[42.0456,6.6083],[42.0412,6.5986],[42.0431,6.5941],[42.0517,6.6002],[42.0587,6.597],[42.0677,6.5792],[42.0753,6.5731],[42.0676,6.5686],[42.0734,6.5609],[42.0796,6.5638],[42.091,6.5503],[42.1054,6.5407],[42.1179,6.536],[42.1192,6.5266],[42.1121,6.5263],[42.1135,6.5196],[42.1262,6.52],[42.1279,6.5099],[42.1441,6.5009],[42.1405,6.4945],[42.1304,6.4932],[42.1328,6.4707],[42.1372,6.4659],[42.149,6.4633],[42.1459,6.4561],[42.1662,6.4468],[42.171,6.4519],[42.1821,6.4481],[42.175,6.4414],[42.1813,6.4368],[42.1805,6.4288],[42.1958,6.4347],[42.2026,6.4266],[42.2177,6.4286],[42.22,6.4148],[42.2265,6.408],[42.2359,6.4114],[42.2388,6.4013],[42.2478,6.3964],[42.2374,6.3831],[42.2503,6.3801],[42.2565,6.3857],[42.2645,6.3849],[42.269,6.3725],[42.2679,6.355],[42.2792,6.3558],[42.2859,6.3493],[42.2888,6.3417],[42.2952,6.3411],[42.2972,6.3326],[42.2931,6.3259],[42.3011,6.3276],[42.3086,6.3342],[42.3147,6.3262],[42.3207,6.3238],[42.3197,6.3322],[42.3235,6.3371],[42.3365,6.332],[42.346,6.3397],[42.3481,6.3351],[42.3435,6.3192],[42.3456,6.316],[42.3577,6.3258],[42.3653,6.3262],[42.3663,6.3202],[42.374,6.3183],[42.3866,6.3281],[42.3921,6.3288],[42.3952,6.319],[42.4032,6.3239],[42.4065,6.3184],[42.4001,6.3128],[42.4103,6.3102],[42.4142,6.2965],[42.4211,6.3067],[42.4263,6.2973],[42.4321,6.2944],[42.4285,6.3047],[42.4333,6.3098],[42.4396,6.303],[42.4439,6.3077],[42.4481,6.3036],[42.4637,6.3042],[42.4666,6.2926],[42.4728,6.2949],[42.4786,6.2897],[42.4764,6.2977],[42.4847,6.2958],[42.4964,6.2987],[42.5022,6.296],[42.5101,6.3042],[42.5148,6.2957],[42.5358,6.2893],[42.5487,6.2911],[42.5547,6.282],[42.5641,6.286],[42.6022,6.2755],[42.607,6.278],[42.6107,6.2703],[42.6143,6.2795],[42.6199,6.2699],[42.6175,6.2593],[42.6307,6.2526],[42.6362,6.2552],[42.6404,6.2667],[42.651,6.2632],[42.657,6.2651],[42.658,6.2596],[42.6665,6.2577],[42.6694,6.2653],[42.6759,6.2628],[42.6785,6.2704],[42.6873,6.2694],[42.6883,6.2632],[42.7011,6.2673],[42.7088,6.2605],[42.7147,6.2668],[42.7248,6.2648],[42.732,6.2596],[42.7375,6.2627],[42.7403,6.2538],[42.7454,6.2506],[42.7409,6.2441],[42.7511,6.2346],[42.7543,6.2185],[42.7629,6.2159],[42.772,6.2047],[42.7805,6.2048],[42.7813,6.1968],[42.788,6.1944],[42.8004,6.1954],[42.7995,6.1894],[42.8117,6.1855],[42.8105,6.1776],[42.801,6.181],[42.8118,6.1648],[42.8038,6.1571],[42.8114,6.1567],[42.8069,6.1514],[42.8066,6.1428],[42.8303,6.1344],[42.8404,6.1387],[42.8507,6.1372],[42.855,6.1435],[42.8627,6.1332],[42.8807,6.1295],[42.891,6.1292],[42.8851,6.1236],[42.8938,6.1134],[42.9031,6.116],[42.9074,6.1248],[42.9111,6.12],[42.9055,6.1105],[42.9157,6.101],[42.9013,6.067],[42.8663,5.9949],[42.8114,5.9429],[42.8129,5.8269],[42.8567,5.8205],[43.0713,5.6435],[43.0948,5.689],[43.1437,5.7151],[43.2338,5.7238],[43.2786,5.684],[43.3103,5.6294],[43.2538,5.5482],[43.2358,5.5023],[43.304,5.225],[43.5085,4.8293],[43.4906,4.8222],[43.3589,4.7653],[43.3217,4.7486],[43.1936,4.6878],[43.1582,4.6664],[43.0808,4.6042],[42.9857,4.5254],[42.9689,4.5043],[42.9572,4.4811],[42.9465,4.4461],[42.9336,4.3888],[42.92,4.364],[42.8767,4.3183],[42.8557,4.3047],[42.8317,4.2953],[42.7686,4.2783],[42.7408,4.2728],[42.6561,4.2647],[42.6223,4.2604],[42.5638,4.2469],[42.5665,4.2449],[42.5851,4.2147],[42.5545,4.2063],[42.5273,4.203],[42.4755,4.2027],[42.4455,4.1994],[42.419,4.1953],[42.371,4.1895],[42.327,4.1863],[42.2662,4.1827],[42.1934,4.179],[42.1172,4.1797],[42.0877,4.1794],[42.0845,4.1778],[42.0751,4.1837]]]}},{"type":"Feature","properties":{"zone":"Liban","region":"Somali","total_woredas":6,"lersha_woredas":0,"lersha_area_km2":0.0},"geometry":{"type":"Polygon","coordinates":[[[42.069,4.1683],[42.0511,4.1515],[42.0087,4.1015],[42.0,4.0934],[41.979,4.0952],[41.9742,4.0806],[41.9669,4.0801],[41.9462,4.0557],[41.946,4.0446],[41.949,4.0279],[41.9435,4.0167],[41.9264,4.0026],[41.9214,3.9941],[41.9131,3.9908],[41.9069,3.978],[41.8991,3.9755],[41.8901,3.9784],[41.8782,3.9678],[41.8639,3.9638],[41.8521,3.9502],[41.8455,3.9501],[41.8406,3.955],[41.8356,3.947],[41.8243,3.9445],[41.82,3.9482],[41.8207,3.9558],[41.8021,3.9554],[41.7948,3.9603],[41.7925,3.9794],[41.7822,3.9794],[41.7726,3.9723],[41.754,3.9767],[41.7554,3.9848],[41.7469,3.9834],[41.7357,3.9869],[41.7236,3.9872],[41.7206,3.9925],[41.7137,3.9833],[41.6926,3.978],[41.6875,3.9698],[41.6806,3.9693],[41.6744,3.9599],[41.6639,3.9657],[41.6552,3.9655],[41.6316,3.9824],[41.6277,3.9833],[41.6178,3.9739],[41.6022,3.9749],[41.5933,3.97],[41.5763,3.9708],[41.5669,3.9667],[41.5603,3.9708],[41.5507,3.9817],[41.5452,3.9821],[41.524,3.9712],[41.5183,3.9597],[41.5052,3.9549],[41.5057,3.9648],[41.4894,3.9579],[41.482,3.9575],[41.4797,3.9522],[41.4683,3.9531],[41.4603,3.9566],[41.4453,3.9536],[41.4371,3.9548],[41.4355,3.9475],[41.4302,3.9449],[41.4217,3.9493],[41.4137,3.9489],[41.3913,3.9628],[41.3786,3.9517],[41.3736,3.9515],[41.3546,3.9603],[41.3484,3.9509],[41.3298,3.9392],[41.3098,3.9479],[41.2817,3.9485],[41.2758,3.9554],[41.2522,3.9547],[41.2353,3.9589],[41.2271,3.9499],[41.2146,3.9535],[41.2032,3.9479],[41.201,3.9381],[41.1859,3.9414],[41.1816,3.9395],[41.1693,3.9426],[41.1629,3.9513],[41.1326,3.9666],[41.1333,3.9742],[41.1249,3.9742],[41.118,3.9871],[41.1054,3.9853],[41.0985,3.9952],[41.0919,4.0133],[41.0727,4.0226],[41.0574,4.0477],[41.0444,4.0588],[41.0352,4.0704],[41.0261,4.0709],[41.0231,4.0766],[41.0099,4.0893],[41.0014,4.1027],[40.9934,4.1078],[40.9822,4.1106],[40.9722,4.1254],[40.9651,4.1321],[40.9479,4.1409],[40.9298,4.1442],[40.9042,4.1546],[40.8985,4.1707],[40.8832,4.1927],[40.8824,4.2128],[40.8732,4.2209],[40.8558,4.2267],[40.8441,4.2463],[40.8307,4.2484],[40.8138,4.2552],[40.7846,4.273],[40.7734,4.2825],[40.7618,4.3049],[40.7626,4.318],[40.7557,4.3268],[40.7479,4.327],[40.7447,4.334],[40.7519,4.3466],[40.7648,4.3546],[40.7713,4.381],[40.7742,4.4141],[40.7458,4.4269],[40.7396,4.4458],[40.7145,4.4645],[40.7106,4.4694],[40.7086,4.4896],[40.7061,4.4981],[40.6798,4.5311],[40.664,4.5438],[40.65,4.5418],[40.6482,4.5503],[40.6402,4.5575],[40.6217,4.5911],[40.5868,4.6338],[40.5772,4.6608],[40.5591,4.6673],[40.5461,4.6804],[40.5372,4.692],[40.5193,4.6985],[40.5085,4.6987],[40.4882,4.714],[40.4728,4.7313],[40.4614,4.7355],[40.4465,4.747],[40.4429,4.7537],[40.4307,4.7558],[40.4181,4.7717],[40.4108,4.7759],[40.4025,4.7727],[40.3633,4.7928],[40.3494,4.8115],[40.329,4.8205],[40.3028,4.8215],[40.2755,4.8297],[40.2312,4.8309],[40.2251,4.833],[40.2171,4.8429],[40.2015,4.8517],[40.1955,4.8515],[40.1886,4.8451],[40.178,4.8246],[40.1749,4.7858],[40.1694,4.7754],[40.1542,4.7679],[40.1312,4.7601],[40.1128,4.7485],[40.1055,4.7476],[40.0977,4.7524],[40.0945,4.7674],[40.0837,4.7713],[40.0653,4.7669],[40.05,4.7654],[40.0362,4.7611],[40.0139,4.7473],[39.9944,4.737],[39.9423,4.7347],[39.9345,4.7246],[39.9145,4.7115],[39.8591,4.7278],[39.8376,4.7361],[39.8108,4.7405],[39.8058,4.747],[39.7853,4.7438],[39.7755,4.7454],[39.7596,4.7254],[39.7603,4.7224],[39.7441,4.7097],[39.7436,4.7235],[39.7585,4.8011],[39.7651,4.8468],[39.784,4.8906],[39.8044,4.9515],[39.8129,5.0021],[39.8336,5.0328],[39.8784,5.1403],[39.9073,5.2196],[39.9423,5.285],[40.0337,5.3968],[40.0634,5.3785],[40.098,5.3649],[40.1346,5.3579],[40.1744,5.3534],[40.2084,5.3555],[40.2406,5.3661],[40.2767,5.3682],[40.3104,5.3763],[40.3695,5.3864],[40.4559,5.3987],[40.5329,5.4106],[40.549,5.4277],[40.5635,5.4539],[40.581,5.4759],[40.6054,5.4903],[40.616,5.5069],[40.6331,5.5301],[40.6796,5.5406],[40.6944,5.5672],[40.7529,5.5944],[40.7834,5.6146],[40.8115,5.6349],[40.8322,5.6559],[40.865,5.669],[40.9223,5.6834],[40.8931,5.7611],[40.8748,5.8079],[40.8784,5.9875],[40.8712,6.0558],[40.8667,6.0766],[40.8695,6.0945],[40.8664,6.1138],[40.8679,6.1513],[40.878,6.1877],[40.8816,6.2443],[40.8797,6.2665],[40.8645,6.3203],[40.8619,6.3457],[40.864,6.351],[40.8567,6.3859],[40.8604,6.4362],[40.8856,6.4721],[40.9001,6.5116],[40.9361,6.5512],[40.99,6.6042],[41.0155,6.6446],[41.0712,6.6879],[41.0721,6.6943],[41.131,6.6913],[41.1563,6.6769],[41.1743,6.6589],[41.2285,6.623],[41.3584,6.5655],[41.38,6.5655],[41.4378,6.544],[41.5199,6.472],[41.4845,6.4495],[41.4815,6.4465],[41.5663,6.0417],[41.6235,5.937],[41.6199,5.8778],[41.5459,5.7615],[41.4085,5.6656],[41.2286,5.7126],[41.1517,5.6236],[41.1415,5.6183],[41.1371,5.6126],[41.1377,5.6057],[41.1469,5.6054],[41.1543,5.6003],[41.1558,5.5913],[41.1424,5.573],[41.1504,5.564],[41.1575,5.5495],[41.1717,5.5379],[41.1831,5.5371],[41.1868,5.5238],[41.1773,5.511],[41.1904,5.4999],[41.1983,5.4766],[41.2017,5.4562],[41.2117,5.4423],[41.2331,5.4365],[41.2475,5.4291],[41.2534,5.4221],[41.2554,5.407],[41.2492,5.3964],[41.2512,5.3814],[41.2579,5.3787],[41.2949,5.3514],[41.3022,5.3345],[41.2997,5.3247],[41.303,5.3056],[41.3149,5.2945],[41.3185,5.2846],[41.3166,5.2611],[41.3124,5.2393],[41.316,5.2245],[41.323,5.2084],[41.3294,5.1985],[41.3264,5.1838],[41.3206,5.1769],[41.3199,5.1705],[41.324,5.1564],[41.3311,5.1509],[41.334,5.141],[41.3418,5.1421],[41.3448,5.1538],[41.3481,5.1545],[41.3503,5.1441],[41.3466,5.1292],[41.3543,5.1126],[41.3623,5.1059],[41.3648,5.0955],[41.3753,5.081],[41.3796,5.0692],[41.3913,5.0542],[41.4007,5.0505],[41.4184,5.0033],[41.425,4.9993],[41.4438,4.9963],[41.4642,4.9863],[41.4701,4.9704],[41.4848,4.9659],[41.4891,4.9606],[41.4892,4.9434],[41.4961,4.9408],[41.5027,4.9293],[41.5151,4.9182],[41.5263,4.9188],[41.5314,4.916],[41.5391,4.8969],[41.5542,4.881],[41.5569,4.875],[41.5536,4.8587],[41.556,4.843],[41.5707,4.8439],[41.5812,4.8316],[41.5844,4.821],[41.5828,4.8162],[41.5745,4.8158],[41.5704,4.8087],[41.5904,4.7867],[41.5981,4.7586],[41.5994,4.7469],[41.5968,4.7294],[41.598,4.7246],[41.6125,4.7027],[41.618,4.6914],[41.6141,4.6863],[41.6017,4.6921],[41.5976,4.6905],[41.5971,4.6816],[41.6239,4.6679],[41.6314,4.6586],[41.6391,4.6303],[41.6448,4.6254],[41.6543,4.6015],[41.66,4.6047],[41.6573,4.6136],[41.6647,4.6088],[41.6733,4.5887],[41.6827,4.5926],[41.701,4.5725],[41.7102,4.575],[41.7136,4.5846],[41.701,4.5879],[41.6983,4.5934],[41.7098,4.5998],[41.722,4.6021],[41.7179,4.5692],[41.722,4.5547],[41.7435,4.5403],[41.7437,4.5297],[41.7595,4.5195],[41.764,4.5052],[41.7846,4.4982],[41.7871,4.4916],[41.7775,4.4941],[41.7712,4.4919],[41.7783,4.476],[41.7847,4.4676],[41.797,4.4651],[41.805,4.4593],[41.8111,4.4323],[41.8233,4.4387],[41.8347,4.4322],[41.8525,4.4151],[41.8454,4.4068],[41.8497,4.4004],[41.8517,4.385],[41.8593,4.3847],[41.8637,4.3952],[41.8687,4.3874],[41.8825,4.3887],[41.8856,4.3809],[41.8824,4.3659],[41.8853,4.3491],[41.9191,4.337],[41.9216,4.3305],[41.9184,4.326],[41.9312,4.3254],[41.9295,4.3381],[41.935,4.3401],[41.9405,4.3337],[41.9406,4.3268],[41.9358,4.3174],[41.9454,4.3081],[41.9497,4.2987],[41.9552,4.2998],[41.9662,4.3085],[41.9662,4.3016],[41.9738,4.3126],[41.9799,4.2893],[41.9976,4.2885],[41.9994,4.2985],[42.0019,4.29],[42.0269,4.2808],[42.0591,4.2786],[42.0562,4.2344],[42.0558,4.2146],[42.0751,4.1837],[42.0845,4.1778],[42.069,4.1683]]]}},{"type":"Feature","properties":{"zone":"Nogob","region":"Somali","total_woredas":7,"lersha_woredas":0,"lersha_area_km2":0.0},"geometry":{"type":"Polygon","coordinates":[[[42.1399,6.9673],[42.1626,7.0071],[42.2073,7.0524],[42.2301,7.0624],[42.2487,7.0762],[42.2688,7.0993],[42.2784,7.1507],[42.2707,7.1964],[42.2322,7.2104],[42.2297,7.217],[42.2325,7.2276],[42.2325,7.2462],[42.2233,7.2633],[42.2396,7.2791],[42.2399,7.2911],[42.2468,7.3125],[42.2572,7.3246],[42.3091,7.3339],[42.403,7.3682],[42.5438,7.4163],[42.5976,7.4343],[42.6694,7.4593],[42.5804,7.5299],[42.552,7.5611],[42.5628,7.5692],[42.5789,7.5685],[42.5979,7.5757],[42.633,7.5862],[42.649,7.5945],[42.6715,7.6189],[42.6816,7.622],[42.6915,7.6324],[42.7041,7.642],[42.7131,7.6541],[42.7146,7.6628],[42.7113,7.6722],[42.7213,7.6899],[42.7341,7.7028],[42.7359,7.7117],[42.732,7.7425],[42.7394,7.7609],[42.7387,7.7818],[42.7264,7.8018],[42.7238,7.8108],[42.7114,7.8221],[42.7093,7.8299],[42.7126,7.8595],[42.7087,7.8742],[42.6991,7.8834],[42.6958,7.8907],[42.6999,7.8979],[42.7018,7.9101],[42.7105,7.932],[42.7041,7.9453],[42.7117,7.9448],[43.3179,7.6573],[43.4824,7.5405],[43.5017,7.4569],[43.4793,7.3854],[43.5621,7.3354],[43.7013,7.2889],[43.6547,6.9935],[43.5918,6.8195],[43.5622,6.7963],[43.5429,6.7763],[43.5172,6.7649],[43.4862,6.7552],[43.4035,6.7432],[43.1972,6.8095],[43.1937,6.8056],[43.219,6.7097],[43.2483,6.6296],[43.287,6.5375],[43.3191,6.4628],[43.334,6.4298],[43.3026,6.4201],[43.2639,6.4106],[43.211,6.3909],[43.1824,6.3761],[43.1384,6.3666],[43.0962,6.3445],[43.0468,6.3267],[42.9954,6.3133],[42.9451,6.3098],[42.9289,6.4016],[42.8097,6.4798],[42.8419,6.6726],[42.8442,6.7619],[42.7776,6.7489],[42.7448,6.7404],[42.682,6.7304],[42.6049,6.7618],[42.5506,6.8274],[42.5153,6.928],[42.4453,6.9041],[42.3156,6.8929],[42.1969,6.9094],[42.1628,6.9274],[42.1646,6.9418],[42.1361,6.9585],[42.1399,6.9673]]]}},{"type":"Feature","properties":{"zone":"Daawa","region":"Somali","total_woredas":4,"lersha_woredas":0,"lersha_area_km2":0.0},"geometry":{"type":"Polygon","coordinates":[[[39.0979,3.5367],[39.2205,3.6025],[39.2847,3.6231],[39.3996,3.7957],[39.4318,3.853],[39.4828,3.942],[39.4997,3.9657],[39.4783,4.0403],[39.5091,4.1144],[39.5288,4.1667],[39.5397,4.2352],[39.567,4.2646],[39.575,4.2783],[39.5858,4.2965],[39.6188,4.3685],[39.6315,4.4027],[39.6421,4.4359],[39.6556,4.4689],[39.6746,4.5052],[39.6901,4.5433],[39.7033,4.5682],[39.7098,4.5974],[39.7251,4.6331],[39.7397,4.6547],[39.7459,4.6666],[39.7441,4.7097],[39.7603,4.7224],[39.7596,4.7254],[39.7755,4.7454],[39.7853,4.7438],[39.8058,4.747],[39.8108,4.7405],[39.8376,4.7361],[39.8591,4.7278],[39.9145,4.7115],[39.9345,4.7246],[39.9423,4.7347],[39.9944,4.737],[40.0139,4.7473],[40.0362,4.7611],[40.05,4.7654],[40.0653,4.7669],[40.0837,4.7713],[40.0945,4.7674],[40.0977,4.7524],[40.1055,4.7476],[40.1128,4.7485],[40.1312,4.7601],[40.1542,4.7679],[40.1694,4.7754],[40.1749,4.7858],[40.178,4.8246],[40.1886,4.8451],[40.1955,4.8515],[40.2015,4.8517],[40.2171,4.8429],[40.2251,4.833],[40.2312,4.8309],[40.2755,4.8297],[40.3028,4.8215],[40.329,4.8205],[40.3494,4.8115],[40.3633,4.7928],[40.4025,4.7727],[40.4108,4.7759],[40.4181,4.7717],[40.4307,4.7558],[40.4429,4.7537],[40.4465,4.747],[40.4614,4.7355],[40.4728,4.7313],[40.4882,4.714],[40.5085,4.6987],[40.5193,4.6985],[40.5372,4.692],[40.5461,4.6804],[40.5591,4.6673],[40.5772,4.6608],[40.5868,4.6338],[40.6217,4.5911],[40.6402,4.5575],[40.6482,4.5503],[40.65,4.5418],[40.664,4.5438],[40.6798,4.5311],[40.7061,4.4981],[40.7086,4.4896],[40.7106,4.4694],[40.7145,4.4645],[40.7396,4.4458],[40.7458,4.4269],[40.7742,4.4141],[40.7713,4.381],[40.7648,4.3546],[40.7519,4.3466],[40.7447,4.334],[40.7479,4.327],[40.7557,4.3268],[40.7626,4.318],[40.7618,4.3049],[40.7734,4.2825],[40.6722,4.2286],[40.3989,4.1231],[40.3886,4.0989],[40.1825,4.0225],[40.0,3.9286],[39.8667,3.8694],[39.7828,3.6783],[39.595,3.5008],[39.5603,3.4067],[39.519,3.4093],[39.5021,3.4226],[39.4996,3.4501],[39.4508,3.4625],[39.4225,3.46],[39.3314,3.4692],[39.3286,3.4996],[39.295,3.4753],[39.2489,3.4714],[39.1969,3.4786],[39.13,3.5108],[39.0911,3.5311],[39.0979,3.5367]]]}},{"type":"Feature","properties":{"zone":"Metekel","region":"Benishangul-Gumuz","total_woredas":8,"lersha_woredas":0,"lersha_area_km2":0.0},"geometry":{"type":"Polygon","coordinates":[[[34.9711,11.2311],[34.9642,11.2504],[34.9671,11.2749],[34.9864,11.3183],[35.0044,11.3489],[35.0133,11.3678],[35.0875,11.5358],[35.0952,11.5765],[35.0917,11.5989],[35.0668,11.6465],[35.0583,11.7303],[35.0632,11.7596],[35.0836,11.8056],[35.1024,11.8344],[35.1163,11.8508],[35.1344,11.8639],[35.1683,11.8783],[35.2017,11.8864],[35.2314,11.8982],[35.2536,11.9175],[35.2611,11.9277],[35.2828,11.8897],[35.2873,11.8701],[35.2877,11.8559],[35.2847,11.8465],[35.2881,11.8299],[35.2967,11.8195],[35.2959,11.7992],[35.3033,11.8028],[35.3137,11.7922],[35.3257,11.7945],[35.335,11.782],[35.3374,11.773],[35.3638,11.753],[35.3947,11.7462],[35.4218,11.7294],[35.441,11.7299],[35.4616,11.7351],[35.4733,11.7362],[35.5169,11.718],[35.5346,11.7297],[35.5766,11.7674],[35.5899,11.773],[35.6235,11.7758],[35.6449,11.7814],[35.6617,11.7934],[35.6666,11.8259],[35.6832,11.8254],[35.6944,11.8313],[35.7055,11.8224],[35.7197,11.8291],[35.7368,11.8328],[35.7561,11.8313],[35.7628,11.8373],[35.7739,11.8336],[35.8037,11.838],[35.8148,11.8284],[35.823,11.8269],[35.8483,11.8402],[35.8602,11.8499],[35.8706,11.8648],[35.8744,11.8859],[35.8877,11.8908],[35.9113,11.9055],[35.9177,11.905],[35.9365,11.9208],[35.9429,11.9366],[35.94,11.9544],[35.9332,11.96],[35.9405,11.9708],[35.9658,11.9846],[35.9723,11.9703],[35.969,11.9584],[35.978,11.9605],[35.996,11.9269],[36.0212,11.9138],[36.0426,11.8951],[36.0338,11.8918],[36.0381,11.8855],[36.0506,11.883],[36.0451,11.8764],[36.0564,11.8743],[36.0491,11.866],[36.0545,11.8493],[36.0663,11.8516],[36.0843,11.8351],[36.0815,11.8244],[36.0951,11.8129],[36.1052,11.8159],[36.1172,11.7742],[36.1232,11.7344],[36.1166,11.7235],[36.1255,11.7192],[36.1184,11.7058],[36.1448,11.6856],[36.1571,11.6859],[36.165,11.6782],[36.1857,11.69],[36.2008,11.7058],[36.2071,11.7214],[36.2316,11.7221],[36.2359,11.737],[36.261,11.7535],[36.2829,11.7727],[36.2959,11.7893],[36.3088,11.8032],[36.3291,11.7967],[36.3413,11.7808],[36.3376,11.773],[36.3412,11.7677],[36.3387,11.761],[36.3396,11.7375],[36.3338,11.7232],[36.3321,11.7041],[36.3476,11.6966],[36.3324,11.666],[36.3383,11.6509],[36.3484,11.6054],[36.3653,11.6003],[36.3752,11.6077],[36.3794,11.5961],[36.3914,11.5833],[36.3903,11.5713],[36.4034,11.546],[36.4145,11.5451],[36.4131,11.532],[36.424,11.5222],[36.4388,11.5043],[36.4443,11.4928],[36.4384,11.4918],[36.4251,11.4767],[36.4197,11.4673],[36.4095,11.4583],[36.4099,11.4139],[36.4481,11.4269],[36.4672,11.4286],[36.4715,11.4363],[36.4978,11.4437],[36.5035,11.4581],[36.5122,11.4583],[36.5211,11.4445],[36.5299,11.4345],[36.5331,11.3941],[36.5411,11.3941],[36.5514,11.3866],[36.5639,11.3713],[36.5636,11.358],[36.5588,11.3543],[36.5387,11.3456],[36.5345,11.3353],[36.5475,11.3373],[36.5564,11.3295],[36.5624,11.3183],[36.5569,11.3021],[36.5454,11.3048],[36.5296,11.3025],[36.5148,11.2896],[36.505,11.285],[36.495,11.289],[36.4903,11.2791],[36.4832,11.2718],[36.4671,11.265],[36.4758,11.2447],[36.4708,11.2333],[36.4602,11.2264],[36.4676,11.2153],[36.4685,11.1972],[36.466,11.1864],[36.4682,11.1783],[36.4676,11.1554],[36.4756,11.157],[36.5029,11.1375],[36.5114,11.1374],[36.5304,11.1416],[36.5493,11.1378],[36.5528,11.1271],[36.5602,11.1133],[36.578,11.1105],[36.575,11.1007],[36.5594,11.0998],[36.5549,11.0932],[36.534,11.098],[36.5326,11.1132],[36.5251,11.1127],[36.515,11.1048],[36.5007,11.0853],[36.4913,11.0759],[36.4897,11.0687],[36.4783,11.0671],[36.4699,11.0552],[36.4512,11.0535],[36.4442,11.0504],[36.4362,11.039],[36.4226,11.0314],[36.4177,11.0007],[36.4139,10.9958],[36.3658,10.9457],[36.354,10.937],[36.3506,10.93],[36.3531,10.9212],[36.3471,10.9172],[36.3455,10.9107],[36.3316,10.8977],[36.3321,10.8874],[36.3226,10.8787],[36.3091,10.8625],[36.3093,10.8546],[36.3138,10.8508],[36.3097,10.8358],[36.3101,10.8272],[36.3048,10.8199],[36.2949,10.815],[36.2995,10.81],[36.2823,10.8039],[36.2885,10.7724],[36.2852,10.7446],[36.2938,10.7434],[36.3108,10.7473],[36.3135,10.7529],[36.3247,10.7632],[36.3253,10.7687],[36.3313,10.7703],[36.3416,10.7888],[36.3495,10.7902],[36.3772,10.7858],[36.3728,10.7728],[36.376,10.7653],[36.374,10.7584],[36.3627,10.7482],[36.3593,10.7416],[36.3526,10.74],[36.3313,10.7262],[36.3266,10.7138],[36.3176,10.7036],[36.3166,10.6972],[36.3217,10.6853],[36.318,10.6793],[36.3113,10.6788],[36.3125,10.6738],[36.3242,10.6617],[36.3183,10.652],[36.3109,10.649],[36.303,10.6379],[36.3076,10.6242],[36.2916,10.62],[36.2863,10.6151],[36.2816,10.6046],[36.2837,10.5987],[36.2935,10.5971],[36.3059,10.5779],[36.302,10.5712],[36.302,10.554],[36.3082,10.5524],[36.3109,10.5421],[36.3182,10.528],[36.3261,10.5233],[36.3436,10.5209],[36.3591,10.5303],[36.3637,10.5181],[36.3647,10.5062],[36.3715,10.5048],[36.3822,10.4896],[36.3909,10.468],[36.409,10.4553],[36.4238,10.4558],[36.4156,10.4391],[36.4121,10.4172],[36.4158,10.3902],[36.4076,10.3769],[36.4017,10.3746],[36.3909,10.3614],[36.3756,10.3575],[36.3716,10.3508],[36.3733,10.3429],[36.3637,10.333],[36.3563,10.31],[36.3478,10.2958],[36.3309,10.2907],[36.326,10.2798],[36.3266,10.2659],[36.3174,10.2197],[36.3077,10.2105],[36.2975,10.2077],[36.2797,10.2096],[36.2732,10.2049],[36.2537,10.168],[36.2501,10.1531],[36.2431,10.1371],[36.222,10.1266],[36.2089,10.1186],[36.1897,10.1182],[36.1708,10.1216],[36.159,10.116],[36.1359,10.1195],[36.1221,10.1318],[36.1007,10.1324],[36.0821,10.1405],[36.0728,10.1416],[36.0636,10.1387],[36.0488,10.1443],[36.0315,10.1385],[36.0204,10.1234],[36.0088,10.1236],[35.9962,10.1375],[35.9909,10.1474],[35.9829,10.1477],[35.9719,10.1423],[35.9562,10.1293],[35.954,10.1152],[35.9479,10.1093],[35.9257,10.0978],[35.9099,10.0835],[35.9007,10.0784],[35.8961,10.0658],[35.8976,10.0486],[35.8846,10.0325],[35.8747,10.0098],[35.8588,10.0066],[35.8339,10.0121],[35.8196,10.0112],[35.8133,10.0176],[35.8028,10.0364],[35.7956,10.0446],[35.7803,10.0444],[35.7735,10.0522],[35.7627,10.0552],[35.7445,10.0532],[35.7341,10.0478],[35.7277,10.0342],[35.7407,10.0081],[35.7386,9.9953],[35.7392,9.9809],[35.733,9.9678],[35.7222,9.961],[35.6978,9.9622],[35.6905,9.9597],[35.688,9.9494],[35.6832,9.9446],[35.6739,9.9432],[35.6616,9.9526],[35.6571,9.9608],[35.6497,9.9649],[35.6393,9.9635],[35.632,9.9683],[35.629,9.9876],[35.6257,9.9972],[35.6105,10.0132],[35.6019,10.0293],[35.601,10.0449],[35.5976,10.051],[35.5823,10.0578],[35.5615,10.0728],[35.5387,10.0749],[35.5314,10.0782],[35.5133,10.0949],[35.4958,10.0975],[35.479,10.114],[35.4547,10.1185],[35.4398,10.1245],[35.4242,10.1238],[35.414,10.1163],[35.4032,10.1151],[35.3869,10.1253],[35.375,10.1306],[35.364,10.1288],[35.356,10.1313],[35.3509,10.1399],[35.3496,10.1537],[35.3372,10.1752],[35.3307,10.1794],[35.3159,10.1946],[35.3136,10.2066],[35.3205,10.2282],[35.3171,10.2352],[35.317,10.2509],[35.3211,10.2597],[35.3186,10.2689],[35.3247,10.2818],[35.3311,10.3111],[35.3217,10.3275],[35.3178,10.3604],[35.3218,10.3835],[35.3148,10.4025],[35.2997,10.4278],[35.2919,10.4459],[35.2798,10.4551],[35.2639,10.4584],[35.2455,10.476],[35.2452,10.4819],[35.2363,10.4973],[35.2178,10.5083],[35.2128,10.5207],[35.2003,10.5325],[35.1935,10.5543],[35.1831,10.5507],[35.1657,10.556],[35.158,10.5625],[35.1536,10.5723],[35.1526,10.5853],[35.1537,10.6134],[35.1647,10.6218],[35.1637,10.6385],[35.1596,10.645],[35.1582,10.6735],[35.1635,10.687],[35.1804,10.7037],[35.1823,10.7107],[35.191,10.7214],[35.1921,10.7289],[35.189,10.7387],[35.1975,10.7423],[35.1983,10.7549],[35.1949,10.758],[35.1912,10.7843],[35.1859,10.7957],[35.1892,10.8007],[35.1901,10.8128],[35.1937,10.8179],[35.2006,10.8386],[35.2068,10.8431],[35.2084,10.8519],[35.2161,10.8644],[35.2155,10.8738],[35.2009,10.8915],[35.2031,10.9114],[35.1983,10.9191],[35.1958,10.9316],[35.1993,10.9441],[35.1948,10.9529],[35.1858,10.9609],[35.1849,10.992],[35.1876,11.0161],[35.1914,11.0368],[35.1909,11.046],[35.1957,11.0548],[35.1965,11.0668],[35.2026,11.0899],[35.1961,11.1198],[35.1774,11.1407],[35.1686,11.1458],[35.1528,11.1432],[35.1368,11.1513],[35.1289,11.1524],[35.1268,11.1733],[35.1119,11.1926],[35.1103,11.2],[35.0905,11.2157],[35.0725,11.2211],[35.0555,11.2213],[35.0394,11.2325],[35.0277,11.2367],[35.0089,11.2405],[34.9931,11.2264],[34.9748,11.2277],[34.9711,11.2311]]]}},{"type":"Feature","properties":{"zone":"Assosa","region":"Benishangul-Gumuz","total_woredas":11,"lersha_woredas":0,"lersha_area_km2":0.0},"geometry":{"type":"Polygon","coordinates":[[[34.5583,9.6445],[34.5461,9.6487],[34.5364,9.6414],[34.5296,9.6416],[34.527,9.6465],[34.5179,9.6439],[34.5097,9.6526],[34.5068,9.6408],[34.4982,9.6341],[34.4925,9.6227],[34.4753,9.6232],[34.4639,9.633],[34.4555,9.6274],[34.4439,9.6241],[34.431,9.63],[34.4246,9.6492],[34.4235,9.661],[34.4107,9.6702],[34.4037,9.6646],[34.3919,9.6639],[34.3875,9.6593],[34.3678,9.6725],[34.3537,9.6772],[34.3386,9.6846],[34.3285,9.6982],[34.3228,9.7209],[34.3094,9.736],[34.2679,9.7493],[34.241,9.7436],[34.2258,9.7453],[34.2132,9.7404],[34.1982,9.7379],[34.1877,9.7292],[34.18,9.7186],[34.1544,9.7129],[34.1288,9.7158],[34.14,9.7581],[34.2072,9.905],[34.2197,9.9736],[34.2306,10.0276],[34.3231,10.1172],[34.3483,10.2385],[34.3419,10.2808],[34.3281,10.35],[34.2861,10.5542],[34.3147,10.5864],[34.3528,10.6317],[34.4397,10.7844],[34.5944,10.8878],[34.6739,10.8347],[34.7699,10.7494],[34.8006,10.7233],[34.8606,10.732],[34.9753,10.8644],[34.9782,10.9079],[34.9978,10.9003],[35.0769,10.8662],[35.0866,10.8513],[35.0963,10.7978],[35.1028,10.7466],[35.0987,10.7143],[35.0835,10.6792],[35.0755,10.6329],[35.0608,10.5959],[35.0267,10.5532],[35.0396,10.5492],[35.0496,10.5432],[35.0693,10.5459],[35.0604,10.536],[35.0518,10.52],[35.0551,10.5097],[35.0521,10.5008],[35.0733,10.4955],[35.103,10.4608],[35.105,10.4476],[35.1129,10.443],[35.1264,10.4264],[35.1247,10.4132],[35.1369,10.4154],[35.142,10.4065],[35.1475,10.4049],[35.1634,10.4177],[35.1844,10.4141],[35.2076,10.3996],[35.2025,10.3893],[35.203,10.3684],[35.2053,10.3474],[35.219,10.3075],[35.2344,10.2907],[35.2299,10.2786],[35.2085,10.2562],[35.2178,10.2045],[35.2273,10.17],[35.2455,10.1303],[35.2568,10.1166],[35.2576,10.1085],[35.2544,10.0953],[35.2554,10.086],[35.2438,10.0683],[35.2426,10.0606],[35.2587,10.0543],[35.2651,10.0449],[35.271,10.0523],[35.2766,10.0528],[35.3057,10.0363],[35.3137,10.0431],[35.3247,10.0366],[35.3413,10.0336],[35.3393,10.0261],[35.3428,10.0124],[35.3487,10.0073],[35.3482,9.9944],[35.3586,9.9714],[35.3556,9.9649],[35.3615,9.9539],[35.3617,9.9454],[35.3561,9.9306],[35.3586,9.9238],[35.3574,9.9111],[35.3462,9.9053],[35.3419,9.8997],[35.3283,9.8901],[35.3251,9.8845],[35.311,9.9112],[35.2975,9.9225],[35.2785,9.9071],[35.2307,9.8933],[35.2229,9.9103],[35.2208,9.9254],[35.1596,9.9484],[35.0883,9.9505],[35.0808,9.939],[35.081,9.9219],[35.0485,9.9177],[35.0197,9.9288],[35.015,9.9952],[34.9882,9.9968],[34.943,9.9336],[34.9277,9.9353],[34.9044,9.9559],[34.8878,9.9082],[34.8668,9.9023],[34.8977,9.8818],[34.8922,9.8646],[34.8771,9.8454],[34.8697,9.8207],[34.8545,9.8167],[34.8317,9.8031],[34.8073,9.7611],[34.7961,9.7362],[34.81,9.7022],[34.8109,9.6301],[34.7921,9.6033],[34.783,9.5533],[34.7351,9.5453],[34.6859,9.5637],[34.632,9.588],[34.5854,9.6304],[34.5675,9.63],[34.5583,9.6445]]]}},{"type":"Feature","properties":{"zone":"Kamashi","region":"Benishangul-Gumuz","total_woredas":6,"lersha_woredas":0,"lersha_area_km2":0.0},"geometry":{"type":"Polygon","coordinates":[[[36.1314,9.0208],[36.1311,9.0247],[36.1287,9.0511],[36.1086,9.08],[36.0946,9.065],[36.0842,9.0584],[36.0755,9.0626],[36.097,9.0324],[36.094,9.0267],[36.0865,9.0126],[36.0639,9.0199],[36.0511,9.017],[36.0422,9.015],[36.0424,9.0322],[36.0281,9.056],[36.034,9.1074],[36.0536,9.1194],[36.044,9.1951],[36.0316,9.2334],[35.9754,9.2429],[35.9493,9.2492],[35.9307,9.2672],[35.9179,9.2856],[35.9111,9.316],[35.8599,9.325],[35.8085,9.3089],[35.7972,9.3086],[35.774,9.3243],[35.7567,9.3236],[35.7506,9.3311],[35.7492,9.3486],[35.7552,9.3648],[35.7501,9.4031],[35.754,9.4165],[35.7659,9.4276],[35.7784,9.4307],[35.7773,9.4401],[35.765,9.4734],[35.7529,9.4817],[35.7319,9.4815],[35.7108,9.4868],[35.6865,9.5104],[35.6714,9.5172],[35.6475,9.5533],[35.6436,9.5946],[35.6505,9.613],[35.6534,9.6349],[35.6347,9.6515],[35.6248,9.6512],[35.5944,9.656],[35.5785,9.6655],[35.5611,9.692],[35.5537,9.6961],[35.534,9.6964],[35.5333,9.6904],[35.5051,9.6887],[35.4684,9.6704],[35.4554,9.6722],[35.4108,9.7137],[35.3894,9.72],[35.3684,9.7193],[35.3651,9.7275],[35.3754,9.75],[35.383,9.759],[35.3788,9.7654],[35.4196,9.7851],[35.408,9.7945],[35.3869,9.8019],[35.3638,9.813],[35.3498,9.8661],[35.3251,9.8845],[35.3283,9.8901],[35.3419,9.8997],[35.3462,9.9053],[35.3574,9.9111],[35.3586,9.9238],[35.3561,9.9306],[35.3617,9.9454],[35.3615,9.9539],[35.3556,9.9649],[35.3586,9.9714],[35.3482,9.9944],[35.3487,10.0073],[35.3428,10.0124],[35.3393,10.0261],[35.3413,10.0336],[35.3247,10.0366],[35.3137,10.0431],[35.3057,10.0363],[35.2766,10.0528],[35.271,10.0523],[35.2651,10.0449],[35.2587,10.0543],[35.2426,10.0606],[35.2438,10.0683],[35.2554,10.086],[35.2544,10.0953],[35.2576,10.1085],[35.2568,10.1166],[35.2455,10.1303],[35.2273,10.17],[35.2178,10.2045],[35.2085,10.2562],[35.2299,10.2786],[35.2344,10.2907],[35.219,10.3075],[35.2053,10.3474],[35.203,10.3684],[35.2025,10.3893],[35.2076,10.3996],[35.1844,10.4141],[35.1634,10.4177],[35.1475,10.4049],[35.142,10.4065],[35.1369,10.4154],[35.1247,10.4132],[35.1264,10.4264],[35.1129,10.443],[35.105,10.4476],[35.103,10.4608],[35.0733,10.4955],[35.0521,10.5008],[35.0551,10.5097],[35.0518,10.52],[35.0604,10.536],[35.0693,10.5459],[35.0496,10.5432],[35.0396,10.5492],[35.0267,10.5532],[35.0608,10.5959],[35.0755,10.6329],[35.0835,10.6792],[35.0987,10.7143],[35.1028,10.7466],[35.0963,10.7978],[35.0866,10.8513],[35.0769,10.8662],[34.9978,10.9003],[34.9782,10.9079],[34.9786,10.9153],[34.9333,10.9567],[34.9836,11.1103],[35.0056,11.1744],[35.0075,11.1983],[34.9748,11.2277],[34.9931,11.2264],[35.0089,11.2405],[35.0277,11.2367],[35.0394,11.2325],[35.0555,11.2213],[35.0725,11.2211],[35.0905,11.2157],[35.1103,11.2],[35.1119,11.1926],[35.1268,11.1733],[35.1289,11.1524],[35.1368,11.1513],[35.1528,11.1432],[35.1686,11.1458],[35.1774,11.1407],[35.1961,11.1198],[35.2026,11.0899],[35.1965,11.0668],[35.1957,11.0548],[35.1909,11.046],[35.1914,11.0368],[35.1876,11.0161],[35.1849,10.992],[35.1858,10.9609],[35.1948,10.9529],[35.1993,10.9441],[35.1958,10.9316],[35.1983,10.9191],[35.2031,10.9114],[35.2009,10.8915],[35.2155,10.8738],[35.2161,10.8644],[35.2084,10.8519],[35.2068,10.8431],[35.2006,10.8386],[35.1937,10.8179],[35.1901,10.8128],[35.1892,10.8007],[35.1859,10.7957],[35.1912,10.7843],[35.1949,10.758],[35.1983,10.7549],[35.1975,10.7423],[35.189,10.7387],[35.1921,10.7289],[35.191,10.7214],[35.1823,10.7107],[35.1804,10.7037],[35.1635,10.687],[35.1582,10.6735],[35.1596,10.645],[35.1637,10.6385],[35.1647,10.6218],[35.1537,10.6134],[35.1526,10.5853],[35.1536,10.5723],[35.158,10.5625],[35.1657,10.556],[35.1831,10.5507],[35.1935,10.5543],[35.2003,10.5325],[35.2128,10.5207],[35.2178,10.5083],[35.2363,10.4973],[35.2452,10.4819],[35.2455,10.476],[35.2639,10.4584],[35.2798,10.4551],[35.2919,10.4459],[35.2997,10.4278],[35.3148,10.4025],[35.3218,10.3835],[35.3178,10.3604],[35.3217,10.3275],[35.3311,10.3111],[35.3247,10.2818],[35.3186,10.2689],[35.3211,10.2597],[35.317,10.2509],[35.3171,10.2352],[35.3205,10.2282],[35.3136,10.2066],[35.3159,10.1946],[35.3307,10.1794],[35.3372,10.1752],[35.3496,10.1537],[35.3509,10.1399],[35.356,10.1313],[35.364,10.1288],[35.375,10.1306],[35.3869,10.1253],[35.4032,10.1151],[35.414,10.1163],[35.4242,10.1238],[35.4398,10.1245],[35.4547,10.1185],[35.479,10.114],[35.4958,10.0975],[35.5133,10.0949],[35.5314,10.0782],[35.5387,10.0749],[35.5615,10.0728],[35.5823,10.0578],[35.5976,10.051],[35.601,10.0449],[35.6019,10.0293],[35.6105,10.0132],[35.6257,9.9972],[35.629,9.9876],[35.632,9.9683],[35.6393,9.9635],[35.6497,9.9649],[35.6571,9.9608],[35.6616,9.9526],[35.6739,9.9432],[35.6832,9.9446],[35.688,9.9494],[35.6905,9.9597],[35.6978,9.9622],[35.7222,9.961],[35.733,9.9678],[35.7392,9.9809],[35.7386,9.9953],[35.7407,10.0081],[35.7277,10.0342],[35.7341,10.0478],[35.7445,10.0532],[35.7627,10.0552],[35.7735,10.0522],[35.7803,10.0444],[35.7956,10.0446],[35.8028,10.0364],[35.8133,10.0176],[35.8196,10.0112],[35.8339,10.0121],[35.8588,10.0066],[35.8747,10.0098],[35.8846,10.0325],[35.8976,10.0486],[35.8961,10.0658],[35.9007,10.0784],[35.9099,10.0835],[35.9257,10.0978],[35.9479,10.1093],[35.954,10.1152],[35.9562,10.1293],[35.9719,10.1423],[35.9829,10.1477],[35.9909,10.1474],[35.9962,10.1375],[36.0088,10.1236],[36.0204,10.1234],[36.0315,10.1385],[36.0488,10.1443],[36.0636,10.1387],[36.0728,10.1416],[36.0821,10.1405],[36.1007,10.1324],[36.1221,10.1318],[36.1359,10.1195],[36.159,10.116],[36.1708,10.1216],[36.1897,10.1182],[36.2089,10.1186],[36.222,10.1266],[36.2431,10.1371],[36.2501,10.1531],[36.2537,10.168],[36.2732,10.2049],[36.2797,10.2096],[36.2975,10.2077],[36.3077,10.2105],[36.3174,10.2197],[36.3266,10.2659],[36.326,10.2798],[36.3309,10.2907],[36.3478,10.2958],[36.3563,10.31],[36.3637,10.333],[36.3733,10.3429],[36.3716,10.3508],[36.3756,10.3575],[36.3909,10.3614],[36.4017,10.3746],[36.4076,10.3769],[36.4158,10.3902],[36.4121,10.4172],[36.4156,10.4391],[36.4238,10.4558],[36.4353,10.4525],[36.4495,10.4595],[36.4557,10.4746],[36.4627,10.4792],[36.4854,10.4828],[36.5109,10.4788],[36.5268,10.4829],[36.5372,10.4731],[36.5462,10.4569],[36.5432,10.4487],[36.5326,10.4311],[36.5204,10.4059],[36.5229,10.3942],[36.5312,10.3821],[36.5392,10.365],[36.5485,10.3609],[36.5729,10.3629],[36.5895,10.3689],[36.6055,10.3647],[36.6176,10.355],[36.637,10.3466],[36.6554,10.322],[36.6683,10.3138],[36.6854,10.3176],[36.6922,10.2963],[36.6597,10.277],[36.6106,10.2592],[36.5747,10.2642],[36.5758,10.2792],[36.5545,10.2851],[36.5451,10.2693],[36.5224,10.2504],[36.5155,10.2399],[36.4909,10.2343],[36.4454,10.2458],[36.4162,10.2168],[36.3953,10.1871],[36.3694,10.1617],[36.3323,10.1384],[36.2899,10.1212],[36.2719,10.1131],[36.2679,10.0885],[36.2589,10.0785],[36.2189,10.0532],[36.1846,10.0497],[36.1399,10.0097],[36.1206,9.9716],[36.1198,9.9613],[36.134,9.9159],[36.1522,9.8664],[36.1523,9.8489],[36.1282,9.8522],[36.1365,9.8074],[36.1053,9.7733],[36.1434,9.7578],[36.1591,9.7469],[36.1619,9.7305],[36.1775,9.7013],[36.1919,9.6879],[36.1926,9.6585],[36.2008,9.6149],[36.2291,9.5798],[36.2318,9.5703],[36.2663,9.5687],[36.301,9.5555],[36.3142,9.5407],[36.336,9.512],[36.3551,9.4947],[36.3803,9.4805],[36.4006,9.511],[36.4612,9.5281],[36.4944,9.5094],[36.4987,9.4729],[36.5149,9.4441],[36.5073,9.4193],[36.4836,9.4052],[36.4752,9.3946],[36.4841,9.3679],[36.4614,9.3572],[36.4364,9.358],[36.3747,9.358],[36.3493,9.3449],[36.3338,9.3398],[36.3262,9.3308],[36.319,9.3059],[36.2955,9.3017],[36.2896,9.3215],[36.2751,9.3438],[36.2702,9.3284],[36.2532,9.3018],[36.2184,9.2971],[36.2148,9.3149],[36.2146,9.3324],[36.2343,9.347],[36.2059,9.3547],[36.1946,9.3263],[36.1949,9.289],[36.2263,9.2717],[36.2289,9.229],[36.2039,9.1573],[36.1719,9.1083],[36.1615,9.1054],[36.1846,9.072],[36.2077,9.0672],[36.2358,9.0509],[36.2465,9.041],[36.2259,9.031],[36.1768,9.0445],[36.1671,9.028],[36.1569,9.0207],[36.1314,9.0208]]]}},{"type":"Feature","properties":{"zone":"Mao-komo Special","region":"Benishangul-Gumuz","total_woredas":1,"lersha_woredas":0,"lersha_area_km2":0.0},"geometry":{"type":"Polygon","coordinates":[[[34.1544,9.7129],[34.18,9.7186],[34.1877,9.7292],[34.1982,9.7379],[34.2132,9.7404],[34.2258,9.7453],[34.241,9.7436],[34.2679,9.7493],[34.3094,9.736],[34.3228,9.7209],[34.3285,9.6982],[34.3386,9.6846],[34.3537,9.6772],[34.3678,9.6725],[34.3875,9.6593],[34.3919,9.6639],[34.4037,9.6646],[34.4107,9.6702],[34.4235,9.661],[34.4246,9.6492],[34.431,9.63],[34.4439,9.6241],[34.4555,9.6274],[34.4639,9.633],[34.4753,9.6232],[34.4925,9.6227],[34.4982,9.6341],[34.5068,9.6408],[34.5097,9.6526],[34.5179,9.6439],[34.527,9.6465],[34.5296,9.6416],[34.5364,9.6414],[34.5461,9.6487],[34.5583,9.6445],[34.5675,9.63],[34.5485,9.6297],[34.5321,9.5906],[34.5232,9.5411],[34.4987,9.5142],[34.513,9.448],[34.4518,9.4491],[34.4663,9.3658],[34.4517,9.3087],[34.4524,9.2575],[34.4396,9.2156],[34.4017,9.1866],[34.3409,9.1688],[34.379,9.1306],[34.3933,9.1163],[34.4268,9.0718],[34.4583,9.0732],[34.4837,9.0471],[34.5037,9.0041],[34.4307,8.9674],[34.2215,8.9634],[34.1447,8.9622],[34.1344,8.9626],[34.095,9.4539],[34.0942,9.4547],[34.0858,9.5531],[34.1288,9.7158],[34.1544,9.7129]]]}},{"type":"Feature","properties":{"zone":"Kebena Special","region":"Central Ethiopia","total_woredas":1,"lersha_woredas":0,"lersha_area_km2":0.0},"geometry":{"type":"Polygon","coordinates":[[[38.0558,8.3623],[38.0633,8.3535],[38.0695,8.3547],[38.0712,8.3454],[38.0591,8.3355],[38.0471,8.3334],[38.0335,8.3354],[38.0168,8.3308],[38.0045,8.3141],[37.9938,8.3047],[37.9825,8.3007],[37.9749,8.2918],[37.9523,8.2828],[37.947,8.2719],[37.9434,8.2733],[37.9249,8.2625],[37.9093,8.2639],[37.9018,8.2694],[37.8801,8.2694],[37.8648,8.2745],[37.8714,8.2814],[37.8759,8.2931],[37.8863,8.3035],[37.8793,8.3143],[37.8682,8.3209],[37.8614,8.3173],[37.8386,8.3159],[37.8272,8.3109],[37.8206,8.297],[37.8163,8.2954],[37.8161,8.2872],[37.8073,8.2894],[37.8045,8.2831],[37.7958,8.2855],[37.7988,8.2995],[37.7867,8.3041],[37.7826,8.3011],[37.7759,8.3043],[37.7738,8.287],[37.7593,8.2855],[37.7534,8.2771],[37.7657,8.2722],[37.7753,8.2735],[37.7738,8.2549],[37.7568,8.2487],[37.7525,8.2437],[37.7479,8.2573],[37.7433,8.2619],[37.7396,8.2734],[37.7347,8.2749],[37.7385,8.2926],[37.7229,8.31],[37.7339,8.3166],[37.7414,8.3161],[37.7517,8.311],[37.7663,8.3262],[37.7594,8.3411],[37.7665,8.3465],[37.779,8.3397],[37.7966,8.3347],[37.8163,8.3318],[37.8391,8.3321],[37.8629,8.3357],[37.8876,8.3499],[37.91,8.3705],[37.928,8.3782],[37.9484,8.3674],[37.9882,8.3595],[38.0082,8.3725],[38.028,8.3903],[38.0389,8.3892],[38.059,8.3795],[38.0558,8.3623]]]}},{"type":"Feature","properties":{"zone":"Guraghe","region":"Central Ethiopia","total_woredas":12,"lersha_woredas":5,"lersha_area_km2":1441.0},"geometry":{"type":"Polygon","coordinates":[[[37.8537,7.7653],[37.8555,7.7686],[37.8493,7.7774],[37.8391,7.7841],[37.8381,7.788],[37.8254,7.7952],[37.8186,7.8101],[37.8119,7.8193],[37.8084,7.8181],[37.7954,7.8304],[37.782,7.8368],[37.7739,7.8358],[37.7699,7.8461],[37.7405,7.8499],[37.7294,7.8483],[37.7203,7.8521],[37.7233,7.8625],[37.7193,7.8632],[37.7129,7.8829],[37.6991,7.8929],[37.6898,7.8915],[37.686,7.8959],[37.6677,7.8977],[37.6558,7.9053],[37.6496,7.9152],[37.6361,7.923],[37.623,7.9226],[37.6203,7.926],[37.6112,7.9228],[37.608,7.9265],[37.6052,7.9352],[37.6067,7.9425],[37.6151,7.9491],[37.6106,7.9693],[37.6064,7.9691],[37.6015,7.986],[37.6016,8.0107],[37.5918,8.074],[37.5921,8.0931],[37.5954,8.1117],[37.6058,8.1504],[37.617,8.1772],[37.6239,8.2],[37.6217,8.209],[37.6153,8.2115],[37.618,8.2234],[37.6079,8.2281],[37.6018,8.2346],[37.5958,8.23],[37.5879,8.2351],[37.5761,8.2326],[37.568,8.2398],[37.5612,8.2396],[37.5477,8.2496],[37.5402,8.2496],[37.5302,8.2654],[37.5063,8.2544],[37.4809,8.2586],[37.472,8.2661],[37.4641,8.2824],[37.4626,8.3059],[37.4642,8.3173],[37.4662,8.3313],[37.4714,8.3507],[37.4986,8.4036],[37.5122,8.417],[37.5248,8.4206],[37.5349,8.4236],[37.558,8.4255],[37.5761,8.4141],[37.598,8.3653],[37.612,8.3541],[37.6661,8.3835],[37.6787,8.3777],[37.6922,8.3536],[37.7045,8.337],[37.717,8.3341],[37.7309,8.3432],[37.748,8.3518],[37.7665,8.3465],[37.7594,8.3411],[37.7663,8.3262],[37.7517,8.311],[37.7414,8.3161],[37.7339,8.3166],[37.7229,8.31],[37.7385,8.2926],[37.7347,8.2749],[37.7396,8.2734],[37.7433,8.2619],[37.7479,8.2573],[37.7525,8.2437],[37.7568,8.2487],[37.7738,8.2549],[37.7753,8.2735],[37.7657,8.2722],[37.7534,8.2771],[37.7593,8.2855],[37.7738,8.287],[37.7759,8.3043],[37.7826,8.3011],[37.7867,8.3041],[37.7988,8.2995],[37.7958,8.2855],[37.8045,8.2831],[37.8073,8.2894],[37.8161,8.2872],[37.8163,8.2954],[37.8206,8.297],[37.8272,8.3109],[37.8386,8.3159],[37.8614,8.3173],[37.8682,8.3209],[37.8793,8.3143],[37.8863,8.3035],[37.8759,8.2931],[37.8714,8.2814],[37.8648,8.2745],[37.8801,8.2694],[37.9018,8.2694],[37.9093,8.2639],[37.9249,8.2625],[37.9434,8.2733],[37.947,8.2719],[37.9523,8.2828],[37.9749,8.2918],[37.9825,8.3007],[37.9938,8.3047],[38.0045,8.3141],[38.0168,8.3308],[38.0335,8.3354],[38.0471,8.3334],[38.0591,8.3355],[38.0712,8.3454],[38.0695,8.3547],[38.0633,8.3535],[38.0558,8.3623],[38.059,8.3795],[38.0667,8.376],[38.0771,8.3806],[38.0865,8.3901],[38.11,8.3904],[38.1225,8.4066],[38.139,8.4094],[38.1642,8.4081],[38.18,8.3929],[38.2175,8.4088],[38.2383,8.4093],[38.2663,8.4066],[38.282,8.3996],[38.2893,8.3807],[38.3115,8.3699],[38.3122,8.3524],[38.3079,8.3299],[38.307,8.2997],[38.3219,8.2723],[38.3262,8.267],[38.3183,8.2524],[38.3191,8.2407],[38.315,8.2312],[38.2973,8.2177],[38.2829,8.2001],[38.2819,8.1785],[38.2849,8.1699],[38.2745,8.1654],[38.2657,8.1531],[38.2654,8.1412],[38.2612,8.1421],[38.2527,8.1287],[38.252,8.1202],[38.2291,8.122],[38.2206,8.1207],[38.2172,8.1151],[38.2189,8.1035],[38.2138,8.0982],[38.1936,8.0939],[38.1844,8.0841],[38.1833,8.0702],[38.1567,8.0449],[38.1645,8.0382],[38.1432,8.0186],[38.1435,8.0061],[38.1316,8.0028],[38.1258,7.9936],[38.1352,7.9835],[38.1299,7.9686],[38.1203,7.9585],[38.1087,7.9534],[38.1049,7.9484],[38.0958,7.9493],[38.0943,7.9408],[38.0907,7.9454],[38.0725,7.9148],[38.0494,7.8885],[38.0447,7.8771],[38.0337,7.8732],[38.034,7.87],[38.0219,7.8621],[38.0142,7.8543],[38.008,7.8422],[38.0014,7.8386],[37.9959,7.8462],[38.002,7.8549],[37.9983,7.8555],[37.987,7.8457],[37.9785,7.8526],[37.9817,7.8674],[37.9736,7.8764],[37.9715,7.8705],[37.9613,7.8627],[37.9588,7.8564],[37.9494,7.8522],[37.9366,7.8558],[37.9286,7.8644],[37.9242,7.8585],[37.9173,7.8596],[37.9153,7.8547],[37.9224,7.8405],[37.9219,7.8328],[37.9379,7.822],[37.9395,7.815],[37.9346,7.804],[37.9229,7.8013],[37.9163,7.7955],[37.9169,7.7774],[37.905,7.7794],[37.8963,7.7899],[37.8907,7.7873],[37.8958,7.7743],[37.8963,7.7599],[37.8818,7.7474],[37.873,7.7431],[37.867,7.7514],[37.8537,7.7653]]]}},{"type":"Feature","properties":{"zone":"Hadiya","region":"Central Ethiopia","total_woredas":17,"lersha_woredas":4,"lersha_area_km2":1272.0},"geometry":{"type":"MultiPolygon","coordinates":[[[[37.5947,7.2504],[37.5911,7.2528],[37.5812,7.2488],[37.5781,7.2717],[37.581,7.2859],[37.5746,7.2907],[37.5718,7.2867],[37.5639,7.2916],[37.5688,7.2998],[37.5754,7.2998],[37.5796,7.3091],[37.5848,7.3123],[37.5886,7.3035],[37.5845,7.2868],[37.5919,7.2902],[37.5993,7.3058],[37.5911,7.3286],[37.5863,7.3265],[37.56,7.3305],[37.5552,7.3243],[37.5385,7.3216],[37.5279,7.3304],[37.5153,7.3336],[37.506,7.3324],[37.489,7.3339],[37.4707,7.3413],[37.4503,7.3378],[37.4399,7.3281],[37.4114,7.321],[37.3712,7.3226],[37.3574,7.3265],[37.3537,7.3249],[37.3517,7.3307],[37.3536,7.3422],[37.3495,7.3577],[37.3566,7.3609],[37.3797,7.38],[37.3903,7.4024],[37.3967,7.4335],[37.4006,7.4606],[37.4072,7.4922],[37.4387,7.5461],[37.4451,7.5643],[37.455,7.5625],[37.4577,7.571],[37.4659,7.5735],[37.4687,7.5871],[37.4824,7.5992],[37.5042,7.6055],[37.5117,7.6155],[37.5081,7.6231],[37.518,7.644],[37.5257,7.6487],[37.5281,7.6561],[37.5356,7.664],[37.5355,7.6774],[37.5443,7.6857],[37.5435,7.6911],[37.5533,7.7148],[37.5554,7.7286],[37.5582,7.729],[37.5623,7.7413],[37.5613,7.7473],[37.5628,7.7753],[37.5679,7.7797],[37.5733,7.8031],[37.5804,7.8096],[37.581,7.8151],[37.5877,7.8228],[37.5887,7.8349],[37.5964,7.8511],[37.5959,7.8615],[37.6,7.8742],[37.5999,7.8954],[37.6043,7.9137],[37.6032,7.9246],[37.608,7.9265],[37.6112,7.9228],[37.6203,7.926],[37.623,7.9226],[37.6361,7.923],[37.6496,7.9152],[37.6558,7.9053],[37.6677,7.8977],[37.686,7.8959],[37.6898,7.8915],[37.6991,7.8929],[37.7129,7.8829],[37.7193,7.8632],[37.7233,7.8625],[37.7203,7.8521],[37.7294,7.8483],[37.7405,7.8499],[37.7699,7.8461],[37.7739,7.8358],[37.782,7.8368],[37.7954,7.8304],[37.8084,7.8181],[37.8119,7.8193],[37.8186,7.8101],[37.8254,7.7952],[37.8381,7.788],[37.8391,7.7841],[37.8493,7.7774],[37.8555,7.7686],[37.8537,7.7653],[37.867,7.7514],[37.8637,7.7433],[37.8587,7.7427],[37.8605,7.7257],[37.8543,7.7198],[37.8801,7.709],[37.8878,7.7031],[37.882,7.7008],[37.8802,7.6946],[37.8868,7.6968],[37.8839,7.6903],[37.8869,7.6817],[37.8933,7.6899],[37.9081,7.6805],[37.9059,7.6903],[37.9106,7.6918],[37.9313,7.6889],[37.9352,7.6838],[37.9336,7.668],[37.9277,7.6674],[37.9311,7.6542],[37.9396,7.6576],[37.9383,7.6731],[37.9424,7.6778],[37.9386,7.6837],[37.9425,7.6966],[37.9508,7.6977],[37.9524,7.7072],[37.9559,7.7077],[37.956,7.7181],[37.9599,7.7283],[37.9704,7.7236],[37.9893,7.7095],[37.992,7.6948],[38.0028,7.6915],[38.0092,7.6976],[38.0186,7.6926],[38.0276,7.7018],[38.0186,7.7133],[38.0235,7.7271],[38.0404,7.7221],[38.0451,7.7253],[38.0549,7.7202],[38.0478,7.7095],[38.0489,7.6996],[38.0418,7.695],[38.0448,7.6879],[38.0561,7.6881],[38.0515,7.6746],[38.0565,7.6617],[38.0463,7.6587],[38.0438,7.6458],[38.0502,7.634],[38.0662,7.6355],[38.0666,7.6412],[38.0768,7.6405],[38.0817,7.6337],[38.0868,7.6346],[38.1009,7.6281],[38.0997,7.6195],[38.1038,7.6187],[38.1005,7.607],[38.1119,7.6075],[38.1125,7.5991],[38.1084,7.5942],[38.1139,7.5929],[38.1101,7.5687],[38.1206,7.565],[38.1186,7.5507],[38.1203,7.5403],[38.1116,7.5413],[38.1075,7.5184],[38.1144,7.5176],[38.1093,7.5013],[38.098,7.5],[38.0965,7.4944],[38.089,7.4885],[38.0973,7.4849],[38.1085,7.4685],[38.1207,7.4635],[38.1268,7.4564],[38.127,7.446],[38.1185,7.4375],[38.104,7.4183],[38.0909,7.4235],[38.0782,7.4185],[38.0439,7.4188],[38.0305,7.4053],[38.0015,7.4107],[37.9922,7.4156],[37.9863,7.4224],[37.9664,7.4177],[37.9313,7.4059],[37.9297,7.3985],[37.9223,7.4008],[37.9267,7.4182],[37.9169,7.4287],[37.9202,7.4333],[37.9007,7.4412],[37.8947,7.4402],[37.8911,7.4513],[37.8853,7.4529],[37.8772,7.4706],[37.8634,7.4823],[37.8486,7.4776],[37.8449,7.482],[37.8442,7.4935],[37.8328,7.5009],[37.8272,7.4991],[37.8319,7.4882],[37.8273,7.4824],[37.8112,7.4805],[37.8121,7.4742],[37.8186,7.473],[37.8359,7.4568],[37.8222,7.4434],[37.8141,7.4409],[37.8057,7.4318],[37.7948,7.4239],[37.7958,7.4203],[37.777,7.3969],[37.7648,7.3889],[37.7665,7.3849],[37.7541,7.3808],[37.7501,7.3682],[37.7524,7.3619],[37.7498,7.3511],[37.7382,7.3387],[37.7485,7.3337],[37.7579,7.3329],[37.7649,7.3211],[37.7735,7.3189],[37.7717,7.3144],[37.7631,7.3153],[37.7574,7.3094],[37.7317,7.3073],[37.7239,7.3011],[37.7267,7.2961],[37.7179,7.2846],[37.7012,7.2759],[37.6892,7.2824],[37.6901,7.2949],[37.6764,7.2864],[37.6718,7.276],[37.6656,7.2801],[37.6657,7.3021],[37.6622,7.3081],[37.6599,7.3216],[37.6487,7.3232],[37.6392,7.3211],[37.6431,7.3132],[37.641,7.3092],[37.6318,7.3145],[37.6271,7.2986],[37.6159,7.2887],[37.6069,7.2683],[37.6013,7.2646],[37.6008,7.2556],[37.5947,7.2504]],[[37.5619,7.3611],[37.5347,7.3645],[37.521,7.3493],[37.513,7.3492],[37.5124,7.3443],[37.5198,7.337],[37.5357,7.3377],[37.5507,7.331],[37.5602,7.3331],[37.5681,7.3477],[37.5619,7.3611]]],[[[37.7437,7.164],[37.7441,7.1537],[37.7498,7.1517],[37.7583,7.1543],[37.7652,7.1522],[37.7659,7.1434],[37.7789,7.1448],[37.7995,7.1727],[37.8133,7.1766],[37.8151,7.173],[37.8249,7.1807],[37.8112,7.1905],[37.8139,7.1968],[37.8322,7.2059],[37.843,7.2012],[37.8427,7.1764],[37.8474,7.171],[37.8481,7.1956],[37.8524,7.2036],[37.8687,7.1976],[37.8764,7.209],[37.8991,7.2068],[37.9028,7.2025],[37.9119,7.2042],[37.9429,7.1986],[37.9756,7.2043],[37.9841,7.1985],[37.9976,7.197],[37.9968,7.2181],[38.0114,7.215],[38.0087,7.2373],[38.0145,7.2405],[38.0221,7.232],[38.0272,7.2395],[38.0331,7.267],[38.0415,7.2705],[38.0659,7.2706],[38.0787,7.2565],[38.0791,7.2529],[38.092,7.2439],[38.1002,7.2247],[38.0972,7.2134],[38.101,7.2078],[38.087,7.1949],[38.078,7.1803],[38.0764,7.1541],[38.0695,7.1224],[38.0665,7.0877],[38.0628,7.0764],[38.054,7.0724],[38.046,7.0762],[38.0365,7.0732],[38.0403,7.0685],[38.032,7.0642],[38.0261,7.067],[38.0114,7.0627],[38.0026,7.0578],[37.9945,7.0603],[37.9934,7.0711],[37.9965,7.0824],[37.9915,7.0958],[37.9794,7.1082],[37.9706,7.1105],[37.9666,7.1048],[37.939,7.1117],[37.9297,7.117],[37.9137,7.106],[37.9093,7.0995],[37.8981,7.1],[37.8735,7.1093],[37.871,7.1153],[37.8553,7.1098],[37.847,7.0998],[37.8338,7.0989],[37.814,7.0937],[37.7969,7.0963],[37.7841,7.1033],[37.7745,7.117],[37.7588,7.1209],[37.7492,7.1171],[37.7368,7.1208],[37.746,7.1355],[37.7386,7.1389],[37.7298,7.1375],[37.7188,7.1426],[37.7184,7.1568],[37.7437,7.164]]]]}},{"type":"Feature","properties":{"zone":"Kembata","region":"Central Ethiopia","total_woredas":10,"lersha_woredas":2,"lersha_area_km2":284.0},"geometry":{"type":"Polygon","coordinates":[[[37.5476,7.1915],[37.5562,7.1874],[37.5828,7.195],[37.6003,7.2115],[37.6066,7.2205],[37.607,7.2385],[37.6008,7.2556],[37.6013,7.2646],[37.6069,7.2683],[37.6159,7.2887],[37.6271,7.2986],[37.6318,7.3145],[37.641,7.3092],[37.6431,7.3132],[37.6392,7.3211],[37.6487,7.3232],[37.6599,7.3216],[37.6622,7.3081],[37.6657,7.3021],[37.6656,7.2801],[37.6718,7.276],[37.6764,7.2864],[37.6901,7.2949],[37.6892,7.2824],[37.7012,7.2759],[37.7179,7.2846],[37.7267,7.2961],[37.7239,7.3011],[37.7317,7.3073],[37.7574,7.3094],[37.7631,7.3153],[37.7717,7.3144],[37.7735,7.3189],[37.7649,7.3211],[37.7579,7.3329],[37.7485,7.3337],[37.7382,7.3387],[37.7498,7.3511],[37.7524,7.3619],[37.7501,7.3682],[37.7541,7.3808],[37.7665,7.3849],[37.7648,7.3889],[37.777,7.3969],[37.7958,7.4203],[37.7948,7.4239],[37.8057,7.4318],[37.8141,7.4409],[37.8222,7.4434],[37.8359,7.4568],[37.8186,7.473],[37.8121,7.4742],[37.8112,7.4805],[37.8273,7.4824],[37.8319,7.4882],[37.8272,7.4991],[37.8328,7.5009],[37.8442,7.4935],[37.8449,7.482],[37.8486,7.4776],[37.8634,7.4823],[37.8772,7.4706],[37.8853,7.4529],[37.8911,7.4513],[37.8947,7.4402],[37.9007,7.4412],[37.9202,7.4333],[37.9169,7.4287],[37.9267,7.4182],[37.9223,7.4008],[37.9297,7.3985],[37.9313,7.4059],[37.9664,7.4177],[37.9863,7.4224],[37.9922,7.4156],[38.0015,7.4107],[38.0305,7.4053],[38.0418,7.4007],[38.0439,7.3959],[38.0515,7.3961],[38.055,7.3864],[38.0484,7.3864],[38.0501,7.3799],[38.0356,7.3841],[38.0241,7.3747],[38.0147,7.3761],[38.0122,7.3684],[38.0131,7.3548],[38.0166,7.3499],[38.0064,7.3443],[38.002,7.3366],[38.0032,7.326],[37.9819,7.3198],[37.975,7.3011],[37.9683,7.2989],[37.9687,7.2829],[37.9714,7.2758],[37.9875,7.2751],[37.9981,7.2783],[38.0071,7.2693],[38.0219,7.2676],[38.0292,7.283],[38.034,7.2866],[38.0354,7.2955],[38.0443,7.2966],[38.0495,7.2893],[38.0435,7.2857],[38.0471,7.2822],[38.0617,7.2918],[38.063,7.2986],[38.0714,7.2981],[38.071,7.2819],[38.0815,7.2746],[38.0787,7.2565],[38.0659,7.2706],[38.0415,7.2705],[38.0331,7.267],[38.0272,7.2395],[38.0221,7.232],[38.0145,7.2405],[38.0087,7.2373],[38.0114,7.215],[37.9968,7.2181],[37.9976,7.197],[37.9841,7.1985],[37.9756,7.2043],[37.9429,7.1986],[37.9119,7.2042],[37.9028,7.2025],[37.8991,7.2068],[37.8764,7.209],[37.8687,7.1976],[37.8524,7.2036],[37.8481,7.1956],[37.8474,7.171],[37.8427,7.1764],[37.843,7.2012],[37.8322,7.2059],[37.8139,7.1968],[37.8112,7.1905],[37.8249,7.1807],[37.8151,7.173],[37.8133,7.1766],[37.7995,7.1727],[37.7789,7.1448],[37.7659,7.1434],[37.7652,7.1522],[37.7583,7.1543],[37.7498,7.1517],[37.7441,7.1537],[37.7437,7.164],[37.7184,7.1568],[37.7064,7.1596],[37.6905,7.1671],[37.6866,7.1654],[37.6777,7.1743],[37.6502,7.1816],[37.6454,7.1788],[37.6374,7.1811],[37.6305,7.1776],[37.6152,7.1794],[37.6124,7.1772],[37.5931,7.1781],[37.5645,7.1715],[37.5441,7.1719],[37.5392,7.1856],[37.5347,7.19],[37.5476,7.1915]]]}},{"type":"Feature","properties":{"zone":"East Guraghe","region":"Central Ethiopia","total_woredas":6,"lersha_woredas":2,"lersha_area_km2":884.0},"geometry":{"type":"Polygon","coordinates":[[[38.4461,8.0549],[38.4569,8.0662],[38.4649,8.0708],[38.4595,8.0786],[38.4534,8.0783],[38.4617,8.084],[38.4595,8.0883],[38.4486,8.084],[38.4399,8.0927],[38.4342,8.0818],[38.4293,8.0841],[38.4276,8.0777],[38.4121,8.0854],[38.4069,8.0907],[38.3943,8.0843],[38.3918,8.0781],[38.3847,8.0828],[38.3719,8.0762],[38.3646,8.0665],[38.3472,8.056],[38.3436,8.0517],[38.3348,8.0502],[38.3142,8.0544],[38.2831,8.0554],[38.2866,8.06],[38.2813,8.0669],[38.2695,8.0702],[38.2723,8.0827],[38.2679,8.0866],[38.2664,8.1067],[38.2708,8.1069],[38.2708,8.1215],[38.2608,8.1185],[38.252,8.1202],[38.2527,8.1287],[38.2612,8.1421],[38.2654,8.1412],[38.2657,8.1531],[38.2745,8.1654],[38.2849,8.1699],[38.2819,8.1785],[38.2829,8.2001],[38.2973,8.2177],[38.315,8.2312],[38.3191,8.2407],[38.3183,8.2524],[38.3262,8.267],[38.3332,8.2586],[38.3473,8.2542],[38.3755,8.2659],[38.3824,8.2735],[38.4009,8.2795],[38.4216,8.289],[38.4302,8.2988],[38.4325,8.3122],[38.4407,8.3353],[38.4517,8.385],[38.4616,8.3998],[38.4683,8.435],[38.4779,8.4474],[38.5015,8.444],[38.5268,8.4576],[38.5481,8.4531],[38.5758,8.4449],[38.5909,8.426],[38.6043,8.4316],[38.6168,8.4311],[38.6396,8.4121],[38.6545,8.3946],[38.6616,8.376],[38.6672,8.3505],[38.666,8.327],[38.651,8.2851],[38.6621,8.2708],[38.7021,8.2445],[38.7159,8.2312],[38.716,8.2194],[38.6932,8.2034],[38.6822,8.1904],[38.6786,8.1712],[38.6845,8.1225],[38.6793,8.0958],[38.6728,8.0899],[38.6666,8.0956],[38.6541,8.1137],[38.6351,8.1323],[38.63,8.1441],[38.6035,8.2229],[38.6007,8.2496],[38.5935,8.2602],[38.5607,8.2661],[38.5493,8.2627],[38.5421,8.2461],[38.5426,8.2258],[38.5516,8.213],[38.568,8.1939],[38.5815,8.1719],[38.5873,8.1562],[38.5885,8.1272],[38.5839,8.1081],[38.5934,8.0909],[38.598,8.0869],[38.5912,8.0808],[38.585,8.0884],[38.5592,8.1018],[38.5533,8.0924],[38.5528,8.0745],[38.5454,8.0742],[38.5447,8.0622],[38.5346,8.0556],[38.5221,8.062],[38.5173,8.0602],[38.5205,8.068],[38.5136,8.0704],[38.5193,8.076],[38.5114,8.0795],[38.5047,8.0751],[38.4944,8.0613],[38.4884,8.0485],[38.4971,8.0401],[38.4909,8.0351],[38.4746,8.0495],[38.4563,8.054],[38.4506,8.0524],[38.4461,8.0549]]]}},{"type":"Feature","properties":{"zone":"Halaba","region":"Central Ethiopia","total_woredas":4,"lersha_woredas":0,"lersha_area_km2":0.0},"geometry":{"type":"Polygon","coordinates":[[[38.0439,7.4188],[38.0782,7.4185],[38.0909,7.4235],[38.104,7.4183],[38.1185,7.4375],[38.1255,7.4344],[38.1225,7.4269],[38.1297,7.4256],[38.1261,7.4206],[38.1339,7.419],[38.1373,7.4226],[38.1489,7.4163],[38.1591,7.4457],[38.1666,7.4415],[38.1691,7.4495],[38.1621,7.4533],[38.1621,7.4605],[38.1712,7.4551],[38.181,7.4537],[38.1878,7.4492],[38.1948,7.4515],[38.1956,7.4664],[38.2019,7.4802],[38.2126,7.4852],[38.2044,7.4852],[38.1918,7.4946],[38.1997,7.5045],[38.2107,7.5006],[38.2072,7.4888],[38.2199,7.488],[38.2233,7.5024],[38.2239,7.5169],[38.218,7.5163],[38.22,7.5263],[38.226,7.5312],[38.2265,7.541],[38.2308,7.5483],[38.2453,7.5636],[38.2503,7.5852],[38.2595,7.5959],[38.2655,7.5943],[38.2671,7.5878],[38.2771,7.5851],[38.282,7.5892],[38.2926,7.5858],[38.2998,7.5926],[38.3079,7.5905],[38.3185,7.5966],[38.3283,7.6089],[38.3381,7.6174],[38.3434,7.6255],[38.3539,7.6187],[38.3566,7.6249],[38.3443,7.6335],[38.333,7.6355],[38.3326,7.6421],[38.3202,7.6426],[38.3209,7.6509],[38.3336,7.6482],[38.3324,7.6654],[38.3213,7.6621],[38.3255,7.6692],[38.3256,7.6836],[38.3299,7.6864],[38.3463,7.6867],[38.3542,7.6844],[38.3554,7.6761],[38.3635,7.675],[38.3652,7.6924],[38.3813,7.6912],[38.3901,7.6853],[38.3899,7.6816],[38.4123,7.6799],[38.4109,7.6622],[38.4182,7.6425],[38.4203,7.6243],[38.4086,7.6051],[38.4008,7.5953],[38.401,7.5787],[38.419,7.5692],[38.4257,7.5539],[38.4295,7.5339],[38.4267,7.5147],[38.4139,7.5042],[38.3917,7.5019],[38.3784,7.4948],[38.3412,7.4786],[38.3272,7.4617],[38.3282,7.4564],[38.3252,7.4339],[38.3189,7.4142],[38.3089,7.4015],[38.2925,7.3914],[38.2794,7.3806],[38.2772,7.3612],[38.2815,7.3387],[38.2757,7.3189],[38.2652,7.3067],[38.2465,7.2966],[38.2336,7.2879],[38.22,7.2755],[38.1986,7.2615],[38.1811,7.2579],[38.1638,7.245],[38.144,7.2322],[38.1043,7.2109],[38.101,7.2078],[38.0972,7.2134],[38.1002,7.2247],[38.092,7.2439],[38.0791,7.2529],[38.0787,7.2565],[38.0815,7.2746],[38.071,7.2819],[38.0714,7.2981],[38.063,7.2986],[38.0617,7.2918],[38.0471,7.2822],[38.0435,7.2857],[38.0495,7.2893],[38.0443,7.2966],[38.0354,7.2955],[38.034,7.2866],[38.0292,7.283],[38.0219,7.2676],[38.0071,7.2693],[37.9981,7.2783],[37.9875,7.2751],[37.9714,7.2758],[37.9687,7.2829],[37.9683,7.2989],[37.975,7.3011],[37.9819,7.3198],[38.0032,7.326],[38.002,7.3366],[38.0064,7.3443],[38.0166,7.3499],[38.0131,7.3548],[38.0122,7.3684],[38.0147,7.3761],[38.0241,7.3747],[38.0356,7.3841],[38.0501,7.3799],[38.0484,7.3864],[38.055,7.3864],[38.0515,7.3961],[38.0439,7.3959],[38.0418,7.4007],[38.0305,7.4053],[38.0439,7.4188]]]}},{"type":"Feature","properties":{"zone":"Siltie","region":"Central Ethiopia","total_woredas":13,"lersha_woredas":0,"lersha_area_km2":0.0},"geometry":{"type":"Polygon","coordinates":[[[38.127,7.446],[38.1268,7.4564],[38.1207,7.4635],[38.1085,7.4685],[38.0973,7.4849],[38.089,7.4885],[38.0965,7.4944],[38.098,7.5],[38.1093,7.5013],[38.1144,7.5176],[38.1075,7.5184],[38.1116,7.5413],[38.1203,7.5403],[38.1186,7.5507],[38.1206,7.565],[38.1101,7.5687],[38.1139,7.5929],[38.1084,7.5942],[38.1125,7.5991],[38.1119,7.6075],[38.1005,7.607],[38.1038,7.6187],[38.0997,7.6195],[38.1009,7.6281],[38.0868,7.6346],[38.0817,7.6337],[38.0768,7.6405],[38.0666,7.6412],[38.0662,7.6355],[38.0502,7.634],[38.0438,7.6458],[38.0463,7.6587],[38.0565,7.6617],[38.0515,7.6746],[38.0561,7.6881],[38.0448,7.6879],[38.0418,7.695],[38.0489,7.6996],[38.0478,7.7095],[38.0549,7.7202],[38.0451,7.7253],[38.0404,7.7221],[38.0235,7.7271],[38.0186,7.7133],[38.0276,7.7018],[38.0186,7.6926],[38.0092,7.6976],[38.0028,7.6915],[37.992,7.6948],[37.9893,7.7095],[37.9704,7.7236],[37.9599,7.7283],[37.956,7.7181],[37.9559,7.7077],[37.9524,7.7072],[37.9508,7.6977],[37.9425,7.6966],[37.9386,7.6837],[37.9424,7.6778],[37.9383,7.6731],[37.9396,7.6576],[37.9311,7.6542],[37.9277,7.6674],[37.9336,7.668],[37.9352,7.6838],[37.9313,7.6889],[37.9106,7.6918],[37.9059,7.6903],[37.9081,7.6805],[37.8933,7.6899],[37.8869,7.6817],[37.8839,7.6903],[37.8868,7.6968],[37.8802,7.6946],[37.882,7.7008],[37.8878,7.7031],[37.8801,7.709],[37.8543,7.7198],[37.8605,7.7257],[37.8587,7.7427],[37.8637,7.7433],[37.867,7.7514],[37.873,7.7431],[37.8818,7.7474],[37.8963,7.7599],[37.8958,7.7743],[37.8907,7.7873],[37.8963,7.7899],[37.905,7.7794],[37.9169,7.7774],[37.9163,7.7955],[37.9229,7.8013],[37.9346,7.804],[37.9395,7.815],[37.9379,7.822],[37.9219,7.8328],[37.9224,7.8405],[37.9153,7.8547],[37.9173,7.8596],[37.9242,7.8585],[37.9286,7.8644],[37.9366,7.8558],[37.9494,7.8522],[37.9588,7.8564],[37.9613,7.8627],[37.9715,7.8705],[37.9736,7.8764],[37.9817,7.8674],[37.9785,7.8526],[37.987,7.8457],[37.9983,7.8555],[38.002,7.8549],[37.9959,7.8462],[38.0014,7.8386],[38.008,7.8422],[38.0142,7.8543],[38.0219,7.8621],[38.034,7.87],[38.0337,7.8732],[38.0447,7.8771],[38.0494,7.8885],[38.0725,7.9148],[38.0907,7.9454],[38.0943,7.9408],[38.0958,7.9493],[38.1049,7.9484],[38.1087,7.9534],[38.1203,7.9585],[38.1299,7.9686],[38.1352,7.9835],[38.1258,7.9936],[38.1316,8.0028],[38.1435,8.0061],[38.1432,8.0186],[38.1645,8.0382],[38.1567,8.0449],[38.1833,8.0702],[38.1844,8.0841],[38.1936,8.0939],[38.2138,8.0982],[38.2189,8.1035],[38.2172,8.1151],[38.2206,8.1207],[38.2291,8.122],[38.252,8.1202],[38.2608,8.1185],[38.2708,8.1215],[38.2708,8.1069],[38.2664,8.1067],[38.2679,8.0866],[38.2723,8.0827],[38.2695,8.0702],[38.2813,8.0669],[38.2866,8.06],[38.2831,8.0554],[38.3142,8.0544],[38.3348,8.0502],[38.3436,8.0517],[38.3472,8.056],[38.3646,8.0665],[38.3719,8.0762],[38.3847,8.0828],[38.3918,8.0781],[38.3943,8.0843],[38.4069,8.0907],[38.4121,8.0854],[38.4276,8.0777],[38.4293,8.0841],[38.4342,8.0818],[38.4399,8.0927],[38.4486,8.084],[38.4595,8.0883],[38.4617,8.084],[38.4534,8.0783],[38.4595,8.0786],[38.4649,8.0708],[38.4569,8.0662],[38.4461,8.0549],[38.4506,8.0524],[38.4467,8.0351],[38.4412,8.0271],[38.4354,8.0322],[38.4316,8.0216],[38.4446,8.0171],[38.438,8.0093],[38.4568,7.9948],[38.4467,7.984],[38.4408,7.9812],[38.4345,7.9704],[38.4461,7.9663],[38.4444,7.9612],[38.4543,7.9547],[38.4504,7.9503],[38.4591,7.9469],[38.4623,7.9495],[38.468,7.9404],[38.4758,7.9335],[38.4828,7.933],[38.4775,7.923],[38.4898,7.9187],[38.5149,7.9061],[38.5271,7.8931],[38.5417,7.8819],[38.5495,7.8709],[38.5129,7.8489],[38.5035,7.831],[38.5,7.8112],[38.4924,7.7954],[38.4448,7.7595],[38.4426,7.7388],[38.4387,7.7189],[38.4258,7.6968],[38.4123,7.6799],[38.3899,7.6816],[38.3901,7.6853],[38.3813,7.6912],[38.3652,7.6924],[38.3635,7.675],[38.3554,7.6761],[38.3542,7.6844],[38.3463,7.6867],[38.3299,7.6864],[38.3256,7.6836],[38.3255,7.6692],[38.3213,7.6621],[38.3324,7.6654],[38.3336,7.6482],[38.3209,7.6509],[38.3202,7.6426],[38.3326,7.6421],[38.333,7.6355],[38.3443,7.6335],[38.3566,7.6249],[38.3539,7.6187],[38.3434,7.6255],[38.3381,7.6174],[38.3283,7.6089],[38.3185,7.5966],[38.3079,7.5905],[38.2998,7.5926],[38.2926,7.5858],[38.282,7.5892],[38.2771,7.5851],[38.2671,7.5878],[38.2655,7.5943],[38.2595,7.5959],[38.2503,7.5852],[38.2453,7.5636],[38.2308,7.5483],[38.2265,7.541],[38.226,7.5312],[38.22,7.5263],[38.218,7.5163],[38.2239,7.5169],[38.2233,7.5024],[38.2199,7.488],[38.2072,7.4888],[38.2107,7.5006],[38.1997,7.5045],[38.1918,7.4946],[38.2044,7.4852],[38.2126,7.4852],[38.2019,7.4802],[38.1956,7.4664],[38.1948,7.4515],[38.1878,7.4492],[38.181,7.4537],[38.1712,7.4551],[38.1621,7.4605],[38.1621,7.4533],[38.1691,7.4495],[38.1666,7.4415],[38.1591,7.4457],[38.1489,7.4163],[38.1373,7.4226],[38.1339,7.419],[38.1261,7.4206],[38.1297,7.4256],[38.1225,7.4269],[38.1255,7.4344],[38.1185,7.4375],[38.127,7.446]]]}},{"type":"Feature","properties":{"zone":"Yem","region":"Central Ethiopia","total_woredas":4,"lersha_woredas":0,"lersha_area_km2":0.0},"geometry":{"type":"Polygon","coordinates":[[[37.6064,7.9691],[37.6106,7.9693],[37.6151,7.9491],[37.6067,7.9425],[37.6052,7.9352],[37.608,7.9265],[37.6032,7.9246],[37.6043,7.9137],[37.5999,7.8954],[37.6,7.8742],[37.5959,7.8615],[37.5964,7.8511],[37.5887,7.8349],[37.5877,7.8228],[37.581,7.8151],[37.5804,7.8096],[37.5733,7.8031],[37.5679,7.7797],[37.5628,7.7753],[37.5613,7.7473],[37.5623,7.7413],[37.5582,7.729],[37.5554,7.7286],[37.5533,7.7148],[37.5435,7.6911],[37.5443,7.6857],[37.5355,7.6774],[37.5356,7.664],[37.5281,7.6561],[37.5257,7.6487],[37.518,7.644],[37.5081,7.6231],[37.5117,7.6155],[37.5042,7.6055],[37.4824,7.5992],[37.4687,7.5871],[37.4659,7.5735],[37.4577,7.571],[37.455,7.5625],[37.4451,7.5643],[37.4354,7.5841],[37.428,7.6105],[37.4198,7.6338],[37.407,7.6576],[37.4012,7.6827],[37.4016,7.7096],[37.4,7.7411],[37.4021,7.7705],[37.4048,7.8273],[37.4118,7.8539],[37.4344,7.8981],[37.4367,7.9185],[37.4289,7.9307],[37.4166,7.9436],[37.399,7.954],[37.3898,7.962],[37.3877,7.9744],[37.3918,7.9929],[37.4041,7.9936],[37.4167,8.0012],[37.4596,8.0077],[37.4776,8.0142],[37.4908,8.0171],[37.5017,8.0118],[37.514,7.9997],[37.5184,7.9919],[37.5217,7.9771],[37.5328,7.9596],[37.5393,7.9539],[37.5575,7.9483],[37.5728,7.9522],[37.6028,7.9649],[37.6015,7.986],[37.6064,7.9691]]]}},{"type":"Feature","properties":{"zone":"Mareko Special","region":"Central Ethiopia","total_woredas":1,"lersha_woredas":0,"lersha_area_km2":0.0},"geometry":{"type":"Polygon","coordinates":[[[38.5417,7.8819],[38.5271,7.8931],[38.5149,7.9061],[38.4898,7.9187],[38.4775,7.923],[38.4828,7.933],[38.4758,7.9335],[38.468,7.9404],[38.4623,7.9495],[38.4591,7.9469],[38.4504,7.9503],[38.4543,7.9547],[38.4444,7.9612],[38.4461,7.9663],[38.4345,7.9704],[38.4408,7.9812],[38.4467,7.984],[38.4568,7.9948],[38.438,8.0093],[38.4446,8.0171],[38.4316,8.0216],[38.4354,8.0322],[38.4412,8.0271],[38.4467,8.0351],[38.4506,8.0524],[38.4563,8.054],[38.4746,8.0495],[38.4909,8.0351],[38.4971,8.0401],[38.4884,8.0485],[38.4944,8.0613],[38.5047,8.0751],[38.5114,8.0795],[38.5193,8.076],[38.5136,8.0704],[38.5205,8.068],[38.5173,8.0602],[38.5221,8.062],[38.5346,8.0556],[38.5447,8.0622],[38.5454,8.0742],[38.5528,8.0745],[38.5533,8.0924],[38.5592,8.1018],[38.585,8.0884],[38.5912,8.0808],[38.598,8.0869],[38.6219,8.0684],[38.6161,8.0567],[38.6127,8.0433],[38.6277,8.0336],[38.6245,8.0262],[38.61,8.0116],[38.6122,8.0068],[38.5974,7.9906],[38.5887,7.9611],[38.5865,7.9383],[38.5758,7.9243],[38.5666,7.9054],[38.5631,7.8852],[38.5495,7.8709],[38.5417,7.8819]]]}},{"type":"Feature","properties":{"zone":"Tembaro Special","region":"Central Ethiopia","total_woredas":1,"lersha_woredas":0,"lersha_area_km2":0.0},"geometry":{"type":"MultiPolygon","coordinates":[[[[37.3574,7.3265],[37.3712,7.3226],[37.4114,7.321],[37.4399,7.3281],[37.4503,7.3378],[37.4707,7.3413],[37.489,7.3339],[37.506,7.3324],[37.5153,7.3336],[37.5279,7.3304],[37.5385,7.3216],[37.5552,7.3243],[37.56,7.3305],[37.5863,7.3265],[37.5911,7.3286],[37.5993,7.3058],[37.5919,7.2902],[37.5845,7.2868],[37.5886,7.3035],[37.5848,7.3123],[37.5796,7.3091],[37.5754,7.2998],[37.5688,7.2998],[37.5639,7.2916],[37.5718,7.2867],[37.5746,7.2907],[37.581,7.2859],[37.5781,7.2717],[37.5812,7.2488],[37.5911,7.2528],[37.5947,7.2504],[37.6008,7.2556],[37.607,7.2385],[37.6066,7.2205],[37.6003,7.2115],[37.5828,7.195],[37.5562,7.1874],[37.5476,7.1915],[37.5347,7.19],[37.5304,7.1899],[37.53,7.2004],[37.5263,7.2054],[37.5086,7.2156],[37.4967,7.2079],[37.4861,7.2039],[37.4643,7.1991],[37.4575,7.2021],[37.4427,7.2184],[37.4277,7.2234],[37.4137,7.2312],[37.4098,7.2388],[37.4013,7.2469],[37.3821,7.2465],[37.3681,7.2587],[37.3568,7.2768],[37.3533,7.2995],[37.3537,7.3249],[37.3574,7.3265]]],[[[37.5602,7.3331],[37.5507,7.331],[37.5357,7.3377],[37.5198,7.337],[37.5124,7.3443],[37.513,7.3492],[37.521,7.3493],[37.5347,7.3645],[37.5619,7.3611],[37.5681,7.3477],[37.5602,7.3331]]]]}},{"type":"Feature","properties":{"zone":"Wolayita","region":"South Ethiopia","total_woredas":23,"lersha_woredas":0,"lersha_area_km2":0.0},"geometry":{"type":"Polygon","coordinates":[[[37.2328,6.6718],[37.2275,6.6986],[37.2224,6.7011],[37.2258,6.7105],[37.2249,6.7212],[37.2381,6.731],[37.2486,6.7416],[37.2497,6.7467],[37.2435,6.752],[37.2439,6.7612],[37.2546,6.7716],[37.2642,6.7751],[37.2741,6.7919],[37.2767,6.8077],[37.2834,6.8279],[37.2977,6.8409],[37.3032,6.8574],[37.3091,6.8645],[37.3212,6.863],[37.3344,6.8653],[37.338,6.8745],[37.3434,6.8715],[37.3549,6.8716],[37.361,6.8689],[37.3786,6.8663],[37.3886,6.8608],[37.3992,6.8663],[37.4077,6.8668],[37.4239,6.8768],[37.4254,6.8845],[37.4358,6.8979],[37.433,6.9109],[37.4291,6.9158],[37.4304,6.9231],[37.4239,6.932],[37.4205,6.9478],[37.4221,6.9524],[37.4236,6.9827],[37.427,6.9888],[37.4269,7.0029],[37.4323,7.0101],[37.4326,7.0261],[37.4401,7.0324],[37.4467,7.0455],[37.4411,7.0511],[37.4558,7.08],[37.4593,7.1016],[37.4596,7.116],[37.4554,7.1228],[37.4554,7.1352],[37.4678,7.1448],[37.481,7.1458],[37.491,7.149],[37.5045,7.1626],[37.5151,7.1775],[37.5259,7.1834],[37.5304,7.1899],[37.5347,7.19],[37.5392,7.1856],[37.5441,7.1719],[37.5645,7.1715],[37.5931,7.1781],[37.6124,7.1772],[37.6152,7.1794],[37.6305,7.1776],[37.6374,7.1811],[37.6454,7.1788],[37.6502,7.1816],[37.6777,7.1743],[37.6866,7.1654],[37.6905,7.1671],[37.7064,7.1596],[37.7184,7.1568],[37.7188,7.1426],[37.7298,7.1375],[37.7386,7.1389],[37.746,7.1355],[37.7368,7.1208],[37.7492,7.1171],[37.7588,7.1209],[37.7745,7.117],[37.7841,7.1033],[37.7969,7.0963],[37.814,7.0937],[37.8338,7.0989],[37.847,7.0998],[37.8553,7.1098],[37.871,7.1153],[37.8735,7.1093],[37.8981,7.1],[37.9093,7.0995],[37.9137,7.106],[37.9297,7.117],[37.939,7.1117],[37.9666,7.1048],[37.9706,7.1105],[37.9794,7.1082],[37.9915,7.0958],[37.9965,7.0824],[37.9934,7.0711],[37.9945,7.0603],[38.0026,7.0578],[38.0114,7.0627],[38.0261,7.067],[38.032,7.0642],[38.0403,7.0685],[38.0365,7.0732],[38.046,7.0762],[38.054,7.0724],[38.0628,7.0764],[38.0642,7.0434],[38.0734,7.0296],[38.0879,7.0229],[38.1019,7.0108],[38.1089,6.9996],[38.1171,6.9809],[38.1302,6.974],[38.1307,6.9627],[38.1357,6.959],[38.1324,6.9494],[38.1366,6.9397],[38.13,6.9346],[38.1311,6.9119],[38.1243,6.8959],[38.1181,6.8887],[38.1214,6.883],[38.1184,6.8719],[38.1086,6.8513],[38.1032,6.8479],[38.0987,6.8382],[38.0915,6.8149],[38.08,6.7964],[38.0775,6.7827],[38.0708,6.7719],[38.0685,6.7538],[38.0649,6.7423],[38.0578,6.7293],[38.0539,6.7167],[38.0554,6.7116],[38.0493,6.6999],[38.0502,6.6941],[38.0387,6.6831],[38.0351,6.6721],[38.0194,6.6656],[38.0096,6.6171],[38.0126,6.6077],[38.0124,6.5855],[38.0173,6.5842],[38.0188,6.5733],[38.001,6.5685],[37.9896,6.5582],[37.9809,6.5563],[37.9772,6.5509],[37.9688,6.549],[37.9527,6.5496],[37.9327,6.5572],[37.9185,6.5744],[37.9126,6.5907],[37.8928,6.5961],[37.8715,6.5822],[37.8425,6.5417],[37.8131,6.5083],[37.8133,6.5171],[37.8202,6.5208],[37.8263,6.5459],[37.8268,6.5643],[37.8239,6.5744],[37.7987,6.5715],[37.7833,6.5772],[37.7689,6.5863],[37.7583,6.5853],[37.749,6.6006],[37.7382,6.6096],[37.7301,6.6084],[37.7193,6.6123],[37.7046,6.6303],[37.6985,6.6446],[37.6881,6.6297],[37.6633,6.6246],[37.6481,6.626],[37.6377,6.6338],[37.6305,6.6332],[37.6226,6.6372],[37.6081,6.6244],[37.6039,6.6263],[37.5883,6.6202],[37.5801,6.6194],[37.5706,6.6241],[37.5546,6.6274],[37.5479,6.6222],[37.5395,6.6251],[37.5304,6.6209],[37.5219,6.6326],[37.5116,6.6367],[37.506,6.6427],[37.4951,6.6438],[37.4845,6.6593],[37.4745,6.6643],[37.4602,6.6609],[37.4467,6.6664],[37.4346,6.6675],[37.413,6.6747],[37.4034,6.681],[37.3698,6.6864],[37.3566,6.6859],[37.3482,6.6949],[37.3387,6.6988],[37.3293,6.7071],[37.3138,6.7081],[37.3106,6.7034],[37.3009,6.7073],[37.2833,6.7075],[37.2782,6.7048],[37.2646,6.7096],[37.2597,6.7],[37.2504,6.6916],[37.2447,6.6902],[37.2393,6.683],[37.2393,6.674],[37.2328,6.6718]]]}},{"type":"Feature","properties":{"zone":"Gamo","region":"South Ethiopia","total_woredas":20,"lersha_woredas":3,"lersha_area_km2":1807.0},"geometry":{"type":"Polygon","coordinates":[[[37.0332,5.6394],[37.0278,5.6484],[37.032,5.6547],[37.0327,5.6652],[37.0255,5.6703],[37.0263,5.6771],[37.0121,5.6908],[37.0023,5.6972],[37.0033,5.7237],[37.002,5.7303],[37.0098,5.7409],[37.0097,5.767],[37.0064,5.7756],[37.0108,5.787],[37.0035,5.8024],[37.0092,5.8106],[37.0089,5.821],[37.0031,5.8307],[37.008,5.8419],[37.0085,5.8591],[37.0128,5.8644],[37.0055,5.8816],[37.0073,5.8943],[37.0053,5.8998],[37.005,5.9247],[36.9992,5.9478],[36.993,5.9557],[36.9968,5.9612],[36.9952,5.9689],[37.0028,5.9662],[37.0132,5.9682],[37.0302,5.979],[37.0445,5.9975],[37.049,6.0056],[37.0536,6.0278],[37.0509,6.0347],[37.0547,6.0477],[37.0592,6.0525],[37.0677,6.0747],[37.0682,6.0822],[37.0779,6.0999],[37.0802,6.1204],[37.0788,6.1313],[37.0815,6.1615],[37.084,6.177],[37.0928,6.2],[37.0972,6.2065],[37.1043,6.2063],[37.1149,6.2118],[37.1207,6.2215],[37.121,6.2344],[37.1272,6.2386],[37.1382,6.2374],[37.1475,6.2447],[37.1632,6.2509],[37.1729,6.2658],[37.1885,6.2739],[37.1979,6.2866],[37.2121,6.2921],[37.2068,6.3048],[37.2055,6.3203],[37.2088,6.3281],[37.207,6.3394],[37.2126,6.3542],[37.2148,6.3688],[37.2212,6.3791],[37.2141,6.4086],[37.2078,6.4164],[37.2059,6.4275],[37.195,6.4389],[37.1948,6.4453],[37.1886,6.4493],[37.1851,6.4696],[37.1769,6.4797],[37.1601,6.4858],[37.1483,6.4979],[37.1435,6.4934],[37.1377,6.4999],[37.14,6.5038],[37.1328,6.5148],[37.1352,6.5191],[37.132,6.5277],[37.1348,6.5375],[37.1498,6.5463],[37.1507,6.5543],[37.1588,6.5581],[37.1577,6.5692],[37.1639,6.579],[37.1704,6.5815],[37.1768,6.5908],[37.1758,6.598],[37.1833,6.6172],[37.1809,6.6218],[37.189,6.6313],[37.196,6.6454],[37.1944,6.654],[37.1999,6.6487],[37.2199,6.6534],[37.2345,6.6528],[37.2425,6.6602],[37.2393,6.674],[37.2393,6.683],[37.2447,6.6902],[37.2504,6.6916],[37.2597,6.7],[37.2646,6.7096],[37.2782,6.7048],[37.2833,6.7075],[37.3009,6.7073],[37.3106,6.7034],[37.3138,6.7081],[37.3293,6.7071],[37.3387,6.6988],[37.3482,6.6949],[37.3566,6.6859],[37.3698,6.6864],[37.4034,6.681],[37.413,6.6747],[37.4346,6.6675],[37.4467,6.6664],[37.4602,6.6609],[37.4745,6.6643],[37.4845,6.6593],[37.4951,6.6438],[37.506,6.6427],[37.5116,6.6367],[37.5219,6.6326],[37.5304,6.6209],[37.5395,6.6251],[37.5479,6.6222],[37.5546,6.6274],[37.5706,6.6241],[37.5801,6.6194],[37.5883,6.6202],[37.6039,6.6263],[37.6081,6.6244],[37.6226,6.6372],[37.6305,6.6332],[37.6377,6.6338],[37.6481,6.626],[37.6633,6.6246],[37.6881,6.6297],[37.6985,6.6446],[37.7046,6.6303],[37.7193,6.6123],[37.7301,6.6084],[37.7382,6.6096],[37.749,6.6006],[37.7583,6.5853],[37.7689,6.5863],[37.7833,6.5772],[37.7987,6.5715],[37.8239,6.5744],[37.8268,6.5643],[37.8263,6.5459],[37.8202,6.5208],[37.8133,6.5171],[37.8131,6.5083],[37.8078,6.5007],[37.7999,6.4782],[37.7963,6.4495],[37.7975,6.4292],[37.8078,6.4102],[37.8196,6.3934],[37.8401,6.3787],[37.8503,6.3268],[37.8522,6.3048],[37.848,6.2788],[37.8403,6.2483],[37.8256,6.2207],[37.8098,6.1961],[37.7905,6.1725],[37.7781,6.1496],[37.7747,6.1239],[37.7777,6.0981],[37.7851,6.0726],[37.7898,6.0494],[37.7832,6.0106],[37.7866,5.9697],[37.7883,5.9641],[37.7821,5.9538],[37.7732,5.9465],[37.7653,5.9477],[37.754,5.9439],[37.752,5.9338],[37.7423,5.9294],[37.721,5.9238],[37.7053,5.9055],[37.6916,5.8966],[37.6815,5.8851],[37.6741,5.8642],[37.6745,5.8566],[37.6594,5.8543],[37.6528,5.8638],[37.6403,5.8638],[37.6328,5.8558],[37.5427,5.8166],[37.5482,5.7403],[37.5498,5.734],[37.5358,5.725],[37.5309,5.7251],[37.5216,5.7165],[37.5148,5.714],[37.5041,5.704],[37.4964,5.7021],[37.4866,5.7324],[37.4824,5.7314],[37.4636,5.7158],[37.4562,5.7056],[37.4484,5.7072],[37.4438,5.7143],[37.4332,5.7198],[37.425,5.715],[37.4146,5.7248],[37.4112,5.7349],[37.4062,5.74],[37.3854,5.747],[37.3819,5.7449],[37.372,5.7549],[37.3532,5.7649],[37.3405,5.7657],[37.3264,5.7738],[37.3216,5.7818],[37.3126,5.786],[37.3027,5.7866],[37.28,5.7708],[37.2758,5.7615],[37.2632,5.7587],[37.2491,5.7504],[37.2401,5.7479],[37.2343,5.7416],[37.1939,5.7335],[37.1834,5.7353],[37.1718,5.7425],[37.1467,5.7338],[37.142,5.729],[37.126,5.7277],[37.1195,5.7225],[37.1083,5.7187],[37.1097,5.7155],[37.1028,5.7052],[37.0965,5.7022],[37.0735,5.7045],[37.0683,5.7109],[37.0556,5.7058],[37.0516,5.7007],[37.0548,5.6951],[37.0469,5.6901],[37.0489,5.6802],[37.0535,5.6756],[37.0481,5.6725],[37.0546,5.6652],[37.0488,5.6652],[37.0511,5.6515],[37.0465,5.6513],[37.041,5.643],[37.045,5.6395],[37.0369,5.6308],[37.0315,5.6329],[37.0332,5.6394]]]}},{"type":"Feature","properties":{"zone":"Gofa","region":"South Ethiopia","total_woredas":11,"lersha_woredas":0,"lersha_area_km2":0.0},"geometry":{"type":"Polygon","coordinates":[[[36.6808,6.2986],[36.6873,6.3035],[36.6856,6.3121],[36.6922,6.3256],[36.6956,6.3462],[36.6701,6.3471],[36.654,6.354],[36.6497,6.3693],[36.6534,6.3756],[36.6507,6.3916],[36.6461,6.3889],[36.6289,6.3858],[36.6178,6.3898],[36.6138,6.3949],[36.6082,6.3938],[36.5938,6.383],[36.5881,6.3726],[36.5816,6.3834],[36.572,6.3805],[36.5651,6.372],[36.5643,6.379],[36.5556,6.3736],[36.5351,6.3764],[36.5274,6.3698],[36.5247,6.3581],[36.511,6.3454],[36.5029,6.3328],[36.5003,6.3147],[36.4881,6.3023],[36.4844,6.293],[36.473,6.2903],[36.47,6.299],[36.4549,6.3166],[36.4548,6.3261],[36.4402,6.3348],[36.4444,6.3414],[36.4391,6.344],[36.4385,6.3581],[36.4271,6.3617],[36.4272,6.3757],[36.4137,6.3755],[36.4115,6.3788],[36.4131,6.4109],[36.4098,6.4355],[36.3987,6.446],[36.3885,6.4614],[36.4069,6.473],[36.4177,6.4764],[36.4199,6.4838],[36.4442,6.5134],[36.4648,6.5301],[36.4711,6.5295],[36.4899,6.5339],[36.4962,6.5445],[36.5206,6.5563],[36.5301,6.5638],[36.5422,6.5696],[36.5501,6.5784],[36.5706,6.5826],[36.5802,6.6005],[36.5902,6.6108],[36.5975,6.625],[36.61,6.6304],[36.6235,6.6312],[36.6395,6.6445],[36.6678,6.6544],[36.6796,6.6656],[36.6784,6.6839],[36.6821,6.6915],[36.6935,6.7057],[36.7088,6.7107],[36.7278,6.7138],[36.7406,6.7117],[36.772,6.712],[36.7848,6.7089],[36.8097,6.687],[36.8435,6.6717],[36.8668,6.6685],[36.8734,6.671],[36.8888,6.6868],[36.9089,6.694],[36.9196,6.7],[36.9323,6.7039],[36.941,6.7031],[36.9784,6.689],[36.9891,6.6799],[36.9936,6.6515],[36.9879,6.6375],[36.9911,6.6309],[36.9908,6.6119],[36.9881,6.6032],[36.9925,6.596],[37.0035,6.5896],[37.0092,6.5898],[37.0312,6.5985],[37.043,6.6131],[37.0528,6.6206],[37.0648,6.6262],[37.1035,6.6336],[37.1219,6.6547],[37.1278,6.6539],[37.1377,6.6581],[37.1466,6.6697],[37.1661,6.6704],[37.187,6.6634],[37.1944,6.654],[37.196,6.6454],[37.189,6.6313],[37.1809,6.6218],[37.1833,6.6172],[37.1758,6.598],[37.1768,6.5908],[37.1704,6.5815],[37.1639,6.579],[37.1577,6.5692],[37.1588,6.5581],[37.1507,6.5543],[37.1498,6.5463],[37.1348,6.5375],[37.132,6.5277],[37.1352,6.5191],[37.1328,6.5148],[37.14,6.5038],[37.1377,6.4999],[37.1435,6.4934],[37.1483,6.4979],[37.1601,6.4858],[37.1769,6.4797],[37.1851,6.4696],[37.1886,6.4493],[37.1948,6.4453],[37.195,6.4389],[37.2059,6.4275],[37.2078,6.4164],[37.2141,6.4086],[37.2212,6.3791],[37.2148,6.3688],[37.2126,6.3542],[37.207,6.3394],[37.2088,6.3281],[37.2055,6.3203],[37.2068,6.3048],[37.2121,6.2921],[37.1979,6.2866],[37.1885,6.2739],[37.1729,6.2658],[37.1632,6.2509],[37.1475,6.2447],[37.1382,6.2374],[37.1272,6.2386],[37.121,6.2344],[37.1207,6.2215],[37.1149,6.2118],[37.1043,6.2063],[37.0972,6.2065],[37.0928,6.2],[37.084,6.177],[37.0815,6.1615],[37.0788,6.1313],[37.0802,6.1204],[37.0779,6.0999],[37.0682,6.0822],[37.0677,6.0747],[37.0592,6.0525],[37.0547,6.0477],[37.0509,6.0347],[37.0536,6.0278],[37.049,6.0056],[37.0445,5.9975],[37.0302,5.979],[37.0132,5.9682],[37.0028,5.9662],[36.9952,5.9689],[36.9867,5.97],[36.9814,5.9821],[36.9606,5.9965],[36.9459,6.0048],[36.9447,6.0122],[36.9395,6.0098],[36.938,6.0164],[36.9216,6.0126],[36.9139,6.0164],[36.9018,6.0083],[36.8857,6.0061],[36.8869,5.9992],[36.8802,5.9951],[36.8528,5.9691],[36.8451,5.9671],[36.8319,5.9519],[36.8293,5.9329],[36.8172,5.9274],[36.8054,5.9305],[36.8028,5.9174],[36.7896,5.9117],[36.7846,5.9184],[36.7711,5.9164],[36.7608,5.9174],[36.7527,5.911],[36.7362,5.9255],[36.7332,5.9295],[36.7359,5.9439],[36.7286,5.9616],[36.7328,5.9794],[36.7298,5.9873],[36.7325,6.0023],[36.7203,6.0272],[36.7205,6.0365],[36.7153,6.0484],[36.7124,6.0615],[36.721,6.0816],[36.7221,6.0902],[36.7145,6.0901],[36.7103,6.0957],[36.6949,6.1022],[36.6978,6.1145],[36.7099,6.1251],[36.7259,6.1282],[36.7336,6.1412],[36.7375,6.156],[36.7425,6.1578],[36.7435,6.1702],[36.7495,6.1836],[36.7458,6.1956],[36.7323,6.1925],[36.7266,6.1999],[36.7246,6.2137],[36.7135,6.2318],[36.7007,6.236],[36.6885,6.244],[36.6859,6.2534],[36.6773,6.2642],[36.6774,6.2727],[36.6808,6.2986]]]}},{"type":"Feature","properties":{"zone":"Basketo","region":"South Ethiopia","total_woredas":2,"lersha_woredas":0,"lersha_area_km2":0.0},"geometry":{"type":"Polygon","coordinates":[[[36.4881,6.3023],[36.5003,6.3147],[36.5029,6.3328],[36.511,6.3454],[36.5247,6.3581],[36.5274,6.3698],[36.5351,6.3764],[36.5556,6.3736],[36.5643,6.379],[36.5651,6.372],[36.572,6.3805],[36.5816,6.3834],[36.5881,6.3726],[36.5938,6.383],[36.6082,6.3938],[36.6138,6.3949],[36.6178,6.3898],[36.6289,6.3858],[36.6461,6.3889],[36.6507,6.3916],[36.6534,6.3756],[36.6497,6.3693],[36.654,6.354],[36.6701,6.3471],[36.6956,6.3462],[36.6922,6.3256],[36.6856,6.3121],[36.6873,6.3035],[36.6808,6.2986],[36.6774,6.2727],[36.6606,6.2658],[36.6507,6.251],[36.6341,6.24],[36.6256,6.2453],[36.6089,6.2433],[36.6048,6.246],[36.5962,6.2378],[36.5959,6.231],[36.5894,6.2297],[36.5851,6.2232],[36.5713,6.2205],[36.5664,6.2162],[36.559,6.2019],[36.5534,6.1996],[36.5509,6.1875],[36.5432,6.1775],[36.5285,6.1816],[36.5183,6.1921],[36.5036,6.2006],[36.4971,6.2002],[36.4786,6.1889],[36.4691,6.1855],[36.4481,6.1633],[36.4239,6.1555],[36.397,6.1332],[36.3978,6.1418],[36.4043,6.1418],[36.4056,6.1508],[36.4103,6.1558],[36.4105,6.1672],[36.4201,6.1846],[36.4198,6.1932],[36.4285,6.1966],[36.432,6.2093],[36.4369,6.2139],[36.4348,6.2205],[36.4493,6.2289],[36.4499,6.2455],[36.4579,6.2517],[36.4647,6.2639],[36.4698,6.2685],[36.4712,6.2806],[36.4844,6.293],[36.4881,6.3023]]]}},{"type":"Feature","properties":{"zone":"Ari","region":"South Ethiopia","total_woredas":6,"lersha_woredas":0,"lersha_area_km2":0.0},"geometry":{"type":"Polygon","coordinates":[[[36.4239,6.1555],[36.4481,6.1633],[36.4691,6.1855],[36.4786,6.1889],[36.4971,6.2002],[36.5036,6.2006],[36.5183,6.1921],[36.5285,6.1816],[36.5432,6.1775],[36.5509,6.1875],[36.5534,6.1996],[36.559,6.2019],[36.5664,6.2162],[36.5713,6.2205],[36.5851,6.2232],[36.5894,6.2297],[36.5959,6.231],[36.5962,6.2378],[36.6048,6.246],[36.6089,6.2433],[36.6256,6.2453],[36.6341,6.24],[36.6507,6.251],[36.6606,6.2658],[36.6774,6.2727],[36.6773,6.2642],[36.6859,6.2534],[36.6885,6.244],[36.7007,6.236],[36.7135,6.2318],[36.7246,6.2137],[36.7266,6.1999],[36.7323,6.1925],[36.7458,6.1956],[36.7495,6.1836],[36.7435,6.1702],[36.7425,6.1578],[36.7375,6.156],[36.7336,6.1412],[36.7259,6.1282],[36.7099,6.1251],[36.6978,6.1145],[36.6949,6.1022],[36.7103,6.0957],[36.7145,6.0901],[36.7221,6.0902],[36.721,6.0816],[36.7124,6.0615],[36.7153,6.0484],[36.7205,6.0365],[36.7203,6.0272],[36.7325,6.0023],[36.7298,5.9873],[36.7328,5.9794],[36.7286,5.9616],[36.7359,5.9439],[36.7332,5.9295],[36.7362,5.9255],[36.7112,5.92],[36.6925,5.9056],[36.6856,5.8793],[36.7002,5.8522],[36.7042,5.8399],[36.7171,5.8346],[36.716,5.7931],[36.7058,5.7746],[36.7022,5.7712],[36.7089,5.7665],[36.7043,5.7543],[36.7101,5.7452],[36.698,5.7401],[36.6873,5.7287],[36.673,5.7271],[36.6611,5.714],[36.6502,5.7158],[36.6317,5.7086],[36.6183,5.6937],[36.6197,5.6815],[36.6169,5.6726],[36.6082,5.6975],[36.6079,5.7062],[36.6007,5.7136],[36.5949,5.7126],[36.5874,5.7179],[36.5783,5.7121],[36.5287,5.6973],[36.4882,5.6834],[36.4876,5.6807],[36.4462,5.6765],[36.4364,5.658],[36.4285,5.6499],[36.4201,5.6522],[36.3902,5.6717],[36.3693,5.6823],[36.3349,5.6909],[36.3142,5.6884],[36.3016,5.681],[36.2931,5.6697],[36.28,5.6461],[36.2794,5.6189],[36.2558,5.5995],[36.2363,5.5782],[36.2326,5.5833],[36.2371,5.6147],[36.2511,5.6733],[36.2575,5.6823],[36.2664,5.7046],[36.2715,5.7286],[36.2822,5.7593],[36.269,5.789],[36.2656,5.8116],[36.2677,5.8283],[36.3185,5.8595],[36.3373,5.9051],[36.3585,5.9076],[36.3773,5.8875],[36.3838,5.8616],[36.4023,5.8657],[36.4323,5.8794],[36.4359,5.8833],[36.4433,5.933],[36.4315,5.9736],[36.4197,5.9919],[36.3859,6.0038],[36.3252,6.0237],[36.3062,6.0591],[36.3131,6.0578],[36.3222,6.0471],[36.3336,6.0408],[36.3492,6.0469],[36.3526,6.0436],[36.362,6.0466],[36.371,6.0662],[36.3803,6.0646],[36.3808,6.07],[36.3934,6.0775],[36.3899,6.0866],[36.3957,6.0997],[36.3941,6.113],[36.3997,6.1202],[36.397,6.1332],[36.4239,6.1555]]]}},{"type":"Feature","properties":{"zone":"Alle Special","region":"South Ethiopia","total_woredas":1,"lersha_woredas":0,"lersha_area_km2":0.0},"geometry":{"type":"Polygon","coordinates":[[[37.0542,5.3957],[37.0627,5.4011],[37.0695,5.4124],[37.0644,5.4171],[37.069,5.4204],[37.0661,5.4305],[37.071,5.436],[37.0693,5.4484],[37.0619,5.454],[37.0577,5.4669],[37.0534,5.4714],[37.0576,5.477],[37.052,5.4892],[37.0516,5.5015],[37.044,5.5044],[37.0429,5.5188],[37.0359,5.5178],[37.0364,5.5228],[37.0183,5.5292],[37.0174,5.5408],[37.0105,5.5444],[37.0166,5.5643],[37.0145,5.5775],[37.0196,5.5867],[37.0165,5.5991],[37.0297,5.6093],[37.0231,5.6136],[37.0254,5.6186],[37.0314,5.6166],[37.0338,5.6252],[37.0315,5.6329],[37.0369,5.6308],[37.045,5.6395],[37.041,5.643],[37.0465,5.6513],[37.0511,5.6515],[37.0488,5.6652],[37.0546,5.6652],[37.0481,5.6725],[37.0535,5.6756],[37.0489,5.6802],[37.0469,5.6901],[37.0548,5.6951],[37.0516,5.7007],[37.0556,5.7058],[37.0683,5.7109],[37.0735,5.7045],[37.0965,5.7022],[37.1028,5.7052],[37.1097,5.7155],[37.1083,5.7187],[37.1195,5.7225],[37.126,5.7277],[37.1332,5.725],[37.1377,5.7177],[37.1524,5.7173],[37.1559,5.7139],[37.1723,5.7148],[37.185,5.7092],[37.1928,5.7111],[37.2024,5.7088],[37.2146,5.7102],[37.2243,5.7075],[37.2352,5.6987],[37.2429,5.687],[37.2541,5.6797],[37.2621,5.6681],[37.2682,5.6526],[37.2673,5.6429],[37.2584,5.6289],[37.2605,5.6009],[37.2686,5.5887],[37.2883,5.5886],[37.2982,5.5864],[37.3224,5.5945],[37.3136,5.579],[37.3188,5.5629],[37.327,5.553],[37.3271,5.5484],[37.3385,5.5388],[37.3316,5.5343],[37.3363,5.5226],[37.3465,5.513],[37.3612,5.5121],[37.3551,5.5002],[37.3457,5.4972],[37.3395,5.4908],[37.3405,5.4799],[37.3369,5.4817],[37.3284,5.4763],[37.3096,5.48],[37.3107,5.4882],[37.3015,5.4925],[37.2964,5.4836],[37.28,5.4744],[37.2754,5.4656],[37.2703,5.4667],[37.2603,5.4771],[37.2469,5.483],[37.234,5.4755],[37.2264,5.4624],[37.2085,5.4542],[37.2038,5.4425],[37.1957,5.4437],[37.1921,5.4482],[37.1757,5.4559],[37.1694,5.4426],[37.1624,5.4411],[37.1523,5.4511],[37.1372,5.4365],[37.1164,5.4256],[37.1123,5.4153],[37.0907,5.3949],[37.0692,5.3878],[37.0555,5.3912],[37.0542,5.3957]]]}},{"type":"Feature","properties":{"zone":"Derashe","region":"South Ethiopia","total_woredas":2,"lersha_woredas":0,"lersha_area_km2":0.0},"geometry":{"type":"Polygon","coordinates":[[[37.3465,5.513],[37.3363,5.5226],[37.3316,5.5343],[37.3385,5.5388],[37.3271,5.5484],[37.327,5.553],[37.3188,5.5629],[37.3136,5.579],[37.3224,5.5945],[37.2982,5.5864],[37.2883,5.5886],[37.2686,5.5887],[37.2605,5.6009],[37.2584,5.6289],[37.2673,5.6429],[37.2682,5.6526],[37.2621,5.6681],[37.2541,5.6797],[37.2429,5.687],[37.2352,5.6987],[37.2243,5.7075],[37.2146,5.7102],[37.2024,5.7088],[37.1928,5.7111],[37.185,5.7092],[37.1723,5.7148],[37.1559,5.7139],[37.1524,5.7173],[37.1377,5.7177],[37.1332,5.725],[37.126,5.7277],[37.142,5.729],[37.1467,5.7338],[37.1718,5.7425],[37.1834,5.7353],[37.1939,5.7335],[37.2343,5.7416],[37.2401,5.7479],[37.2491,5.7504],[37.2632,5.7587],[37.2758,5.7615],[37.28,5.7708],[37.3027,5.7866],[37.3126,5.786],[37.3216,5.7818],[37.3264,5.7738],[37.3405,5.7657],[37.3532,5.7649],[37.372,5.7549],[37.3819,5.7449],[37.3854,5.747],[37.4062,5.74],[37.4112,5.7349],[37.4146,5.7248],[37.425,5.715],[37.4332,5.7198],[37.4438,5.7143],[37.4484,5.7072],[37.4562,5.7056],[37.4636,5.7158],[37.4824,5.7314],[37.4866,5.7324],[37.4964,5.7021],[37.5041,5.704],[37.5148,5.714],[37.5216,5.7165],[37.5309,5.7251],[37.5358,5.725],[37.5498,5.734],[37.5575,5.7054],[37.5529,5.6826],[37.5425,5.6543],[37.5394,5.6506],[37.5343,5.6498],[37.5349,5.6408],[37.5317,5.6261],[37.5182,5.6155],[37.5151,5.6089],[37.4908,5.6034],[37.497,5.5848],[37.485,5.577],[37.4837,5.5651],[37.4775,5.5516],[37.4662,5.5635],[37.4646,5.5567],[37.4576,5.5545],[37.4628,5.5436],[37.4619,5.5316],[37.4662,5.5224],[37.4658,5.5154],[37.4502,5.522],[37.4305,5.521],[37.4318,5.5117],[37.4095,5.5085],[37.3801,5.5242],[37.3658,5.5223],[37.362,5.524],[37.3612,5.5121],[37.3465,5.513]]]}},{"type":"Feature","properties":{"zone":"Kore","region":"South Ethiopia","total_woredas":2,"lersha_woredas":0,"lersha_area_km2":0.0},"geometry":{"type":"Polygon","coordinates":[[[37.55,5.6279],[37.5487,5.6445],[37.5394,5.6506],[37.5425,5.6543],[37.5529,5.6826],[37.5575,5.7054],[37.5498,5.734],[37.5482,5.7403],[37.5427,5.8166],[37.6328,5.8558],[37.6403,5.8638],[37.6528,5.8638],[37.6594,5.8543],[37.6745,5.8566],[37.6741,5.8642],[37.6815,5.8851],[37.6916,5.8966],[37.7053,5.9055],[37.721,5.9238],[37.7423,5.9294],[37.752,5.9338],[37.754,5.9439],[37.7653,5.9477],[37.7732,5.9465],[37.7821,5.9538],[37.7883,5.9641],[37.7866,5.9697],[37.7832,6.0106],[37.7915,5.9959],[37.8037,5.9932],[37.8133,5.9978],[37.8271,6.01],[37.843,6.0109],[37.8565,5.999],[37.8655,5.9866],[37.8805,5.985],[37.895,5.9745],[37.904,5.9605],[37.9228,5.9601],[37.9527,5.9633],[37.9686,5.956],[37.9776,5.9278],[37.979,5.9076],[37.9825,5.8878],[38.0071,5.8493],[38.009,5.8265],[38.0123,5.8043],[38.0199,5.79],[38.0392,5.7724],[38.0542,5.7641],[38.0721,5.7626],[38.0889,5.7456],[38.0871,5.7213],[38.0752,5.6889],[38.0408,5.6736],[38.0241,5.6601],[38.008,5.6502],[37.9775,5.6494],[37.9435,5.6395],[37.9208,5.6482],[37.9118,5.6439],[37.8936,5.6428],[37.8889,5.6288],[37.8838,5.6243],[37.8584,5.6252],[37.8456,5.6209],[37.8356,5.6251],[37.8162,5.6404],[37.8002,5.6479],[37.7843,5.6416],[37.7744,5.6329],[37.7519,5.6258],[37.7342,5.6242],[37.7289,5.6329],[37.7315,5.6402],[37.7286,5.6638],[37.7128,5.6739],[37.7055,5.6836],[37.6986,5.7055],[37.6902,5.7054],[37.6871,5.7007],[37.6815,5.7026],[37.6706,5.6976],[37.6636,5.7001],[37.6586,5.6927],[37.6519,5.6894],[37.6305,5.6878],[37.6155,5.6839],[37.6047,5.6881],[37.599,5.6765],[37.5938,5.6728],[37.5861,5.6578],[37.5887,5.6436],[37.5876,5.6333],[37.5985,5.6179],[37.5995,5.6066],[37.5916,5.6082],[37.5801,5.6004],[37.5718,5.6046],[37.5715,5.6124],[37.5633,5.6199],[37.5588,5.6194],[37.55,5.6279]]]}},{"type":"Feature","properties":{"zone":"Konso","region":"South Ethiopia","total_woredas":5,"lersha_woredas":0,"lersha_area_km2":0.0},"geometry":{"type":"Polygon","coordinates":[[[37.0175,5.2227],[37.0113,5.2266],[37.0161,5.2425],[37.0288,5.2512],[37.0368,5.2684],[37.0323,5.3038],[37.0394,5.3124],[37.038,5.3205],[37.0272,5.33],[37.0305,5.3532],[37.0363,5.3718],[37.0427,5.3775],[37.0527,5.3814],[37.0493,5.3874],[37.0555,5.3912],[37.0692,5.3878],[37.0907,5.3949],[37.1123,5.4153],[37.1164,5.4256],[37.1372,5.4365],[37.1523,5.4511],[37.1624,5.4411],[37.1694,5.4426],[37.1757,5.4559],[37.1921,5.4482],[37.1957,5.4437],[37.2038,5.4425],[37.2085,5.4542],[37.2264,5.4624],[37.234,5.4755],[37.2469,5.483],[37.2603,5.4771],[37.2703,5.4667],[37.2754,5.4656],[37.28,5.4744],[37.2964,5.4836],[37.3015,5.4925],[37.3107,5.4882],[37.3096,5.48],[37.3284,5.4763],[37.3369,5.4817],[37.3405,5.4799],[37.3395,5.4908],[37.3457,5.4972],[37.3551,5.5002],[37.3612,5.5121],[37.362,5.524],[37.3658,5.5223],[37.3801,5.5242],[37.4095,5.5085],[37.4318,5.5117],[37.4305,5.521],[37.4502,5.522],[37.4658,5.5154],[37.4662,5.5224],[37.4619,5.5316],[37.4628,5.5436],[37.4576,5.5545],[37.4646,5.5567],[37.4662,5.5635],[37.4775,5.5516],[37.4837,5.5651],[37.485,5.577],[37.497,5.5848],[37.4908,5.6034],[37.5151,5.6089],[37.5182,5.6155],[37.5317,5.6261],[37.5349,5.6408],[37.5343,5.6498],[37.5394,5.6506],[37.5487,5.6445],[37.55,5.6279],[37.5588,5.6194],[37.552,5.6167],[37.5479,5.602],[37.5517,5.5988],[37.5521,5.5876],[37.566,5.5869],[37.5761,5.5825],[37.5886,5.5659],[37.5894,5.5577],[37.5962,5.5468],[37.5934,5.5398],[37.5979,5.5308],[37.6051,5.5247],[37.6238,5.518],[37.6357,5.5018],[37.6398,5.5026],[37.6566,5.4905],[37.6747,5.47],[37.6771,5.462],[37.6913,5.46],[37.6903,5.4501],[37.6934,5.4464],[37.6907,5.4332],[37.6798,5.4263],[37.6803,5.4179],[37.6856,5.4114],[37.6793,5.4021],[37.671,5.3827],[37.659,5.3714],[37.6567,5.3639],[37.6591,5.3492],[37.6517,5.3445],[37.6472,5.3336],[37.6456,5.3224],[37.6493,5.3077],[37.6455,5.2972],[37.6373,5.2832],[37.6297,5.266],[37.5798,5.2477],[37.5779,5.2424],[37.5514,5.2339],[37.5179,5.2205],[37.4913,5.2029],[37.4656,5.1932],[37.4172,5.1666],[37.3672,5.1551],[37.3407,5.1596],[37.3172,5.1735],[37.2924,5.1944],[37.2381,5.1994],[37.2169,5.2127],[37.1972,5.2103],[37.1818,5.1939],[37.1453,5.1889],[37.1122,5.1863],[37.0821,5.1864],[37.0522,5.1918],[37.0033,5.1991],[37.0175,5.2227]]]}},{"type":"Feature","properties":{"zone":"Burji","region":"South Ethiopia","total_woredas":1,"lersha_woredas":0,"lersha_area_km2":0.0},"geometry":{"type":"Polygon","coordinates":[[[37.6493,5.3077],[37.6456,5.3224],[37.6472,5.3336],[37.6517,5.3445],[37.6591,5.3492],[37.6567,5.3639],[37.659,5.3714],[37.671,5.3827],[37.6793,5.4021],[37.6856,5.4114],[37.6803,5.4179],[37.6798,5.4263],[37.6907,5.4332],[37.6934,5.4464],[37.6903,5.4501],[37.6913,5.46],[37.6771,5.462],[37.6747,5.47],[37.6566,5.4905],[37.6398,5.5026],[37.6357,5.5018],[37.6238,5.518],[37.6051,5.5247],[37.5979,5.5308],[37.5934,5.5398],[37.5962,5.5468],[37.5894,5.5577],[37.5886,5.5659],[37.5761,5.5825],[37.566,5.5869],[37.5521,5.5876],[37.5517,5.5988],[37.5479,5.602],[37.552,5.6167],[37.5588,5.6194],[37.5633,5.6199],[37.5715,5.6124],[37.5718,5.6046],[37.5801,5.6004],[37.5916,5.6082],[37.5995,5.6066],[37.5985,5.6179],[37.5876,5.6333],[37.5887,5.6436],[37.5861,5.6578],[37.5938,5.6728],[37.599,5.6765],[37.6047,5.6881],[37.6155,5.6839],[37.6305,5.6878],[37.6519,5.6894],[37.6586,5.6927],[37.6636,5.7001],[37.6706,5.6976],[37.6815,5.7026],[37.6871,5.7007],[37.6902,5.7054],[37.6986,5.7055],[37.7055,5.6836],[37.7128,5.6739],[37.7286,5.6638],[37.7315,5.6402],[37.7289,5.6329],[37.7342,5.6242],[37.7519,5.6258],[37.7744,5.6329],[37.7843,5.6416],[37.8002,5.6479],[37.8162,5.6404],[37.8356,5.6251],[37.8456,5.6209],[37.8584,5.6252],[37.8838,5.6243],[37.8889,5.6288],[37.8936,5.6428],[37.9118,5.6439],[37.9208,5.6482],[37.9435,5.6395],[37.9302,5.6167],[37.9411,5.5851],[37.9415,5.5684],[37.9478,5.5377],[37.9493,5.5076],[37.9468,5.4743],[37.9402,5.4499],[37.9352,5.423],[37.9193,5.396],[37.9012,5.3732],[37.8964,5.3499],[37.9048,5.304],[37.9044,5.2794],[37.9008,5.2449],[37.8868,5.2354],[37.8851,5.2343],[37.8527,5.2346],[37.8271,5.2497],[37.8101,5.2683],[37.7926,5.2742],[37.7728,5.2834],[37.7471,5.2766],[37.7289,5.2922],[37.7009,5.3059],[37.6742,5.3076],[37.6467,5.2993],[37.6455,5.2972],[37.6493,5.3077]]]}},{"type":"Feature","properties":{"zone":"Gedeo","region":"South Ethiopia","total_woredas":13,"lersha_woredas":0,"lersha_area_km2":0.0},"geometry":{"type":"Polygon","coordinates":[[[38.2909,6.4339],[38.2889,6.4296],[38.2974,6.4281],[38.3093,6.4197],[38.338,6.4176],[38.3405,6.42],[38.3667,6.4135],[38.3887,6.4168],[38.398,6.4103],[38.4045,6.3967],[38.399,6.3768],[38.3945,6.3663],[38.4072,6.3551],[38.4161,6.3698],[38.4243,6.3687],[38.4218,6.3482],[38.4249,6.3066],[38.4275,6.3002],[38.4254,6.2901],[38.433,6.2655],[38.439,6.2169],[38.4347,6.1988],[38.3942,6.1818],[38.377,6.1645],[38.3653,6.1428],[38.3625,6.1202],[38.3515,6.0962],[38.3422,6.0824],[38.3199,6.0474],[38.3139,6.0278],[38.2792,6.0063],[38.2717,5.9866],[38.2823,5.9707],[38.2931,5.9733],[38.3045,5.98],[38.3189,5.9751],[38.3275,5.9554],[38.3383,5.9556],[38.3748,5.943],[38.3884,5.933],[38.3961,5.9201],[38.3809,5.904],[38.3581,5.9021],[38.3494,5.8923],[38.3253,5.8688],[38.3037,5.8614],[38.2704,5.8685],[38.2545,5.8585],[38.2392,5.8444],[38.2234,5.8386],[38.208,5.8402],[38.1984,5.8495],[38.1997,5.8648],[38.2089,5.8791],[38.2148,5.8932],[38.2118,5.9167],[38.2037,5.935],[38.181,5.9417],[38.1702,5.957],[38.1593,5.985],[38.1503,6.0004],[38.1388,6.0103],[38.1216,6.0167],[38.1165,6.0502],[38.105,6.066],[38.0986,6.0871],[38.0799,6.117],[38.0867,6.161],[38.1023,6.1804],[38.117,6.1671],[38.1251,6.1551],[38.1414,6.1545],[38.1584,6.1595],[38.171,6.1669],[38.1874,6.1822],[38.1979,6.2064],[38.1933,6.2262],[38.1791,6.2383],[38.1719,6.2553],[38.1737,6.2668],[38.1818,6.2843],[38.1884,6.3043],[38.1976,6.319],[38.2139,6.3302],[38.2314,6.3311],[38.2486,6.3363],[38.2725,6.3479],[38.2882,6.3598],[38.2932,6.372],[38.2928,6.3959],[38.2829,6.4083],[38.2824,6.4378],[38.2909,6.4339]]]}},{"type":"Feature","properties":{"zone":"South Omo","region":"South Ethiopia","total_woredas":7,"lersha_woredas":0,"lersha_area_km2":0.0},"geometry":{"type":"Polygon","coordinates":[[[35.7559,5.3692],[35.7543,5.3729],[35.7543,5.3923],[35.756,5.4116],[35.7542,5.463],[35.7563,5.481],[35.7572,5.5223],[35.7562,5.5669],[35.7541,5.5806],[35.7538,5.6007],[35.8004,5.659],[35.8069,5.6658],[35.8704,5.6732],[35.8774,5.6732],[35.8994,5.6671],[35.9516,5.651],[35.9572,5.6625],[35.9648,5.6694],[35.9648,5.6789],[35.9591,5.6825],[35.9595,5.6905],[35.9702,5.6943],[35.9606,5.6972],[35.9594,5.7035],[35.9657,5.7177],[35.9739,5.7249],[35.9784,5.7407],[35.978,5.762],[35.9655,5.7744],[35.9623,5.7901],[35.9669,5.8004],[35.9624,5.8145],[35.9658,5.8205],[35.9612,5.8276],[35.9628,5.8388],[35.9734,5.8404],[35.9738,5.8466],[35.9683,5.8676],[35.9777,5.875],[35.9771,5.8865],[35.9849,5.8913],[35.9872,5.8971],[35.9836,5.9028],[35.9895,5.9153],[35.9884,5.9323],[35.9781,5.9422],[35.9777,5.9481],[35.9866,5.9566],[35.9899,5.9664],[36.0032,5.9744],[36.0086,5.9973],[36.0,6.012],[35.9989,6.0245],[35.9943,6.0364],[35.9833,6.0489],[35.9845,6.0644],[35.9938,6.0769],[35.9948,6.0846],[35.9762,6.0961],[35.9594,6.0962],[35.9451,6.1021],[35.9508,6.1159],[35.9504,6.1224],[35.9346,6.1304],[35.9346,6.1407],[35.9437,6.1591],[35.9529,6.1668],[35.9613,6.1684],[35.9683,6.1647],[35.9777,6.1662],[35.9764,6.1701],[35.9651,6.1775],[35.9617,6.1831],[35.9677,6.2013],[35.9676,6.2072],[35.9583,6.214],[35.9567,6.2256],[35.9693,6.236],[35.9798,6.249],[35.9922,6.2577],[36.0102,6.2653],[36.0189,6.2657],[36.0251,6.2739],[36.0394,6.2713],[36.0446,6.293],[36.0581,6.3052],[36.0587,6.3102],[36.0381,6.3265],[36.0347,6.3334],[36.0391,6.3471],[36.043,6.3504],[36.0527,6.3477],[36.0639,6.3517],[36.0708,6.3573],[36.0761,6.3732],[36.0813,6.3812],[36.0934,6.3884],[36.0956,6.4003],[36.1092,6.4155],[36.1175,6.4166],[36.1281,6.4326],[36.1385,6.4385],[36.1592,6.4355],[36.1723,6.4372],[36.187,6.4432],[36.1939,6.4405],[36.2014,6.429],[36.212,6.4202],[36.2161,6.4068],[36.2469,6.3852],[36.2661,6.3917],[36.2721,6.4022],[36.2832,6.4126],[36.2989,6.4197],[36.3067,6.4264],[36.3128,6.4358],[36.3193,6.4536],[36.3254,6.4589],[36.3486,6.4598],[36.3556,6.4622],[36.3611,6.4692],[36.3703,6.4606],[36.3822,6.4582],[36.3885,6.4614],[36.3987,6.446],[36.4098,6.4355],[36.4131,6.4109],[36.4115,6.3788],[36.4137,6.3755],[36.4272,6.3757],[36.4271,6.3617],[36.4385,6.3581],[36.4391,6.344],[36.4444,6.3414],[36.4402,6.3348],[36.4548,6.3261],[36.4549,6.3166],[36.47,6.299],[36.473,6.2903],[36.4844,6.293],[36.4712,6.2806],[36.4698,6.2685],[36.4647,6.2639],[36.4579,6.2517],[36.4499,6.2455],[36.4493,6.2289],[36.4348,6.2205],[36.4369,6.2139],[36.432,6.2093],[36.4285,6.1966],[36.4198,6.1932],[36.4201,6.1846],[36.4105,6.1672],[36.4103,6.1558],[36.4056,6.1508],[36.4043,6.1418],[36.3978,6.1418],[36.397,6.1332],[36.3997,6.1202],[36.3941,6.113],[36.3957,6.0997],[36.3899,6.0866],[36.3934,6.0775],[36.3808,6.07],[36.3803,6.0646],[36.371,6.0662],[36.362,6.0466],[36.3526,6.0436],[36.3492,6.0469],[36.3336,6.0408],[36.3222,6.0471],[36.3131,6.0578],[36.3062,6.0591],[36.3252,6.0237],[36.3859,6.0038],[36.4197,5.9919],[36.4315,5.9736],[36.4433,5.933],[36.4359,5.8833],[36.4323,5.8794],[36.4023,5.8657],[36.3838,5.8616],[36.3773,5.8875],[36.3585,5.9076],[36.3373,5.9051],[36.3185,5.8595],[36.2677,5.8283],[36.2656,5.8116],[36.269,5.789],[36.2822,5.7593],[36.2715,5.7286],[36.2664,5.7046],[36.2575,5.6823],[36.2511,5.6733],[36.2371,5.6147],[36.2326,5.5833],[36.2363,5.5782],[36.2558,5.5995],[36.2794,5.6189],[36.28,5.6461],[36.2931,5.6697],[36.3016,5.681],[36.3142,5.6884],[36.3349,5.6909],[36.3693,5.6823],[36.3902,5.6717],[36.4201,5.6522],[36.4285,5.6499],[36.4364,5.658],[36.4462,5.6765],[36.4876,5.6807],[36.4882,5.6834],[36.5287,5.6973],[36.5783,5.7121],[36.5874,5.7179],[36.5949,5.7126],[36.6007,5.7136],[36.6079,5.7062],[36.6082,5.6975],[36.6169,5.6726],[36.6197,5.6815],[36.6183,5.6937],[36.6317,5.7086],[36.6502,5.7158],[36.6611,5.714],[36.673,5.7271],[36.6873,5.7287],[36.698,5.7401],[36.7101,5.7452],[36.7043,5.7543],[36.7089,5.7665],[36.7022,5.7712],[36.7058,5.7746],[36.716,5.7931],[36.7171,5.8346],[36.7042,5.8399],[36.7002,5.8522],[36.6856,5.8793],[36.6925,5.9056],[36.7112,5.92],[36.7362,5.9255],[36.7527,5.911],[36.7608,5.9174],[36.7711,5.9164],[36.7846,5.9184],[36.7896,5.9117],[36.8028,5.9174],[36.8054,5.9305],[36.8172,5.9274],[36.8293,5.9329],[36.8319,5.9519],[36.8451,5.9671],[36.8528,5.9691],[36.8802,5.9951],[36.8869,5.9992],[36.8857,6.0061],[36.9018,6.0083],[36.9139,6.0164],[36.9216,6.0126],[36.938,6.0164],[36.9395,6.0098],[36.9447,6.0122],[36.9459,6.0048],[36.9606,5.9965],[36.9814,5.9821],[36.9867,5.97],[36.9952,5.9689],[36.9968,5.9612],[36.993,5.9557],[36.9992,5.9478],[37.005,5.9247],[37.0053,5.8998],[37.0073,5.8943],[37.0055,5.8816],[37.0128,5.8644],[37.0085,5.8591],[37.008,5.8419],[37.0031,5.8307],[37.0089,5.821],[37.0092,5.8106],[37.0035,5.8024],[37.0108,5.787],[37.0064,5.7756],[37.0097,5.767],[37.0098,5.7409],[37.002,5.7303],[37.0033,5.7237],[37.0023,5.6972],[37.0121,5.6908],[37.0263,5.6771],[37.0255,5.6703],[37.0327,5.6652],[37.032,5.6547],[37.0278,5.6484],[37.0332,5.6394],[37.0315,5.6329],[37.0338,5.6252],[37.0314,5.6166],[37.0254,5.6186],[37.0231,5.6136],[37.0297,5.6093],[37.0165,5.5991],[37.0196,5.5867],[37.0145,5.5775],[37.0166,5.5643],[37.0105,5.5444],[37.0174,5.5408],[37.0183,5.5292],[37.0364,5.5228],[37.0359,5.5178],[37.0429,5.5188],[37.044,5.5044],[37.0516,5.5015],[37.052,5.4892],[37.0576,5.477],[37.0534,5.4714],[37.0577,5.4669],[37.0619,5.454],[37.0693,5.4484],[37.071,5.436],[37.0661,5.4305],[37.069,5.4204],[37.0644,5.4171],[37.0695,5.4124],[37.0627,5.4011],[37.0542,5.3957],[37.0555,5.3912],[37.0493,5.3874],[37.0527,5.3814],[37.0427,5.3775],[37.0363,5.3718],[37.0305,5.3532],[37.0272,5.33],[37.038,5.3205],[37.0394,5.3124],[37.0323,5.3038],[37.0368,5.2684],[37.0288,5.2512],[37.0161,5.2425],[37.0113,5.2266],[37.0175,5.2227],[37.0033,5.1991],[36.9831,5.1924],[36.949,5.1947],[36.9212,5.1451],[36.893,5.1098],[36.8822,5.075],[36.8714,5.0291],[36.8675,5.007],[36.8607,4.9788],[36.8648,4.9442],[36.8608,4.9351],[36.8635,4.793],[36.8547,4.7361],[36.8285,4.7092],[36.6464,4.7108],[36.6808,4.6043],[36.6575,4.5804],[36.6915,4.4955],[36.7143,4.4339],[36.6475,4.4467],[36.4336,4.4417],[36.2717,4.4392],[36.2112,4.448],[36.0453,4.4471],[35.9511,4.5211],[35.9477,4.6293],[35.9247,4.6403],[35.7744,4.7986],[35.78,5.0826],[35.8028,5.1053],[35.8236,5.1367],[35.8307,5.1684],[35.8051,5.2068],[35.7962,5.2351],[35.7987,5.2656],[35.8217,5.3286],[35.7969,5.3311],[35.775,5.3372],[35.757,5.3454],[35.7559,5.3692]]]}},{"type":"Feature","properties":{"zone":"Sheka","region":"South West Ethiopia","total_woredas":5,"lersha_woredas":0,"lersha_area_km2":0.0},"geometry":{"type":"Polygon","coordinates":[[[35.3804,7.1228],[35.3687,7.1442],[35.353,7.1539],[35.334,7.1799],[35.3344,7.1883],[35.3401,7.1871],[35.3729,7.231],[35.3458,7.239],[35.3534,7.2624],[35.3703,7.2774],[35.3749,7.29],[35.3828,7.3343],[35.3875,7.3507],[35.3923,7.3962],[35.3678,7.4146],[35.3736,7.428],[35.3558,7.4367],[35.3453,7.4529],[35.329,7.4616],[35.3201,7.463],[35.3096,7.4792],[35.2726,7.4715],[35.2623,7.4802],[35.2439,7.4737],[35.2095,7.4719],[35.1893,7.4556],[35.1614,7.4714],[35.1224,7.4786],[35.1207,7.4835],[35.1268,7.4956],[35.1381,7.5121],[35.1462,7.5195],[35.1719,7.5328],[35.1701,7.5551],[35.1647,7.5804],[35.1663,7.6149],[35.1457,7.6302],[35.1156,7.6308],[35.116,7.6451],[35.1729,7.6542],[35.2123,7.6515],[35.2203,7.6626],[35.2202,7.6802],[35.2227,7.7031],[35.2479,7.7265],[35.2756,7.746],[35.2899,7.7472],[35.293,7.7519],[35.3108,7.761],[35.3249,7.7653],[35.3409,7.7766],[35.342,7.8214],[35.3499,7.8349],[35.3581,7.843],[35.372,7.8325],[35.3891,7.827],[35.4006,7.8296],[35.4095,7.8434],[35.4184,7.8641],[35.4287,7.8808],[35.4335,7.8828],[35.4597,7.8725],[35.4743,7.8735],[35.4902,7.8826],[35.4972,7.8803],[35.5122,7.8923],[35.5207,7.8956],[35.5305,7.88],[35.5362,7.8494],[35.5444,7.831],[35.5546,7.8202],[35.5702,7.8129],[35.5915,7.8087],[35.5947,7.795],[35.5893,7.7884],[35.5934,7.7856],[35.5949,7.7752],[35.6021,7.7721],[35.5954,7.751],[35.5977,7.7416],[35.5928,7.7347],[35.5803,7.7391],[35.5761,7.7334],[35.5802,7.7181],[35.5783,7.7122],[35.5903,7.7091],[35.6029,7.6928],[35.5942,7.6902],[35.5932,7.6834],[35.5701,7.6738],[35.5665,7.6653],[35.568,7.6598],[35.5633,7.6514],[35.564,7.6412],[35.5718,7.6195],[35.5721,7.6106],[35.5776,7.6036],[35.5821,7.5723],[35.5807,7.5552],[35.5855,7.5472],[35.5861,7.5352],[35.5745,7.5225],[35.5625,7.5135],[35.5567,7.5135],[35.5591,7.4963],[35.5651,7.4873],[35.5395,7.4847],[35.526,7.4794],[35.5253,7.4753],[35.4995,7.4638],[35.4807,7.4473],[35.439,7.4229],[35.479,7.3953],[35.4971,7.3839],[35.494,7.3587],[35.5023,7.3441],[35.4998,7.3325],[35.5011,7.3169],[35.4965,7.3087],[35.5012,7.2915],[35.4982,7.2785],[35.4904,7.2724],[35.4943,7.2652],[35.5007,7.2691],[35.5122,7.262],[35.5205,7.2674],[35.5336,7.2657],[35.5636,7.2756],[35.5678,7.281],[35.573,7.2793],[35.574,7.2719],[35.5797,7.2637],[35.5921,7.26],[35.5966,7.2463],[35.6045,7.2462],[35.6074,7.2518],[35.6226,7.2304],[35.6387,7.228],[35.6485,7.236],[35.6584,7.2343],[35.6689,7.2416],[35.679,7.2273],[35.7011,7.2262],[35.7135,7.2414],[35.7295,7.2414],[35.7255,7.2345],[35.7357,7.2196],[35.724,7.2135],[35.7119,7.2165],[35.7058,7.209],[35.6935,7.2044],[35.689,7.2062],[35.6723,7.2043],[35.6679,7.2012],[35.65,7.2021],[35.6406,7.2006],[35.6389,7.2047],[35.617,7.1938],[35.6109,7.1978],[35.6095,7.1925],[35.5965,7.1863],[35.5985,7.1939],[35.5898,7.1883],[35.5831,7.1889],[35.5616,7.1785],[35.5546,7.1793],[35.5531,7.1712],[35.5471,7.1706],[35.5337,7.1574],[35.5255,7.1542],[35.5142,7.1571],[35.5108,7.1614],[35.4956,7.1592],[35.485,7.1699],[35.4754,7.1715],[35.4621,7.1683],[35.4542,7.1604],[35.4382,7.1633],[35.4277,7.1572],[35.4409,7.1519],[35.4472,7.1422],[35.4458,7.127],[35.4434,7.1247],[35.428,7.1248],[35.4186,7.119],[35.4138,7.125],[35.4019,7.1277],[35.3955,7.1246],[35.39,7.1115],[35.3748,7.1191],[35.3804,7.1228]]]}},{"type":"Feature","properties":{"zone":"Kefa","region":"South West Ethiopia","total_woredas":17,"lersha_woredas":0,"lersha_area_km2":0.0},"geometry":{"type":"Polygon","coordinates":[[[35.8461,7.0179],[35.8244,7.0296],[35.8254,7.0367],[35.8207,7.0394],[35.8426,7.0662],[35.8436,7.0811],[35.8282,7.0746],[35.8157,7.0751],[35.8069,7.0703],[35.8082,7.0514],[35.8048,7.0468],[35.7952,7.0442],[35.7984,7.0346],[35.7882,7.0072],[35.7833,7.0154],[35.7757,7.0213],[35.7753,7.027],[35.7662,7.0325],[35.7525,7.0198],[35.7492,7.0207],[35.7372,7.0135],[35.7154,7.0041],[35.7146,7.0145],[35.7093,7.0279],[35.731,7.0468],[35.7327,7.0502],[35.7466,7.0583],[35.7541,7.0778],[35.7442,7.0829],[35.7323,7.0732],[35.729,7.0674],[35.715,7.0688],[35.7089,7.0752],[35.7138,7.0939],[35.7241,7.1],[35.7179,7.1071],[35.7164,7.1162],[35.7208,7.117],[35.7197,7.1324],[35.715,7.1391],[35.7128,7.1544],[35.7035,7.1605],[35.6996,7.1667],[35.7016,7.1828],[35.6935,7.2044],[35.7058,7.209],[35.7119,7.2165],[35.724,7.2135],[35.7357,7.2196],[35.7255,7.2345],[35.7295,7.2414],[35.7135,7.2414],[35.7011,7.2262],[35.679,7.2273],[35.6689,7.2416],[35.6584,7.2343],[35.6485,7.236],[35.6387,7.228],[35.6226,7.2304],[35.6074,7.2518],[35.6045,7.2462],[35.5966,7.2463],[35.5921,7.26],[35.5797,7.2637],[35.574,7.2719],[35.573,7.2793],[35.5678,7.281],[35.5636,7.2756],[35.5336,7.2657],[35.5205,7.2674],[35.5122,7.262],[35.5007,7.2691],[35.4943,7.2652],[35.4904,7.2724],[35.4982,7.2785],[35.5012,7.2915],[35.4965,7.3087],[35.5011,7.3169],[35.4998,7.3325],[35.5023,7.3441],[35.494,7.3587],[35.4971,7.3839],[35.479,7.3953],[35.439,7.4229],[35.4807,7.4473],[35.4995,7.4638],[35.5253,7.4753],[35.526,7.4794],[35.5395,7.4847],[35.5651,7.4873],[35.5591,7.4963],[35.5567,7.5135],[35.5625,7.5135],[35.5745,7.5225],[35.5861,7.5352],[35.5855,7.5472],[35.5807,7.5552],[35.5821,7.5723],[35.5776,7.6036],[35.5721,7.6106],[35.5718,7.6195],[35.564,7.6412],[35.5633,7.6514],[35.568,7.6598],[35.5665,7.6653],[35.5701,7.6738],[35.5932,7.6834],[35.5942,7.6902],[35.6029,7.6928],[35.5903,7.7091],[35.5783,7.7122],[35.5802,7.7181],[35.5761,7.7334],[35.5803,7.7391],[35.5928,7.7347],[35.5977,7.7416],[35.5954,7.751],[35.6021,7.7721],[35.5949,7.7752],[35.5934,7.7856],[35.5893,7.7884],[35.5947,7.795],[35.5915,7.8087],[35.6062,7.8096],[35.6183,7.8147],[35.667,7.8449],[35.6764,7.8535],[35.6937,7.8644],[35.7035,7.8591],[35.7164,7.8555],[35.7395,7.8666],[35.7621,7.8826],[35.7923,7.9207],[35.7997,7.9326],[35.7999,7.9407],[35.7953,7.948],[35.7825,7.954],[35.7714,7.9629],[35.7674,7.9691],[35.7385,7.9888],[35.7229,8.0225],[35.728,8.0396],[35.744,8.0509],[35.7533,8.0678],[35.7658,8.0812],[35.7981,8.0791],[35.8163,8.0824],[35.8609,8.0772],[35.8727,8.0588],[35.884,8.0165],[35.888,8.0005],[35.8988,7.9711],[35.9051,7.946],[35.9024,7.9262],[35.8869,7.8925],[35.8742,7.8758],[35.8591,7.8601],[35.8511,7.848],[35.8486,7.839],[35.86,7.8293],[35.8751,7.8218],[35.8978,7.8069],[35.9226,7.7867],[35.9416,7.7739],[35.9611,7.7664],[35.9864,7.7547],[35.9972,7.7451],[36.0122,7.7095],[36.0206,7.692],[36.0419,7.6744],[36.0519,7.6539],[36.0471,7.6343],[36.0325,7.5915],[36.0353,7.5726],[36.0451,7.5655],[36.0622,7.5575],[36.0869,7.5539],[36.1276,7.5556],[36.1566,7.5426],[36.1809,7.5236],[36.2006,7.5036],[36.2247,7.4844],[36.2409,7.4773],[36.2654,7.4693],[36.2869,7.4597],[36.3018,7.4499],[36.3237,7.447],[36.3487,7.4454],[36.3746,7.4156],[36.4063,7.4085],[36.4271,7.4132],[36.4532,7.4174],[36.4702,7.4154],[36.4839,7.416],[36.5066,7.4058],[36.5412,7.393],[36.5983,7.369],[36.606,7.3684],[36.6228,7.3792],[36.633,7.3779],[36.6381,7.3712],[36.6517,7.345],[36.6726,7.328],[36.6941,7.3131],[36.7142,7.3021],[36.7394,7.2847],[36.7625,7.2659],[36.7911,7.2523],[36.7745,7.2461],[36.7762,7.2345],[36.7713,7.2317],[36.7688,7.1967],[36.7615,7.1708],[36.7559,7.161],[36.7448,7.1581],[36.7285,7.1591],[36.7244,7.1528],[36.7172,7.1497],[36.7051,7.1556],[36.6933,7.1665],[36.6837,7.1571],[36.6845,7.1492],[36.68,7.1475],[36.681,7.1403],[36.6769,7.1325],[36.6628,7.1324],[36.6505,7.1284],[36.6313,7.1295],[36.6194,7.1327],[36.5916,7.1229],[36.5862,7.1143],[36.5867,7.1058],[36.5918,7.0998],[36.591,7.0895],[36.5979,7.0835],[36.601,7.0502],[36.5827,7.053],[36.5685,7.0487],[36.5666,7.0336],[36.5542,7.0245],[36.5503,7.0188],[36.5525,7.0046],[36.5129,7.009],[36.5048,7.003],[36.5033,6.9962],[36.5093,6.9902],[36.5041,6.9826],[36.4936,6.9822],[36.4809,6.9859],[36.467,6.9733],[36.4619,6.9623],[36.4643,6.9482],[36.4608,6.9283],[36.4578,6.9221],[36.4831,6.8785],[36.4904,6.8192],[36.4868,6.8085],[36.4786,6.8077],[36.4753,6.7993],[36.4575,6.7858],[36.4455,6.7831],[36.4387,6.7848],[36.4275,6.7774],[36.4155,6.7839],[36.4152,6.7765],[36.4076,6.7744],[36.4017,6.7677],[36.4022,6.7593],[36.3939,6.7515],[36.3943,6.7476],[36.3841,6.7419],[36.3845,6.7377],[36.3697,6.7313],[36.3646,6.7237],[36.3561,6.7191],[36.354,6.7142],[36.3432,6.7057],[36.338,6.6901],[36.3385,6.6825],[36.3484,6.6698],[36.3509,6.6573],[36.356,6.6468],[36.3589,6.6313],[36.3541,6.6134],[36.3393,6.5915],[36.3289,6.5785],[36.3274,6.5514],[36.3319,6.541],[36.3392,6.5332],[36.3399,6.5268],[36.3376,6.4987],[36.3314,6.4874],[36.3272,6.4736],[36.3227,6.4668],[36.3254,6.4589],[36.3193,6.4536],[36.3128,6.4358],[36.3067,6.4264],[36.2989,6.4197],[36.2832,6.4126],[36.2721,6.4022],[36.2661,6.3917],[36.2469,6.3852],[36.2161,6.4068],[36.212,6.4202],[36.2014,6.429],[36.1939,6.4405],[36.187,6.4432],[36.1723,6.4372],[36.1592,6.4355],[36.1385,6.4385],[36.1281,6.4326],[36.1175,6.4166],[36.1092,6.4155],[36.0956,6.4003],[36.0934,6.3884],[36.0813,6.3812],[36.0761,6.3732],[36.0708,6.3573],[36.0639,6.3517],[36.0527,6.3477],[36.043,6.3504],[36.0391,6.3471],[36.0347,6.3334],[36.0381,6.3265],[36.0587,6.3102],[36.0581,6.3052],[36.0446,6.293],[36.0394,6.2713],[36.0251,6.2739],[36.0189,6.2657],[36.0102,6.2653],[35.9922,6.2577],[35.9798,6.249],[35.9693,6.236],[35.9666,6.2442],[35.9749,6.2547],[35.9748,6.2634],[35.9796,6.2662],[35.9743,6.279],[35.9684,6.2863],[35.9734,6.2951],[35.9703,6.3027],[35.9785,6.3158],[35.9743,6.3183],[35.9731,6.3351],[35.9808,6.347],[35.9784,6.3528],[35.9841,6.3562],[35.9854,6.3697],[35.9838,6.3805],[35.9948,6.3918],[35.9924,6.3945],[35.9979,6.404],[36.0043,6.4047],[36.0064,6.4101],[36.018,6.4136],[36.0195,6.4251],[36.0299,6.4333],[36.0292,6.4376],[36.0399,6.4598],[36.0457,6.4635],[36.0693,6.4607],[36.08,6.468],[36.0932,6.4701],[36.0967,6.4655],[36.097,6.4753],[36.1031,6.4837],[36.1146,6.4827],[36.1173,6.4922],[36.125,6.5019],[36.1233,6.515],[36.1378,6.5375],[36.1332,6.5434],[36.1292,6.5582],[36.1343,6.5676],[36.1231,6.5824],[36.1169,6.5844],[36.1114,6.5917],[36.1022,6.5948],[36.0948,6.6105],[36.0842,6.6144],[36.0776,6.6124],[36.0737,6.6209],[36.0746,6.6376],[36.0672,6.6432],[36.0689,6.6547],[36.0855,6.6674],[36.0866,6.6799],[36.079,6.6888],[36.0756,6.7012],[36.0841,6.7225],[36.0658,6.726],[36.0671,6.7368],[36.0612,6.7482],[36.0683,6.7507],[36.0759,6.7668],[36.0668,6.7682],[36.0656,6.7779],[36.068,6.7855],[36.0657,6.7945],[36.0704,6.7949],[36.0641,6.8035],[36.0569,6.8073],[36.0636,6.8109],[36.0546,6.8348],[36.0571,6.8519],[36.0557,6.8645],[36.0497,6.879],[36.0433,6.8836],[36.0471,6.8939],[36.045,6.8983],[36.0348,6.9043],[36.0184,6.9404],[36.0192,6.9478],[36.0132,6.9603],[36.0154,6.9769],[36.0019,7.0002],[36.0023,7.0116],[35.9981,7.0272],[35.9983,7.0384],[36.0013,7.0384],[35.9985,7.0494],[36.001,7.0539],[35.9962,7.0632],[35.9912,7.0632],[35.9885,7.0717],[35.9681,7.0885],[35.9662,7.0937],[35.956,7.0988],[35.9445,7.1099],[35.9411,7.1171],[35.9269,7.114],[35.9153,7.1066],[35.9023,7.1078],[35.8938,7.097],[35.8861,7.0964],[35.8783,7.0904],[35.8759,7.0705],[35.8802,7.0524],[35.8719,7.0455],[35.8692,7.035],[35.8606,7.0315],[35.8605,7.0181],[35.8533,7.0114],[35.8461,7.0179]]]}},{"type":"Feature","properties":{"zone":"Bench Sheko","region":"South West Ethiopia","total_woredas":10,"lersha_woredas":0,"lersha_area_km2":0.0},"geometry":{"type":"Polygon","coordinates":[[[34.9779,7.2133],[35.0109,7.1947],[35.0208,7.1858],[35.0539,7.1843],[35.0837,7.1248],[35.1143,7.1021],[35.1569,7.1017],[35.2046,7.0996],[35.2184,7.108],[35.2345,7.1379],[35.2646,7.1362],[35.2799,7.1294],[35.2999,7.1158],[35.3136,7.1153],[35.3308,7.1271],[35.3545,7.1185],[35.3718,7.117],[35.3748,7.1191],[35.39,7.1115],[35.3955,7.1246],[35.4019,7.1277],[35.4138,7.125],[35.4186,7.119],[35.428,7.1248],[35.4434,7.1247],[35.4458,7.127],[35.4472,7.1422],[35.4409,7.1519],[35.4277,7.1572],[35.4382,7.1633],[35.4542,7.1604],[35.4621,7.1683],[35.4754,7.1715],[35.485,7.1699],[35.4956,7.1592],[35.5108,7.1614],[35.5142,7.1571],[35.5255,7.1542],[35.5337,7.1574],[35.5471,7.1706],[35.5531,7.1712],[35.5546,7.1793],[35.5616,7.1785],[35.5831,7.1889],[35.5898,7.1883],[35.5985,7.1939],[35.5965,7.1863],[35.6095,7.1925],[35.6109,7.1978],[35.617,7.1938],[35.6389,7.2047],[35.6406,7.2006],[35.65,7.2021],[35.6679,7.2012],[35.6723,7.2043],[35.689,7.2062],[35.6935,7.2044],[35.7016,7.1828],[35.6996,7.1667],[35.7035,7.1605],[35.7128,7.1544],[35.715,7.1391],[35.7197,7.1324],[35.7208,7.117],[35.7164,7.1162],[35.7179,7.1071],[35.7241,7.1],[35.7138,7.0939],[35.7089,7.0752],[35.715,7.0688],[35.729,7.0674],[35.7323,7.0732],[35.7442,7.0829],[35.7541,7.0778],[35.7466,7.0583],[35.7327,7.0502],[35.731,7.0468],[35.7093,7.0279],[35.7146,7.0145],[35.7154,7.0041],[35.7372,7.0135],[35.7492,7.0207],[35.7525,7.0198],[35.7662,7.0325],[35.7753,7.027],[35.7757,7.0213],[35.7833,7.0154],[35.7882,7.0072],[35.7984,7.0346],[35.7952,7.0442],[35.8048,7.0468],[35.8082,7.0514],[35.8069,7.0703],[35.8157,7.0751],[35.8282,7.0746],[35.8436,7.0811],[35.8426,7.0662],[35.8207,7.0394],[35.8254,7.0367],[35.8244,7.0296],[35.8461,7.0179],[35.8533,7.0114],[35.848,7.0064],[35.838,7.01],[35.8441,6.992],[35.8537,6.9956],[35.8624,6.9933],[35.869,6.9822],[35.8643,6.9663],[35.8586,6.9594],[35.8558,6.9505],[35.8457,6.9393],[35.8468,6.9132],[35.8643,6.9113],[35.8696,6.9036],[35.8632,6.8995],[35.8658,6.8788],[35.8698,6.8768],[35.8706,6.8651],[35.8843,6.8493],[35.8719,6.8352],[35.8649,6.8455],[35.852,6.8488],[35.8431,6.8448],[35.8293,6.8348],[35.8266,6.8272],[35.8155,6.8225],[35.811,6.8147],[35.805,6.8223],[35.7976,6.8124],[35.7971,6.8023],[35.7768,6.79],[35.7655,6.788],[35.7531,6.791],[35.74,6.7868],[35.7252,6.8093],[35.7171,6.8103],[35.71,6.8025],[35.7017,6.8042],[35.6979,6.7937],[35.69,6.7883],[35.6875,6.7739],[35.6934,6.7728],[35.6913,6.7654],[35.6825,6.7665],[35.6739,6.7619],[35.6732,6.7546],[35.6674,6.7463],[35.6562,6.7413],[35.6446,6.7431],[35.6451,6.7486],[35.6364,6.7507],[35.6201,6.7687],[35.6197,6.7815],[35.6059,6.7863],[35.6039,6.7979],[35.5853,6.791],[35.5764,6.7776],[35.5678,6.7749],[35.5469,6.7589],[35.5433,6.7488],[35.535,6.7495],[35.5186,6.7437],[35.5162,6.7474],[35.5051,6.7488],[35.4956,6.7558],[35.4858,6.747],[35.4696,6.7481],[35.4493,6.7324],[35.4247,6.7356],[35.4151,6.7273],[35.4116,6.7168],[35.4028,6.7105],[35.4017,6.7044],[35.3911,6.6946],[35.3811,6.6786],[35.3765,6.6598],[35.3702,6.6511],[35.3719,6.6464],[35.3659,6.6337],[35.3555,6.6295],[35.3426,6.6189],[35.34,6.6131],[35.3166,6.5993],[35.3134,6.5936],[35.3171,6.5897],[35.3121,6.5842],[35.309,6.5706],[35.3143,6.5609],[35.3206,6.5619],[35.3209,6.5517],[35.3104,6.5571],[35.3058,6.552],[35.3076,6.546],[35.2982,6.5383],[35.2888,6.5347],[35.2898,6.5289],[35.2802,6.528],[35.2769,6.5231],[35.2679,6.522],[35.2565,6.526],[35.2583,6.5151],[35.2544,6.5013],[35.2429,6.5028],[35.2329,6.4991],[35.2294,6.4867],[35.2163,6.4936],[35.2136,6.4886],[35.2069,6.4934],[35.1997,6.5039],[35.1941,6.5023],[35.1859,6.5072],[35.1868,6.5575],[35.1953,6.5974],[35.1863,6.6269],[35.1875,6.6565],[35.1977,6.6802],[35.1782,6.7096],[35.1796,6.7274],[35.1468,6.7611],[35.0799,6.8108],[35.0429,6.8105],[34.9854,6.7982],[34.9337,6.7963],[34.9456,6.8265],[34.969,6.8593],[34.9924,6.864],[34.9979,6.8929],[34.974,6.9252],[34.9457,6.9441],[34.9113,6.9882],[34.9021,7.0309],[34.8843,7.0308],[34.8771,7.0698],[34.8927,7.0915],[34.8906,7.1593],[34.8981,7.1848],[34.9424,7.1929],[34.9656,7.2151],[34.9702,7.234],[34.9755,7.2198],[34.9779,7.2133]]]}},{"type":"Feature","properties":{"zone":"Dawuro","region":"South West Ethiopia","total_woredas":12,"lersha_woredas":0,"lersha_area_km2":0.0},"geometry":{"type":"Polygon","coordinates":[[[37.2425,6.6602],[37.2345,6.6528],[37.2199,6.6534],[37.1999,6.6487],[37.1944,6.654],[37.187,6.6634],[37.1661,6.6704],[37.1466,6.6697],[37.1377,6.6581],[37.1278,6.6539],[37.1219,6.6547],[37.1035,6.6336],[37.0648,6.6262],[37.0528,6.6206],[37.043,6.6131],[37.0312,6.5985],[37.0092,6.5898],[37.0035,6.5896],[36.9925,6.596],[36.9881,6.6032],[36.9908,6.6119],[36.9911,6.6309],[36.9879,6.6375],[36.9936,6.6515],[36.9891,6.6799],[36.9784,6.689],[36.941,6.7031],[36.9323,6.7039],[36.9196,6.7],[36.9089,6.694],[36.8888,6.6868],[36.8734,6.671],[36.8668,6.6685],[36.8435,6.6717],[36.8097,6.687],[36.7848,6.7089],[36.772,6.712],[36.7406,6.7117],[36.7278,6.7138],[36.7088,6.7107],[36.6935,6.7057],[36.6884,6.7121],[36.6966,6.7329],[36.6935,6.7483],[36.6958,6.7605],[36.6947,6.7704],[36.6905,6.7775],[36.7024,6.7953],[36.7042,6.8078],[36.7073,6.8096],[36.7087,6.8243],[36.7061,6.827],[36.7108,6.8362],[36.7213,6.8487],[36.7271,6.85],[36.7297,6.8591],[36.7361,6.8636],[36.7404,6.8742],[36.7494,6.8781],[36.75,6.8874],[36.7583,6.8927],[36.7637,6.9145],[36.7609,6.9215],[36.7647,6.9324],[36.7753,6.9372],[36.7851,6.9576],[36.8056,6.9632],[36.8083,6.9738],[36.8124,6.9729],[36.8242,6.9789],[36.8281,7.0038],[36.8266,7.0133],[36.8294,7.0184],[36.8263,7.039],[36.8181,7.0586],[36.8222,7.0649],[36.8194,7.0761],[36.8372,7.1046],[36.8411,7.1217],[36.8452,7.1238],[36.8516,7.1464],[36.8553,7.1484],[36.8592,7.1646],[36.859,7.1721],[36.8667,7.1838],[36.867,7.2006],[36.8709,7.2082],[36.8677,7.2171],[36.8696,7.2262],[36.876,7.231],[36.8913,7.2295],[36.9,7.235],[36.9105,7.2356],[36.9299,7.2287],[36.9459,7.2303],[36.9509,7.2268],[36.9647,7.225],[37.0033,7.2344],[37.0395,7.24],[37.0681,7.2352],[37.1048,7.2245],[37.1286,7.2284],[37.1542,7.2407],[37.1828,7.2649],[37.2116,7.2927],[37.2378,7.3121],[37.2623,7.3254],[37.2876,7.3344],[37.3312,7.3434],[37.3312,7.3497],[37.3495,7.3577],[37.3536,7.3422],[37.3517,7.3307],[37.3537,7.3249],[37.3533,7.2995],[37.3568,7.2768],[37.3681,7.2587],[37.3821,7.2465],[37.4013,7.2469],[37.4098,7.2388],[37.4137,7.2312],[37.4277,7.2234],[37.4427,7.2184],[37.4575,7.2021],[37.4643,7.1991],[37.4861,7.2039],[37.4967,7.2079],[37.5086,7.2156],[37.5263,7.2054],[37.53,7.2004],[37.5304,7.1899],[37.5259,7.1834],[37.5151,7.1775],[37.5045,7.1626],[37.491,7.149],[37.481,7.1458],[37.4678,7.1448],[37.4554,7.1352],[37.4554,7.1228],[37.4596,7.116],[37.4593,7.1016],[37.4558,7.08],[37.4411,7.0511],[37.4467,7.0455],[37.4401,7.0324],[37.4326,7.0261],[37.4323,7.0101],[37.4269,7.0029],[37.427,6.9888],[37.4236,6.9827],[37.4221,6.9524],[37.4205,6.9478],[37.4239,6.932],[37.4304,6.9231],[37.4291,6.9158],[37.433,6.9109],[37.4358,6.8979],[37.4254,6.8845],[37.4239,6.8768],[37.4077,6.8668],[37.3992,6.8663],[37.3886,6.8608],[37.3786,6.8663],[37.361,6.8689],[37.3549,6.8716],[37.3434,6.8715],[37.338,6.8745],[37.3344,6.8653],[37.3212,6.863],[37.3091,6.8645],[37.3032,6.8574],[37.2977,6.8409],[37.2834,6.8279],[37.2767,6.8077],[37.2741,6.7919],[37.2642,6.7751],[37.2546,6.7716],[37.2439,6.7612],[37.2435,6.752],[37.2497,6.7467],[37.2486,6.7416],[37.2381,6.731],[37.2249,6.7212],[37.2258,6.7105],[37.2224,6.7011],[37.2275,6.6986],[37.2328,6.6718],[37.2393,6.674],[37.2425,6.6602]]]}},{"type":"Feature","properties":{"zone":"West Omo","region":"South West Ethiopia","total_woredas":10,"lersha_woredas":0,"lersha_area_km2":0.0},"geometry":{"type":"Polygon","coordinates":[[[34.9754,6.3012],[34.9773,6.2929],[34.985,6.2988],[35.0113,6.2803],[35.0383,6.3046],[35.0735,6.3074],[35.0834,6.3181],[35.1061,6.3189],[35.1189,6.3465],[35.1315,6.3955],[35.1434,6.3977],[35.1648,6.3828],[35.1785,6.3793],[35.1995,6.4109],[35.1866,6.4443],[35.1739,6.4665],[35.1856,6.4897],[35.1859,6.5072],[35.1941,6.5023],[35.1997,6.5039],[35.2069,6.4934],[35.2136,6.4886],[35.2163,6.4936],[35.2294,6.4867],[35.2329,6.4991],[35.2429,6.5028],[35.2544,6.5013],[35.2583,6.5151],[35.2565,6.526],[35.2679,6.522],[35.2769,6.5231],[35.2802,6.528],[35.2898,6.5289],[35.2888,6.5347],[35.2982,6.5383],[35.3076,6.546],[35.3058,6.552],[35.3104,6.5571],[35.3209,6.5517],[35.3206,6.5619],[35.3143,6.5609],[35.309,6.5706],[35.3121,6.5842],[35.3171,6.5897],[35.3134,6.5936],[35.3166,6.5993],[35.34,6.6131],[35.3426,6.6189],[35.3555,6.6295],[35.3659,6.6337],[35.3719,6.6464],[35.3702,6.6511],[35.3765,6.6598],[35.3811,6.6786],[35.3911,6.6946],[35.4017,6.7044],[35.4028,6.7105],[35.4116,6.7168],[35.4151,6.7273],[35.4247,6.7356],[35.4493,6.7324],[35.4696,6.7481],[35.4858,6.747],[35.4956,6.7558],[35.5051,6.7488],[35.5162,6.7474],[35.5186,6.7437],[35.535,6.7495],[35.5433,6.7488],[35.5469,6.7589],[35.5678,6.7749],[35.5764,6.7776],[35.5853,6.791],[35.6039,6.7979],[35.6059,6.7863],[35.6197,6.7815],[35.6201,6.7687],[35.6364,6.7507],[35.6451,6.7486],[35.6446,6.7431],[35.6562,6.7413],[35.6674,6.7463],[35.6732,6.7546],[35.6739,6.7619],[35.6825,6.7665],[35.6913,6.7654],[35.6934,6.7728],[35.6875,6.7739],[35.69,6.7883],[35.6979,6.7937],[35.7017,6.8042],[35.71,6.8025],[35.7171,6.8103],[35.7252,6.8093],[35.74,6.7868],[35.7531,6.791],[35.7655,6.788],[35.7768,6.79],[35.7971,6.8023],[35.7976,6.8124],[35.805,6.8223],[35.811,6.8147],[35.8155,6.8225],[35.8266,6.8272],[35.8293,6.8348],[35.8431,6.8448],[35.852,6.8488],[35.8649,6.8455],[35.8719,6.8352],[35.8843,6.8493],[35.8706,6.8651],[35.8698,6.8768],[35.8658,6.8788],[35.8632,6.8995],[35.8696,6.9036],[35.8643,6.9113],[35.8468,6.9132],[35.8457,6.9393],[35.8558,6.9505],[35.8586,6.9594],[35.8643,6.9663],[35.869,6.9822],[35.8624,6.9933],[35.8537,6.9956],[35.8441,6.992],[35.838,7.01],[35.848,7.0064],[35.8533,7.0114],[35.8605,7.0181],[35.8606,7.0315],[35.8692,7.035],[35.8719,7.0455],[35.8802,7.0524],[35.8759,7.0705],[35.8783,7.0904],[35.8861,7.0964],[35.8938,7.097],[35.9023,7.1078],[35.9153,7.1066],[35.9269,7.114],[35.9411,7.1171],[35.9445,7.1099],[35.956,7.0988],[35.9662,7.0937],[35.9681,7.0885],[35.9885,7.0717],[35.9912,7.0632],[35.9962,7.0632],[36.001,7.0539],[35.9985,7.0494],[36.0013,7.0384],[35.9983,7.0384],[35.9981,7.0272],[36.0023,7.0116],[36.0019,7.0002],[36.0154,6.9769],[36.0132,6.9603],[36.0192,6.9478],[36.0184,6.9404],[36.0348,6.9043],[36.045,6.8983],[36.0471,6.8939],[36.0433,6.8836],[36.0497,6.879],[36.0557,6.8645],[36.0571,6.8519],[36.0546,6.8348],[36.0636,6.8109],[36.0569,6.8073],[36.0641,6.8035],[36.0704,6.7949],[36.0657,6.7945],[36.068,6.7855],[36.0656,6.7779],[36.0668,6.7682],[36.0759,6.7668],[36.0683,6.7507],[36.0612,6.7482],[36.0671,6.7368],[36.0658,6.726],[36.0841,6.7225],[36.0756,6.7012],[36.079,6.6888],[36.0866,6.6799],[36.0855,6.6674],[36.0689,6.6547],[36.0672,6.6432],[36.0746,6.6376],[36.0737,6.6209],[36.0776,6.6124],[36.0842,6.6144],[36.0948,6.6105],[36.1022,6.5948],[36.1114,6.5917],[36.1169,6.5844],[36.1231,6.5824],[36.1343,6.5676],[36.1292,6.5582],[36.1332,6.5434],[36.1378,6.5375],[36.1233,6.515],[36.125,6.5019],[36.1173,6.4922],[36.1146,6.4827],[36.1031,6.4837],[36.097,6.4753],[36.0967,6.4655],[36.0932,6.4701],[36.08,6.468],[36.0693,6.4607],[36.0457,6.4635],[36.0399,6.4598],[36.0292,6.4376],[36.0299,6.4333],[36.0195,6.4251],[36.018,6.4136],[36.0064,6.4101],[36.0043,6.4047],[35.9979,6.404],[35.9924,6.3945],[35.9948,6.3918],[35.9838,6.3805],[35.9854,6.3697],[35.9841,6.3562],[35.9784,6.3528],[35.9808,6.347],[35.9731,6.3351],[35.9743,6.3183],[35.9785,6.3158],[35.9703,6.3027],[35.9734,6.2951],[35.9684,6.2863],[35.9743,6.279],[35.9796,6.2662],[35.9748,6.2634],[35.9749,6.2547],[35.9666,6.2442],[35.9693,6.236],[35.9567,6.2256],[35.9583,6.214],[35.9676,6.2072],[35.9677,6.2013],[35.9617,6.1831],[35.9651,6.1775],[35.9764,6.1701],[35.9777,6.1662],[35.9683,6.1647],[35.9613,6.1684],[35.9529,6.1668],[35.9437,6.1591],[35.9346,6.1407],[35.9346,6.1304],[35.9504,6.1224],[35.9508,6.1159],[35.9451,6.1021],[35.9594,6.0962],[35.9762,6.0961],[35.9948,6.0846],[35.9938,6.0769],[35.9845,6.0644],[35.9833,6.0489],[35.9943,6.0364],[35.9989,6.0245],[36.0,6.012],[36.0086,5.9973],[36.0032,5.9744],[35.9899,5.9664],[35.9866,5.9566],[35.9777,5.9481],[35.9781,5.9422],[35.9884,5.9323],[35.9895,5.9153],[35.9836,5.9028],[35.9872,5.8971],[35.9849,5.8913],[35.9771,5.8865],[35.9777,5.875],[35.9683,5.8676],[35.9738,5.8466],[35.9734,5.8404],[35.9628,5.8388],[35.9612,5.8276],[35.9658,5.8205],[35.9624,5.8145],[35.9669,5.8004],[35.9623,5.7901],[35.9655,5.7744],[35.978,5.762],[35.9784,5.7407],[35.9739,5.7249],[35.9657,5.7177],[35.9594,5.7035],[35.9606,5.6972],[35.9702,5.6943],[35.9595,5.6905],[35.9591,5.6825],[35.9648,5.6789],[35.9648,5.6694],[35.9572,5.6625],[35.9516,5.651],[35.8994,5.6671],[35.8774,5.6732],[35.8704,5.6732],[35.8069,5.6658],[35.8004,5.659],[35.7538,5.6007],[35.7541,5.5806],[35.7562,5.5669],[35.7572,5.5223],[35.7563,5.481],[35.7542,5.463],[35.756,5.4116],[35.7543,5.3923],[35.7543,5.3729],[35.7559,5.3692],[35.757,5.3454],[35.7262,5.3644],[35.5279,5.4268],[35.5047,5.4314],[35.4437,5.4255],[35.4191,5.3984],[35.3528,5.3507],[35.3263,5.3571],[35.3031,5.3774],[35.2704,5.4383],[35.2771,5.4581],[35.2927,5.4876],[35.29,5.5078],[35.1039,5.6325],[35.1054,5.6883],[35.0283,5.8142],[34.9864,5.8781],[34.9758,5.9647],[34.9878,6.0139],[34.9814,6.0611],[34.9697,6.0865],[34.9224,6.1323],[34.8706,6.2375],[34.8593,6.2672],[34.8564,6.2911],[34.8529,6.332],[34.9754,6.3012]]]}},{"type":"Feature","properties":{"zone":"Konta","region":"South West Ethiopia","total_woredas":5,"lersha_woredas":0,"lersha_area_km2":0.0},"geometry":{"type":"Polygon","coordinates":[[[36.6821,6.6915],[36.6784,6.6839],[36.6796,6.6656],[36.6678,6.6544],[36.6395,6.6445],[36.6235,6.6312],[36.61,6.6304],[36.5975,6.625],[36.5902,6.6108],[36.5802,6.6005],[36.5706,6.5826],[36.5501,6.5784],[36.5422,6.5696],[36.5301,6.5638],[36.5206,6.5563],[36.4962,6.5445],[36.4899,6.5339],[36.4711,6.5295],[36.4648,6.5301],[36.4442,6.5134],[36.4199,6.4838],[36.4177,6.4764],[36.4069,6.473],[36.3885,6.4614],[36.3822,6.4582],[36.3703,6.4606],[36.3611,6.4692],[36.3556,6.4622],[36.3486,6.4598],[36.3254,6.4589],[36.3227,6.4668],[36.3272,6.4736],[36.3314,6.4874],[36.3376,6.4987],[36.3399,6.5268],[36.3392,6.5332],[36.3319,6.541],[36.3274,6.5514],[36.3289,6.5785],[36.3393,6.5915],[36.3541,6.6134],[36.3589,6.6313],[36.356,6.6468],[36.3509,6.6573],[36.3484,6.6698],[36.3385,6.6825],[36.338,6.6901],[36.3432,6.7057],[36.354,6.7142],[36.3561,6.7191],[36.3646,6.7237],[36.3697,6.7313],[36.3845,6.7377],[36.3841,6.7419],[36.3943,6.7476],[36.3939,6.7515],[36.4022,6.7593],[36.4017,6.7677],[36.4076,6.7744],[36.4152,6.7765],[36.4155,6.7839],[36.4275,6.7774],[36.4387,6.7848],[36.4455,6.7831],[36.4575,6.7858],[36.4753,6.7993],[36.4786,6.8077],[36.4868,6.8085],[36.4904,6.8192],[36.4831,6.8785],[36.4578,6.9221],[36.4608,6.9283],[36.4643,6.9482],[36.4619,6.9623],[36.467,6.9733],[36.4809,6.9859],[36.4936,6.9822],[36.5041,6.9826],[36.5093,6.9902],[36.5033,6.9962],[36.5048,7.003],[36.5129,7.009],[36.5525,7.0046],[36.5503,7.0188],[36.5542,7.0245],[36.5666,7.0336],[36.5685,7.0487],[36.5827,7.053],[36.601,7.0502],[36.5979,7.0835],[36.591,7.0895],[36.5918,7.0998],[36.5867,7.1058],[36.5862,7.1143],[36.5916,7.1229],[36.6194,7.1327],[36.6313,7.1295],[36.6505,7.1284],[36.6628,7.1324],[36.6769,7.1325],[36.681,7.1403],[36.68,7.1475],[36.6845,7.1492],[36.6837,7.1571],[36.6933,7.1665],[36.7051,7.1556],[36.7172,7.1497],[36.7244,7.1528],[36.7285,7.1591],[36.7448,7.1581],[36.7559,7.161],[36.7615,7.1708],[36.7688,7.1967],[36.7713,7.2317],[36.7762,7.2345],[36.7745,7.2461],[36.7911,7.2523],[36.8035,7.2693],[36.8409,7.326],[36.8792,7.3297],[36.9555,7.2605],[36.9658,7.2419],[36.9647,7.225],[36.9509,7.2268],[36.9459,7.2303],[36.9299,7.2287],[36.9105,7.2356],[36.9,7.235],[36.8913,7.2295],[36.876,7.231],[36.8696,7.2262],[36.8677,7.2171],[36.8709,7.2082],[36.867,7.2006],[36.8667,7.1838],[36.859,7.1721],[36.8592,7.1646],[36.8553,7.1484],[36.8516,7.1464],[36.8452,7.1238],[36.8411,7.1217],[36.8372,7.1046],[36.8194,7.0761],[36.8222,7.0649],[36.8181,7.0586],[36.8263,7.039],[36.8294,7.0184],[36.8266,7.0133],[36.8281,7.0038],[36.8242,6.9789],[36.8124,6.9729],[36.8083,6.9738],[36.8056,6.9632],[36.7851,6.9576],[36.7753,6.9372],[36.7647,6.9324],[36.7609,6.9215],[36.7637,6.9145],[36.7583,6.8927],[36.75,6.8874],[36.7494,6.8781],[36.7404,6.8742],[36.7361,6.8636],[36.7297,6.8591],[36.7271,6.85],[36.7213,6.8487],[36.7108,6.8362],[36.7061,6.827],[36.7087,6.8243],[36.7073,6.8096],[36.7042,6.8078],[36.7024,6.7953],[36.6905,6.7775],[36.6947,6.7704],[36.6958,6.7605],[36.6935,6.7483],[36.6966,6.7329],[36.6884,6.7121],[36.6935,6.7057],[36.6821,6.6915]]]}},{"type":"Feature","properties":{"zone":"Nuwer","region":"Gambela","total_woredas":5,"lersha_woredas":0,"lersha_area_km2":0.0},"geometry":{"type":"Polygon","coordinates":[[[34.0613,8.4857],[34.0618,8.4777],[34.0753,8.4799],[34.0519,8.4207],[34.0609,8.3855],[34.0505,8.3882],[34.0461,8.386],[34.0431,8.3718],[34.0383,8.367],[34.0414,8.3617],[34.043,8.3444],[34.0373,8.3367],[34.0204,8.329],[34.0242,8.3192],[34.0149,8.3207],[34.0042,8.304],[34.0024,8.2936],[33.997,8.2827],[34.0002,8.2764],[33.9962,8.2544],[33.9987,8.2415],[34.0056,8.2368],[34.0193,8.2324],[34.0404,8.2345],[34.0335,8.182],[34.0262,8.181],[34.021,8.1748],[34.0114,8.1742],[34.0031,8.1829],[33.982,8.1811],[33.9709,8.176],[33.9605,8.1823],[33.9556,8.1805],[33.9413,8.1841],[33.9424,8.1948],[33.9311,8.2302],[33.9269,8.2357],[33.9151,8.242],[33.9026,8.2543],[33.8898,8.2697],[33.8807,8.2684],[33.8589,8.2095],[33.8538,8.1421],[33.8525,8.1361],[33.8469,8.1385],[33.8417,8.1492],[33.8281,8.156],[33.8222,8.1701],[33.8141,8.1643],[33.8082,8.1699],[33.8051,8.1648],[33.796,8.1667],[33.7935,8.174],[33.7884,8.1708],[33.7829,8.1758],[33.7786,8.1669],[33.7712,8.1708],[33.7602,8.1656],[33.7539,8.1595],[33.7403,8.1568],[33.6144,8.127],[33.5551,8.2141],[33.5679,8.2718],[33.5058,8.2937],[33.4808,8.2662],[33.4608,8.2428],[33.4658,8.1921],[33.4883,8.1317],[33.4771,8.0405],[33.5038,7.9758],[33.4663,7.9617],[33.4643,7.9599],[33.4582,7.9364],[33.448,7.9293],[33.4451,7.9107],[33.4409,7.9082],[33.4434,7.8912],[33.4554,7.8775],[33.4645,7.8776],[33.4644,7.8816],[33.474,7.8835],[33.4707,7.8896],[33.4785,7.8881],[33.4821,7.8821],[33.4751,7.869],[33.4802,7.8511],[33.476,7.7908],[33.4547,7.7456],[33.4392,7.7444],[33.2575,7.7636],[33.0967,7.7811],[33.0522,7.7907],[33.015,7.8461],[32.9968,7.8872],[32.9918,7.926],[33.0319,7.9974],[33.1214,8.101],[33.1628,8.115],[33.1859,8.1403],[33.1781,8.2225],[33.1658,8.2783],[33.1608,8.3565],[33.1713,8.3998],[33.2635,8.4615],[33.3267,8.4537],[33.3808,8.4379],[33.5086,8.4662],[33.6344,8.4672],[33.67,8.4371],[33.6905,8.3955],[33.7153,8.3751],[33.7713,8.3678],[33.8187,8.4115],[33.8525,8.4258],[33.8815,8.4308],[33.9153,8.4306],[33.9708,8.4376],[34.0022,8.4603],[34.0499,8.5041],[34.0613,8.4857]]]}},{"type":"Feature","properties":{"zone":"Agnewak","region":"Gambela","total_woredas":7,"lersha_woredas":0,"lersha_area_km2":0.0},"geometry":{"type":"Polygon","coordinates":[[[34.9702,7.234],[34.9656,7.2151],[34.9424,7.1929],[34.8981,7.1848],[34.8906,7.1593],[34.8927,7.0915],[34.8771,7.0698],[34.8843,7.0308],[34.9021,7.0309],[34.9113,6.9882],[34.9457,6.9441],[34.974,6.9252],[34.9979,6.8929],[34.9924,6.864],[34.969,6.8593],[34.9456,6.8265],[34.9337,6.7963],[34.9854,6.7982],[35.0429,6.8105],[35.0799,6.8108],[35.1468,6.7611],[35.1796,6.7274],[35.1782,6.7096],[35.1977,6.6802],[35.1875,6.6565],[35.1863,6.6269],[35.1953,6.5974],[35.1868,6.5575],[35.1859,6.5072],[35.1856,6.4897],[35.1739,6.4665],[35.1866,6.4443],[35.1995,6.4109],[35.1785,6.3793],[35.1648,6.3828],[35.1434,6.3977],[35.1315,6.3955],[35.1189,6.3465],[35.1061,6.3189],[35.0834,6.3181],[35.0735,6.3074],[35.0383,6.3046],[35.0113,6.2803],[34.985,6.2988],[34.9773,6.2929],[34.9754,6.3012],[34.8529,6.332],[34.85,6.3667],[34.757,6.6138],[34.7047,6.6778],[34.6792,6.7],[34.6547,6.7167],[34.6321,6.729],[34.6028,6.7347],[34.5536,6.7357],[34.5288,6.7472],[34.487,6.8775],[34.4718,6.9143],[34.431,6.9354],[34.361,6.959],[34.3288,6.9588],[34.2996,6.9643],[34.2806,6.9758],[34.2357,7.0197],[34.2236,7.0425],[34.1939,7.09],[34.1633,7.1717],[34.0992,7.1997],[34.0271,7.2481],[34.0328,7.3044],[34.0277,7.3787],[33.8856,7.5254],[33.7125,7.6585],[33.6472,7.685],[33.4644,7.744],[33.4547,7.7456],[33.476,7.7908],[33.4802,7.8511],[33.4751,7.869],[33.4821,7.8821],[33.4785,7.8881],[33.4707,7.8896],[33.474,7.8835],[33.4644,7.8816],[33.4645,7.8776],[33.4554,7.8775],[33.4434,7.8912],[33.4409,7.9082],[33.4451,7.9107],[33.448,7.9293],[33.4582,7.9364],[33.4643,7.9599],[33.4663,7.9617],[33.5038,7.9758],[33.4771,8.0405],[33.4883,8.1317],[33.4658,8.1921],[33.4608,8.2428],[33.4808,8.2662],[33.5058,8.2937],[33.5679,8.2718],[33.5551,8.2141],[33.6144,8.127],[33.7403,8.1568],[33.7539,8.1595],[33.7602,8.1656],[33.7712,8.1708],[33.7786,8.1669],[33.7829,8.1758],[33.7884,8.1708],[33.7935,8.174],[33.796,8.1667],[33.8051,8.1648],[33.8082,8.1699],[33.8141,8.1643],[33.8222,8.1701],[33.8281,8.156],[33.8417,8.1492],[33.8469,8.1385],[33.8525,8.1361],[33.8538,8.1421],[33.8589,8.2095],[33.8807,8.2684],[33.8898,8.2697],[33.9026,8.2543],[33.9151,8.242],[33.9269,8.2357],[33.9311,8.2302],[33.9424,8.1948],[33.9413,8.1841],[33.9556,8.1805],[33.9605,8.1823],[33.9709,8.176],[33.982,8.1811],[34.0031,8.1829],[34.0114,8.1742],[34.021,8.1748],[34.0262,8.181],[34.0335,8.182],[34.0419,8.1738],[34.0525,8.1688],[34.0631,8.159],[34.0769,8.1527],[34.0982,8.1543],[34.1054,8.13],[34.138,8.1049],[34.1375,8.092],[34.1937,8.0808],[34.1992,8.0895],[34.2578,8.0682],[34.2962,8.0399],[34.3059,8.0353],[34.306,8.0279],[34.3186,8.0344],[34.3241,8.0428],[34.3261,8.0529],[34.3381,8.0592],[34.3462,8.0592],[34.353,8.0675],[34.3608,8.0601],[34.3654,8.0637],[34.375,8.0595],[34.3846,8.0598],[34.3949,8.0698],[34.4078,8.0731],[34.4198,8.0723],[34.4224,8.0789],[34.4307,8.0813],[34.4397,8.0938],[34.4366,8.1517],[34.452,8.1781],[34.4266,8.1814],[34.4061,8.1858],[34.3751,8.1781],[34.3605,8.2043],[34.3607,8.2138],[34.3672,8.2091],[34.3815,8.209],[34.3833,8.2151],[34.3749,8.2234],[34.3747,8.2434],[34.3688,8.2606],[34.3598,8.2714],[34.3608,8.2765],[34.3558,8.3009],[34.3571,8.31],[34.3543,8.347],[34.372,8.3633],[34.3838,8.3951],[34.4364,8.4218],[34.4712,8.4476],[34.5227,8.4755],[34.5565,8.4551],[34.5743,8.4035],[34.6303,8.402],[34.6674,8.395],[34.7288,8.39],[34.7676,8.3634],[34.7853,8.3552],[34.7951,8.3269],[34.7858,8.3036],[34.8264,8.2619],[34.8551,8.2506],[34.8826,8.2509],[34.965,8.2472],[35.0183,8.2196],[35.0732,8.2202],[35.1189,8.2006],[35.1381,8.1818],[35.1577,8.1367],[35.1433,8.1429],[35.1039,8.1151],[35.0891,8.1139],[35.1179,8.0826],[35.1407,8.0217],[35.141,7.989],[35.1086,7.9571],[35.0483,7.9544],[35.0085,7.9235],[35.0131,7.8825],[35.0006,7.8623],[34.9507,7.8903],[34.9443,7.8794],[34.9323,7.828],[34.9371,7.7648],[34.932,7.7282],[34.9955,7.748],[35.0004,7.747],[34.997,7.69],[34.9989,7.6588],[34.9985,7.6436],[34.9171,7.6314],[34.9098,7.6263],[34.8963,7.6108],[34.892,7.5954],[34.8643,7.5453],[34.8826,7.5182],[34.9204,7.4651],[34.9277,7.4433],[34.9227,7.4168],[34.925,7.3863],[34.9717,7.366],[34.9881,7.356],[34.9817,7.3402],[34.9763,7.3362],[34.9692,7.3195],[34.9681,7.3041],[34.9741,7.2919],[34.9721,7.2795],[34.9667,7.2752],[34.9665,7.2604],[34.9709,7.2384],[34.9759,7.2334],[34.9737,7.2283],[34.9818,7.2237],[34.9755,7.2198],[34.9702,7.234]]]}},{"type":"Feature","properties":{"zone":"Majang","region":"Gambela","total_woredas":2,"lersha_woredas":0,"lersha_area_km2":0.0},"geometry":{"type":"Polygon","coordinates":[[[35.3718,7.117],[35.3545,7.1185],[35.3308,7.1271],[35.3136,7.1153],[35.2999,7.1158],[35.2799,7.1294],[35.2646,7.1362],[35.2345,7.1379],[35.2184,7.108],[35.2046,7.0996],[35.1569,7.1017],[35.1143,7.1021],[35.0837,7.1248],[35.0539,7.1843],[35.0208,7.1858],[35.0109,7.1947],[34.9779,7.2133],[34.9755,7.2198],[34.9818,7.2237],[34.9737,7.2283],[34.9759,7.2334],[34.9709,7.2384],[34.9665,7.2604],[34.9667,7.2752],[34.9721,7.2795],[34.9741,7.2919],[34.9681,7.3041],[34.9692,7.3195],[34.9763,7.3362],[34.9817,7.3402],[34.9881,7.356],[34.9717,7.366],[34.925,7.3863],[34.9227,7.4168],[34.9277,7.4433],[34.9204,7.4651],[34.8826,7.5182],[34.8643,7.5453],[34.892,7.5954],[34.8963,7.6108],[34.9098,7.6263],[34.9171,7.6314],[34.9985,7.6436],[34.9989,7.6588],[34.997,7.69],[35.0004,7.747],[35.0385,7.7395],[35.0771,7.731],[35.116,7.6451],[35.1156,7.6308],[35.1457,7.6302],[35.1663,7.6149],[35.1647,7.5804],[35.1701,7.5551],[35.1719,7.5328],[35.1462,7.5195],[35.1381,7.5121],[35.1268,7.4956],[35.1207,7.4835],[35.1224,7.4786],[35.1614,7.4714],[35.1893,7.4556],[35.2095,7.4719],[35.2439,7.4737],[35.2623,7.4802],[35.2726,7.4715],[35.3096,7.4792],[35.3201,7.463],[35.329,7.4616],[35.3453,7.4529],[35.3558,7.4367],[35.3736,7.428],[35.3678,7.4146],[35.3923,7.3962],[35.3875,7.3507],[35.3828,7.3343],[35.3749,7.29],[35.3703,7.2774],[35.3534,7.2624],[35.3458,7.239],[35.3729,7.231],[35.3401,7.1871],[35.3344,7.1883],[35.334,7.1799],[35.353,7.1539],[35.3687,7.1442],[35.3804,7.1228],[35.3748,7.1191],[35.3718,7.117]]]}},{"type":"Feature","properties":{"zone":"Itang Special","region":"Gambela","total_woredas":1,"lersha_woredas":0,"lersha_area_km2":0.0},"geometry":{"type":"Polygon","coordinates":[[[34.1896,8.6516],[34.2235,8.6698],[34.2352,8.6861],[34.2557,8.7026],[34.2794,8.7088],[34.3124,8.6821],[34.3455,8.6001],[34.3536,8.5557],[34.3582,8.522],[34.3574,8.4999],[34.3441,8.4692],[34.3349,8.4386],[34.3152,8.4068],[34.3133,8.3899],[34.3292,8.387],[34.3473,8.3766],[34.3838,8.3951],[34.372,8.3633],[34.3543,8.347],[34.3571,8.31],[34.3558,8.3009],[34.3608,8.2765],[34.3598,8.2714],[34.3688,8.2606],[34.3747,8.2434],[34.3749,8.2234],[34.3833,8.2151],[34.3815,8.209],[34.3672,8.2091],[34.3607,8.2138],[34.3605,8.2043],[34.3751,8.1781],[34.4061,8.1858],[34.4266,8.1814],[34.452,8.1781],[34.4366,8.1517],[34.4397,8.0938],[34.4307,8.0813],[34.4224,8.0789],[34.4198,8.0723],[34.4078,8.0731],[34.3949,8.0698],[34.3846,8.0598],[34.375,8.0595],[34.3654,8.0637],[34.3608,8.0601],[34.353,8.0675],[34.3462,8.0592],[34.3381,8.0592],[34.3261,8.0529],[34.3241,8.0428],[34.3186,8.0344],[34.306,8.0279],[34.3059,8.0353],[34.2962,8.0399],[34.2578,8.0682],[34.1992,8.0895],[34.1937,8.0808],[34.1375,8.092],[34.138,8.1049],[34.1054,8.13],[34.0982,8.1543],[34.0769,8.1527],[34.0631,8.159],[34.0525,8.1688],[34.0419,8.1738],[34.0335,8.182],[34.0404,8.2345],[34.0193,8.2324],[34.0056,8.2368],[33.9987,8.2415],[33.9962,8.2544],[34.0002,8.2764],[33.997,8.2827],[34.0024,8.2936],[34.0042,8.304],[34.0149,8.3207],[34.0242,8.3192],[34.0204,8.329],[34.0373,8.3367],[34.043,8.3444],[34.0414,8.3617],[34.0383,8.367],[34.0431,8.3718],[34.0461,8.386],[34.0505,8.3882],[34.0609,8.3855],[34.0519,8.4207],[34.0753,8.4799],[34.0618,8.4777],[34.0613,8.4857],[34.0499,8.5041],[34.0708,8.5233],[34.1056,8.5578],[34.1217,8.5796],[34.1228,8.5847],[34.1242,8.6515],[34.1896,8.6516]]]}},{"type":"Feature","properties":{"zone":"Harari","region":"Harari","total_woredas":9,"lersha_woredas":0,"lersha_area_km2":0.0},"geometry":{"type":"Polygon","coordinates":[[[42.0705,9.3039],[42.0853,9.3291],[42.1142,9.3725],[42.1291,9.3887],[42.1466,9.3875],[42.1686,9.3628],[42.1874,9.3617],[42.2219,9.3795],[42.2381,9.3849],[42.253,9.3838],[42.2703,9.3617],[42.2585,9.3344],[42.265,9.3213],[42.266,9.3098],[42.2503,9.2855],[42.2493,9.27],[42.2563,9.2526],[42.2687,9.2296],[42.272,9.2157],[42.2647,9.1979],[42.2594,9.1923],[42.246,9.187],[42.2337,9.1859],[42.2208,9.1964],[42.2085,9.2119],[42.1975,9.2199],[42.1821,9.2169],[42.1657,9.2104],[42.1486,9.2063],[42.1273,9.2266],[42.1124,9.2307],[42.0737,9.221],[42.0613,9.2265],[42.0589,9.2494],[42.0605,9.2659],[42.0705,9.3039]]]}},{"type":"Feature","properties":{"zone":"Region 14","region":"Addis Ababa","total_woredas":11,"lersha_woredas":0,"lersha_area_km2":0.0},"geometry":{"type":"Polygon","coordinates":[[[38.6854,9.073],[38.7166,9.0878],[38.7271,9.0857],[38.7509,9.0905],[38.7652,9.0982],[38.7782,9.0937],[38.7913,9.0777],[38.8051,9.0823],[38.8247,9.0759],[38.8495,9.0782],[38.8568,9.0835],[38.8682,9.0849],[38.8763,9.0816],[38.882,9.0686],[38.8829,9.0521],[38.8933,9.0372],[38.905,9.0095],[38.9043,8.9922],[38.9062,8.9774],[38.9028,8.9624],[38.8962,8.9548],[38.9011,8.9461],[38.8968,8.937],[38.8914,8.9343],[38.8614,8.9427],[38.8556,8.9383],[38.8608,8.9322],[38.8794,8.9183],[38.8733,8.9051],[38.8775,8.8958],[38.8698,8.8808],[38.8687,8.873],[38.8638,8.8829],[38.8471,8.88],[38.833,8.8829],[38.826,8.8802],[38.8294,8.8688],[38.8239,8.8528],[38.8244,8.8413],[38.8125,8.84],[38.7976,8.8335],[38.7806,8.8359],[38.7775,8.8524],[38.773,8.8575],[38.7565,8.8532],[38.7541,8.8586],[38.7455,8.8634],[38.7473,8.8772],[38.7432,8.8804],[38.7436,8.9026],[38.7365,8.9013],[38.7311,8.9051],[38.7191,8.9197],[38.7084,8.9209],[38.6968,8.9327],[38.6938,8.9419],[38.6806,8.9411],[38.681,8.9497],[38.6762,8.9576],[38.6428,8.9659],[38.6394,8.974],[38.6546,8.9769],[38.6594,8.9854],[38.6578,8.9948],[38.6511,9.0025],[38.6519,9.0103],[38.667,9.01],[38.6672,9.0262],[38.6726,9.0387],[38.6835,9.05],[38.6854,9.073]]]}},{"type":"Feature","properties":{"zone":"Dire Dawa urban","region":"Dire Dawa","total_woredas":9,"lersha_woredas":0,"lersha_area_km2":0.0},"geometry":{"type":"Polygon","coordinates":[[[41.8734,9.6306],[41.883,9.6239],[41.8768,9.6158],[41.8894,9.5996],[41.8835,9.5907],[41.8872,9.5899],[41.8765,9.5812],[41.8773,9.5747],[41.8637,9.5779],[41.8573,9.5757],[41.8358,9.5878],[41.8305,9.6],[41.8241,9.5953],[41.8216,9.6002],[41.8022,9.6136],[41.7872,9.6159],[41.7817,9.6121],[41.7714,9.6151],[41.7739,9.6291],[41.7672,9.6407],[41.7607,9.644],[41.7738,9.6537],[41.791,9.649],[41.8087,9.6406],[41.8533,9.6737],[41.862,9.6782],[41.8734,9.6306]]]}},{"type":"Feature","properties":{"zone":"Dire Dawa rural","region":"Dire Dawa","total_woredas":4,"lersha_woredas":0,"lersha_area_km2":0.0},"geometry":{"type":"Polygon","coordinates":[[[41.8732,9.6839],[41.9061,9.6793],[41.9964,9.6312],[42.0084,9.6222],[42.0189,9.6179],[42.0308,9.6185],[42.1858,9.7736],[42.2134,9.7837],[42.251,9.7835],[42.2935,9.7575],[42.3398,9.7196],[42.3181,9.7057],[42.2859,9.6761],[42.2719,9.667],[42.2586,9.6516],[42.2408,9.6566],[42.2205,9.6562],[42.2005,9.6531],[42.1804,9.6443],[42.1422,9.6203],[42.1249,9.6145],[42.1278,9.5984],[42.1334,9.5825],[42.1461,9.5706],[42.1526,9.5564],[42.1389,9.5347],[42.1097,9.508],[42.0963,9.5013],[42.0811,9.4882],[42.0748,9.4737],[42.0676,9.4748],[42.0521,9.492],[42.0317,9.5044],[42.0191,9.5082],[41.99,9.5066],[41.9825,9.5085],[41.9545,9.4891],[41.9387,9.4795],[41.9134,9.4725],[41.8597,9.488],[41.8387,9.4779],[41.8152,9.4767],[41.7925,9.4895],[41.773,9.4911],[41.7545,9.4846],[41.7346,9.4715],[41.728,9.489],[41.7491,9.6006],[41.7486,9.6364],[41.7607,9.644],[41.7672,9.6407],[41.7739,9.6291],[41.7714,9.6151],[41.7817,9.6121],[41.7872,9.6159],[41.8022,9.6136],[41.8216,9.6002],[41.8241,9.5953],[41.8305,9.6],[41.8358,9.5878],[41.8573,9.5757],[41.8637,9.5779],[41.8773,9.5747],[41.8765,9.5812],[41.8872,9.5899],[41.8835,9.5907],[41.8894,9.5996],[41.8768,9.6158],[41.883,9.6239],[41.8734,9.6306],[41.862,9.6782],[41.8732,9.6839]]]}},{"type":"Feature","properties":{"zone":"Hawassa town Admin","region":"Sidama","total_woredas":1,"lersha_woredas":0,"lersha_area_km2":0.0},"geometry":{"type":"Polygon","coordinates":[[[38.557,7.0714],[38.5362,7.0236],[38.5434,7.0159],[38.5422,7.0099],[38.5496,6.9973],[38.5357,6.9841],[38.538,6.9757],[38.5259,6.9591],[38.524,6.9473],[38.5289,6.9379],[38.5419,6.9272],[38.5428,6.9202],[38.5381,6.9168],[38.5295,6.9214],[38.5346,6.9138],[38.5297,6.9117],[38.5133,6.9228],[38.5107,6.9195],[38.4997,6.9289],[38.4877,6.9299],[38.4843,6.9362],[38.4761,6.9376],[38.4707,6.9479],[38.4576,6.959],[38.4575,6.9661],[38.449,6.9666],[38.4339,6.9761],[38.4289,6.9724],[38.4201,6.9745],[38.4139,6.9803],[38.4159,6.9871],[38.4602,7.1172],[38.4639,7.0998],[38.48,7.0904],[38.5051,7.0878],[38.5281,7.091],[38.5461,7.0909],[38.5635,7.1093],[38.557,7.0714]]]}},{"type":"Feature","properties":{"zone":"Northern","region":"Sidama","total_woredas":10,"lersha_woredas":5,"lersha_area_km2":1058.0},"geometry":{"type":"Polygon","coordinates":[[[38.5836,7.1263],[38.6115,7.1242],[38.6303,7.1108],[38.6462,7.0955],[38.637,7.0661],[38.6535,7.0617],[38.668,7.0599],[38.6809,7.0484],[38.6845,7.034],[38.6781,7.0288],[38.6744,7.0165],[38.6774,7.0054],[38.6894,7.0009],[38.6977,7.0138],[38.7105,7.013],[38.7144,6.9914],[38.7112,6.9738],[38.7005,6.9686],[38.6948,6.9575],[38.7012,6.9451],[38.7046,6.9306],[38.6998,6.9033],[38.7048,6.8854],[38.7141,6.8606],[38.6983,6.8486],[38.6676,6.8323],[38.6399,6.8127],[38.636,6.7893],[38.6234,6.7793],[38.618,6.7817],[38.62,6.7649],[38.6255,6.7637],[38.6242,6.7476],[38.6301,6.7402],[38.6266,6.7327],[38.6323,6.7259],[38.6304,6.7207],[38.6237,6.7226],[38.6208,6.7343],[38.6073,6.7357],[38.5986,6.7256],[38.5977,6.7351],[38.6018,6.7419],[38.5938,6.7674],[38.5792,6.7827],[38.5837,6.7835],[38.5727,6.7974],[38.5659,6.7984],[38.553,6.8068],[38.5446,6.8031],[38.5351,6.8034],[38.5247,6.7985],[38.5151,6.8067],[38.5168,6.8098],[38.505,6.8115],[38.5059,6.818],[38.4979,6.8199],[38.4896,6.8175],[38.4877,6.8238],[38.4746,6.8169],[38.47,6.8239],[38.4746,6.8294],[38.4652,6.84],[38.4561,6.8399],[38.4494,6.8324],[38.4403,6.8361],[38.4344,6.8306],[38.4287,6.8308],[38.4168,6.8216],[38.3861,6.8261],[38.3793,6.8298],[38.3644,6.8286],[38.3524,6.8321],[38.359,6.8372],[38.3583,6.8509],[38.3412,6.851],[38.3324,6.853],[38.334,6.8574],[38.3287,6.8666],[38.3342,6.872],[38.318,6.8782],[38.3204,6.8963],[38.3066,6.8986],[38.2692,6.8968],[38.269,6.8915],[38.2596,6.8907],[38.2529,6.8755],[38.2475,6.8757],[38.2355,6.8665],[38.22,6.8711],[38.2111,6.8708],[38.2032,6.8745],[38.1974,6.8638],[38.1815,6.864],[38.1686,6.8547],[38.1607,6.8558],[38.1572,6.8609],[38.1411,6.8588],[38.1226,6.8532],[38.1086,6.8513],[38.1184,6.8719],[38.1214,6.883],[38.1181,6.8887],[38.1243,6.8959],[38.1311,6.9119],[38.13,6.9346],[38.1366,6.9397],[38.1324,6.9494],[38.1357,6.959],[38.1307,6.9627],[38.1302,6.974],[38.1466,6.9775],[38.1701,7.0009],[38.1938,7.0123],[38.2164,7.0144],[38.2379,7.0201],[38.2544,7.0599],[38.2892,7.1071],[38.3053,7.1216],[38.3134,7.1471],[38.3219,7.1617],[38.3422,7.1645],[38.3569,7.1459],[38.3781,7.1298],[38.4006,7.1215],[38.4208,7.1225],[38.4425,7.1268],[38.4602,7.1172],[38.4159,6.9871],[38.4139,6.9803],[38.4201,6.9745],[38.4289,6.9724],[38.4339,6.9761],[38.449,6.9666],[38.4575,6.9661],[38.4576,6.959],[38.4707,6.9479],[38.4761,6.9376],[38.4843,6.9362],[38.4877,6.9299],[38.4997,6.9289],[38.5107,6.9195],[38.5133,6.9228],[38.5297,6.9117],[38.5346,6.9138],[38.5295,6.9214],[38.5381,6.9168],[38.5428,6.9202],[38.5419,6.9272],[38.5289,6.9379],[38.524,6.9473],[38.5259,6.9591],[38.538,6.9757],[38.5357,6.9841],[38.5496,6.9973],[38.5422,7.0099],[38.5434,7.0159],[38.5362,7.0236],[38.557,7.0714],[38.5635,7.1093],[38.5836,7.1263]]]}},{"type":"Feature","properties":{"zone":"Central","region":"Sidama","total_woredas":7,"lersha_woredas":0,"lersha_area_km2":0.0},"geometry":{"type":"Polygon","coordinates":[[[38.0173,6.5842],[38.0124,6.5855],[38.0126,6.6077],[38.0096,6.6171],[38.0194,6.6656],[38.0351,6.6721],[38.0387,6.6831],[38.0502,6.6941],[38.0493,6.6999],[38.0554,6.7116],[38.0539,6.7167],[38.0578,6.7293],[38.0649,6.7423],[38.0685,6.7538],[38.0708,6.7719],[38.0775,6.7827],[38.08,6.7964],[38.0915,6.8149],[38.0987,6.8382],[38.1032,6.8479],[38.1086,6.8513],[38.1226,6.8532],[38.1411,6.8588],[38.1572,6.8609],[38.1607,6.8558],[38.1686,6.8547],[38.1815,6.864],[38.1974,6.8638],[38.2032,6.8745],[38.2111,6.8708],[38.22,6.8711],[38.2355,6.8665],[38.2475,6.8757],[38.2529,6.8755],[38.2596,6.8907],[38.269,6.8915],[38.2692,6.8968],[38.3066,6.8986],[38.3204,6.8963],[38.318,6.8782],[38.3342,6.872],[38.3287,6.8666],[38.334,6.8574],[38.3324,6.853],[38.3412,6.851],[38.3583,6.8509],[38.359,6.8372],[38.3524,6.8321],[38.3644,6.8286],[38.3793,6.8298],[38.3861,6.8261],[38.4168,6.8216],[38.4287,6.8308],[38.4344,6.8306],[38.4403,6.8361],[38.4494,6.8324],[38.4561,6.8399],[38.4652,6.84],[38.4746,6.8294],[38.47,6.8239],[38.4746,6.8169],[38.4877,6.8238],[38.4896,6.8175],[38.4979,6.8199],[38.5059,6.818],[38.505,6.8115],[38.5168,6.8098],[38.5151,6.8067],[38.5247,6.7985],[38.5351,6.8034],[38.5446,6.8031],[38.553,6.8068],[38.5659,6.7984],[38.5727,6.7974],[38.5837,6.7835],[38.5792,6.7827],[38.5938,6.7674],[38.6018,6.7419],[38.5977,6.7351],[38.5986,6.7256],[38.6073,6.7357],[38.6208,6.7343],[38.6237,6.7226],[38.6304,6.7207],[38.6323,6.7259],[38.6266,6.7327],[38.6301,6.7402],[38.6242,6.7476],[38.6255,6.7637],[38.62,6.7649],[38.618,6.7817],[38.6234,6.7793],[38.636,6.7893],[38.6357,6.7717],[38.6435,6.7687],[38.6582,6.7696],[38.672,6.7623],[38.6784,6.749],[38.6885,6.7444],[38.7056,6.742],[38.7209,6.7301],[38.7274,6.712],[38.7423,6.7009],[38.7542,6.697],[38.7793,6.7002],[38.8099,6.7013],[38.8179,6.7036],[38.8335,6.6917],[38.836,6.6818],[38.8311,6.6744],[38.8285,6.6584],[38.822,6.6483],[38.8126,6.6389],[38.8056,6.6415],[38.798,6.6357],[38.7919,6.6224],[38.7809,6.6163],[38.7821,6.6139],[38.7734,6.5931],[38.7635,6.5859],[38.7628,6.5938],[38.7518,6.5938],[38.7486,6.5791],[38.7425,6.584],[38.7436,6.5888],[38.7297,6.594],[38.7203,6.5883],[38.7122,6.601],[38.7054,6.6033],[38.6993,6.6195],[38.6965,6.6181],[38.6864,6.6296],[38.684,6.625],[38.691,6.6152],[38.6909,6.5998],[38.6936,6.5919],[38.6795,6.5873],[38.6787,6.5817],[38.6669,6.5761],[38.6591,6.5779],[38.6524,6.5897],[38.6446,6.5908],[38.6401,6.5959],[38.6267,6.6033],[38.6172,6.6117],[38.604,6.631],[38.6036,6.6485],[38.6085,6.663],[38.6088,6.6772],[38.5995,6.6844],[38.6,6.694],[38.6059,6.6962],[38.5959,6.7128],[38.599,6.7245],[38.5857,6.7258],[38.5819,6.7181],[38.5699,6.7175],[38.5481,6.7249],[38.5444,6.7058],[38.5384,6.7067],[38.5391,6.6977],[38.5217,6.6939],[38.5251,6.6873],[38.5124,6.6779],[38.5037,6.6688],[38.5022,6.6719],[38.489,6.6727],[38.4796,6.6594],[38.4703,6.6625],[38.457,6.6586],[38.4457,6.6603],[38.4453,6.6704],[38.434,6.6716],[38.4218,6.6674],[38.409,6.671],[38.3983,6.6641],[38.3859,6.6703],[38.3717,6.6642],[38.3639,6.6672],[38.3273,6.6708],[38.3117,6.6632],[38.3045,6.6679],[38.2786,6.6612],[38.2731,6.6496],[38.2724,6.6355],[38.2649,6.6231],[38.249,6.617],[38.2447,6.6103],[38.2468,6.6026],[38.2422,6.5901],[38.2336,6.5779],[38.2333,6.5687],[38.2247,6.5591],[38.2215,6.5504],[38.2263,6.532],[38.2313,6.5278],[38.2277,6.5148],[38.2288,6.5072],[38.2255,6.4937],[38.2201,6.4877],[38.219,6.4782],[38.2215,6.4667],[38.2159,6.4633],[38.1706,6.4498],[38.1552,6.4393],[38.1435,6.4582],[38.1497,6.4966],[38.1393,6.506],[38.1145,6.4996],[38.1011,6.5127],[38.0907,6.5261],[38.0734,6.529],[38.0516,6.5347],[38.0335,6.5615],[38.0188,6.5733],[38.0173,6.5842]]]}},{"type":"Feature","properties":{"zone":"Southern","region":"Sidama","total_woredas":10,"lersha_woredas":0,"lersha_area_km2":0.0},"geometry":{"type":"Polygon","coordinates":[[[38.2215,6.4667],[38.219,6.4782],[38.2201,6.4877],[38.2255,6.4937],[38.2288,6.5072],[38.2277,6.5148],[38.2313,6.5278],[38.2263,6.532],[38.2215,6.5504],[38.2247,6.5591],[38.2333,6.5687],[38.2336,6.5779],[38.2422,6.5901],[38.2468,6.6026],[38.2447,6.6103],[38.249,6.617],[38.2649,6.6231],[38.2724,6.6355],[38.2731,6.6496],[38.2786,6.6612],[38.3045,6.6679],[38.3117,6.6632],[38.3273,6.6708],[38.3639,6.6672],[38.3717,6.6642],[38.3859,6.6703],[38.3983,6.6641],[38.409,6.671],[38.4218,6.6674],[38.434,6.6716],[38.4453,6.6704],[38.4457,6.6603],[38.457,6.6586],[38.4703,6.6625],[38.4796,6.6594],[38.489,6.6727],[38.5022,6.6719],[38.5037,6.6688],[38.5124,6.6779],[38.5251,6.6873],[38.5217,6.6939],[38.5391,6.6977],[38.5384,6.7067],[38.5444,6.7058],[38.5481,6.7249],[38.5699,6.7175],[38.5819,6.7181],[38.5857,6.7258],[38.599,6.7245],[38.5959,6.7128],[38.6059,6.6962],[38.6,6.694],[38.5995,6.6844],[38.6088,6.6772],[38.6085,6.663],[38.6036,6.6485],[38.604,6.631],[38.6172,6.6117],[38.6267,6.6033],[38.6401,6.5959],[38.6446,6.5908],[38.6524,6.5897],[38.6591,6.5779],[38.6669,6.5761],[38.6701,6.5663],[38.669,6.5583],[38.6724,6.5474],[38.6615,6.5469],[38.6488,6.5339],[38.6487,6.5273],[38.6372,6.5234],[38.6396,6.5156],[38.6472,6.5147],[38.6486,6.508],[38.6438,6.4997],[38.6459,6.4922],[38.6609,6.491],[38.6699,6.4928],[38.6724,6.4894],[38.6691,6.472],[38.6742,6.4715],[38.6769,6.478],[38.683,6.4767],[38.6852,6.4704],[38.6904,6.4811],[38.6952,6.4814],[38.6963,6.49],[38.7047,6.487],[38.7061,6.4795],[38.7151,6.4773],[38.7205,6.471],[38.7196,6.4642],[38.7261,6.4599],[38.7042,6.4655],[38.6974,6.4585],[38.7017,6.4507],[38.6945,6.435],[38.6993,6.4311],[38.6894,6.4321],[38.678,6.4284],[38.6665,6.4306],[38.6547,6.4214],[38.645,6.4232],[38.6267,6.417],[38.6063,6.4228],[38.5833,6.437],[38.5665,6.4405],[38.5376,6.4368],[38.5038,6.4363],[38.4753,6.4304],[38.4533,6.4168],[38.441,6.4054],[38.4276,6.3859],[38.4243,6.3687],[38.4161,6.3698],[38.4072,6.3551],[38.3945,6.3663],[38.399,6.3768],[38.4045,6.3967],[38.398,6.4103],[38.3887,6.4168],[38.3667,6.4135],[38.3405,6.42],[38.338,6.4176],[38.3093,6.4197],[38.2974,6.4281],[38.2889,6.4296],[38.2909,6.4339],[38.2824,6.4378],[38.2601,6.4522],[38.2456,6.4682],[38.2215,6.4611],[38.2159,6.4633],[38.2215,6.4667]]]}},{"type":"Feature","properties":{"zone":"Eastern","region":"Sidama","total_woredas":9,"lersha_woredas":0,"lersha_area_km2":0.0},"geometry":{"type":"Polygon","coordinates":[[[38.6665,6.4306],[38.678,6.4284],[38.6894,6.4321],[38.6993,6.4311],[38.6945,6.435],[38.7017,6.4507],[38.6974,6.4585],[38.7042,6.4655],[38.7261,6.4599],[38.7196,6.4642],[38.7205,6.471],[38.7151,6.4773],[38.7061,6.4795],[38.7047,6.487],[38.6963,6.49],[38.6952,6.4814],[38.6904,6.4811],[38.6852,6.4704],[38.683,6.4767],[38.6769,6.478],[38.6742,6.4715],[38.6691,6.472],[38.6724,6.4894],[38.6699,6.4928],[38.6609,6.491],[38.6459,6.4922],[38.6438,6.4997],[38.6486,6.508],[38.6472,6.5147],[38.6396,6.5156],[38.6372,6.5234],[38.6487,6.5273],[38.6488,6.5339],[38.6615,6.5469],[38.6724,6.5474],[38.669,6.5583],[38.6701,6.5663],[38.6669,6.5761],[38.6787,6.5817],[38.6795,6.5873],[38.6936,6.5919],[38.6909,6.5998],[38.691,6.6152],[38.684,6.625],[38.6864,6.6296],[38.6965,6.6181],[38.6993,6.6195],[38.7054,6.6033],[38.7122,6.601],[38.7203,6.5883],[38.7297,6.594],[38.7436,6.5888],[38.7425,6.584],[38.7486,6.5791],[38.7518,6.5938],[38.7628,6.5938],[38.7635,6.5859],[38.7734,6.5931],[38.7821,6.6139],[38.7809,6.6163],[38.7919,6.6224],[38.798,6.6357],[38.8056,6.6415],[38.8126,6.6389],[38.822,6.6483],[38.8285,6.6584],[38.8311,6.6744],[38.836,6.6818],[38.8378,6.6749],[38.8551,6.6687],[38.8769,6.6682],[38.9018,6.6657],[38.9178,6.6592],[38.9344,6.6556],[38.9494,6.6438],[38.9445,6.6303],[38.9417,6.6103],[38.9596,6.6009],[38.9833,6.6039],[39.0113,6.6091],[39.0322,6.6118],[39.0593,6.6088],[39.0645,6.5988],[39.0529,6.584],[39.0484,6.5698],[39.0526,6.557],[39.0698,6.5533],[39.0862,6.5452],[39.0966,6.5216],[39.0954,6.4721],[39.1,6.4556],[39.1075,6.4377],[39.1212,6.3806],[39.1253,6.357],[39.1274,6.3444],[39.1257,6.3219],[39.1195,6.299],[39.1094,6.2873],[39.0909,6.2708],[39.086,6.252],[39.0997,6.2185],[39.1036,6.2022],[39.1132,6.1766],[39.1304,6.166],[39.1319,6.1588],[39.1029,6.1573],[39.0797,6.153],[39.0556,6.1459],[39.0345,6.1374],[38.9881,6.1471],[38.9606,6.1593],[38.95,6.1804],[38.9365,6.2003],[38.9209,6.2286],[38.8977,6.2586],[38.8856,6.2848],[38.8741,6.3008],[38.8525,6.3203],[38.832,6.3432],[38.8121,6.3559],[38.7955,6.3725],[38.7834,6.3881],[38.7715,6.3998],[38.758,6.4091],[38.7387,6.409],[38.7072,6.3925],[38.6906,6.4062],[38.672,6.409],[38.6615,6.4191],[38.6547,6.4214],[38.6665,6.4306]]]}},{"type":"Feature","properties":{"zone":"Area 1","region":"Contested","total_woredas":9,"lersha_woredas":0,"lersha_area_km2":0.0},"geometry":{"type":"Polygon","coordinates":[[[37.5178,13.3665],[37.4949,13.3678],[37.4901,13.3632],[37.4765,13.3677],[37.4502,13.3549],[37.4405,13.3541],[37.4196,13.3682],[37.4158,13.374],[37.403,13.3617],[37.3887,13.3563],[37.3652,13.3599],[37.359,13.3575],[37.3519,13.3426],[37.3504,13.3267],[37.3443,13.3244],[37.3355,13.3104],[37.3218,13.2972],[37.3127,13.2975],[37.2806,13.2849],[37.2759,13.2884],[37.2638,13.29],[37.2559,13.295],[37.2462,13.2922],[37.2398,13.2769],[37.2244,13.2747],[37.2047,13.2557],[37.1857,13.2826],[37.1635,13.2926],[37.1503,13.3008],[37.1275,13.3051],[37.1227,13.3084],[37.0987,13.3164],[37.0839,13.3147],[37.0784,13.3118],[37.0764,13.318],[37.0693,13.3174],[37.0656,13.3299],[37.0525,13.333],[37.0397,13.351],[37.0253,13.3546],[37.013,13.3605],[37.0018,13.3567],[36.9821,13.3613],[36.9645,13.3696],[36.9569,13.3624],[36.9461,13.3698],[36.9386,13.38],[36.9297,13.3721],[36.9269,13.3776],[36.9192,13.3768],[36.9154,13.3828],[36.9051,13.3882],[36.9039,13.3946],[36.8955,13.4069],[36.8812,13.4075],[36.8712,13.419],[36.8542,13.4314],[36.8447,13.4354],[36.8437,13.4409],[36.8248,13.4482],[36.8171,13.4465],[36.8125,13.4352],[36.8086,13.4185],[36.8025,13.4134],[36.7884,13.4076],[36.7724,13.3889],[36.7704,13.3819],[36.7622,13.3741],[36.7494,13.3714],[36.7347,13.3631],[36.7314,13.3687],[36.7148,13.3671],[36.7054,13.3721],[36.6851,13.3748],[36.6646,13.3666],[36.6561,13.3691],[36.6491,13.3802],[36.6439,13.3781],[36.6358,13.3825],[36.6281,13.3819],[36.6095,13.3752],[36.5927,13.389],[36.5887,13.4028],[36.5793,13.4116],[36.5695,13.4253],[36.5664,13.4462],[36.5729,13.4562],[36.571,13.4669],[36.5743,13.4779],[36.5788,13.4822],[36.5964,13.4891],[36.6011,13.4984],[36.5981,13.5047],[36.5797,13.5203],[36.5724,13.5222],[36.5647,13.533],[36.564,13.5474],[36.5585,13.5515],[36.5603,13.5633],[36.5547,13.5713],[36.5399,13.5755],[36.5378,13.582],[36.5196,13.5855],[36.5214,13.5924],[36.5261,13.6065],[36.5128,13.6313],[36.5102,13.6496],[36.5058,13.6525],[36.5044,13.6651],[36.4984,13.6657],[36.4777,13.6935],[36.4778,13.7208],[36.4838,13.7271],[36.4807,13.7347],[36.4676,13.7431],[36.4554,13.7544],[36.4535,13.763],[36.4869,13.8394],[36.4464,13.9569],[36.5394,14.2461],[36.5428,14.2621],[36.5527,14.2789],[36.5781,14.287],[36.5842,14.2831],[36.6042,14.291],[36.6069,14.2938],[36.6186,14.2941],[36.6213,14.3062],[36.6364,14.3075],[36.6858,14.2959],[36.6909,14.2963],[36.7118,14.3067],[36.7284,14.3098],[36.7343,14.3152],[36.7465,14.3177],[36.7654,14.3156],[36.7782,14.3167],[36.8167,14.3127],[36.8249,14.3137],[36.8322,14.3069],[36.8407,14.3087],[36.8486,14.3163],[36.8633,14.3178],[36.8782,14.3109],[36.8946,14.3108],[36.9003,14.3047],[36.9148,14.2995],[36.9326,14.2957],[36.9437,14.2891],[36.9562,14.2904],[36.9692,14.2871],[36.9814,14.2745],[36.9864,14.2631],[37.0081,14.2495],[37.0175,14.2506],[37.0328,14.2583],[37.038,14.2642],[37.0498,14.2661],[37.0651,14.2619],[37.0715,14.2666],[37.0893,14.268],[37.0938,14.2717],[37.096,14.2825],[37.1034,14.2908],[37.1028,14.3066],[37.1047,14.3208],[37.0996,14.3333],[37.1084,14.3561],[37.1221,14.3795],[37.1259,14.3934],[37.1338,14.4054],[37.1415,14.4063],[37.1521,14.4137],[37.1642,14.4173],[37.1711,14.4134],[37.1797,14.4145],[37.1999,14.4248],[37.212,14.4369],[37.2269,14.4404],[37.2383,14.4322],[37.2533,14.4302],[37.2581,14.4348],[37.283,14.4387],[37.2993,14.4446],[37.3079,14.4426],[37.3143,14.4287],[37.3275,14.4226],[37.3367,14.4111],[37.344,14.409],[37.3495,14.4132],[37.3478,14.4019],[37.3587,14.3956],[37.3626,14.3883],[37.3725,14.3803],[37.3736,14.3716],[37.3803,14.3723],[37.3835,14.3635],[37.3915,14.3653],[37.3881,14.3574],[37.3792,14.352],[37.3818,14.34],[37.3941,14.3411],[37.4027,14.3359],[37.3993,14.3234],[37.4031,14.3118],[37.3926,14.3007],[37.3955,14.2957],[37.4072,14.2867],[37.4127,14.2874],[37.4258,14.2736],[37.4362,14.2694],[37.4464,14.2607],[37.4461,14.2502],[37.4673,14.2527],[37.4702,14.2496],[37.4699,14.2337],[37.4655,14.2212],[37.4678,14.2134],[37.4769,14.2114],[37.4806,14.2023],[37.4962,14.1942],[37.4947,14.1835],[37.5071,14.1791],[37.5147,14.1839],[37.5276,14.179],[37.5235,14.1671],[37.5156,14.1603],[37.5203,14.1464],[37.52,14.1375],[37.5247,14.1298],[37.5301,14.1128],[37.5461,14.1117],[37.5518,14.1039],[37.5572,14.1045],[37.5575,14.093],[37.5756,14.0959],[37.5816,14.0793],[37.5911,14.0701],[37.5894,14.0556],[37.5927,14.0517],[37.601,14.0541],[37.6006,14.0438],[37.6049,14.0397],[37.6154,14.0396],[37.6239,14.0355],[37.6096,14.0099],[37.6115,14.005],[37.6222,13.9985],[37.6232,13.9918],[37.6319,13.9772],[37.632,13.9638],[37.6287,13.9566],[37.6356,13.9514],[37.647,13.9546],[37.6553,13.9451],[37.6588,13.9234],[37.6619,13.9158],[37.6765,13.9077],[37.6853,13.8939],[37.7012,13.8876],[37.709,13.8905],[37.7155,13.8979],[37.7216,13.899],[37.7349,13.8917],[37.7354,13.8819],[37.7437,13.8766],[37.7534,13.8747],[37.7608,13.8631],[37.7679,13.8566],[37.7637,13.8479],[37.7695,13.8428],[37.765,13.8318],[37.7731,13.8272],[37.7786,13.8304],[37.789,13.8176],[37.803,13.8106],[37.7997,13.7744],[37.8084,13.7686],[37.8108,13.7571],[37.8065,13.7552],[37.8055,13.7451],[37.7956,13.7349],[37.7897,13.7096],[37.785,13.7055],[37.7898,13.7021],[37.7834,13.6884],[37.7771,13.6841],[37.7783,13.6637],[37.7871,13.6536],[37.7804,13.6454],[37.776,13.633],[37.7694,13.6279],[37.7644,13.6184],[37.7651,13.6022],[37.7599,13.591],[37.7539,13.5912],[37.7458,13.5781],[37.7461,13.5709],[37.7357,13.5721],[37.727,13.5634],[37.7201,13.5462],[37.7144,13.542],[37.7155,13.5345],[37.7096,13.5302],[37.7079,13.5212],[37.6987,13.4954],[37.6909,13.4847],[37.6941,13.4724],[37.6854,13.4653],[37.6768,13.4507],[37.6566,13.4414],[37.6557,13.4348],[37.6371,13.4139],[37.6254,13.4082],[37.611,13.4111],[37.599,13.4056],[37.5902,13.3976],[37.5823,13.397],[37.5672,13.3882],[37.5572,13.3903],[37.5318,13.3776],[37.5237,13.3699],[37.5178,13.3665]]]}},{"type":"Feature","properties":{"zone":"Area 2","region":"Contested","total_woredas":3,"lersha_woredas":0,"lersha_area_km2":0.0},"geometry":{"type":"MultiPolygon","coordinates":[[[[38.5662,13.6628],[38.573,13.6532],[38.5795,13.6508],[38.5967,13.6502],[38.6149,13.6316],[38.6219,13.6138],[38.6352,13.6029],[38.6398,13.5779],[38.6608,13.5582],[38.6691,13.5361],[38.6622,13.5312],[38.6225,13.4954],[38.614,13.4907],[38.6054,13.4907],[38.5901,13.5061],[38.5796,13.5035],[38.573,13.4977],[38.5675,13.4865],[38.5621,13.4833],[38.5342,13.4818],[38.5117,13.4729],[38.4842,13.4697],[38.461,13.4596],[38.469,13.4754],[38.4674,13.4849],[38.4983,13.4845],[38.4907,13.4958],[38.4968,13.5068],[38.5222,13.5174],[38.5326,13.5187],[38.5425,13.5258],[38.5507,13.5379],[38.5539,13.5503],[38.5493,13.5526],[38.5324,13.5533],[38.4899,13.558],[38.4776,13.5523],[38.4729,13.5641],[38.4652,13.5676],[38.4536,13.5569],[38.4428,13.5605],[38.4433,13.5689],[38.451,13.5846],[38.4408,13.5844],[38.4327,13.5797],[38.4264,13.5713],[38.4238,13.5613],[38.4065,13.5394],[38.3994,13.5397],[38.3993,13.5455],[38.3912,13.5534],[38.3798,13.5445],[38.36,13.553],[38.3494,13.5424],[38.3412,13.5376],[38.3279,13.5503],[38.3251,13.5433],[38.326,13.5344],[38.32,13.5238],[38.323,13.5096],[38.3199,13.5022],[38.2789,13.4855],[38.2677,13.4878],[38.2591,13.4862],[38.2498,13.4962],[38.248,13.5017],[38.2431,13.4967],[38.2273,13.4892],[38.2113,13.4868],[38.2009,13.4801],[38.1885,13.4844],[38.1737,13.4934],[38.1585,13.4828],[38.1552,13.4765],[38.1452,13.4717],[38.1299,13.4847],[38.1284,13.4923],[38.121,13.5063],[38.1153,13.4943],[38.0829,13.4837],[38.0594,13.4672],[38.052,13.4679],[38.0456,13.4801],[38.0244,13.4857],[38.0207,13.4813],[38.0149,13.4865],[38.0081,13.5008],[38.0012,13.5011],[37.9684,13.4937],[37.9625,13.4896],[37.9465,13.4664],[37.9041,13.447],[37.8872,13.4534],[37.8751,13.4677],[37.8664,13.4751],[37.8169,13.4632],[37.8119,13.4797],[37.809,13.5191],[37.7927,13.5206],[37.7849,13.5392],[37.769,13.5626],[37.7739,13.5743],[37.7841,13.5877],[37.7846,13.5973],[37.7748,13.6117],[37.776,13.633],[37.7804,13.6454],[37.7871,13.6536],[37.7783,13.6637],[37.7771,13.6841],[37.7834,13.6884],[37.7898,13.7021],[37.785,13.7055],[37.7897,13.7096],[37.7956,13.7349],[37.8055,13.7451],[37.8065,13.7552],[37.8108,13.7571],[37.8084,13.7686],[37.7997,13.7744],[37.803,13.8106],[37.789,13.8176],[37.7786,13.8304],[37.7731,13.8272],[37.765,13.8318],[37.7695,13.8428],[37.7637,13.8479],[37.7679,13.8566],[37.7905,13.864],[37.7998,13.8721],[37.8158,13.8642],[37.8225,13.8653],[37.829,13.8749],[37.8395,13.8786],[37.847,13.8777],[37.8517,13.8681],[37.8643,13.8667],[37.8677,13.8762],[37.8799,13.8795],[37.8912,13.8855],[37.9026,13.8813],[37.9042,13.8672],[37.9106,13.8474],[37.9202,13.8393],[37.9383,13.8287],[37.9628,13.8283],[37.9758,13.8162],[37.9752,13.8082],[37.9793,13.8043],[37.9964,13.7967],[38.0011,13.7665],[38.0131,13.7537],[38.0139,13.7407],[38.0237,13.7408],[38.0301,13.7496],[38.0394,13.7537],[38.0585,13.754],[38.0733,13.7501],[38.0788,13.746],[38.0963,13.7417],[38.1083,13.7452],[38.136,13.7433],[38.1426,13.7481],[38.1535,13.7458],[38.1589,13.74],[38.1767,13.7366],[38.1835,13.7296],[38.1953,13.7338],[38.2065,13.7286],[38.2243,13.7273],[38.2354,13.7384],[38.2448,13.7416],[38.2572,13.7545],[38.2746,13.7663],[38.2904,13.7696],[38.3128,13.7942],[38.3154,13.8058],[38.3284,13.8035],[38.339,13.8066],[38.3488,13.805],[38.3615,13.8064],[38.3703,13.8013],[38.373,13.7917],[38.3809,13.7861],[38.3932,13.784],[38.4073,13.7592],[38.4175,13.7499],[38.4371,13.7395],[38.446,13.737],[38.4618,13.7216],[38.4744,13.7193],[38.481,13.7049],[38.4936,13.6964],[38.5052,13.6969],[38.5108,13.6896],[38.5224,13.684],[38.5304,13.6873],[38.5662,13.6628]]],[[[38.7219,13.4081],[38.7057,13.3893],[38.696,13.389],[38.6691,13.3919],[38.6486,13.3965],[38.6323,13.4042],[38.6224,13.4112],[38.6179,13.4283],[38.6158,13.4514],[38.6333,13.4727],[38.6482,13.4814],[38.6613,13.4847],[38.6756,13.4856],[38.6801,13.4862],[38.6902,13.4777],[38.7053,13.4524],[38.7061,13.4463],[38.7131,13.4403],[38.7129,13.4347],[38.7221,13.42],[38.7235,13.4103],[38.7306,13.409],[38.7286,13.4024],[38.7219,13.4081]]]]}},{"type":"Feature","properties":{"zone":"Area 3","region":"Contested","total_woredas":6,"lersha_woredas":0,"lersha_area_km2":0.0},"geometry":{"type":"Polygon","coordinates":[[[39.8261,12.6937],[39.8201,12.6588],[39.8233,12.6457],[39.8326,12.6344],[39.8243,12.6225],[39.8187,12.6188],[39.8089,12.6034],[39.8067,12.5963],[39.8155,12.5814],[39.8268,12.572],[39.8259,12.561],[39.8328,12.5499],[39.8492,12.5472],[39.8524,12.5474],[39.8632,12.5314],[39.8617,12.5175],[39.8682,12.4943],[39.8811,12.4845],[39.8663,12.4726],[39.882,12.467],[39.8826,12.4577],[39.8631,12.4633],[39.8475,12.4492],[39.8334,12.4335],[39.8216,12.4148],[39.8149,12.4071],[39.821,12.3952],[39.8253,12.3723],[39.8309,12.3575],[39.8176,12.3419],[39.8176,12.324],[39.8003,12.3164],[39.7771,12.3109],[39.7615,12.3033],[39.7586,12.32],[39.7391,12.3128],[39.7215,12.3082],[39.7063,12.3062],[39.6793,12.3078],[39.6587,12.3064],[39.6323,12.3077],[39.6209,12.3002],[39.6251,12.288],[39.6142,12.2757],[39.605,12.2706],[39.5919,12.271],[39.5725,12.2559],[39.5552,12.2555],[39.5433,12.265],[39.5385,12.2919],[39.5227,12.3264],[39.5074,12.3329],[39.4705,12.3214],[39.4556,12.325],[39.4407,12.3155],[39.4195,12.2966],[39.4029,12.2953],[39.3886,12.3005],[39.3726,12.3013],[39.3502,12.2984],[39.3338,12.3006],[39.3217,12.3049],[39.3052,12.2973],[39.2909,12.2961],[39.2802,12.305],[39.2645,12.3293],[39.2629,12.3347],[39.2512,12.3441],[39.2455,12.3529],[39.243,12.3803],[39.2399,12.3945],[39.2418,12.4036],[39.2406,12.4322],[39.2373,12.4409],[39.2364,12.4731],[39.2309,12.4862],[39.2298,12.5011],[39.2223,12.5167],[39.2143,12.5434],[39.2087,12.5496],[39.2092,12.5606],[39.2016,12.5823],[39.1857,12.6069],[39.1823,12.6181],[39.1834,12.6303],[39.1744,12.6435],[39.1814,12.6527],[39.1989,12.6604],[39.212,12.6616],[39.2308,12.6665],[39.2389,12.6631],[39.2657,12.6771],[39.2805,12.688],[39.2855,12.7044],[39.2917,12.7015],[39.3023,12.7022],[39.3175,12.6993],[39.3219,12.7043],[39.3281,12.6981],[39.3322,12.6994],[39.3502,12.6955],[39.3696,12.6932],[39.3839,12.6937],[39.398,12.6912],[39.4053,12.6795],[39.3967,12.6678],[39.3997,12.6522],[39.4078,12.6383],[39.419,12.637],[39.4591,12.638],[39.4639,12.6421],[39.4783,12.6439],[39.4852,12.6516],[39.4933,12.6558],[39.4933,12.6644],[39.5046,12.6658],[39.5133,12.6631],[39.5244,12.6651],[39.5372,12.6714],[39.5482,12.6707],[39.5583,12.6644],[39.555,12.6557],[39.5621,12.6515],[39.5568,12.6386],[39.564,12.6336],[39.5619,12.628],[39.5693,12.6132],[39.5575,12.6135],[39.5546,12.6084],[39.5633,12.5947],[39.5639,12.587],[39.5726,12.582],[39.5741,12.5728],[39.5663,12.564],[39.589,12.5574],[39.5933,12.5599],[39.5998,12.5561],[39.6096,12.558],[39.6158,12.55],[39.6386,12.5566],[39.6491,12.5524],[39.6657,12.5546],[39.6672,12.5617],[39.6609,12.5994],[39.6595,12.6152],[39.6544,12.6353],[39.6608,12.6383],[39.6729,12.6521],[39.6975,12.6582],[39.7034,12.6649],[39.7143,12.6671],[39.7328,12.6611],[39.7449,12.6674],[39.7283,12.6991],[39.7385,12.7096],[39.7628,12.7196],[39.8051,12.7177],[39.8251,12.7135],[39.835,12.7067],[39.8261,12.6937]]]}}]}